:100000000C9409220C943A220C943A220C943A2231
:100010000C943A220C943A220C943A220C943A22F0
:100020000C943A220C943A220C943A220C943A22E0
:100030000C943A220C943A220C943A220C943A22D0
:100040000C943A220C94B9C80C943A220C943A229B
:100050000C943A220C943A220C949DC10D94AC1A43
:100060000C943A220C94B5740C94AB740C943A2210
:100070000C943A220C943A220C943A220C943A2290
:100080000C94A83C0C943A220C943A220C943A22F8
:100090000C943A220C943A220C943A220D94FF20AC
:1000A0000C943A220C943A220C947A3C0C943A2206
:1000B0000C943A220C943A220C943A220C944C3C24
:1000C0000C943A220C943A220C943A220C943A2240
:1000D0000C943A220C943A220C943A220C943A2230
:1000E0000C943A22084AD73B3BCE016E84BCBFFD3C
:1000F000C12F3D6C74319ABD56833DDA3D00C77FF8
:1001000011BED9E4BB4C3E916BAAAABE0000008090
:100110003F05A84CCDB2D44EB93836A9020C50B91F
:10012000918688083CA6AAAA2ABE000000803F004B
:100130000C94B0760C94A49C0C9429AC0C94547739
:100140000D94A3190C9485760C94C9760C94CF2F3A
:100150000C94E0220C9468220C9465F70C94737A4A
:100160000C94139B0C94FE290C94FB220D947C1888
:100170000C94BA780C94927C0D94CB190C94BD2FEE
:100180000D94C1190C94BE380C94C0250C94C3A5D1
:100190000C942E250C945A770C9437A40C94FAF8EE
:1001A0000C94CC220C94DAB60C9412990C9408A1FD
:1001B0000C9423350C94F5F50C94F0930C94547A2C
:1001C0000C947C220D9494190C94AB2F0C94CCF5C8
:1001D0000C94729C0D9480190C94F9F50C94447E47
:1001E0000C94357E0C94D3F50C94DD250C94E89397
:1001F0000C94C8290C941BA10C9430950C943C8051
:100200000C94E47E0C94977C0C9447820C948D7C27
:100210000D946E190C9409230C94F7A00C943A7E5B
:100220000C94D52F0C94DD800C94E62D0D948A1936
:100230000C9499760C94D8930C94F1F50C94512667
:100240000C9414A10D945C190C9404B10C9440AE60
:100250000C94D0F50C940BA10D9497180C9441F9C3
:100260000C9403F60C94D9F50D94D5190C941EA199
:100270000C94C4F50C9462760C9411A10C94A52FE7
:100280000C942CF60C9490220D9492250C9489A732
:100290000C9419A10C94A5820C943D7F0C94E9F860
:1002A0000C942FA10C94D2290C948B790C943426A5
:1002B0000C94C2780C94C7760C944D8C0C94B8397D
:1002C0000C94FA250C9410820C94E8F80D943B19C8
:1002D0000C94B72F0C9449AB0C94FFF50C9414F9C3
:1002E0000D94EB180C94D3890C940C230D94B7192E
:1002F0000C94F8930C9410230C944E770D94F518ED
:100300000C9448280C9477B50C945D760C94C92F06
:100310000D9448190C9420AF0C9461860C9473844E
:100320000C9420940C94E0930C94EBF80D94D41856
:100330000C94EBF50C9466770C940DF90C94A57A5B
:100340000C94E3F50C94B27F0C9410940C94992FB8
:100350000C949DF50D94AD190C94B12F0C94BC78B0
:100360000C94EAF80C9460770C94EE220C949C2E7A
:100370000C9492760D9400190C94169B0C940F23F8
:100380000C945F260C9400940D9443190C94C8F5BA
:100390000C9402A10C948C7A0C940EA10D94D91893
:1003A0000C94A4220C94BEF50D94E5180C940894BA
:1003B0000C9417260C941AA90C943C220C94887C5B
:1003C0000C94E7F50D9452190C94C32F0C945826F5
:1003D0000C949C7C0D9466190C9405A10C94B82285
:1003E0000C9418940C943F7E0C94DDF50C949F2F84
:1003F0000D9476190C949EF50C9452220D9474254C
:100400000C94FEF54E414E494E495459494E46CD45
:10041000CCCC3D0AD7233C17B7D13877CC2B3295BB
:1004200095E6241FB14F0A000020410000C8420099
:10043000401C4620BCBE4CCA1B0E5AAEC59D740063
:10044000407A10F35A00A0724E18090010A5D4E8A3
:100450000000E87648170000E40B54020000CA9A36
:100460003B000000E1F50500008096980000004088
:10047000420F000000A086010000001027000000CD
:1004800000E803000000006400000000000A000013
:100490000000000100000000002C76D888DC674FC7
:1004A0000823DFC1DFAE59E1B1B796E5E3E453C6F7
:1004B0003AE651997696E8E6C28426EB898C9B62EF
:1004C000ED407C6FFCEFBC9C9F40F2BAA56FA5F499
:1004D00090055A2AF75C936B6CF9676DC11BFCE0C1
:1004E000E40D47FEF520E6B500D0ED902E03009414
:1004F0003577050080841E080000204E0A000000A9
:10050000C80C333333330F986E12831141EF8D21B2
:1005100014893BE65516CFFEE6DB18D1844B381B19
:10052000F77C1D901DA4BBE424203284725E2281DE
:1005300000C9F124ECA1E53D27434F4D4D554E49EF
:10054000434154494F4E0044525952554E00455272
:10055000524F525300494E464F004543484F0045C5
:1005600072726F722077726974696E6720746F207F
:10057000454550524F4D210A00363726033C3D3841
:100580000E2E303E121A1C1808440AFF43080900B8
:1005900001627573793A2070617573656420666FC6
:1005A0007220696E7075740A00627573793A2070F2
:1005B000617573656420666F7220757365720A00D9
:1005C000627573793A2070726F63657373696E67D1
:1005D0000A004B494C4C2063617573656420627955
:1005E000204B494C4C20627574746F6E2F70696E8D
:1005F0000A004B494C4C2063617573656420627935
:1006000020746F6F206D75636820696E6163746913
:1006100076652074696D65202D2063757272656E34
:100620007420636F6D6D616E643A2000506C65617B
:100630007365207265736574005052494E5445527B
:100640002048414C544544004B494C4C45442E20D5
:10065000005072696E7465722068616C7465642EF6
:10066000206B696C6C28292063616C6C6564210ABD
:100670000053544F505045442E20005072696E7400
:1006800065722073746F7070656420647565207482
:100690006F206572726F72732E20466978207468BD
:1006A00065206572726F7220616E642075736520BB
:1006B0004D39393920746F20726573746172742EEC
:1006C000202854656D706572617475726520697358
:1006D0002072657365742E205365742069742061DF
:1006E000667465722072657374617274696E6729CD
:1006F0000A006563686F3A004572726F723A004291
:10070000696C696E656172204C6576656C696E67AF
:1007100020477269643A0A0053544F502063616C59
:100720006C65642062656361757365206F66204245
:100730004C546F756368206572726F72202D207241
:100740006573746172742077697468204D39393922
:100750000A0053544F502063616C6C6564206265DD
:100760006361757365206F6620424C546F756368D2
:10077000206572726F72202D2072657374617274BD
:100780002077697468204D3939390A00486F7465DB
:100790006E6420746F6F20636F6C640A004F46466E
:1007A0000A004661646520486569676874200042F4
:1007B0006564204C6576656C696E672000466169EA
:1007C0006C656420746F20656E61626C65204265A3
:1007D00064204C6576656C696E670A00496E7661C7
:1007E0006C6964206D6573682E0A00202844525994
:1007F00052554E2900473239204175746F204265A9
:1008000064204C6576656C696E67003F20284C2C2F
:10081000522C462C4229206F7574206F6620626F1F
:10082000756E64732E0A003F2856296572626F73D5
:1008300065206C6576656C20697320696D706C61EC
:10084000757369626C652028302D34292E0A0042A8
:100850006164205A2076616C75650A004E6F2062D3
:10086000696C696E65617220677269640A004D3651
:1008700030303A20546F6F20636F6C6400486F749F
:10088000656E6420746F6F20636F6C640A00496E3C
:10089000736572742066696C616D656E7420616E3B
:1008A0006420707265737320627574746F6E0A00D1
:1008B000507265737320627574746F6E20746F204C
:1008C00068656174206E6F7A7A6C650A00496E7390
:1008D0006572742066696C616D656E7420616E640A
:1008E00020707265737320627574746F6E20286F48
:1008F00072204D313038290A004D32342053256C96
:10090000642054256C64004D323320257300473930
:10091000322E392045257300473120462564004793
:1009200039322E39205A2573004731205A3020465B
:100930003230300047312058257320592573204626
:1009400033303030004D34323020532569205A2561
:1009500073004D3130362050256920532569004DF4
:1009600031303920532569004D3139302053256904
:10097000004739322E392045305A300A47315A3231
:100980000A47323852305859004D343230205330F3
:10099000205A300020496E76616C69642065787455
:1009A00072756465722000536C6565702E2E2E0082
:1009B000486F6D652058592066697273740A004843
:1009C0006F6D6520585920666972737400205A3A19
:1009D000200020593A200042656420583A20004DFA
:1009E00065736820706F696E742063616E6E6F74DA
:1009F000206265207265736F6C7665640A00436CD3
:100A000069636B20746F20726573756D652E2E2E71
:100A1000004E6F206D6F76652E00456E642066690E
:100A20006C65206C6973740A00426567696E2066A4
:100A3000696C65206C6973740A00286E6F206669A2
:100A40006C65290043757272656E742066696C6509
:100A50003A20005344207072696E74696E67206298
:100A600079746520004E6F74205344207072696E53
:100A700074696E670A005072696E742074696D65DE
:100A80003A20000A53746174733A2046696C616DB0
:100A9000656E7420757365643A20002C204C6F6E6F
:100AA00067657374206A6F623A2000546F74616CDA
:100AB0002074696D653A200053746174733A2000A4
:100AC0002C204661696C65643A20002C2046696ED2
:100AD00069736865643A20005072696E74733A20D5
:100AE0000053746174733A20004520436F6F6C6942
:100AF0006E672E2E2E00452048656174696E672E44
:100B00002E2E006F6666005A0555054E05470539BD
:100B10000544454255473A004D3131332053006F6B
:100B20006B0043522D32302050726F204F46462EBC
:100B3000004348414D4245525F54454D5045524156
:100B400054555245004D4F54494F4E5F4D4F44450B
:100B50005300544845524D414C5F50524F54454309
:100B600054494F4E004155544F5245504F52545FD7
:100B700053445F5354415455530050524F4D5054B9
:100B80005F535550504F525400454D455247454EC6
:100B900043595F50415253455200434153455F4CC6
:100BA000494748545F4252494748544E45535300C1
:100BB000544F47474C455F4C494748545300534FA7
:100BC0004654574152455F504F5745520042554990
:100BD0004C445F50455243454E54004C4556454C9D
:100BE000494E475F44415441005A5F50524F42457D
:100BF000004155544F4C4556454C005052494E54B7
:100C00005F4A4F420050524F47524553530041559F
:100C1000544F5245504F52545F54454D5000564F1B
:100C20004C554D455452494300454550524F4D0097
:100C300042494E4152595F46494C455F5452414EDC
:100C4000534645520053455249414C5F584F4E5F01
:100C5000584F4646004649524D574152455F4E4116
:100C60004D453A4D61726C696E2076322E33202DDF
:100C700020353835383420287072696E7420455418
:100C800041202B206E656761746976652076616C02
:100C9000756520737570706F72742920534F5552AB
:100CA00043455F434F44455F55524C3A68747470F6
:100CB000733A2F2F6769746875622E636F6D2F4DBD
:100CC00061726C696E4669726D776172652F4D61F4
:100CD000726C696E2050524F544F434F4C5F5645D3
:100CE0005253494F4E3A312E30204D414348494EE0
:100CF000455F545950453A43522D32302050726F5F
:100D00002045585452554445525F434F554E543A2E
:100D10003120555549443A63656465326132662D28
:100D2000343161322D343734382D396231322D630C
:100D300035356336326633363766660A002F2F2024
:100D4000004D31343520533C696E6465783E206F28
:100D50007574206F662072616E67652028302D31B2
:100D6000290A00205400205200416363656C6572BB
:100D70006174696F6E3A2050005741524E494E4798
:100D800021204C6F77205A204A65726B206D617963
:100D9000206C65616420746F20756E77616E746578
:100DA00064207061757365732E0A00205A00205903
:100DB00000580020204D61783A2000205A00205928
:100DC00000580020204D696E3A2000536F66742051
:100DD000656E6473746F70733A200020466C6F7791
:100DE0003A200050726F7465637465642050696EB8
:100DF0000A003A200020536572766F2000206F753C
:100E000074206F662072616E67650A0053657276A2
:100E10006F200050726F6265205A204F66667365BE
:100E2000743A200020643A0020693A0020703A00A9
:100E3000496E76616C696420657874727564657258
:100E40000A0064697300656E0043290A0061626CE0
:100E5000656420286D696E2074656D702000436F95
:100E60006C642065787472756465732061726520A6
:100E7000004D65736820706F696E742063616E6EDB
:100E80006F74206265207265736F6C7665640A000A
:100E90004D34323120696E636F72726563742070F5
:100EA0006172616D657465722075736167650A00B2
:100EB0004F666673657473206170706C6965640059
:100EC0004572723A20546F6F206661722100546F30
:100ED0006F206661722066726F6D20726566657242
:100EE000656E636520706F696E740A0045455052E7
:100EF0004F4D204F4B0A003F5A206F7574206F668C
:100F00002072616E676520282D323020746F203288
:100F100030290A0050726F6265205A204F6666734E
:100F200065743A20003F4B2076616C7565206F75C3
:100F300074206F662072616E67652028302D313015
:100F4000292E0A00416476616E6365204B3D0043A3
:100F5000617365206C696768743A2000436173654A
:100F6000206C696768743A206F66660A004F4646CF
:100F7000004F4E00506F7765722D6C6F7373207247
:100F800065636F766572792000496E76616C69647D
:100F90002065787472756465720A004361703A0066
:100FA00047322F47332062616420706172616D6542
:100FB000746572730A00220A00656E717565756545
:100FC000696E672022006F6B00526573656E643A2C
:100FD000200053544F505045442E20005072696EEB
:100FE0007465722073746F70706564206475652019
:100FF000746F206572726F72732E20466978207448
:101000006865206572726F7220616E642075736509
:10101000204D39393920746F207265737461727490
:101020002E202854656D7065726174757265206933
:10103000732072657365742E205365742069742063
:1010400061667465722072657374617274696E672B
:10105000290A004E6F20436865636B73756D2077B6
:10106000697468206C696E65206E756D6265722C9E
:10107000204C617374204C696E653A20004E6F20DD
:10108000436865636B73756D2077697468206C695C
:101090006E65206E756D6265722C204C61737420D4
:1010A0004C696E653A2000636865636B73756D20EB
:1010B0006D69736D617463682C204C617374204C8E
:1010C000696E653A20004C696E65204E756D6265EB
:1010D00072206973206E6F74204C617374204C69A8
:1010E0006E65204E756D6265722B312C204C6173DC
:1010F00074204C696E653A20004D313130004D331B
:10110000310053442072656164206572726F720A07
:1011100000446F6E65207072696E74696E67206638
:10112000696C650A002569730025696D202569735E
:10113000002569682025696D20256973002569648B
:10114000202569682025696D202569730025697946
:1011500020256964202569682025696D202569732B
:101160000020573A0042656420636F6F6C696E67B8
:101170002E2E2E004265642068656174696E672EAC
:101180002E2E0023646566696E65204445464155F0
:101190004C545F004B6420004B6920004B702000D2
:1011A000504944204175746F74756E652066696E90
:1011B0006973686564212050757420746865206CBB
:1011C000617374204B702C204B6920616E64204B3E
:1011D0006420636F6E7374616E74732066726F6DDA
:1011E0002062656C6F7720696E746F20436F6E6646
:1011F000696775726174696F6E2E680A00504944A0
:10120000204175746F74756E65206661696C6564E4
:10121000212074696D656F75740A0045312054484A
:1012200045524D414C2052554E415741590054684A
:1012300065726D616C2052756E6177617900453120
:101240002048656174696E67206661696C65640039
:1012500048656174696E67206661696C65640050F9
:101260004944204175746F74756E65206661696CC0
:101270006564212054656D706572617475726520B6
:10128000746F6F20686967680A00204B643A200019
:10129000204B693A2000204B703A20000A20436C12
:1012A000617373696320504944200A002054753AE1
:1012B0002000204B753A2000206D61783A200020F4
:1012C0006D696E3A200020643A20002062696173E3
:1012D0003A2000504944204175746F74756E652042
:1012E00073746172740A00504944204175746F74BC
:1012F000756E65206661696C6564212054656D704A
:101300006572617475726520746F6F2068696768B3
:101310000A00504944204175746F74756E652066EB
:1013200061696C656421204261642065787472751E
:10133000646572206E756D6265720A004572723A5C
:10134000207574663820666F6E74206E6F74206925
:101350006E697469616C697A65642E004572723ACF
:10136000207574663820666F6E74206E6F74206905
:101370006E697469616C697A65642E004572723AAF
:10138000207574663820666F6E74206E6F742069E5
:101390006E697469616C697A65642E0025753A25F9
:1013A00030327500253032753A253032750025759A
:1013B0006420253032753A253032750050726F62E4
:1013C00065205A204F66667365740000060C00FEA7
:1013D00007022603BC017FFE08FE08FE050808067A
:1013E000000040F0C88888987810050808060000BA
:1013F000C0F88888888888F805050506000120302F
:10140000F830200508080600002070F82020202071
:10141000E00509090600FF2070A8A8B88888702098
:10142000050606060001E08CEA8C8A0A0509090611
:1014300000FFF8A88888888888A8F8050A0A0600A6
:10144000FE205050505088A8A8887003030306005F
:101450000340A040FFFFFFFFFFFFFFFFFFFFFFFF75
:10146000FFFFFFFFFFFFFFFFFFFF0000000605FF7C
:10147000010707060200808080808000800303034C
:10148000060105A0A0A005060606000050F8505071
:10149000F8500509090600FF2070A8A07028A87060
:1014A00020050707060000C8C810204098980507C7
:1014B0000706000040A0A040A890680103030602B0
:1014C000058080800309090601FF2040408080805C
:1014D0004040200309090601FF80404020202040B1
:1014E000408005070706000020A8702070A820058E
:1014F00005050600012020F820200203030601FF55
:10150000C04080050101060003F802020206010046
:10151000C0C00507070600000810102040408005E5
:101520000707060000708898A8C888700307070698
:10153000010040C040404040E00507070600007041
:101540008808102040F8050707060000F80810304A
:1015500008887005070706000010305090F810103A
:10156000050707060000F880F008088870050707DF
:10157000060000304080F0888870050707060000EC
:10158000F808101020202005070706000070888842
:101590007088887005070706000070888878081032
:1015A00060020505060100C0C000C0C002060606B4
:1015B00001FFC0C000C040800305050601012040B6
:1015C000804020050303060002F800F80305050625
:1015D0000101804020408005070706000070881048
:1015E000202000200507070600007088B8A8B880F2
:1015F00070050707060000708888F8888888050746
:1016000007060000F04848704848F0050707060044
:101610000070888080808870050707060000F04809
:1016200048484848F0050707060000F88080F08029
:1016300080F8050707060000F88080F080808005AC
:1016400007070600007088808098887005070706E5
:101650000000888888F8888888030707060100E06A
:101660004040404040E005070706000038101010D9
:101670001090600507070600008890A0C0A0908821
:10168000050707060000808080808080F805070736
:1016900006000088D8A88888888805070706000003
:1016A0008888C8A898888805070706000070888879
:1016B00088888870050707060000F08888F0808019
:1016C0008005070706000070888888A890680507CD
:1016D00007060000F08888F0A0908805070706003C
:1016E0000070888070088870050707060000F820E1
:1016F0002020202020050707060000888888888889
:1017000088700507070600008888888850502005E3
:10171000070706000088888888A8A85005070706DC
:101720000000888850205088880507070600008838
:10173000885020202020050707060000F808102008
:101740004080F80309090601FFE0808080808080E6
:1017500080E00507070600008040402010100803C5
:1017600009090601FFE020202020202020E00503B9
:10177000030600052050880501010600FEF803035A
:101780000306010580402005050506000070087865
:1017900088780507070600008080F0888888F005B3
:1017A00005050600007080808870050707060000A8
:1017B000080878888888780505050600007088F094
:1017C0008070050707060000304840E040404005B3
:1017D00007070600FE7088888878087005070706E6
:1017E00000008080F0888888880307070601004091
:1017F00000C0404040E00409090601FE100030101E
:10180000101010906005070706000080808890E0A7
:101810009088030707060100C04040404040E005B3
:101820000505060000D0A8A8A8A805050506000023
:10183000B0C888888805050506000070888888700B
:101840000507070600FEF0888888F08080050707F6
:101850000600FE78888888780808050505060000D7
:10186000B0C880808005050506000078807008F00B
:101870000507070600002020F82020201805050590
:101880000600008888889868050505060000888895
:101890008850200505050600008888A8A850050581
:1018A0000506000088502050880507070600FE88BE
:1018B000888850204080050505060000F81020406B
:1018C000F80309090601FF204040408040404020C5
:1018D0000109090602FF808080808080808080036B
:1018E00009090601FF804040402040404080050338
:1018F0000306000248A890FF00060900FE060189C1
:1019000002FE20FFFE07FE06FE00000006000701A3
:101910000606060200808080800080030303060123
:1019200003A0A0A00507070600FF5050F850F8508C
:10193000500509090600FE2070A8A07028A8702094
:101940000608080600FF40A848102048540805076C
:10195000070600FF609090609890680103030602FC
:10196000038080800207070602FF4080808080801D
:10197000400207070602FF804040404040800505C6
:10198000050600008850F85088050505060000206F
:1019900020F820200204040602FEC0404080050119
:1019A00001060002F8020202060200C0C004060698
:1019B0000601001010204080800406060601006029
:1019C000909090906003060606010040C0404040A1
:1019D000E00406060601006090102040F0040606B0
:1019E000060100F020601010E00506060600001059
:1019F000305090F810040606060100F080E0101048
:101A0000E00406060601006080E09090600406068F
:101A1000060100F010102040400406060601006098
:101A2000906090906004060606010060909070102F
:101A300060020505060200C0C000C0C0020707061C
:101A400002FEC0C000C04040800505050600001829
:101A500060806018050303060001F800F80505051D
:101A6000060000C0300830C004070706010060907F
:101A700010604000400506060600007090A8B08087
:101A800070050606060000205088F88888050606BE
:101A9000060000F088F08888F00406060601006061
:101AA0009080809060040606060100E0909090907F
:101AB000E0040606060100F080E08080F0040606DF
:101AC000060100F080E080808004060606010060C8
:101AD0009080B090600406060601009090F090900F
:101AE00090030606060100E040404040E00506067F
:101AF00006000038101010906004060606010090E1
:101B0000A0C0A0909004060606010080808080801E
:101B1000F005060606000088D8A8A88888040606EE
:101B200006010090D0B09090900506060600007067
:101B30008888888870040606060100E09090E0809E
:101B4000800407070601FF609090D0B06010040683
:101B500006060100E09090E0909004060606010061
:101B6000609040209060050606060000F8202020C6
:101B700020200406060601009090909090600406D4
:101B800006060100909090F06060050606060000D1
:101B90008888A8A8D8880506060600008850202056
:101BA000508805060606000088885020202004067C
:101BB00006060100F010204080F003060606010032
:101BC000E080808080E004060606010080804020DE
:101BD0001010030606060100E020202020E0050387
:101BE000030600032050880501010600FEF80202EA
:101BF0000206020480400404040601007090907004
:101C00000406060601008080E09090E004040406CB
:101C100001007080807004060606010010107090AC
:101C2000907004040406010060B0C070040606064B
:101C30000100205040E040400406060601FE60908E
:101C4000907010600406060601008080E09090907D
:101C50000306060601004000C04040E003080806F5
:101C600001FE200060202020A0400406060601009E
:101C70008080A0C0A090030606060100C04040403E
:101C800040E0050404060000D0A8A8880404040667
:101C90000100E090909004040406010060909060C0
:101CA0000406060601FEE09090E080800406060629
:101CB00001FE709090701010040404060100A0D082
:101CC000808004040406010070C030E004060606AB
:101CD00001004040E04050200404040601009090C0
:101CE00090700404040601009090606005040406EE
:101CF000000088A8A85004040406010090606090C9
:101D00000406060601FE909090709060040404069C
:101D10000100F02040F0030707060100204040804A
:101D20004040200107070602FF808080808080807D
:101D30000307070601008040402040408004020263
:101D400006010350A0FFFFFFFFFFFFFFFFFFFFFFA4
:101D5000FFFFFFFFFFFFFFFFFFFFFFFFFFFFFFFF93
:101D6000FFFFFFFFFFFF0000000600070106060659
:101D700002008000808080800406060601FF20703B
:101D8000A0A070200507070600FF304840F0404043
:101D9000F8050505060000A8508850A805060606A7
:101DA00000008850F820F8200107070602FF808015
:101DB00080008080800407070601FF7080609060CB
:101DC00010E0030101060105A006070706000078E0
:101DD0008494A494847803050506010160A0600042
:101DE000E00505050600002850A05028040303065E
:101DF0000100F01010040101060102F006070706B9
:101E000000007884B4A4A48478040101060105F0DC
:101E10000403030601026090600507070600FF2027
:101E200020F8202000F803050506010140A020400D
:101E3000E0030505060101C0204020C002020206A1
:101E4000020440800405050601FF9090B0D0800593
:101E5000060606000078E8E8682828010101060265
:101E600002800202020602FE40800305050601010F
:101E700040C04040E003050506010140A04000E0ED
:101E8000050505060000A0502850A005080806001A
:101E9000FF40C04050703078100508080600FF4031
:101EA000C04050680810380508080600FFC02040F0
:101EB00030F0307810040707060100200020608011
:101EC00090600507070600004020205070888805B4
:101ED00007070600001020205070888805070706B5
:101EE0000000205020507088880507070600002851
:101EF00050205070888805070706000050002050C9
:101F000070888805070706000020502050708888D8
:101F100005060606000078A0F0A0A0B80408080690
:101F200001FE609080809060204004070706010059
:101F30004020F080E080F00407070601002040F018
:101F400080E080F00407070601002050F080E08068
:101F5000F00407070601005000F080E080F003075E
:101F6000070601008040E0404040E003070706010B
:101F7000002040E0404040E003070706010040A089
:101F8000E0404040E0030707060100A000E04040B9
:101F900040E00506060600007048E848487004075F
:101FA0000706010050A090D0B090900407070601EA
:101FB00000402060909090600407070601002040D8
:101FC0006090909060040707060100205060909098
:101FD000906004070706010050A060909090600494
:101FE0000707060100500060909090600505050607
:101FF000000088502050880408080601FF1070B0C7
:10200000B0D0D0E0800407070601004020909090F7
:1020100090600407070601002040909090906004B3
:102020000707060100205090909090600407070673
:102030000100500090909090600507070600001086
:1020400020885020202004060606010080E09090A1
:10205000E0800406060601006090A0A090A004079E
:1020600007060100402000709090700407070601E9
:102070000020400070909070040707060100205077
:10208000007090907004070706010050A000709047
:1020900090700406060601005000709090700407CE
:1020A000070601002050207090907005040406007F
:1020B0000070A8B0780406060601FE7080807020CB
:1020C0004004070706010040200060B0C07004070C
:1020D0000706010020400060B0C070040707060139
:1020E0000020500060B0C0700406060601005000D9
:1020F00060B0C070030707060100804000C0404088
:10210000E0030707060100204000C04040E003074D
:102110000706010040A000C04040E003060606019B
:1021200000A000C04040E004070706010030601036
:102130007090906004070706010050A000E09090A6
:10214000900407070601004020006090906004079B
:102150000706010020400060909060040707060118
:10216000002050006090906004070706010050A016
:102170000060909060040606060100500060909098
:10218000600505050600002000F800200404040690
:10219000010070B0D0E00407070601004020009065
:1021A0009090700407070601002040009090907006
:1021B0000407070601002050009090907004060666
:1021C0000601005000909090700409090601FE205D
:1021D00040009090907090600408080601FE808096
:1021E000E09090E080800408080601FE5000909086
:1021F000907090604C6F6164206D6D004C6F6164F5
:10220000206D6D00556E6C6F6164206D6D00556EB4
:102210006C6F6164206D6D0046696C2E20446961AD
:102220002E0046696C2E204469612E004F666600C0
:102230004F6E004520696E206D6D5E3300416476FF
:10224000616E6365204B00416476616E6365204B6F
:1022500000416476616E6365642053657474696ED1
:102260006773004D333033205531204525692053A5
:10227000256900504944204175746F74756E65007E
:10228000504944204175746F74756E65005049441F
:102290002D44005049442D44005049442D490050DC
:1022A00049442D49005049442D50005049442D5077
:1022B0000020082046616374002008204661637492
:1022C000002008204D6178002008204D6178002012
:1022D00008204D696E002008204D696E004F66662B
:1022E000004F6E004175746F74656D7000416476C7
:1022F000616E6365642053657474696E677300561C
:1023000054726176206D696E005654726176206D4C
:10231000696E00566D696E00566D696E00566D618E
:1023200078204500566D6178204500566D61782013
:102330005A00566D6178205A00566D617820590018
:10234000566D6178205900566D6178205800566DA1
:102350006178205800416476616E6365642053653E
:102360007474696E677300416D6178204500416D3A
:102370006178204500416D6178205A00416D617897
:10238000205A00416D6178205900416D61782059D3
:1023900000416D6178205800416D617820580041FE
:1023A0002D74726176656C00412D74726176656C76
:1023B00000412D7265747261637400412D72657401
:1023C0007261637400416363656C00416363656CB3
:1023D00000416476616E6365642053657474696E50
:1023E00067730056652D6A65726B0056652D6A65C8
:1023F000726B00567A2D6A65726B00567A2D6A658B
:10240000726B0056792D6A65726B0056792D6A657C
:10241000726B0056782D6A65726B0056782D6A656E
:10242000726B00416476616E6365642053657474F9
:10243000696E6773004573746570732F6D6D004529
:1024400073746570732F6D6D005A73746570732F9C
:102450006D6D005A73746570732F6D6D00597374D0
:102460006570732F6D6D005973746570732F6D6D8A
:10247000005873746570732F6D6D005873746570B8
:10248000732F6D6D00416476616E636564205365E2
:102490007474696E6773003F00496E697469616C9A
:1024A000697A6520454550524F4D0043616E636522
:1024B0006C00496E6974004D34323800496E69749D
:1024C00069616C697A6520454550524F4D004669F7
:1024D0006C616D656E740054656D706572617475C4
:1024E00072650053746570732F6D6D004A65726B71
:1024F00000416363656C65726174696F6E00566557
:102500006C6F636974790053657420686F6D652022
:102510006F666673657473004F6666004F6E0041A8
:102520006C6C6F77204E6567617469766500436FE8
:102530006E66696775726174696F6E00436D643AA7
:102540002053746F7700436D643A204465706C6F5C
:102550007900436D643A2053656C662D546573743D
:1025600000436D643A2053572D4D6F646500436DF1
:10257000643A20526573657400436F6E66696775CF
:10258000726174696F6E004F6666004F6E00436142
:102590007365206C69676874004C696768742042D1
:1025A00072696768746E657373004C69676874203C
:1025B0004272696768746E65737300436F6E666913
:1025C0006775726174696F6E0053746F7265207302
:1025D000657474696E6773004265640042656400E7
:1025E0004E6F7A7A6C65004E6F7A7A6C6500466140
:1025F0006E2073706565640046616E20737065655A
:102600006400436F6E66696775726174696F6E000E
:102610004C6F61642073657474696E6773005265F2
:1026200073746F7265206661696C736166650053CF
:10263000746F72652073657474696E67730050728D
:102640006568656174205045544720636F6E66006D
:102650005072656865617420504C4120636F6E66EE
:10266000004F6666004F6E004F75746167652052BB
:1026700065636F766572790043617365206C696785
:10268000687400424C546F7563680050726F6265E5
:10269000205A204F666673657400416476616E63EC
:1026A00065642053657474696E6773004D61696E6B
:1026B000004D37303220542564004D3630302042F2
:1026C0003020542564004D373032203B2564004DC6
:1026D00037303120542564004368616E6765206699
:1026E000696C616D656E7400507265686561742017
:1026F000437573746F6D0050726568656174205026
:10270000455447005072656865617420504C410023
:102710005072656865617420437573746F6D004213
:1027200061636B00436F6E74696E756500507572FE
:102730006765206D6F726500524553554D45204FBA
:102740005054494F4E533A005052494E5420504134
:102750005553454400554E4C4F41442046494C4149
:102760004D454E54004C4F41442046494C414D4547
:102770004E540020204E6F7A7A6C653A200020007B
:102780005061726B696E672E2E2E00746F20737409
:102790006172740066696C616D656E742063686156
:1027A0006E6765005761697420666F720066696CB8
:1027B000616D656E7420756E6C6F61640057616940
:1027C0007420666F7200506C656173652077616973
:1027D000742E2E2E004E6F7A7A6C652068656174B7
:1027E000696E6700746F2068656174206E6F7A7A15
:1027F0006C6500507265737320627574746F6E003F
:10280000746F20636F6E74696E756500616E64200D
:10281000707265737320627574746F6E00496E73A5
:102820006572742066696C616D656E740066696CB2
:10283000616D656E74206C6F61640057616974200E
:10284000666F7200746F20726573756D65207072AB
:10285000696E7400507265737320627574746F6E64
:1028600000746F20726573756D652E2E2E00576192
:10287000697420666F72207072696E740066696C8C
:10288000616D656E7420707572676500576169745B
:1028900020666F72003E200045787472756465642E
:1028A00020746F74616C3A00256C642E25696D008C
:1028B0003E20004C6F6E67657374206A6F622074EF
:1028C000696D653A003E2000546F74616C2070722F
:1028D000696E742074696D653A00436F6D706C6544
:1028E0007465643A20005072696E7420436F756E8F
:1028F000743A20004D61782054656D703A20313271
:1029000030004D696E2054656D703A203500544298
:1029100065643A4550434F53203130304B004D6190
:10292000782054656D703A20333030004D696E2048
:1029300054656D703A20350054303A204550434F6D
:1029400053203130304B005053553A2047656E6567
:102950007269630050726F746F636F6C3A20312E2E
:102960003000426175643A203235303030300052E8
:10297000414D505320312E330042696C696E6561C0
:1029800072204C6576656C696E6700457874727567
:10299000646572733A203100687474703A2F2F6D39
:1029A00061726C696E66772E6F72670043522D32CA
:1029B000302050726F00323032362D30372D3133A7
:1029C0000052656473746F6E654D61737465723027
:1029D000310076322E33206973206372656174652D
:1029E000642062790076322E33202D203538353838
:1029F00034004D61726C696E005072696E7465725C
:102A000020537461747300546865726D6973746FD8
:102A1000727300426F61726420496E666F0050727B
:102A2000696E74657220496E666F004D61696E0053
:102A30004D313030300053746F70207072696E7495
:102A400000526573756D65207072696E74004F7504
:102A500074616765205265636F76657279003F0027
:102A600053746F70207072696E74004261636B0002
:102A700053746F70004D3235005072696E7420705F
:102A80006175736564005061757365207072696E5D
:102A900074004D3234005072696E742066726F6D2E
:102AA000205344004368616E67652053442063618E
:102AB0007264004D32310041626F7574205072694A
:102AC0006E746572004368616E67652066696C614B
:102AD0006D656E74004368616E67652066696C6140
:102AE0006D656E74004D36303020423000436F6E9D
:102AF00066696775726174696F6E0054656D7065A3
:102B0000726174757265004D6F74696F6E00526505
:102B100073756D65207072696E740054756E650012
:102B200053746F70207072696E74005061757365B4
:102B3000207072696E74004E6F205344206361727E
:102B40006400496E666F2073637265656E004D6F39
:102B500076652058004D6F76652059004D6F76657B
:102B6000205A0045787472756465720045787472F5
:102B700075646572004D6F7665205A004D6F7665FD
:102B80002059004D6F76652058004D6F74696F6E47
:102B90000044697361626C6520737465707065725E
:102BA00073004D3834004661646520486569676884
:102BB00074004661646520486569676874004F6603
:102BC00066004F6E00426564204C6576656C696EE8
:102BD00067004C6576656C20626564004732380A90
:102BE00047323900486F6D65205A00473238205A05
:102BF00000486F6D65205900473238205900486FF2
:102C00006D652058004732382058004175746F2098
:102C1000686F6D6500473238004D6F7665206178CA
:102C20006973004D61696E003F00537461727420D6
:102C30007072696E74200043616E63656C0050723F
:102C4000696E740043616E6E6F7420656E74657298
:102C5000207375626469723A2000022E2E004D6165
:102C6000696E005072656865617420504C41204265
:102C70006564005072656865617420504C41204560
:102C80006E64005072656865617420504C41005458
:102C9000656D706572617475726500507265686506
:102CA0006174205045544720456E64005072656839
:102CB0006561742050455447204265640050726538
:102CC0006865617420504554470054656D706572A5
:102CD000617475726500436F6F6C646F776E00503E
:102CE000726568656174205045544700507265688C
:102CF00065617420504C410046616E2073706565BB
:102D0000640046616E20737065656400426564000E
:102D1000426564004E6F7A7A6C65004E6F7A7A6C09
:102D200065004D61696E0050726F6265205A204FD8
:102D3000666673657400466C6F7700466C6F77004B
:102D400046616E2073706565640046616E20737025
:102D50006565640042656400426564004E6F7A7A7E
:102D60006C65004E6F7A7A6C65005370656564001F
:102D70005370656564004D61696E0043616C632E3C
:102D80000043616C632E001FE02010201020101003
:102D90002010202010201030300840048003001F35
:102DA000E03FF03FF03FF01FE01FE03FF03FF03F1B
:102DB000F00FC0078003003FFFF038007030FC3098
:102DC00020FC102078102030102C00D02E31D02F75
:102DD0007BD02F7BD02E31D02C00D020301020780B
:102DE0001020FC1030FC303800703FFFF03FFFF047
:102DF0003800703186302387102787902F87D02F97
:102E000003D02030102078102078102030102F03AD
:102E1000D02F87D0278790238710318630380070D5
:102E20003FFFF01FFFF81FFFF804104002082002C8
:102E300008200410400820801041001041000820A4
:102E4000800410400000001FFFF81FFFF84361726C
:102E5000642072656D6F76656400436172642069F9
:102E60006E7365727465640043522D323020507267
:102E70006F2052656164792E005072696E74696EBC
:102E8000672E2E2E005072696E7420706175736506
:102E900064005072696E742061626F7274656400C0
:102EA00000006B4300006B430000A04300000000E3
:102EB0000000000000000000454550524F4D2064C6
:102EC00061746173697A65206572726F722E0A008F
:102ED000290A002062797465733B206372632000C5
:102EE00053657474696E67732053746F72656420E0
:102EF00028004D6967726174696E672045455052BC
:102F00004F4D2073657474696E677320746F20561B
:102F100036380A00290A002062797465733B206301
:102F2000726320002073746F72656420736574741B
:102F3000696E6773207265747269657665642028AE
:102F400000202863616C63756C6174656429210AD3
:102F50000020213D2000454550524F4D2043524313
:102F6000206D69736D61746368202D202873746F00
:102F70007265642920002053697A653A2000496E01
:102F80006465783A2000204D61726C696E3D56365A
:102F900038290A00454550524F4D207665727369B5
:102FA0006F6E206D69736D617463682028454550AC
:102FB000524F4D3D0048617264636F646564204404
:102FC000656661756C742053657474696E677320EF
:102FD0004C6F616465640A00F4010000F4010000B4
:102FE00064000000E803000000007A4300007A4318
:102FF0000000A0400000C8410000A0420000A04224
:103000000000C8430000BA423A0A0020204D363082
:103010003320002055004C0046696C616D656E746C
:10302000206C6F61642F756E6C6F6164206C656ECF
:10303000677468733A0A0020204D393030204B0005
:103040004C696E65617220416476616E63653A0A0F
:103050000020204D383531205A005A2D50726F62B1
:1030600065204F66667365740020204D343133202F
:103070005300506F7765722D4C6F737320526563E8
:103080006F766572793A0A002044002049002020BA
:103090004D333031205000504944207365747469B9
:1030A0006E67733A0A002046002042002048002044
:1030B000204D3134352053004D6174657269616C67
:1030C0002068656174757020706172616D657465EA
:1030D00072733A0A00204A002020473239205720D4
:1030E0004900205A0020204D3432302053004175D1
:1030F000746F20426564204C6576656C696E673A32
:103100000A00205A0020590020204D323036205825
:1031100000486F6D65206F66667365743A0A00201B
:103120004500205A00205900205800205400205308
:103130000020204D32303520420020453C6D617822
:103140005F655F6A65726B3E0020583C6D61785F19
:10315000785F6A65726B3E20593C6D61785F795F7C
:103160006A65726B3E205A3C6D61785F7A5F6A6572
:10317000726B3E00416476616E6365643A20423C46
:103180006D696E5F7365676D656E745F74696D659B
:103190005F75733E20533C6D696E5F666565647252
:1031A0006174653E20543C6D696E5F747261766532
:1031B0006C5F66656564726174653E002054002032
:1031C000520020204D323034205000416363656C42
:1031D00065726174696F6E2028756E6974732F73E0
:1031E00032293A20503C7072696E745F6163636586
:1031F0006C3E20523C726574726163745F616363FC
:10320000656C3E20543C74726176656C5F616363EB
:10321000656C3E0A00204500205A002059002020FD
:103220004D3230312058004D6178696D756D204107
:103230006363656C65726174696F6E2028756E6971
:1032400074732F7332293A0A00204500205A002057
:10325000590020204D3230332058004D6178696D7F
:10326000756D206665656472617465732028756E7E
:103270006974732F73293A0A005374657073207050
:10328000657220756E69743A0A0020204D32303024
:103290002044300A0020204D3230302044002044A9
:1032A000697361626C65640A0046696C616D656E84
:1032B000742073657474696E67733A0020204D3111
:1032C00034392043203B20556E69747320696E2089
:1032D00043656C736975730A0020286D6D290020A1
:1032E00020473231202020203B20556E6974732006
:1032F000696E206D6D00486F6D696E67206661694B
:103300006C6564006F70656E0054524947474552C2
:103310004544003A20007A5F6D696E00795F6D69FF
:103320006E00785F6D696E005265706F7274696EC1
:103330006720656E6473746F702073746174757345
:103340000A00205A3A0020593A0020436F756E74E3
:1033500020583A0020453A00205A3A0020593A00B5
:10336000583A0020746F6F206C6F6E672065787418
:10337000727573696F6E2070726576656E746564C0
:103380000A0020636F6C6420657874727573696FCE
:103390006E2070726576656E7465640A00000000C8
:1033A000000000000000000000000048420000484B
:1033B00042000000415761726E696E673A20486FA3
:1033C0006D696E672042756D702044697669736F10
:1033D00072203C20310A000202040000A0400000DC
:1033E000A0400000004000006B4300006B43000061
:1033F000A043FFFFFF24F4D43050C38E20C2A2406C
:1034000017828B7011127A910D816CD90AA861E133
:1034100008C7586607615143061E4B5D05C145A7A5
:10342000041A411104093D9803713931034036DB18
:103430000265339102D4305402802E1D02632CEEBB
:1034400001752AC501B028A001102781018F2564CC
:10345000012B244B01E0223401AC211F018D200DF2
:1034600001801FFC00841EED00971DDF00B81CD2F8
:1034700000E61BC600201BBC00641AB200B219A8EB
:10348000000A19A0006A189900D117910040178B03
:1034900000B516840031167E00B31579003A157315
:1034A00000C7146F0058146A00EE13660088136397
:1034B0000025135E00C7125B006C125700151254F2
:1034C00000C111510070114F0021114B00D610495D
:1034D000008D1047004610440002104200C00F400B
:1034E00000800F3E00420F3C00060F3B00CB0E3821
:1034F00000930E37005C0E3500270E3400F30D32BA
:1035000000C10D3100900D3000600D2E00320D2DE8
:1035100000050D2C00D90C2B00AE0C2900850C29C0
:10352000005C0C2700350C27000E0C2600E80B244D
:1035300000C40B2400A00B23007D0B23005A0B2199
:1035400000390B2100180B2000F80A1F00D90A1EB1
:1035500000BB0A1E009D0A1D00800A1D00630A1C94
:1035600000470A1B002C0A1B00110A1A00F7091A4F
:1035700000DD091900C4091900AB091900920917E7
:10358000007B091800630917004C0916003609165C
:1035900000200916000A091500F5081500E00814B6
:1035A00000CC081400B8081400A4081400900813F4
:1035B000007D0812006B081300580812004608121C
:1035C000003408110023081100120811000108112D
:1035D00000F0071000E0071000D0071000C007102F
:1035E00000B0070F00A107100091070E0083070F1E
:1035F0000074070F0065070E0057070E0049070EFD
:10360000003B070D002E070E0020070D0013070DCD
:103610000006070D00F9060C00ED060D00E0060C93
:1036200000D4060C00C8060C00BC060C00B0060C4A
:1036300000A4060B0099060C008D060B0082060BF9
:103640000077060B006C060B0061060A0057060B9C
:10365000004C060A0042060A0038060A002E060A36
:103660000024060A001A060A001006090007060AC6
:1036700000FD050900F4050900EB050900E2050954
:1036800000D9050900D0050900C7050900BE0509D4
:1036900000B5050800AD050800A50509009C050852
:1036A00000940508008C050800840508007C0508C6
:1036B00000740508006C050700650508005D050736
:1036C00000560508004E050700470507004005089D
:1036D0000038050700310507002A05070023050704
:1036E000001C050600160507000F05070008050663
:1036F0000002050700FB040600F5040700EE0406BF
:1037000000E8040600E2040700DB040600D5040616
:1037100000CF040600C9040600C3040600BD040669
:1037200000B7040600B1040500AC040600A60406B8
:1037300000A00405009B0406009504050090040603
:10374000008A04050085040500800406007A04054B
:103750000075040500700405006B0405006604058F
:1037600000610405005C04050057040500520405CF
:10377000004D04050048040500430405003E040410
:10378000003A04050035040500300404002C04054B
:103790000027040400230405001E0404001A040486
:1037A0000016040500110404000D040400090405BA
:1037B000000404040000040400FC030400F80304F3
:1037C00000F4030400F0030400EC030400E8030425
:1037D00000E4030400E0030400DC030400D8030455
:1037E00000D4030400D0030400CC030400C8030386
:1037F00000C503030024F404D9201BC40C5C0E98FC
:1038000004C4095F0265077101F405F900FB04B304
:103810000048048700C103690058035500030345AD
:1038200000BE023A008402310053022A0029022518
:103830000004022000E4011C00C8011900AF0117B8
:10384000009801140084011300710110006101103F
:103850000051010E0043010D0036010B002B010B3E
:103860000020010B00150109000C010900030108EB
:1038700000FB000800F3000800EB000700E400066E
:1038800000DE000600D8000600D2000600CC0005CD
:1038900000C7000500C2000500BD000400B9000417
:1038A00000B5000400B1000400AD000400A900044C
:1038B00000A5000300A20003009F0004009B00037A
:1038C000009800030095000200930003009000039D
:1038D000008D0002008B00030088000200860002B9
:1038E0000084000300810002007F0002007D0002CE
:1038F000007B0002007900020077000100760002E0
:10390000007400020072000100710002006F0002EA
:10391000006D0001006C0002006A000100690002F5
:1039200000670001006600010065000100640002FC
:10393000006200010061000100600001005F000200
:10394000005D0001005C0001005B0001005A000105
:103950000059000100580001005700010056000105
:103960000055000100540001005300000053000105
:10397000005200010051000100500001004F000101
:10398000004E0000004E0001004D0001004C0001FF
:10399000004B0000004B0001004A000100490001FB
:1039A00000480000004800010047000100460000F8
:1039B00000460001004500000045000100440001F0
:1039C00000430000004300010042000000420001EB
:1039D000004100000041000100400001003F0000E4
:1039E000003F0001003E0000003E0001003D0000DD
:1039F000003D0001003C0000003C0000003C0001D4
:103A0000003B0000003B0001003A0000003A0001CA
:103A100000390000003900010038000000380000C3
:103A200000380001003700000037000100360000B8
:103A300000360000003600010035000000350000AF
:103A400000350001003400000034000000340001A3
:103A5000003300000033000000330001003200009A
:103A6000003200000032000100310000003100008F
:103A70000031000100300000003000000030000183
:103A8000002F0000002F0000002F0000002F000179
:103A9000002E0000002E0000002E0001002D00006E
:103AA000002D0000002D0000002D0001002C000062
:103AB000002C0000002C0000002C0001002B000056
:103AC000002B0000002B0000002B0001002A00004A
:103AD000002A0000002A0000002A0001002900003E
:103AE0000029000000290000002900000029000131
:103AF0000028000000280000002800000028000026
:103B00000028000100270000002700000027000017
:103B1000002700000027000100260000002600000A
:103B200000260000002600000026000100250000FD
:103B300000250000002500000025000000250000F1
:103B400000250001002400000024000000240000E3
:103B500000240000002400010023000000230000D6
:103B600000230000002300000023000000230000C9
:103B700000230001002200000022000000220000BB
:103B800000220000002200000022000100210000AD
:103B900000210000002100000021000000210000A1
:103BA0000021000000210001002000000020000092
:103BB0000020000000200000002000000020000085
:103BC0000020000000200001001F0000001F000076
:103BD000001F0000001F0000001F0000001F000069
:103BE000001F0001001E0000001E0000001E00005B
:103BF000001E000000C23100001C260000F4190065
:103C000000D80F0000EB080000C00400007502009F
:103C10000040010000626564002C207379737465B4
:103C20006D2073746F7070656421204865617465E0
:103C3000725F49443A200042656420686561746996
:103C40006E67206661696C65640048656174696EC1
:103C500067206661696C65640042454420544845AC
:103C6000524D414C2052554E4157415900546865C0
:103C7000726D616C2052756E6177617900453120FB
:103C800048656174696E67206661696C65640048A7
:103C9000656174696E67206661696C6564004531B1
:103CA00020544845524D414C2052554E41574159A0
:103CB00000546865726D616C2052756E6177617930
:103CC00000453120544845524D414C2052554E41FB
:103CD0005741590042454420544845524D414C20DB
:103CE00052554E4157415900546865726D616C20C0
:103CF00052756E61776179004531204572723A20C4
:103D00004D415854454D50004572723A204D41582E
:103D100054454D5020424544004D415854454D5066
:103D20002074726967676572656400453120457269
:103D3000723A204D494E54454D50004572723A201A
:103D40004D494E54454D5020424544004D494E5436
:103D5000454D5020747269676765726564004D381F
:103D6000342058302059323030205A204500202F3E
:103D7000002042403A0020403A0020573A007C3C64
:103D80003E5E2B3D3F2F5B5D3B2C2A225C00436156
:103D90006E6E6F74206F70656E20737562646972E9
:103DA000200053442063617264206F6B0A006F70BF
:103DB000656E526F6F74206661696C65640A007687
:103DC0006F6C756D652E696E6974206661696C65CE
:103DD000640A00534420696E6974206661696C0A44
:103DE0000070012C0190012701B0012201C0011DCA
:103DF00001F00118011002130130020E01600209E6
:103E00000190020401C002FF000003FA004003F524
:103E1000008003F000D003EB002004E6007004E112
:103E200000E004DC004005D700C005D2004006CD0C
:103E300000D006C8008007C3003008BE00F008B9F3
:103E400000C009B400B00AAF00B00BAA00D00CA5A6
:103E500000000EA000500F9B00C010960050129161
:103E60000000148C00C0158700B0178200B0197DC7
:103E700000D01B7800001E730040206E0090226965
:103E800000F024640040275F0090295A00E02B5581
:103E900000102E500020304B0010324600E033411D
:103EA0000090353C001037370070383200A0392DB3
:103EB00000B03A2800A03B2300603C1E00103D19D2
:103EC00000903D1400103E0F00703E0A00C03E05F9
:103ED00000003F0000403FFBFF803FF6FFC03FF186
:103EE000FF4D3234004D3233202573005772697410
:103EF000696E6720746F2066696C653A20002E0A2F
:103F0000006F70656E206661696C65642C2046697F
:103F10006C653A20002E0A006F70656E206661693C
:103F20006C65642C2046696C653A200046696C65B6
:103F30002073656C65637465640A002053697A6553
:103F40003A200046696C65206F70656E65643A20A2
:103F500000667265736800646F696E670020666949
:103F60006C653A20004E6F772000454E4420535533
:103F700042524F5554494E450A002220706F73003B
:103F80002220706172656E743A2200535542524F7E
:103F90005554494E452043414C4C2074617267652D
:103FA000743A2200747279696E6720746F206361BD
:103FB0006C6C207375622D67636F64652066696C35
:103FC0006573207769746820746F6F206D616E79F6
:103FD000206C6576656C732E204D4158206C65769B
:103FE000656C2069733A310A002E0A0044656C65DD
:103FF00074696F6E206661696C65642C2046696C1B
:10400000653A200046696C652064656C657465647A
:104010003A0057726974696E6720746F2066696C24
:10402000653A20002E0A006F70656E206661696C2B
:1040300065642C2046696C653A2000FFE0FFD110D2
:1040400000FFFEFFD0FFE0FFC1FFD1E240A0C8A605
:10405000A22FF800238127AC00AFFF64A5FF64FF07
:1040600064A4FFD0FFFE4D313030302053002020BB
:10407000506C616E6E6572427566666572427974E7
:1040800065733A20002046726565204D656D6F723C
:10409000793A2000436F6D70696C65643A204A7507
:1040A0006C20313320323032360A00207C204175BA
:1040B00074686F723A202852656473746F6E654D30
:1040C00061737465723031290A00323032362D3016
:1040D000372D313300204C61737420557064617446
:1040E00065643A200076322E33202D20353835385D
:1040F000340A004D61726C696E0020536F667477EC
:104100006172652052657365740A0020576174639B
:1041100068646F672052657365740A002042726F8D
:10412000776E206F75742052657365740A002045A0
:10413000787465726E616C2052657365740A005004
:104140006F77657255700A0073746172740A00614A
:1041500075746F25632E67004C6F6164696E67200C
:1041600073657474696E67732066726F6D20534453
:104170000A006572726F722077726974696E6720C7
:10418000746F2066696C650A00446F6E6520736108
:1041900076696E672066696C652E0A004D323900BB
:1041A000456E6473746F707320256320256320252A
:1041B0006320256300205A3A0020593A0020583ADB
:1041C00000656E6473746F7073206869743A2000C0
:1041D0004732370000002100240027002A002D006C
:1041E0003000330001010000040107010A01000052
:1041F0002200250028002B002E003100340002018F
:104200000000050108010B0100002000230026002A
:1042100029002C002F0032000001000003010601DC
:10422000090105050505070508080808020202023C
:104230000A0A080804040404010101010101010142
:104240000303030303030303040707070C0C0C0C0D
:104250000C0C0C0C020202020606060606060606F6
:104260000B0B0B0B0B0B0B0B010210202008081083
:1042700020401020408002010201080402010102D6
:1042800004081020408080402010080402018004AF
:10429000020180402010080402010804020101020A
:1042A0000408102040800102040810204080000013
:1042B0000A0B02090C0D0E080703040100000000A0
:1042C00000000000000000000000000000000000EE
:1042D00000000000000000000000121110000000AB
:1042E00000000000000000000000000000000000CE
:1042F000000000004D6F766520302E3032356D6D38
:10430000004D6F766520302E316D6D004D6F7665F6
:1043100020316D6D004D6F76652031306D6D004D33
:104320006F7665206178697300486F74656E6420EC
:10433000746F6F20636F6C64004578747275646588
:1043400072004D6F7665205A004D6F7665205900DA
:104350004D6F766520580050726F62696E672066F7
:1043600061696C65640A0050726F62696E672066ED
:1043700061696C656400486F6D6520257325732540
:1043800073206669727374002066697273740A0020
:10439000486F6D652000220A00556E6B6E6F776E58
:1043A00020636F6D6D616E643A20220020746F6F20
:1043B000206C6F6E6720657874727573696F6E20FC
:1043C00070726576656E7465640A0020636F6C6454
:1043D00020657874727573696F6E2070726576658A
:1043E0006E7465640A00204500205A0020590020A0
:1043F0004D39322058002E0A006F70656E206661BC
:10440000696C65642C2046696C653A2000004401A3
:10441000FE0111241FBECFEFD1E2DEBFCDBF00E011
:104420000CBF13E0A0E0B2E0E6E3F6E702E00BBF6A
:1044300002C007900D92A039B107D9F729E1A0E990
:10444000B3E001C01D92A530B207E1F712E2C8E067
:10445000D2E200E006C021970109802FFE010F94EF
:104460006F37C730D10780E00807A9F70F94B92646
:104470000D94093B0C940000CF93DF93EC01CB012A
:10448000BA010F949B3020E030E048EC51E40F94E7
:10449000FA300F94EB38688379838A839B83DF91AA
:1044A000CF910895CF93DF93EC01CB01BA010F9424
:1044B0009B3020E030E048EC52E40F94FA300F9447
:1044C000EB38688379838A839B83DF91CF9108954A
:1044D000CF93DF93EC01CB01BA010F949B302AE01C
:1044E00037ED43E25CE30F94FA30688379838A8383
:1044F0009B83DF91CF910895CF93DF93EC01CB01A4
:10450000BA010F949B302AE037ED43E25CE30F944D
:10451000FA30688379838A839B83DF91CF910895F2
:10452000CF93DF93EC01CB01BA010F949B302DECBC
:104530003CEC4CEC5DE30F94FA30688379838A831A
:104540009B83DF91CF910895CF93DF93EC01CB0153
:10455000BA010F949B3020E030E048EC51E40F9416
:10456000FA30688379838A839B83DF91CF910895A2
:10457000CF93DF93EC01CB01BA010F949B3020E085
:1045800030E048EC52E40F94FA30688379838A83F0
:104590009B83DF91CF910895CF93DF93EC01CB0103
:1045A000BA010F949B302FE632E143E85AE30F94AF
:1045B000FA30688379838A839B83DF91CF91089552
:1045C000CF93DF93EC01CB01BA010F949B3068834A
:1045D00079838A839B83DF91CF910895CF93DF9373
:1045E000EC01CB01BA010F949B300F94EB38688338
:1045F000DF91CF910895CF93DF93EC01CB01BA0106
:104600000F949B300F94E43879836883DF91CF91C6
:104610000895FC0184910895FC0180810895089516
:1046200090E080E008959091F009E92FF0E0EA5AD7
:10463000FA4E80839F5F943040F49093F00980910C
:10464000750B8F5F8093750B08951092F009F7CF6B
:104650004F925F926F927F928F929F92AF92BF9292
:10466000CF92DF92EF92FF92CF934B015C016901F1
:104670007A0120E030E040E251E4C701B6010F9436
:1046800078372B013C0127E137EB41ED58EB0F94D4
:10469000D83987FD50C027E030E04BE653E4C30132
:1046A000B2010F94943018160CF445C020E030E0AD
:1046B00040E252E4C501B4010F9478372B013C016C
:1046C00027E137EB41ED58EB0F94D83987FD33C024
:1046D00027E030E04BE653E4C301B2010F9494307D
:1046E00018164CF127E93FEF4FE151E4C501B40141
:1046F0000F94D83987FD1FC027E030E043E453E42E
:10470000C501B4010F9494301816ACF027E93FEFBF
:104710004FE151E4C701B6010F94D83987FD0BC0B2
:10472000C1E027E030E040E653E4C701B6010F9452
:10473000943018160CF4C0E08C2FCF91FF90EF90BE
:10474000DF90CF90BF90AF909F908F907F906F90B1
:104750005F904F9008952F923F924F925F926F9289
:104760007F928F929F92AF92BF92CF92DF92EF9201
:10477000FF920F931F93CF93DF93CDB7DEB72E97A2
:104780000FB6F894DEBF0FBECDBF8A83162F4983C4
:10479000822E262F30E03A872987E4E08E9FC001E1
:1047A00011249C878B87FC01E20FF31FEE0FFF1F84
:1047B000EE0FFF1FEE53FA4F60817181828193816A
:1047C0009B01AC010F946A3A882309F42EC19A81A7
:1047D000E9819E0F882D810F24E0929FF001112422
:1047E000A985BA85AE0FBF1FAA0FBB1FAA0FBB1F9B
:1047F000AE53BA4FAC901196BC9011971296CC90D4
:1048000012971396DC903981930F24E0929FA001B8
:104810001124A985BA85A40FB51FAA0FBB1FAA0F23
:10482000BB1FAE53BA4FEC901196FC9011971296A5
:104830000C91129713961C91282F30E0AB85BC8504
:10484000A20FB31FAA0FBB1FAA0FBB1FAE53BA4FB5
:104850009C9011967C90119712966C9012971396DB
:104860005C90880D90E0AB85BC85A80FB91FAA0F9E
:10487000BB1FAA0FBB1FAE53BA4F8C9011964C9022
:10488000119712963C90129713962C90E20FF31FFB
:10489000EE0FFF1FEE0FFF1FEE53FA4F30813983EB
:1048A00021812A8332813B8323812C83FA01E80F03
:1048B000F91FEE0FFF1FEE0FFF1FEE53FA4F30816F
:1048C0003D8381818E8392819F83238128879701F5
:1048D000A801B701C8010F946A3A882321F0E12C9E
:1048E000F12C00E010E09501A601B501C6010F947E
:1048F0006A3A882311F057016801282D342D432D81
:10490000522D682D742D832D922D0F946A3A882391
:1049100021F0812C412C312C212C292D372D462D95
:10492000552D692D772D862D952D0F946A3A882364
:1049300021F0982C742C632C522C2D813E814F81B8
:1049400058856D817E818F8198850F946A3A88237E
:1049500021F01D821E821F82188629813A814B8197
:104960005C8169817A818B819C810F946A3A88236A
:1049700041F03D8139838E818A839F819B83E885C5
:10498000EC832B853C8589859A85280F391F220F5A
:10499000331F220F331F2E533A4F3A872987950131
:1049A000A601B501C6010F9478379701A8010F94AD
:1049B00077376B017C01292D372D462D552D692D1B
:1049C000772D862D952D0F947837282D342D432D56
:1049D000522D0F9477379B01AC01C701B6010F949C
:1049E00078376B017C0129813A814B815C81698137
:1049F0007A818B819C810F9478372D813E814F8104
:104A000058850F9477379B01AC01C701B6010F940D
:104A1000783720E030E040E450E40F947238E985C4
:104A2000FA8560837183828393832E960FB6F89400
:104A3000DEBF0FBECDBFDF91CF911F910F91FF90D1
:104A4000EF90DF90CF90BF90AF909F908F907F902E
:104A50006F905F904F903F902F900895CF93DF938A
:104A600000D01F92CDB7DEB70F949B302FE632E116
:104A700043E85AE30F94FA3069837A838B839C83EB
:104A8000CE0101960F9468130F900F900F900F9026
:104A9000DF91CF910895CF92DF92EF92FF920F9323
:104AA0001F93CF9390911302913009F461C0662354
:104AB00051F01092DF031092DB031092DC0310928E
:104AC000DD031092DE03C82F0F940D1AC090DB0394
:104AD000D090DC03E090DD03F090DE039B01AC019D
:104AE0002C193D094E095F0969017A01F7FC40C0A4
:104AF0002091DF03C7FD15C04C2F0C2E000C550B69
:104B00004C5F5F4FE22F022E000CFF0B4E175F072A
:104B10007CF144EFC42EDD24D394E12CF12C2C172E
:104B200034F438EEC32E33E0D32EE12CF12CC60E34
:104B3000D71EE81EF91EC092DB03D092DC03E09280
:104B4000DD03F092DE03022F017010E084E2809F0B
:104B5000B001819F700D701B112460597C4F82E35E
:104B600090E00E940B9C8091DF038F5F8093DF03B6
:104B7000CF911F910F91FF90EF90DF90CF9008950C
:104B8000CF93DF9300D01F92CDB7DEB70F949B3049
:104B90002AE037ED43E25CE30F94FA3069837A83CD
:104BA0008B839C83CE0101960E94C2850F900F904B
:104BB0000F900F90DF91CF910895CF93DF9300D0A6
:104BC0001F92CDB7DEB70F949B302DEC3CEC4CEC34
:104BD0005DE30F94FA3069837A838B839C83CE01E3
:104BE00001960E94C2830F900F900F900F90DF915B
:104BF000CF910895CF93DF9300D01F92CDB7DEB74A
:104C00000F949B3020E030E048EC51E40F94FA30F0
:104C100069837A838B839C83CE0101960E941988D5
:104C20000F900F900F900F90DF91CF910895CF9339
:104C3000DF9300D01F92CDB7DEB70F949B3020E0FA
:104C400030E048EC52E40F94FA3069837A838B8326
:104C50009C83CE0101960E9419880F900F900F90AF
:104C60000F90DF91CF910895CF93DF9300D01F92E3
:104C7000CDB7DEB70F949B302AE037ED43E25CE31B
:104C80000F94FA3069837A838B839C83CE010196DB
:104C90000E949F880F900F900F900F90DF91CF91FF
:104CA00008950F949B300F94EB38862F0C94F09856
:104CB0000F949B300F94E438CB010C94188CDF9246
:104CC000EF92FF920F931F93CF93DF93EC01D62EB9
:104CD0001CAD0BAD7C0184E0E80EF11CE98DFA8D72
:104CE000C7011995412F480F2D2D602FC7010F9433
:104CF000F51E9BAD890F8BAF81E090E0DF91CF91E6
:104D00001F910F91FF90EF90DF9008958F929F92E7
:104D1000AF92BF92CF92DF92EF92FF920F931F93C9
:104D2000CF93DF93EC018B017A018A859B858617EF
:104D3000970731F0888199810F94CF1D1B870A87CF
:104D400088859985019641F50C81DA808E81D80E8F
:104D5000A880B980D5015596ED91FC91C5011995B2
:104D6000080F10E0F70121917F0121114FC08E81C2
:104D70009F81810F911D9F838E8390E080E0DF9162
:104D8000CF911F910F91FF90EF90DF90CF90BF9048
:104D9000AF909F908F900895CE80DF80F7010081C3
:104DA00010E0002321F1A880B980602FC5010F9485
:104DB000271ED50151961C9111954701BFEF8B1A03
:104DC0009B0AF40181914F01882351F0D50150963F
:104DD0009C91190F082F682FC5010F94271EF1CF42
:104DE000003281F0F50183899189890F180FC10E76
:104DF000D11C288539852C153D0508F0A5CF81E00B
:104E000090E0BDCFD50150968C91F0CF402F6D2D05
:104E1000C5010F94F51ED80E180FA4CFAB01BC012D
:104E200040936415509365156093661570936715EC
:104E300089EC96E10C9412BC8091FD039091FE03E5
:104E4000009731F04AE050E070E060E00D94932D5F
:104E500060E070E0CB0108950E941C2797FD0CC014
:104E60000E941C276F3F71058105910509F034F4FC
:104E70000E941C27862F089580E008958FEF0895E3
:104E80008091FD039091FE03892B41F00E942C2715
:104E900091E0811101C090E0892F089591E0FCCF4D
:104EA0000E941C27CB010895CF92DF92EF92FF92D0
:104EB0000F931F93CF93DF938B01CFEEDBE0209115
:104EC0006E0230916F024091700250917102FC01AC
:104ED00060817181828193810F9472382C853D8528
:104EE0004E855F850F9478376C877D878E879F8787
:104EF000C12CD12C76012BEF3BE047EF5BE063EF59
:104F00007BE0CE010F94820FDF91CF911F910F9123
:104F1000FF90EF90DF90CF900C943BCBCF92DF923D
:104F2000EF92FF920F931F93CF93DF936B017A0160
:104F3000EC01CD56DC4F28813CE0389F8001399F41
:104F4000100D112427FF24C0FB01118210828881DB
:104F50008F5F888388819801280F311D87FD3A95DE
:104F6000C9012091D114F6012817190629F024F05F
:104F700088818C300CF43CC080819181049680340F
:104F80009C4908F475C0F60180819181049672C035
:104F900088819801280F311D87FD3A95C90120911C
:104FA000D1142817190699F294F28881A801480FA4
:104FB000511D87FD5A95FA01EE0FFF1FE40FF51FF3
:104FC000EB59FB4E808186FFC2CF8881F801E80F44
:104FD000F11D87FDFA95CF01EE0FFF1FE80FF91FB6
:104FE000EB59FB4E808160E08F730F941318AFCFA5
:104FF000808191812881A801420F511D27FD5A957A
:105000009A01FA01EE0FFF1FE20FF31FEB59FB4E5F
:1050100021813281820F931FF701918380838881E0
:105020009801280F311D87FD3A95F901EE0FFF1FFA
:10503000E20FF31FEB59FB4E808186FF20C0888171
:10504000080F111D87FD1A95F801EE0FFF1FE00FE5
:10505000F11FEB59FB4E808161E08F73DF91CF919F
:105060001F910F91FF90EF90DF90CF900D94131848
:1050700080E49CE9F701918380838FEF8883DF913F
:10508000CF911F910F91FF90EF90DF90CF900895F7
:105090009091FF0380911102992321F0811102C0A8
:1050A00060E00AC0609112026093D903992311F065
:1050B0008823B1F38823A1F370E088E00D940319ED
:1050C0008091FD039091FE03009731F04AE050E09B
:1050D00070E060E00D94C12E60E070E0CB010895B7
:1050E00063E972E084E690E00E940B9C6AEB72E058
:1050F00084E690E00C940B9C81110C94702868EB72
:1051000071E084E190E00C940B9C282F1092900B9E
:105110008091960B9091970B8130904820F01092DF
:10512000970B1092960B80915105882331F0809156
:10513000960B8093880B1092830B8091820B18162C
:10514000BCF4082E000C990B821B91092091880B4E
:10515000022E000C330B2817390754F097FF02C0BA
:1051600090E080E08093880B9093970B8093960B50
:105170008091880B6623A9F09091890B891714F40C
:105180008093890B2091890B022E000C330B2C5F2E
:105190003F4F482F082E000C550B241735071CF4E1
:1051A00084508093890B08958F929F92AF92BF9203
:1051B000EF92FF920F931F93CF93DF93EC018B013C
:1051C000E42EF22E80911615909117158C179D07DD
:1051D00009F442C0409128065091290660912A06A0
:1051E00070912B0640934B0550934C0560934D05F1
:1051F00070934E0521EACF32D207C9F58D549C48F1
:1052000071F40F940D1A6E517B4F8F4F9F4F609327
:105210004205709343058093440590934505D093D0
:105220001715C09316151093970B0093960BE092E9
:10523000890BF092820BCD54DC4821F4109250057A
:105240001092410582E08093740281E08093830B89
:10525000109252051092920BDF91CF911F910F91F6
:10526000FF90EF90BF90AF909F908F9008952CE8A3
:10527000CD34D207A1F68F52914A19F0CDE4DCE883
:10528000CECF0F940D1A8090420590904305A090C8
:105290004405B0904505681979098A099B0997FF6B
:1052A000EDCFCCE9DEE2BBCF8091D8149091D91438
:1052B000891B8F7071F49091681592FB882780F993
:1052C00092FD08C081E090914106913019F080E094
:1052D000089581E00895E0914105E63000F581E010
:1052E0008E0F809341058091960B9091970BB0E0C3
:1052F000A0E03091890B2091820B48E0E49FF001FF
:105300001124EF5EFA4F40911615509117155183F5
:10531000408382839383A483B58336832783089550
:1053200020E040E070E060E08DE49CE80C94D4283C
:10533000E0914105EE2389F0E150E093410588E0DA
:10534000E89FF0011124EF5EFA4F6281738127819B
:105350004681808191810C94D4280C949029CF931C
:10536000DF9300D01F92CDB7DEB70F94EB380F94C8
:10537000993069837A838B839C83CE0101960E9446
:1053800019880F900F900F900F90DF91CF91089593
:105390000F949B3020E030E048EC51E40F94FA3059
:1053A0000C94AF290F949B3020E030E048EC52E49D
:1053B0000F94FA300C94AF29CF92DF92EF92FF92C4
:1053C0006B017C0120E030E0A9010F94943020E0D3
:1053D00030E040E05FE387FF04C020E030E040E0E1
:1053E0005FEBC701B6010F9478370F94E438CB0117
:1053F000FF90EF90DF90CF900C94188C0F949B301F
:105400000C94DC29AF92BF92CF92DF92EF92FF9281
:105410000F931F93CF93DF93EC015B018A01FB0194
:10542000199587FD16C0C82ED12CF12CE12C2196A0
:10543000F801C082D182E282F382CE01DF91CF9166
:105440001F910F91FF90EF90DF90CF90BF90AF90A2
:105450000895982F907E903CA9F48F7190E0B0E071
:10546000A0E06C017D0126E0CC0CDD1CEE1CFF1CD5
:105470002A95D1F7CE010196F50119958F73C82AA7
:105480002296D6CF982F907F903E11F58F7090E0A6
:10549000B0E0A0E06C017D0186E0CC0CDD1CEE1CD0
:1054A000FF1C8A95D1F7CE010196F50119958F73EE
:1054B000C82A96E0CC0CDD1CEE1CFF1C9A95D1F797
:1054C000CE010296F50119958F73C82A2396B0CFA5
:1054D000982F987F903F79F5877090E0B0E0A0E03A
:1054E0006C017D01F6E0CC0CDD1CEE1CFF1CFA9576
:1054F000D1F7CE010196F50119958F73C82AA6E060
:10550000CC0CDD1CEE1CFF1CAA95D1F7CE01029637
:10551000F50119958F73C82AB6E0CC0CDD1CEE1C82
:10552000FF1CBA95D1F7CE010396F50119958F733B
:10553000C82A24967DCF982F9C7F983FE1F58370F1
:1055400090E0B0E0A0E06C017D0156E0CC0CDD1CE9
:10555000EE1CFF1C5A95D1F7CE010196F501199565
:105560008F73C82A66E0CC0CDD1CEE1CFF1C6A950C
:10557000D1F7CE010296F50119958F73C82A76E00E
:10558000CC0CDD1CEE1CFF1C7A95D1F7CE010396E6
:10559000F50119958F73C82AE6E0CC0CDD1CEE1CD2
:1055A000FF1CEA95D1F7CE010496F50119958F738A
:1055B000C82A25963DCF982F9E7F9C3F09F049C071
:1055C000817090E0B0E0A0E06C017D0186E0CC0C41
:1055D000DD1CEE1CFF1C8A95D1F7CE010196F5016A
:1055E00019958F73C82A96E0CC0CDD1CEE1CFF1CAD
:1055F0009A95D1F7CE010296F50119958F73C82AB5
:1056000026E0CC0CDD1CEE1CFF1C2A95D1F7CE0148
:105610000396F50119958F73C82A36E0CC0CDD1C72
:10562000EE1CFF1C3A95D1F7CE010496F5011995B1
:105630008F73C82A46E0CC0CDD1CEE1CFF1C4A957B
:10564000D1F7CE010596F50119958F73C82A2696D4
:10565000EFCE982F907C903841F4807C803869F4AC
:105660002196CE01F5011995F8CF8E7F8D3F28F058
:105670002196CE01F5011995F8CFC12CD12C7601D8
:10568000D7CE1F93CF93DF9300D01F92CDB7DEB755
:1056900010E0AE014F5F5F4F69E073E20E94022AA3
:1056A00049815A816B817C81452B462B472B11F018
:1056B0001F5FEFCF812F0F900F900F900F90DF9112
:1056C000CF911F9108951F93CF93DF9300D01F9226
:1056D000CDB7DEB710E0AE014F5F5F4F6CE073E215
:1056E0000E94022A49815A816B817C81452B462B7D
:1056F000472B11F01F5FEFCF812F0F900F900F906E
:105700000F90DF91CF911F9108950F934CE0849FEC
:10571000402D112421E0240F209346058CE0840FB6
:105720008093D40B90E002963091501538171906EB
:1057300021F01CF080E00F910895809152152817F8
:10574000C8F781E080933C15662351F04D5F0BE074
:1057500020E860E08CE195E10F94941C10923C15D8
:105760008091D40B90915015891720F320915215F8
:10577000909146052917F0F2109253158093541515
:1057800081E0D9CF20911005022E000C330B821737
:10579000130661F08093100568EF78E1813011F015
:1057A0006BEC73E18CE195E10D94CF1D08952F9280
:1057B0003F924F925F927F928F929F92AF92BF9251
:1057C000CF92DF92EF92FF920F931F93CF93DF93CD
:1057D000D62EC72E742EFC0180809180A280B380CB
:1057E000C501B40120E13EE040E050E00F94D8361E
:1057F000122F032FC22FD32F8CE3282E312C412CB4
:10580000512CC501B401A20191010F94D836CA01EF
:10581000B901A20191010F94D836F62EE72E772018
:1058200051F1C501B40120E831E541E050E00F94A9
:10583000D8368901EF92FF92CE0168E170E00F94B3
:1058400047379F938F933F932F938EEA93E19F93D4
:105850008F93CF92DF920F942B30EDB7FEB73A962D
:105860000FB6F894FEBF0FBEEDBF88E00A301105F9
:10587000D0F089E018C0C436D10538F57F936F9316
:105880000F931F9384EA93E19F938F93CF92DF92BC
:105890000F942B308DB79EB708960FB6F8949EBF25
:1058A0000FBE8DBF85E0DF91CF911F910F91FF90CB
:1058B000EF90DF90CF90BF90AF909F908F907F90B0
:1058C0005F904F903F902F9008957F936F930F9329
:1058D0001F938CE993E19F938F93CF92DF920F9464
:1058E0002B30EDB7FEB738960FB6F894FEBF0FBE5B
:1058F000EDBF86E0D8CFEF92FF920F931F93CF9327
:10590000DF93CDB7DEB72C970FB6F894DEBF0FBE8E
:10591000CDBF6F3F71058105910509F0C0F488E1A5
:1059200095E10E945F26E0912015F09121153196B6
:10593000849190E02C960FB6F894DEBF0FBECDBFD9
:10594000DF91CF911F910F91FF90EF9008951091EB
:1059500053150091541520914F0521110FC04CE7AC
:1059600053E1602F812F0F94611F20E030E0120F70
:105970001093531500935415C901DCCFE090201506
:10598000F09021152CE135E13A832983212F30E075
:105990003C832B83202F30E03E832D8318861F828B
:1059A0002FEF3FEF3A8729871C861B869E012F5FCA
:1059B0003F4FAB01BC01C7010E94C5FAB7018CE1A2
:1059C00095E10F94CF1D2F813885D1CFEF92FF92B3
:1059D0000F931F93CF93DF93CDB7DEB72C970FB6FE
:1059E000F894DEBF0FBECDBF109153150091541532
:1059F00020914F0521111AC04CE553E1602F812FF2
:105A00000F94611F80E090E0180F109353150093DE
:105A100054152C960FB6F894DEBF0FBECDBFDF91A4
:105A2000CF911F910F91FF90EF900895E090201576
:105A3000F09021152CE135E13A832983212F30E0C4
:105A40003C832B83202F30E03E832D8318861F82DA
:105A50007A8769871C861B869E012F5F3F4F49E02E
:105A600053E2BC01C7010E9485FBB7018CE195E1BF
:105A70000F94CF1D8F819885C7CF6FEF7FEF0C9468
:105A8000E62CEF92FF920F931F93CF93DF93CDB746
:105A9000DEB72C970FB6F894DEBF0FBECDBF1091C6
:105AA00053150091541520914F0521111AC04CE354
:105AB00053E1602F812F0F94611F80E090E0180F59
:105AC00010935315009354152C960FB6F894DEBF1F
:105AD0000FBECDBFDF91CF911F910F91FF90EF903F
:105AE0000895E0902015F09021152CE135E13A83DE
:105AF0002983212F30E03C832B83202F30E03E830D
:105B00002D8318861F827A8769871C861B869E01D3
:105B10002F5F3F4F4CE053E2BC01C7010E9485FB61
:105B2000B7018CE195E10F94CF1D8F819885C7CF88
:105B3000EF92FF920F931F93CF93DF937B01C42FBC
:105B4000622F0E94852B8823D1F1CC23F9F0011517
:105B50001105E1F4C7010E94412B25E130E0A901C4
:105B6000481B5109CA0157FD019695958795C0E8D4
:105B7000DFE7D80F8D2F8C0F87FD09C060E270E042
:105B800080E090E00E947B2CC150F4CFC0E86C2FE5
:105B900070E0C7010E94E62CC81B0115110531F009
:105BA0006C2F70E0C8010E94412DC81BC73038F02F
:105BB00060E270E080E090E00E947B2CF6CFDF9105
:105BC000CF911F910F91FF90EF9008950F931F9326
:105BD000CF93DF9380917402882359F06091490537
:105BE00070914A0510E000E020E041E081E00E9471
:105BF000982D8091530581111EC081E0809353053B
:105C0000C0911615D091171520E040E070E060E0DB
:105C100086EE9DE20E94D4280E943BCB1092530551
:105C200020E040E070E060E0CE01DF91CF911F9175
:105C30000F910C94D428DF91CF911F910F9108956B
:105C40006FEF7FEF0C94412DAF92BF92CF92DF9216
:105C5000EF92FF920F931F93CF93DF935C016B0141
:105C60000E94412BE82EC6010E94632BF12C03E118
:105C700010E0081B1109C5E20E151F050CF4CFE159
:105C80008C2F90E09C012E5F3F4F409150154217A2
:105C9000130609F094F50997209152152817190653
:105CA00064F110925315C0935415C5010E943D2D07
:105CB000D1E0C114D104B1F06AE370E080E090E07B
:105CC0000E947B2C0E151F05D4F4C45F80915015E3
:105CD000C81740F0209152154C2F4950550B2417EE
:105CE00015067CF4DF91CF911F910F91FF90EF90FB
:105CF000DF90CF90BF90AF900895D0E0DACFDD2352
:105D000089F3802F880F080F000F00935315C0935D
:105D1000541560E270E080E090E00E947B2CC601A8
:105D2000DF91CF911F910F91FF90EF90DF90CF9077
:105D3000BF90AF900C94202ECF92DF92EF92FF9203
:105D4000CF93DF938091910B1092910B882351F0A8
:105D500010925005DF91CF91FF90EF90DF90CF90A0
:105D60000C94982981E080935005C091960BD091B6
:105D7000970B209709F441C01092970B1092960B45
:105D8000BE010D2E000C880B990B0F949B302091B7
:105D9000310C3091320C4091330C5091340C0F94F3
:105DA000FA302091E10B3091E20B4091E30B5091DE
:105DB000E40B0F9478376B017C0120E030E040EA7F
:105DC00051EC0F94D83987FD18C020E030E040EA4C
:105DD00051E4C701B6010F949430181674F0CE0147
:105DE0000F94881AC092E10BD092E20BE092E30B81
:105DF000F092E40B82E08093740280917402882315
:105E000079F081EE9BE00F946813BC018CEB93E179
:105E1000DF91CF91FF90EF90DF90CF900C94242EE4
:105E2000DF91CF91FF90EF90DF90CF900895CF93C7
:105E3000DF93FC01EB018091960B9091970B97FFFC
:105E400004C01092970B1092960B4091980B5091B2
:105E5000990B60919A0B70919B0B8091960B90918E
:105E6000970B092E000CAA0BBB0B481759076A07A2
:105E70007B0724F45093970B4093960B8091740208
:105E80008823C1F02091960B3091970B60919C0B69
:105E900070919D0B80919E0B90919F0B620F731FD1
:105EA000811D911D1995BC018091A20B9091A30BAE
:105EB0000E94242E8091910B811108C08091930B38
:105EC0008823A1F180917402882381F18091A00B35
:105ED0009091A10B009791F02091960B3091970B28
:105EE00040919C0B50919D0B60919E0B70919F0B6C
:105EF000420F531F611D711DFE011995E091940B16
:105F0000F091950B309741F08091930B811103C074
:105F10008091910B811119958091910B1092910BA9
:105F2000882321F0DF91CF910C949829DF91CF91B4
:105F300008956CE372E288EC99E20C94172F62E505
:105F400072E282ED99E20C94172F6CE772E280EC1A
:105F500095E20C94172F60E972E28DED95E20C94B6
:105F6000172F64EA72E28AEF95E20C94172F68EB20
:105F700072E287E196E20C94172F6CEC72E28EE2EB
:105F800095E20C94172F68E672E284E396E20C9493
:105F9000172F60EE72E28EEF99E20C94172F6EEEDF
:105FA00072E281E596E20C94172F6BEF72E288E5BE
:105FB00096E20C94172FCF92DF92EF92FF920F93FD
:105FC000CF93DF93982F862F6A017901692F0E9462
:105FD000852B882309F448C0C701002309F10E94DA
:105FE000412BC82F83E190E08C1B9109D82FDD0F46
:105FF000D80FDD0F6D2F70E0C6010E94E62CD81B74
:106000006AE370E080E090E00E947B2CD73058F08B
:1060100060E270E080E090E00E947B2CD81BF6CF1D
:106020000E94632BDECF8091D40B9C2F990F990F88
:10603000C91BCC0FC058C093531580935415C7018A
:10604000002349F0DF91CF910F91FF90EF90DF9007
:10605000CF900C943D2DDF91CF910F91FF90EF9059
:10606000DF90CF900C94202EDF91CF910F91FF9075
:10607000EF90DF90CF9008952F923F924F925F92D2
:106080006F927F928F929F92AF92BF92CF92DF9248
:10609000EF92FF920F931F93CF93DF93EB01FC01DD
:1060A00080809180A280B380C501B40120E831E5F1
:1060B00041E050E00F94D836C9016DE671E00F94CD
:1060C00047376B017C01C501B40120E13EE040E0AF
:1060D00050E00F94D836CA01B90128E130E040E021
:1060E00050E00F94D836362E272E062F172F8CE32C
:1060F000482E512C612C712CC501B401A3019201D1
:106100000F94D836B62EA72ECA01B901A301920169
:106110000F94D836CB01C114D10469F1AF92BF926C
:106120007F936F932F923F92FF92EF92DF92CF92E5
:106130008DE491E19F938F93DF93CF930F942B3056
:106140008DB79EB70E960FB6F8949EBF0FBE8DBF4B
:10615000DF91CF911F910F91FF90EF90DF90CF9043
:10616000BF90AF909F908F907F906F905F904F9077
:106170003F902F900895E114F104C9F0AF92BF92BF
:106180007F936F932F923F92FF92EF928DE391E175
:106190009F938F93DF93CF930F942B30EDB7FEB780
:1061A0003C960FB6F894FEBF0FBEEDBFD1CF012BCA
:1061B000B9F0AF92BF927F936F932F923F9281E39A
:1061C00091E19F938F93DF93CF930F942B308DB7F3
:1061D0009EB70A960FB6F8949EBF0FBE8DBFB8CF7C
:1061E000892BA9F0AF92BF927F936F9389E291E1DF
:1061F0009F938F93DF93CF930F942B30EDB7FEB720
:1062000038960FB6F894FEBF0FBEEDBFA1CFAF9288
:10621000BF9285E291E19F938F93DF93CF930F9489
:106220002B300F900F900F900F900F900F9090CFFA
:106230009091681593FB882780F993FF06C081E051
:106240009091CC16911101C080E008954F925F9219
:106250006F927F928F929F92AF92BF92CF92DF9276
:10626000EF92FF920F931F93CF93109221041092FD
:1062700020042FE320932504109224041092230479
:106280001092220410921C0410921D0410921E04FD
:1062900010921F049C01F90190812F5F3F4F9032B3
:1062A000D1F39E34C9F4818190ED980F9A3020F09B
:1062B0008D3211F08B3281F432969F012F5F3F4F68
:1062C000808180538A3008F47FC09F012F5F3F4F49
:1062D0008081803209F47AC0F093EE0BE093ED0BED
:1062E0008F010F5F1F4FC0816AE270E0C8010F94F9
:1062F000C63A009731F0FC01319780818032E1F39A
:106300001182CD3429F0C43519F0C73409F04CC0DE
:10631000F80180810F5F1F4F8032D1F380538A30A4
:1063200008F042C0C093250490E080E06AE0DF01FD
:1063300011962081022E000C330B20533109689FE7
:10634000A001699F500D1124C901840F951F21815F
:1063500030ED320F3A30E0F190932404809323041F
:106360002E3261F4329630E04AE0DF01208131962E
:1063700050ED520F5A3070F1309322049D01119666
:10638000F90140814032D1F3CD34A1F58E31910530
:1063900039F034F58731910519F08C31910551F5BB
:1063A0003093210420932004CF911F910F91FF90EF
:1063B000EF90DF90CF90BF90AF909F908F907F90A5
:1063C0006F905F904F900895F90177CFF9017DCFDD
:1063D000FD01ADCF2053349F200D1124322FC5CFA6
:1063E000853791053CF087379105D4F2803AF3E088
:1063F0009F07B1F25091ED0BC12CD12C760170E0CA
:1064000060E0812C912C5401839401C09F01F9011B
:106410003196D9014C91442309F481C04132E1F411
:10642000CD34D1F480329105B9F4C0921C04D092DD
:106430001D04E0921E04F0921F04F0932104E093E7
:10644000200463E270E0CF010F94C63A009709F48C
:10645000ABCFFC011082A8CF41544A3108F05AC09A
:10646000DF012D91203291F030ED320F3A30E8F01B
:106470002E3271F4218120532A30B8F06115710554
:1064800019F4BF016150710910E013C0FD01E8CF9C
:106490002D3211F02B3291F7218130ED320F3A304D
:1064A00020F02E3259F72281E6CF1E2F151B309790
:1064B00059F3242F30E02401350104C0440C551C4D
:1064C000661C771C4A95D2F7C428D528E628F728F9
:1064D0002E5F3B4FD9011C93208121542A3108F4AF
:1064E00095CFDF01FD012D91222309F48FCF30EDEF
:1064F000320F3A30B8F333ED320F323098F32B329B
:1065000089F39F012F5F3F4F4081403209F07ECFDA
:10651000F901F7CF61157105F9F6B901DDCF709377
:10652000210460932004C0921C04D0921D04E092C8
:106530001E04F0921F0438CF0F931F93CF938091C6
:10654000FD039091FE030097E9F0FC018F01C191DA
:106550002C2F2F7D81F0C53411F0C536B9F7F80125
:10656000108270E060E00F94352CF801C083CF9169
:106570001F910F91089570E060E0CF911F910F91EE
:106580000D94352C60E070E0CB01F1CF2FEB280F9C
:106590002A3108F042C0E22FF0E080911C04909173
:1065A0001D04A0911E04B0911F0404C0B695A795C8
:1065B000979587952A95D2F780FD02C0817008953E
:1065C000EE5FFB4FE081EE2329F18091ED0B90917E
:1065D000EE0BE80FF92FF11D808190ED980F9A30A6
:1065E00030F08E3251F4818180538A3098F4F093E8
:1065F000FE03E093FD0381E008958D3211F08B32AC
:1066000049F4818190ED980F9A3088F38E3211F41D
:106610008281EACFF0E0E0E0EACF80E008950E94D6
:10662000C632882341F081E02091FD033091FE03C2
:10663000232B09F480E00895CF92DF92EF92FF922E
:106640006A017B010E940F33882331F0FF90EF90A5
:10665000DF90CF900C949C32C701B601FF90EF9071
:10666000DF90CF900895CF93DF93EB010E940F331B
:10667000882319F00E941C27EB01CE01DF91CF91F6
:106680000895CF93DF93EB010E940F33882321F00D
:10669000DF91CF910C945027CE01DF91CF910895D7
:1066A000CF93C62F0E940F33882319F0CF910C94FB
:1066B0002C278C2FCF910895CF93DF93C82FD62FFF
:1066C0000E940F33882321F0DF91CF910C94402753
:1066D0008C2F0E94C632811101C08D2FDF91CF9186
:1066E0000895CF93C82F8091B8078F5F09F4AFC08A
:1066F0008093B8078091B8078093E20980E1EFEEBC
:10670000FBE0A9EBB7E001900D928A95E1F78CE0F0
:10671000E4EEF9E0A9ECB7E001900D928A95E1F77B
:106720008CE0E3E0F6E0A5EDB7E001900D928A95EC
:10673000E1F720E030E040E752E460916A027091B6
:106740006B0280916C0290916D020F94FA300F945D
:10675000EB387093E2076093E107809127149091E2
:1067600028149093E4078093E30780917F0B909126
:10677000800B9093E6078093E5078091280C809327
:10678000E7078091FF0B8093E8078091280690919E
:106790002906A0912A06B0912B068093E9079093D1
:1067A000EA07A093EB07B093EC0780910004809375
:1067B000ED078091F8038093EE078091750BC1116E
:1067C00001C080E08093EF078091730B8093F00706
:1067D00080E891E0E3EFF9E0A1EFB7E001900D92DE
:1067E0000197E1F70E9460836093DE097093DF09EF
:1067F0008093E0099093E10981E799E00F945D228D
:106800008091641590916515A0916615B0916715FA
:106810008093DA099093DB09A093DC09B093DD093A
:1068200080E00F94232240E050E0BA018AE695E12F
:106830000E9412BC4BE252E068EB77E08AE695E1F9
:106840000E940DBE8AE695E1CF910C948CBF81E049
:106850004FCF8F929F92AF92BF92CF92DF92EF92E3
:10686000FF920F931F93CF93DF9300D01F92CDB76A
:10687000DEB719821A821B821C8237E8A32E32E00F
:10688000B32ECE0101964C0140E1C42E46E0D42E39
:106890005FEEE52E5BE0F52E10E000E0F501819162
:1068A0005F010E940F33F40181934F01882309F4A3
:1068B000BFC00E949C32F801EB50FC4F2081211197
:1068C00005C020910004222309F4A1C0F701208112
:1068D0003181428153810F947837F601608371834F
:1068E000828393830F5F1F4FF4E0CF0ED11C84E0AF
:1068F000E80EF11C0430110589F68091E309882324
:1069000061F18091681582FF28C08C81882329F16C
:106910008981811103C08A818823F9F02DEC3CEC38
:106920004CE45DE36091C1077091C2078091C30799
:106930009091C4070F9478379B01AC016091F70BDD
:106940007091F80B8091F90B9091FA0B0F94D83954
:1069500018161CF481E00E94713340E050E0BA0147
:1069600086E40E941C3320E030E0A9010F94D8395E
:10697000181684F40E949C3220E030E040E752E494
:106980000F94723860936A0270936B0280936C026A
:1069900090936D028091A01183FD28C08091A30780
:1069A000882321F12091FB0B3091FC0B4091FD0BD2
:1069B0005091FE0B60911C0670911D0680911E0681
:1069C00090911F060F9477372091B0073091B1074F
:1069D0004091B2075091B3070F9478376093B00796
:1069E0007093B1078093B2079093B3070F900F9005
:1069F0000F900F90DF91CF911F910F91FF90EF902B
:106A0000DF90CF90BF90AF909F908F90089503300C
:106A100009F463CFF801EE0FFF1FEE0FFF1FEB52DB
:106A2000F44F20813181428153810F94773755CFC4
:106A3000F70180819181A281B381F60180839183E6
:106A4000A283B3834FCF8091E30981110CC0E8EB9F
:106A5000F7E08BE292E0DF019C011D922150304073
:106A6000E1F70D94BB238091681582FF03C081E09C
:106A70000C94713308959091B807992321F081E027
:106A80002091E209291380E00895FC01238121115E
:106A90000C948CBF0895DF92EF92FF920F931F9397
:106AA000CF93DF93EC0110929B0710929A071092FC
:106AB0001214109214140F94881F88EE98EF90937C
:106AC0009D0780939C0789EE98EF90939F07809392
:106AD0009E078091DA0381110BC081E08093DA0375
:106AE00061E080E00F94AE2065E181E00F94AE207C
:106AF000D88060E0D11062E0E98010E0E11018E099
:106B0000162BFA8000E0F11000E281E0809311146E
:106B100080E680931314109212141092141462EAF7
:106B200086E394E10E9441F96D2D86E394E10E9491
:106B300041F96E2D86E394E10E9441F96F2D86E3C1
:106B400094E10E9441F90F94C71F612F602B88E0E8
:106B50000F94AE2088819981482F490F5527551FE2
:106B60008A81840F952F911D21E0833091050CF4CB
:106B700020E02093470603976CF055E1CA35D5070E
:106B800049F088819981AA8180935A1590935B1569
:106B9000A0935C15DF91CF911F910F91FF90EF9023
:106BA000DF9008954F925F926F927F928F929F92A3
:106BB000AF92BF92CF92DF92EF92FF92CF93DF938B
:106BC00000D000D000D01F921F92CDB7DEB77C015D
:106BD0006B01DA018D919D910D90BC91A02D8C835C
:106BE0009D83AE83BF83BC01CD010F94E4386887D9
:106BF00079878A879B87F701408051806280738004
:106C0000C301B2010F94E4384B015C01D601CD9071
:106C1000DD90ED90FC90A7019601C301B2010F94A5
:106C2000D83918160CF446C0A70196016C817D81F5
:106C30008E819F810F94943087FD3FC0C701B601BC
:106C40000F94E4389B01AC01281939094A095B0902
:106C5000AFEFB0E00F941937288539854A855B85F9
:106C6000281939094A095B090F94FA3680915406AC
:106C7000821759F0209354068FEF89831A8220954A
:106C80002B83CE0101960E944B352B960FB6F894BC
:106C9000DEBF0FBECDBFDF91CF91FF90EF90DF90B1
:106CA000CF90BF90AF909F908F907F906F905F90AC
:106CB0004F900895C501B401C5CF688579858A854F
:106CC0009B85C0CF4F925F926F927F928F929F92DF
:106CD000AF92BF92CF92DF92EF92FF920F931F93EA
:106CE000CF93DF93EC016091A3057091A405072E6B
:106CF000000C880B990B0F949B309B01AC016881B1
:106D000079818A819B810F9477376B017C01609137
:106D1000A5057091A605072E000C880B990B0F9402
:106D20009B309B01AC016C817D818E819F810F9492
:106D300077374B015C01A7019601609106027091C3
:106D4000070280910802909109020F9494308823E1
:106D500009F459C0C0920602D0920702E0920802DC
:106D6000F09209022091D1033091D2034091D303D4
:106D70005091D403C701B6010F94FA302B013C01A6
:106D80000F941A396B017C0120E030E0A9010F94C7
:106D9000943087FD79C020E030E040E450E4C70142
:106DA000B6010F94D83918162CF4C12CD12CA0E4BC
:106DB000EA2EFE2CA7019601C301B2010F9477378A
:106DC0002B013C0120E030E0A9010F94943087FDB5
:106DD0005FC04092CD035092CE036092CF03709279
:106DE000D003C701B6010F94E4386093CC03062E9C
:106DF000000C770B6F5F7F4F6330710514F063E019
:106E000070E06093CB03D0910102C091CC03A50147
:106E100094016091020270910302809104029091AA
:106E200005020F94943081113CC0DC1393C0209173
:106E3000AD033091AE034091AF035091B003609128
:106E4000CD037091CE038091CF039091D0030F9426
:106E5000FA302091B1033091B2034091B3035091C5
:106E6000B4030F947837DF91CF911F910F91FF906A
:106E7000EF90DF90CF90BF90AF909F908F907F90DA
:106E80006F905F904F900895C12CD12C760192CFD6
:106E90001092CD031092CE031092CF031092D00324
:106EA000A0CF8092020290920302A0920402B092BC
:106EB00005022091D5033091D6034091D70350911C
:106EC000D803C501B4010F94FA304B015C010F9453
:106ED0001A396B017C0120E030E0A9010F94943055
:106EE00087FDF9C020E030E040E450E4C701B6017E
:106EF0000F94D83918162CF4C12CD12CF0E4EF2EB5
:106F0000FE2CA7019601C501B4010F9477374B0100
:106F10005C0120E030E0A9010F94943087FDDFC0D0
:106F20008092C7039092C803A092C903B092CA038B
:106F3000C701B6010F94E4386093C603062E000C17
:106F4000770B6F5F7F4F6330710514F063E070E083
:106F50006093C5030091C603DC1305C08091000255
:106F6000801709F46DC0C093010200930002002E47
:106F7000000C110B24E0C202C0011124FC01E00F3F
:106F8000F11FEE0FFF1FEE0FFF1FEE53FA4F208190
:106F90003181428153812093C1033093C2034093D6
:106FA000C3035093C403C091C5030C2E000CDD0B2A
:106FB000FC01EC0FFD1FEE0FFF1FEE0FFF1FEE5346
:106FC000FA4F60817181828193810F94773760934A
:106FD000BD037093BE038093BF039093C003809161
:106FE000CB0324E08202C0011124FC01E00FF11F59
:106FF000EE0FFF1FEE0FFF1FEE53FA4F208131817E
:10700000428153812093B9033093BA034093BB0369
:107010005093BC03C80FD91FCC0FDD1FCC0FDD1F51
:10702000CE53DA4F688179818A819B810F947737BB
:107030006093B5037093B6038093B7039093B8033E
:107040008090C7039090C803A090C903B090CA0372
:107050002091BD033091BE034091BF035091C00306
:10706000C501B4010F94FA302091C1033091C203DD
:107070004091C3035091C4030F9478376B017C0196
:10708000C092B103D092B203E092B303F092B40382
:107090002091B5033091B6034091B7035091B803E6
:1070A000C501B4010F94FA302091B9033091BA03AD
:1070B0004091BB035091BC030F947837A701960110
:1070C0000F9477376093AD037093AE038093AF0353
:1070D0009093B003ACCEC12CD12C760112CF10927C
:1070E000C7031092C8031092C9031092CA0320CF9D
:1070F000CF93DF93CDB7DEB72C970FB6F894DEBFF2
:107100000FBECDBF882331F02091AC053091AD0585
:10711000232B19F19091FF0B9817F9F00E943BCBAC
:107120008CE0EBE7F2E0DE01119601900D928A957A
:10713000E1F7CE0101960E9462368091FF0B882311
:10714000A9F047EF5BE063EF7BE08FEE9BE00E94EE
:1071500050CA1092FF0B0E94FBDC2C960FB6F894DD
:10716000DEBF0FBECDBFDF91CF91089581E0809348
:10717000FF0B8FEE9BE00E941ECAEDCF9091FF0B9C
:1071800081E089270C94783880E00E94783810924A
:10719000AF051092AE051092AD051092AC0510929D
:1071A000A6051092A5051092A4051092A305E2EC85
:1071B000F5E080E090E0A0ECBFE780839183A283BC
:1071C000B38384839583A683B78380879187A287BF
:1071D000B38784879587A687B787709626E0E230C5
:1071E000F20759F70895CF92DF92EF92FF920F9333
:1071F0001F93CF93DF93CDB7DEB72C970FB6F894DC
:10720000DEBF0FBECDBF6B017C01142FAC019B0113
:10721000609128067091290680912A0690912B068C
:107220000F949430882309F494C00091FF0B80E000
:107230000E94783820E030E0A901C701B6010F9420
:10724000D83918161CF0C12CD12C7601C092280612
:10725000D0922906E0922A06F0922B062DEB37E316
:1072600046E855EBC701B6010F94D83987FD0BC02E
:107270002DEB37E346E855E3C701B6010F94943090
:1072800018160CF062C0A701960160E070E080E87B
:107290009FE30F94723860932006709321068093C9
:1072A00022069093230680EF9FEFA9E7B4EC80932A
:1072B000240690932506A0932606B0932706002364
:1072C00009F447C08091EF0B9091F00BA091F10B66
:1072D000B091F20B89839A83AB83BC838091F30BCB
:1072E0009091F40BA091F50BB091F60B8D839E83DA
:1072F000AF83B8878091F70B9091F80BA091F90BB1
:10730000B091FA0B89879A87AB87BC8781E00E948E
:1073100078381123F1F04CE050E06FEE7BE0CE01C5
:1073200001960F94923A892BA1F02C960FB6F894FF
:10733000DEBF0FBECDBFDF91CF911F910F91FF90A8
:10734000EF90DF90CF900C9431EA60E070E0CB01D9
:10735000A2CF2C960FB6F894DEBF0FBECDBFDF9143
:10736000CF911F910F91FF90EF90DF90CF900895F4
:1073700060914B0570914C0580914D0590914E05A3
:1073800041E00C94F338CF92DF92EF92FF9260913C
:10739000AC057091AD05072E000C880B990B0F946E
:1073A0009B306B017C012DEB37E346E855EB0F94E6
:1073B000D83987FD0BC02DEB37E346E855E3C7010D
:1073C000B6010F94943018160CF043C0A701960133
:1073D00060E070E080E89FE30F9472386093D1031F
:1073E0007093D2038093D3039093D4036091AE053E
:1073F0007091AF05072E000C880B990B0F949B30F2
:107400006B017C012DEB37E346E855EB0F94D8393F
:1074100087FD0AC02DEB37E346E855E3C701B60107
:107420000F9494301816CCF4A701960160E070E038
:1074300080E89FE30F9472386093D5037093D6036E
:107440008093D7039093D803FF90EF90DF90CF9075
:10745000089560E070E0CB01C1CF60E070E0CB0147
:10746000EBCFCF92DF92EF92FF926B017C0183E32F
:10747000C816D104E104F10470F082E3C81AD108FF
:10748000E108F10862E370E080E090E00F94DA191F
:107490000E9487C5ECCFC701B6010F94DA19FF909F
:1074A000EF90DF90CF900C9487C5CF9380916F00C1
:1074B000C82FC27081FF05C080916F008D7F8093BF
:1074C0006F008091D9148093D8148093D71480933F
:1074D000D61484E68093D5140E94E5CE88EE93E01E
:1074E00090939F1180939E11CC2329F080916F007F
:1074F000826080936F0081E0809346060E943BCBC0
:107500008EEF0E946EDCCF910C94FBDC1092280C65
:107510001092760B0895DC01EC918E2F90E0FC0127
:10752000EE0FFF1FE80FF91FEB59FB4E80818F7B99
:1075300080830895009781F41092900082E08093F8
:1075400091001092950010929400C19A8091710060
:1075500082608093710008958130910569F41092E2
:10756000A00082E08093A1001092A5001092A400D8
:1075700089BB809372000895029761F410922001F4
:1075800082E08093210110922501109224018ABB90
:107590008093730008957F928F929F92AF92BF92D3
:1075A000CF92DF92EF92FF920F931F93CF93DF93CF
:1075B000EC017B018881843208F0C4C090E0FC01BA
:1075C000EE0FFF1FE80FF91FEB59FB4E808161E0C2
:1075D0008F730F944B1819821A8288812CE0622FC6
:1075E0000F943B37829FB001112430E020E0AB01C3
:1075F000420F531FFA01EE0FFF1FE40FF51FEB5967
:10760000FB4E908196FD08C02F5F3F4F2C30310517
:1076100071F790E00E949A3A7880072D10E0680197
:10762000CC0CDD1CF601E00FF11FEB59FB4E808105
:107630008064808377FC86C080E2E81682E0F806EA
:107640000CF03FC08A8128E532E0281B310987FD14
:107650003395220F331F220F331F032E000C440BD0
:10766000550B898178E8872E912C881A910887FD1F
:107670009394880C991C880C991C092C000CAA085E
:10768000BB0860E070E0CB01F7FC0AC0B701653BC6
:10769000710514F064EB70E0072E000C880B990B59
:1076A000281939094A095B090F94C83624EB30E0E0
:1076B00040E050E00F94FA36820E931EA41EB51ED1
:1076C000740183E28715D8F0298188E890E0821B55
:1076D000910927FD9395880F991F880F991FE81628
:1076E000F90604F502972FB7F894E601C00FD11FF1
:1076F000CB59DB4E880F991F9A8389832FBF62E392
:1077000070E080E090E0DF91CF911F910F91FF90AA
:10771000EF90DF90CF90BF90AF909F908F907F9031
:107720000C94313A2A8188E592E0821B910927FD69
:107730009395880F991F880F991FE816F90694F6FC
:10774000C701D0CFDF91CF911F910F91FF90EF90A4
:10775000DF90CF90BF90AF909F908F907F900895D3
:10776000CF93DF93EB01682F70E082ED94E10E94EC
:10777000CB3A688179818A819B81643F21E07207DD
:107780008105910520F464EF71E080E090E00E94B3
:10779000313A89B183FB882780F9DF91CF91089531
:1077A0008F929F92AF92BF92CF92DF92EF92FF9211
:1077B000CF93DF9300D01F92CDB7DEB7B82E84EF02
:1077C00091E0A0E0B0E089839A83AB83BC83BE01E3
:1077D0006F5F7F4F80EA0E94B03B9EEEC92E92E021
:1077E000D92EE12CF12CC982DA82EB82FC82BE0117
:1077F0006F5F7F4F8AE50E94B03B8091A2058111A7
:107800003CC0BB20D1F1C982DA82EB82FC82BE018E
:107810006F5F7F4F8AE00E94B03B86E9882E912CF3
:10782000A12CB12C89829A82AB82BC82BE016F5F8F
:107830007F4F8CE80E94B03B89829A82AB82BC82E7
:10784000BE016F5F7F4F82E80E94B03B89829A82BF
:10785000AB82BC82BE016F5F7F4F8CE80E94B03B61
:10786000C982DA82EB82FC82BE016F5F7F4F8AE5BC
:107870000E94B03B81E08093A2050F900F900F9083
:107880000F90DF91CF91FF90EF90DF90CF90BF905E
:10789000AF909F908F9008951F920F920FB60F9206
:1078A00011240BB60F922F933F934F935F936F93D7
:1078B0007F938F939F93AF93BF93EF93FF9348E290
:1078C00051E064E271E082E090E00E948E27FF9137
:1078D000EF91BF91AF919F918F917F916F915F9148
:1078E0004F913F912F910F900BBE0F900FBE0F90B5
:1078F0001F9018951F920F920FB60F9211240BB67E
:107900000F922F933F934F935F936F937F938F9338
:107910009F93AF93BF93EF93FF9348EA50E064EADD
:1079200070E081E090E00E948E27FF91EF91BF917F
:10793000AF919F918F917F916F915F914F913F9107
:107940002F910F900BBE0F900FBE0F901F901895A8
:107950001F920F920FB60F9211240BB60F922F9316
:107960003F934F935F936F937F938F939F93AF93C7
:10797000BF93EF93FF9348E950E064E970E090E033
:1079800080E00E948E27FF91EF91BF91AF919F9170
:107990008F917F916F915F914F913F912F910F90B8
:1079A0000BBE0F900FBE0F901F9018958F929F9255
:1079B000AF92BF92CF92DF92EF92FF920F93CF934D
:1079C000DF931F92CDB7DEB75C017B0149016B01EC
:1079D000C40ED51EF501808191810F94B236898342
:1079E000002311F0F7018083BE016F5F7F4FC40158
:1079F0000E94AFFAF5018081918101969183808385
:107A0000FFEFEF1AFF0AEC14FD0421F780E00F905E
:107A1000DF91CF910F91FF90EF90DF90CF90BF90CB
:107A2000AF909F908F9008959091C00095FFFCCFEC
:107A30008093C6000895CF93DF93EC01FE018491FB
:107A40002196882319F00E94143DF8CFDF91CF9141
:107A50000895E091730BF0E0EA5AFA4E8081882392
:107A600039F086EC9FE00E941B3D8AE00C94143DA7
:107A700008950F931F93CF93DF938B010E941B3DBB
:107A8000E8018991882319F00E94143DFACFDF9113
:107A9000CF911F910F91089588EF96E00C941B3DB4
:107AA0003F924F925F926F927F928F929F92AF928E
:107AB000BF92CF92DF92EF92FF920F931F93CF93DB
:107AC000DF9300D0CDB7DEB78091681582FF22C169
:107AD0008091750B811102C010920F05EE24E39482
:107AE0004091641550916515609166157091671508
:107AF0008091601590916115A0916215B091631508
:107B0000481759076A077B0708F4E12C10E000E0EA
:107B1000AA24A39480E6982E88248A949EEFC92EE6
:107B200090E1D92E29E6322E8091750B843008F031
:107B3000F1C0E110EFC0E0900F05E110EBC08091C3
:107B4000D1169091D216A091D316B091D4168093ED
:107B5000641590936515A0936615B093671541E081
:107B600050E0BE016F5F7F4F89EC96E10E94A6BC9A
:107B70000197D9F5898190E0F82E409064155090D6
:107B8000651560906615709067154091601550916D
:107B900061156091621570916315BB24B39444160E
:107BA00055066606770608F4B12C44165506660697
:107BB0007706F0F4019609F469C08AE0F81609F432
:107BC0006BC02DE0F21609F467C083E2F81619F0D5
:107BD0002AE3F2127AC080910E05811176C023E269
:107BE000F2125AC0A0920F0557C08FEF9FEFC4CF7B
:107BF0000E943BCB89EC96E10E948CBF80915F157F
:107C0000882371F1815080935F15839DC0011124F9
:107C100041E061E0825D984F0F940624E0915F158A
:107C200084E0E89FF0011124E65DF84F60817181E6
:107C3000828193810E940E270F94B1228091681552
:107C400082FD62C081E191E10E941B3D19828A821E
:107C50001B82CE0101960E944B35A0920D05BFCF2D
:107C60000F94A0220F94BB230E94B9CC0E9481C91B
:107C70000E9460836D3371058105910520F0D092DB
:107C8000F209C092F1090E94849CD8CF0E944C3D19
:107C900082E091E10E941B3D10920E050115110535
:107CA00031F40E9487C5EB2C10E000E03DCF8091BD
:107CB000F009989E000D111D1124F801ED50F64FAA
:107CC000108280E00E941323EECF0F35110508F0DB
:107CD0002BCF8BE3F81203C0A0920E0525CF809125
:107CE0000E05811121CF8091F009F801989EE00DD9
:107CF000F11D1124ED50F64FF082E12C0F5F1F4F64
:107D000013CF10920E05CDCF23E2F212FACF10E07E
:107D100000E068CF0F900F900F90DF91CF911F91EF
:107D20000F91FF90EF90DF90CF90BF90AF909F901A
:107D30008F907F906F905F904F903F90089582EF6B
:107D400096E00C941B3D9091A01193FD0FC0909173
:107D5000390C91110BC04091271450912814209197
:107D6000720230917302421753074CF040E0682FC3
:107D70008BE00E94D7A061E080E00C9496E80E941E
:107D80009F3E8CE897E00E941B3D80E008950E9492
:107D9000D5C10E9481C980914F02882399F00E9429
:107DA0004C3D8BE796E00E941B3D60E081E796E04A
:107DB0000E94389C6EE571E080E090E00E94313ACC
:107DC00010924F020895CF92DF92EF92FF921F938D
:107DD000CF93DF9300D01F92CDB7DEB78EEEC82EC3
:107DE00082E0D82EE12CF12CC982DA82EB82FC826F
:107DF000BE016F5F7F4F8AE50E94B03B81110EC0CC
:107E000010E0812F0F900F900F900F90DF91CF9186
:107E10001F91FF90EF90DF90CF90089584EF91E055
:107E2000A0E0B0E089839A83AB83BC83BE016F5F1F
:107E30007F4F80EA0E94B03BC982DA82EB82FC82EB
:107E4000BE016F5F7F4F8AE50E94B03B182F8823E9
:107E5000B9F20E944C3D82E597E00E941B3D0E94D2
:107E6000C73ECFCFCF92DF92EF92FF92CF93DF93B7
:107E700000D01F92CDB7DEB78EEEC82E82E0D82E8E
:107E8000E12CF12CC982DA82EB82FC82BE016F5FA9
:107E90007F4F8AE00E94B03B81110DC0F12C8F2DE5
:107EA0000F900F900F900F90DF91CF91FF90EF9078
:107EB000DF90CF90089584EF91E0A0E0B0E0898357
:107EC0009A83AB83BC83BE016F5F7F4F80EA0E94C1
:107ED000B03BC982DA82EB82FC82BE016F5F7F4FCA
:107EE0008AE50E94B03BC982DA82EB82FC82BE0145
:107EF0006F5F7F4F8AE00E94B03BC982DA82EB82DB
:107F0000FC82BE016F5F7F4F8AE50E94B03BC98251
:107F1000DA82EB82FC82BE016F5F7F4F8AE00E94B3
:107F2000B03BF82E882309F4B9CF0E944C3D88E17C
:107F300097E00E941B3D0E94C73EB1CF1F93CF9395
:107F4000DF93EC010E94D5C10E944C3D81E596E093
:107F50000E941B3D209711F4C8E4D6E00E94E39FE5
:107F600061E0CE010E94389C0E949029C0911D15AD
:107F7000C695C69580915515811105C081E0809305
:107F800055150F94211B80911E1590911F150F946C
:107F9000FA1ADC2FDD0F1D2F1C0F83E00E94C22B6D
:107FA00010925315C09354158AEF93E10E94202E2E
:107FB00010925315D093541589E396E00E943D2DFD
:107FC00010925315109354158CE296E00E943D2DAB
:107FD0008CE195E10F949D1D8111DFCF89EE93E037
:107FE00030E6019729F0232F2A950000E9F7F9CF11
:107FF000F89489EE93E038EE019729F0232F2A9523
:108000000000E9F7F9CF0E94D5C18091060182FDF9
:1080100002C0A895FACF8091060182FF02C0A89500
:10802000FACFF0E0E0E0DF91CF911F9119947F92B9
:108030008F929F92AF92BF92CF92DF92EF92FF9278
:108040000F931F93CF93DF931F92CDB7DEB77C01C1
:1080500059018B016B01C40ED51E0C151D05C9F10C
:10806000F70180809180F80171908F017982C401BD
:108070000F94B236781601F1672DC4010F94BA3609
:10808000C4010F94B23699818917B1F00E949F3EC6
:108090008FE595E00E941B3D81E00F90DF91CF912D
:1080A0001F910F91FF90EF90DF90CF90BF90AF9016
:1080B0009F908F907F900895BE016F5F7F4FC501A5
:1080C0000E94AFFAF70180819181019691838083AC
:1080D000C4CF80E0E2CFCF92DF92EF92FF920F9376
:1080E0001F93CF93DF93CDB7DEB7A0970FB6F89469
:1080F000DEBF0FBECDBF611571058105910579F118
:1081000000E0C42ED12CF12CE12CA70196010F9494
:10811000D83611E0100FE1E0F0E0EC0FFD1FE00FAA
:10812000F11D07FDFA956083B901CA01012F6115A0
:1081300071058105910549F7115010F1E1E0F0E07A
:10814000EC0FFD1FE10FF11D17FDFA95908187E3FC
:108150009A3008F480E3890F0E94143DEDCF80E34C
:10816000A0960FB6F894DEBF0FBECDBFDF91CF91C2
:108170001F910F91FF90EF90DF90CF900C94143DE2
:10818000A0960FB6F894DEBF0FBECDBFDF91CF91A2
:108190001F910F91FF90EF90DF90CF900895CF92B5
:1081A000DF92EF92FF926A017B010E941B3D4AE041
:1081B000C701B601FF90EF90DF90CF900C946B4019
:1081C000CF93DF93EB010E941B3DBE0190E080E066
:1081D0004AE0DF91CF910C946B40CF92DF92EF9207
:1081E000FF926B017C01F7FE0BC08DE20E94143DF3
:1081F000F094E094D094C094C11CD11CE11CF11CFB
:108200004AE0C701B601FF90EF90DF90CF900C9449
:108210006B40CF93DF93EB010E941B3DBE01DD0F4E
:10822000880B990BDF91CF910C94ED40CF9384E5AF
:108230000E940F33C0E08823F9F00E942C27C82F3A
:108240001816D4F40E949F3E8DE40E94143D609164
:10825000230470912404072E000C880B990B0E94B4
:10826000ED406C2FCC0F770B84E999E00E94094117
:108270008AE00E94143DCFEF8C2FCF9108958F920A
:108280009F92AF92BF92CF92DF92EF92FF92CF93E5
:108290006B017C01B42E20E030E0A9010F949430F2
:1082A00087FF07C08DE20E94143DF7FAF094F7F8BB
:1082B000F094C0E060E070E080E09FE3CB1541F017
:1082C0002DEC3CEC4CEC5DE30F94FA30CF5FF6CF35
:1082D0009B01AC01C701B6010F9478376B017C019B
:1082E0000F94EB384B015C014AE00E946B40CC23B9
:1082F00091F1C501B4010F9499309B01AC01C70104
:10830000B6010F9477376B017C018EE20E94143D19
:10831000C15008F120E030E040E251E4C701B6016D
:108320000F94FA304B015C010F94E4386B01770F26
:10833000EE08FF08C701B6010E94ED40C701B60173
:108340000F949B309B01AC01C501B4010F947737AA
:108350006B017C01DDCFCF91FF90EF90DF90CF904C
:10836000BF90AF909F908F9008957F928F929F9231
:10837000AF92BF92CF92DF92EF92FF920F931F9333
:10838000CF93DF938FEF96E00E941B3DC12CD12C41
:108390007601C7E0C15021F080E20E94143DFACF7F
:1083A000C701B6010E94ED408FEFC81AD80AE80A4B
:1083B000F80AE4E0CE16D104E104F10451F78AE0B2
:1083C0000E94143DC2ECD5E0C12CD12C760180E294
:1083D0000E94143DC701B6010E94ED408E0184E069
:1083E000782E80E20E94143DF80180809180A28066
:1083F000B380A5019401C501B4010F946A3A8823A2
:10840000B9F180E20E94143D8DE30E94143D8DE39A
:108410000E94143D8DE30E94143D8DE30E94143DA3
:108420008DE30E94143D7A94005F1F4F7110D9CFE5
:108430008AE00E94143DFFEFCF1ADF0AEF0AFF0A1D
:10844000249684E0C816D104E104F10409F0BFCFFA
:108450008AE0DF91CF911F910F91FF90EF90DF9015
:10846000CF90BF90AF909F908F907F900C94143DD1
:1084700020E030E0A901C501B4010F94D83987FD8F
:1084800003C08BE20E94143D43E0C501B4010E9489
:108490003F41C9CFCF92DF92EF92FF926A017B01F9
:1084A0000E941B3D42E0C701B601FF90EF90DF90B4
:1084B000CF900C943F412F923F924F925F926F92D8
:1084C0007F928F929F92AF92BF92CF92DF92EF9264
:1084D000FF920F931F93CF93DF93CDB7DEB7C255B3
:1084E000D1090FB6F894DEBF0FBECDBF70E060E0DB
:1084F00085E40E9441338823F1F082E193E10E94F8
:108500001B3DCE5ADF4F0FB6F894DEBF0FBECDBF76
:10851000DF91CF911F910F91FF90EF90DF90CF905F
:10852000BF90AF909F908F907F906F905F904F9093
:108530003F902F90089565E070E083E40E944133FE
:10854000B82E60E085E50E945C332F968FAF2F97A1
:1085500040E050E066E173E483E50E941C330F9431
:10856000E438072E000C880B990B0F949B30698719
:108570007A878B879C871D821E821F8218860F94A4
:108580000D1A6F8F78A389A39AA309851A852B8565
:108590003C8509AF1AAF2BAF3CAF6091630270917D
:1085A00064026F507109072E000C880B990B0F9411
:1085B0009B309B01AC0169AD7AAD8BAD9CAD0F9446
:1085C000D83918161CF487EE92E199CF2F8D38A177
:1085D00049A15AA1205C33464F4F5F4F2B962CAFD9
:1085E0003DAF4EAF5FAF2B9783ED92E10E941B3DF5
:1085F0000E94D5C18FE78093291481E080936502A2
:108600008091231490912414A0912514B0912614E4
:1086100089839A83AB83BC83109254060E9496C8C8
:108620002E966DAF7EAF8FAF2E978F8D98A1A9A19B
:10863000BAA189AB9AABABABBCAB22968CAF9DAF6A
:10864000AEAFBFAF22971DA61EA61FA618AA19A6D9
:108650001AA61BA61CA61B8A1C8A1D8A1E8A629645
:108660001FAE629700E40B8F1CE11BA306E4639628
:108670000FAF63971CA21DA21EA21FA223961FAEBE
:10868000239727961CAE1DAE1EAE1FAE27972FE771
:1086900030E040E050E02F8B388F498F5A8FFFE752
:1086A0004F2E512C612C712C1DAA1EAA1FAA18AE88
:1086B00001E008A7312C212C0B2DBB0C110B61966E
:1086C0001FAF0EAF619780916502882309F4F1C155
:1086D0000F940D1A6B017C01109153061DAF1123ED
:1086E00009F4D1C10E94A0C2809023149090241458
:1086F000A0902514B0902614C401D5018D839E83CB
:10870000AF83B8872CA13DA14EA15FA1B401C501E3
:108710000F94D839181624F48CA29DA2AEA2BFA241
:1087200062962FAD62973B8D4BA163965FAD6397C9
:10873000B401C5010F94943087FF08C062968FAED4
:1087400062979B8EABA26396BFAE6397AE01475F05
:108750005F4FBE016B5F7F4FCE0101960E94D23505
:1087600008A50023E1F189849A84AB84BC842D811F
:108770003E814F815885B401C5010F94943087FF25
:1087800082C1B701A60189A99AA9ABA9BCA9481BB6
:10879000590B6A0B7B0BDB01CA0188589341A10975
:1087A000B109B7FD70C1D301C2010F89188D298DA0
:1087B0003A8D801B910BA20BB30BB595A79597959E
:1087C0008795809329144DAB5EAB6FAB78AF8CA2CD
:1087D0009DA2AEA2BFA2CF8ED8A2E9A2FAA22D81FD
:1087E0003E814F81588569857A858B859C850F945C
:1087F000D839181614F018A646C1D701C6012F8D16
:1088000038A149A15AA1821B930BA40BB50BAC0153
:10881000BD01485853416109710977FDECCF21141E
:10882000310409F40DC18DA89EA8AFA8B8AC880E7C
:10883000991EAA1EBB1E2DA93EA94FA958AD281BE3
:10884000390B4A0B5B0B6F89788D898D9A8D0F944C
:10885000C836A50194010F94FA36DA01C901840DD6
:10886000951DA61DB71D84319105A105B1050CF418
:108870002DC12C013D013CEE4316510461047104ED
:108880002CF05BEE452E512C612C712C803891051B
:10889000A105B1050CF428C18EEF90E0A0E0B0E096
:1088A00084199509A609B7098F8B988FA98FBA8F5C
:1088B0008BEC92E10E941B3DC301B2010E94ED408E
:1088C00086EC92E10E941B3D6F89788D898D9A8D8F
:1088D0000E94ED4062964FAD62975B8D6BA16396EF
:1088E0007FAD63978FEB92E10E944A424CA15DA15C
:1088F0006EA17FA188EB92E10E944A4213E021160B
:1089000031040CF49DC06F89788D898D9A8D0F94F8
:108910009B3020E030E040E850E40F94FA306B8B5D
:108920007C8B8D8B9E8B62962FAD62973B8D4BA17E
:1089300063965FAD63976CA17DA18EA19FA10F94FB
:1089400077372BED3FE049E450E40F94FA3020E014
:1089500030E040E05FE30F94FA309B01AC016B899B
:108960007C898D899E890F9472386B8F7C8F8D8F57
:108970009E8FC501B4010F949B302FE632E143E88E
:108980005AE30F94FA304B015C012AE939E949E1D5
:108990005FE36B8D7C8D8D8D9E8D0F94FA306B8B8C
:1089A0007C8B8D8B9E8B9B01AC01C501B4010F9418
:1089B000FA3020E030E040E05EE30F94FA306DA73B
:1089C0007EA78FA798AB2B893C894D895E89CA0108
:1089D000B9010F947837A50194010F94723869A7F3
:1089E0007AA78BA79CA74B8D5C8D6D8D7E8D82EBBE
:1089F00092E10E944A42B501A4018CEA92E10E94F0
:108A00004A428CE992E10E941B3D4B895C896D8949
:108A10007E8986E992E10E944A4249A55AA56BA542
:108A20007CA580E992E10E944A424DA55EA56FA512
:108A300078A98AE892E10E944A428AE00E94143DA5
:108A40008F89988DA98DBA8D840D951DA61DB71D92
:108A5000B595A79597958795809329142FEF221A9E
:108A6000320A098562960FAF62971A851B8F0B85B4
:108A70000BA31C8563961FAF6397C9AADAAAEBAA5A
:108A8000FCAA0DAD08A720E030E040EA51E469857A
:108A90007A858B859C850F9478372D813E814F8117
:108AA00058850F94943087FF24C08FE592E10E948F
:108AB0001B3D0E94D5C12E960DAD1EAD2FAD2E973C
:108AC000088B198B2A8BCE01409640C144E1442E7D
:108AD000512C612C712C04E110E020E030E00F8B70
:108AE000188F298F3A8FE4CE4F8A588E698E7A8EEE
:108AF000DFCED701C60122962CAD3DAD4EAD5FADA8
:108B00002297821B930BA40BB50BB7FD56C080E0D8
:108B10000E9427E88AE00E94143DD701C6018053D5
:108B2000984FAF4FBF4F22968CAF9DAFAEAFBFAF48
:108B3000229723960FAD2397011173C08D809E80DD
:108B4000AF80B88427962CAD3DAD4EAD5FAD279775
:108B5000C501B4010F94D83918160CF04CC020E0B0
:108B600030E040E050E4C501B4010F947837279617
:108B70006CAF7DAF8EAF9FAF2797A7019601205CAA
:108B800033464F4F5F4F2B962CAF3DAF4EAF5FAF8D
:108B90002B9720E030E040EC50E469AD7AAD8BAD2E
:108BA0009CAD0F947737A50194010F949430881FE2
:108BB0008827881F23968FAF2397D701C601880F78
:108BC000991FAA1FBB1F4F8D58A169A17AA109A99E
:108BD0001AA92BA93CA9400F511F621F731F841BA8
:108BE000950BA60BB70B81389F44A241B10588F1C4
:108BF0008DEF91E15CCFD701C6012B960CAD1DAD79
:108C00002EAD3FAD2B97801B910BA20BB30B4EE308
:108C100052E160E572E1B7FDD0CF80E00E94BCC2B6
:108C2000CCCF20E030E040EA51E469857A858B853D
:108C30009C850F9477372D813E814F8158850F9405
:108C4000D83918160CF0B9CF4BE152E16EE272E15F
:108C5000E4CF61960EAD1FAD6197021513050CF0C0
:108C600078C013E0211631040CF473C080EA91E15E
:108C70000E941B3D83E891E10E941B3D4B895C896A
:108C80006D897E898CE991E10E944A428AE00E94C6
:108C9000143D83E891E10E941B3D49A55AA56BA5AF
:108CA0007CA588E991E10E944A428AE00E94143D35
:108CB00083E891E10E941B3D4DA55EA56FA578A9B3
:108CC00084E991E10E944A428AE00E94143D2F9675
:108CD0000FAD2F97002381F12B893C894D895E8947
:108CE00020932A1430932B1440932C1450932D145A
:108CF0002CEA35EC47E25EE369A57AA58BA59CA535
:108D00000F94FA3060932E1470932F1480933014C4
:108D1000909331142CEA35EC47E25EE36DA57EA515
:108D20008FA598A90F9472386093321470933314FE
:108D300080933414909335142E968DAD9EADAFADC7
:108D40002E978D879E87AF87CE010D960E944B355B
:108D5000D8CB0E94FD9CB7CC8DE00E94143D8AE0E8
:108D60000C94143DE6E2F4E08081818389EC9FE07D
:108D70000E941B3D6091F6137091F7138091F813D8
:108D80009091F9136F5F7F4F8F4F9F4F0E94ED407F
:108D90000E94AC460C94293D0F931F93CF938C01F6
:108DA000C62F8BE99FE00E941B3DC8010E941B3D1E
:108DB0008AE30E94143D6C2F70E090E080E00E94F6
:108DC000ED40CF911F910F910C94AC462F923F92A2
:108DD0004F925F926F927F928F929F92AF92BF92CB
:108DE000CF92DF92EF92FF920F931F93CF93DF9377
:108DF000CDB7DEB762970FB6F894DEBF0FBECDBF1A
:108E000083E50E94C6321091FF0B882341F00E9437
:108E10004027182F811103C080E00E94783880918C
:108E2000EF0B9091F00BA091F10BB091F20B8983B5
:108E30009A83AB83BC838091F30B9091F40BA09148
:108E4000F50BB091F60B8D839E83AF83B88780912D
:108E5000F70B9091F80BA091F90BB091FA0B898761
:108E60009A87AB87BC8786E50E94C632682E8091C0
:108E7000AC059091AD05892B09F4AAC083E40E944A
:108E8000C632882309F40FC10E949C321B012C01B9
:108E9000712CA12C88EC898B92EC9A8BB12CC12C73
:108EA000E8ECEF87F2E4F88B84E08D879D859150A4
:108EB0009D879F3FC9F1E4E0EE87F4E09F9F40016A
:108EC00011248E8581508E878F3F81F3F401E80F46
:108ED000F11DEE0FFF1FEE0FFF1FEE53FA4FD08074
:108EE000E180F28003812B2D3C2D4F8558896D2D1B
:108EF0007E2D8F2D902F0F94943087FF04C0BD2CB2
:108F0000CE2CFF86088B272D3A2D49895A896D2D45
:108F10007E2D8F2D902F0F94D839181694F67D2C16
:108F2000AE2CF98A0A8BCDCF272D3A2D49895A8943
:108F30006B2D7C2D8F8598890F94783720E030E059
:108F400040E05FE30F94FA30A20191010F9478376B
:108F50001B012C012DEB37E346E855EB0F94D83974
:108F600087FD0BC02DEB37E346E855E3C201B101A5
:108F70000F94943018160CF096C080E00E94783858
:108F800094E0D92EDA94EFEFDE1609F48CC004E0F9
:108F9000F4E0DF9E500111240150A0F37501E00EB2
:108FA000F11CEE0CFF1CEE0CFF1CC7018E539A4FF8
:108FB0007C01A2019101FC01608171818281938118
:108FC0000F947737F7016083718382839383E4CFB3
:108FD000111103C0662009F470C00E949F3E8CED01
:108FE00097E00E941B3D112351F08091FF0B8111EE
:108FF00006C00E944C3D8DEB97E00E941B3D0E94F5
:109000009F3E8FEA97E00E941B3D8091FF0B8111EC
:1090100062C08DE69FE00E941B3D8AE00E94143DE5
:109020000E949F3E82EA97E00E941B3DC090280666
:10903000D0902906E0902A06F0902B0620E030E040
:10904000A901C701B6010F94D83918160CF046C013
:1090500042E0C701B6010E943F410E94AC464CE08D
:1090600050E06FEE7BE0CE0101960F94923A892B8F
:10907000D1F162960FB6F894DEBF0FBECDBFDF917F
:10908000CF911F910F91FF90EF90DF90CF90BF9005
:10909000AF909F908F907F906F905F904F903F9098
:1090A0002F900C9431EA662041F08091AC059091AC
:1090B000AD05892B11F00E94B5418AE50E94C632A8
:1090C000882329F00E949C3240E00E94F338812FCF
:1090D0000E94783888CF81E79FE09DCF8DE997E0A7
:1090E0000E941B3DBCCF62960FB6F894DEBF0FBE48
:1090F000CDBFDF91CF911F910F91FF90EF90DF9047
:10910000CF90BF90AF909F908F907F906F905F9027
:109110004F903F902F900895CF93DF93EC0189916A
:10912000882319F00E94143DFACFDF91CF910C945F
:10913000AC4680912604909127042FEF3FEF9817BB
:1091400051F0E92FF0E0EA5DFB4F228130E09F5FB4
:109150009F7790932704C9010895CF92DF92EF92F1
:10916000FF920F931F93CF93DF9300E68091750BCF
:10917000843008F04CC18091260490912704891B0B
:109180008F7709F444C10E949948AC0197FDEECF56
:109190002091F4133091F5138A3019F08D3009F0D5
:1091A00003C110920C052115310519F40E9487C5E1
:1091B000DDCF24553B4FF90110821092F513109228
:1091C000F413CCEAD4E0FE018191803209F443C06B
:1091D0008E3409F0D5C069EF70E1CE010F941130E3
:1091E0007C01892B41F06EE470E0CE0104960F946F
:1091F000C63A009709F4CE014AE050E070E060E022
:1092000001960F94932DAB01BC014093A804509399
:10921000A9046093AA047093AB048091F613909113
:10922000F713A091F813B091F9130196A11DB11D88
:10923000481759076A077B0781F0EF2871F486EC1D
:1092400090E1DF91CF911F910F91FF90EF90DF9010
:10925000CF900C940EFDEF01B6CF6AE270E0CE0124
:109260000F94FE3A9C01009701F1982F9C1B10E08F
:10927000992339F09150FE01E90FF11D80811827E3
:10928000F7CF4AE050E070E060E0C90101960F942A
:10929000932DC12ED12CF12CE12C6C157D058E0562
:1092A0009F0531F087EA90E1CCCF8DE790E1C9CFFF
:1092B0008091A8049091A904A091AA04B091AB0454
:1092C0008093F6139093F713A093F813B093F913C8
:1092D00080914F0281111CC067E470E0CE010F94B1
:1092E000C63A0097A9F04AE050E070E060E00196CD
:1092F0000F94932D643071058105910548F48CED30
:109300009FE00E941B3D60E082ED9FE00E94389C40
:109310006EE573E0CE010F94D13A892B21F41092BF
:1093200065021092540563E673E0CE010F94D13AC2
:10933000892B21F490E080E00E949E3F68E673E074
:10934000CE010F94D13A892B11F40E94553A8091A5
:10935000AC048B3309F40ACF8091750B843008F08C
:1093600005CF8091F009809FC00111246CEA74E060
:109370008D50964F0F94DA3A81E00E941323F6CE77
:109380008091681580FFA4CF6CE971E4CE010F9441
:109390001130009731F0FC01838180538A3008F04E
:1093A00097CF83E590E14DCF2F3531050CF0DECE20
:1093B0008C35C1F40E94994897FDD8CE20910C05B8
:1093C0002111D4CE2091F4133091F513A9014F5FF0
:1093D0005F4F5093F5134093F41324553B4FF9011D
:1093E0008083C4CE8B3321F481E080930C05BECE04
:1093F00080910C058111BACEC90101969093F513A5
:109400008093F41324553B4FF9014083AFCEDF9195
:10941000CF911F910F91FF90EF90DF90CF90089523
:109420002F923F924F925F926F927F928F929F9274
:10943000AF92BF92CF92DF92EF92FF920F931F9362
:10944000CF93DF9300D000D01F92CDB7DEB78983D2
:109450000E94FD9C0F940D1A6B017C0100910A0281
:109460000A830023F1F0809101048823D1F0409118
:109470009603509197036091980370919903970117
:109480008601041B150B260B370BB901A80177FDCC
:109490001BC0833009F4CFC00CF0BEC081300CF08B
:1094A000C3C01A81212F30E0A8EEB3E00F942C370F
:1094B000C60ED71EE81EF91EC0929603D0929703DF
:1094C000E0929803F09299038091750B843020F418
:1094D0000E94AD480E94503D0F940D1A6B017C0113
:1094E0008091F9039091FA03A091FB03B091FC03E2
:1094F0000097A105B10539F14091E50B5091E60BBC
:109500006091E70B7091E80B840F951FA61FB71FA2
:10951000A7019601281B390B4A0B5B0BDA01C90125
:10952000B7FD11C00E944C3D6091ED0B7091EE0BA8
:1095300082EF95E00E94393D8AE00E94143D90E060
:1095400080E00E949E3F80910B0290910C02A091BE
:109550000D02B0910E020097A105B10589F030917E
:10956000D8142091D914321709F46AC00F940D1A37
:109570006093E50B7093E60B8093E70B9093E80BF9
:10958000209106018091A2039091A30322FD98C02F
:1095900001969093A3038093A2038091A2039091DC
:1095A000A3038E3E924054F00E944C3D82ED95E024
:1095B0000E941B3D90E080E00E949E3F80919E03B0
:1095C00090919F03A091A003B091A1039701860100
:1095D000081B190B2A0B3B0BD901C801B7FD88C129
:1095E0009091D8148091D9146091280C981709F49F
:1095F0006DC0E091D91416E5E19FF0011124E15707
:10960000F34F60818091D9149091D814981709F480
:109610005DC08F5F8F70F8CF843009F042CF0E9419
:109620009F3E81E995E004C00E949F3E80EC95E05A
:109630000E941B3D36CF0E949F3E89EA95E0F8CFFD
:1096400020912907211139C00981011136C04091AB
:10965000E50B5091E60B6091E70B7091E80B840FDE
:10966000951FA61FB71FA7019601281B390B4A0B90
:109670005B0BDA01C901B7FD20C08091A403811101
:109680007FCF81E08093A4035F9A8091EB0B8E7F64
:109690008093EB0B8A9A8091EB0B8D7F8093EB0B81
:1096A0008091080180958170809306018091EB0B79
:1096B0008B7F8093EB0B129A63CF1092A40360CF41
:1096C000181619060CF069CF019763CF70E089E096
:1096D0000F94031980915206882309F4FCC020904E
:1096E0003B0230903C0200913D020F8310913E02FC
:1096F0001E8360912714709128146E5F7F4F072E90
:10970000000C880B990B0F949B309101A8010F94CA
:10971000943087FDE0C00091D91409831A821B821E
:109720001C821D828091D8141981811709F460C0B0
:10973000812F90E026E5289FF001299FF00D11244C
:10974000E25CF34F458956896789708D452B462B1E
:10975000472B81F4418D528D638D748D452B462BA3
:10976000472B41F4458D568D678D70A1452B462BB7
:10977000472BC9F136E5389F8001399F100D112420
:10978000025C134FF80161817281838194810F948F
:10979000263A4B015C01F80161A172A183A194A159
:1097A0000F9499302B013C01F80165A176A187A1A6
:1097B00090A50F9499309B01AC01C301B2010F94A5
:1097C0007238A50194010F94FA305B018C012A8153
:1097D0003B814C815D810F94D839181624F4AA82FC
:1097E000BB820C831D8389818F5F8F7089839ACFA1
:1097F00020913F023091400240914102509142023B
:109800006A817B818C819D810F94FA3091014F8117
:109810005E810F9478375B018C019B01AC01B10133
:109820008F819E810F94D8391816B4F0209037029A
:1098300030903802F0913902FF8320913A022E8352
:1098400091014F2F5E81B501C8010F94D8391816C8
:109850001CF015010F831E8380909A0390909B0348
:10986000A0909C03B0909D0391014F815E81C50142
:10987000B4010F94D8391816E4F420E037ED43EA28
:109880005CE3B1018F819E810F94FA302B013C0182
:1098900028E431EE4AE75FE3C501B4010F94FA30E2
:1098A0009B01AC01C301B2010F9478371B018F8378
:1098B0009E83C101AF81BE8180939A0390939B03E5
:1098C000A0939C03B0939D03B101CD010F94E438A4
:1098D000CB010E94B9CA34E6C30ED11CE11CF11CB5
:1098E000C0929E03D0929F03E092A003F092A10346
:1098F0000E9487C580914106813009F072C00F94A3
:109900000D1A6B017C018091A9039091AA03A0918B
:10991000AB03B091AC0397018601081B190B2A0B0E
:109920003B0BD901C801B7FD3AC080904206909028
:109930004306A0904406B09045060E946083AB01A8
:10994000BC014093420650934306609344067093D3
:1099500045068091A8079091A907A091AA07B09108
:10996000AB0788199909AA09BB09840F951FA61F7F
:10997000B71F8093A8079093A907A093AA07B09355
:10998000AB07D701C601805F984DAF4FBF4F8093A3
:10999000A9039093AA03A093AB03B093AC03809167
:1099A000A5039091A603A091A703B091A803A701D6
:1099B0009601281B390B4A0B5B0BDA01C901B7FD75
:1099C00010C030E8C30E3EEED31EE11CF11CC09265
:1099D000A503D092A603E092A703F092A8030E94E9
:1099E0005FC90E94AF9B8091F403882309F445C0AE
:1099F0000F940D1A0091F0031091F1032091F203DE
:109A00003091F303601B710B820B930B97FD35C0F4
:109A10000F940D1A6B017C012091F40330E0A8EE45
:109A2000B3E00F942C37C60ED71EE81EF91EC09265
:109A3000F003D092F103E092F203F092F30380E09E
:109A40000E9427E88AE027960FB6F894DEBF0FBE83
:109A5000CDBFDF91CF911F910F91FF90EF90DF90DD
:109A6000CF90BF90AF909F908F907F906F905F90BE
:109A70004F903F902F900C94143D27960FB6F8947A
:109A8000DEBF0FBECDBFDF91CF911F910F91FF9031
:109A9000EF90DF90CF90BF90AF909F908F907F908E
:109AA0006F905F904F903F902F9008952F923F922C
:109AB0004F925F926F927F928F929F92AF92BF92DE
:109AC000CF92DF92EF92FF920F931F93CF93DF938A
:109AD000CDB7DEB76E970FB6F894DEBF0FBECDBF21
:109AE0008091A01183FDBEC183E50E940F338D8755
:109AF000882309F4B2C10E949C320F94E4386E3678
:109B000071050CF0C8C17093800B60937F0B0E94AD
:109B1000DAB60E949C3220E030E040EA50E40F9434
:109B2000D839181614F40E9427C960917F0B7091E0
:109B3000800B072E000C880B990B0F949B30209103
:109B40007B0B30917C0B40917D0B50917E0B0F94E1
:109B5000D83918160CF4A2C185E691E160E00E94A4
:109B6000389C81E08093650220917B0B30917C0BC7
:109B700040917D0B50917E0B2E873F87488B598BF0
:109B80008FE780935406212C312C30E83E834FEB35
:109B90004F8319861A861B861C861A8A1B8A1C8A82
:109BA0001D8A18861B8E5CE35C8F8CE18D8F96E49A
:109BB0009E8FA1E0AE8B812C912C540160917F0B84
:109BC0007091800B072E000C880B990B0F949B3023
:109BD0007B018C0191014E815F810F949430882329
:109BE000B1F020917B0B30917C0B40917D0B50911B
:109BF0007E0BBD85B701C801B11153C10F949430DC
:109C0000881F8827881F888717010E831F830F945A
:109C10000D1A6B017C01DC01CB012A893B894C893F
:109C20005D89821B930BA40BB50BB7FD2EC0D7012A
:109C3000C60188519C4FAF4FBF4F8A8B9B8BAC8B1B
:109C4000BD8B80E00E9427E881E691E10E941B3DE8
:109C500081149104A104B10409F433C1C501B40114
:109C6000605F784D8F4F9F4F6C197D098E099F095A
:109C700028EE33E040E050E00F94D836CA01B90135
:109C80000E94ED408AE00E94143D80E00E94104A4C
:109C90000F940D1A6093E50B7093E60B8093E70B1E
:109CA0009093E80B90917B0B9C83A0917C0BAD83F0
:109CB00000917D0B10917E0BB885B1114FC0B101A1
:109CC0008E819F810F94E4386F8B788F898F9A8F64
:109CD0006E857F85888999890F94E4382B013C0132
:109CE0002C813D81A8016E857F85888999890F9493
:109CF000D83918160CF4E9C091014E815F816C814E
:109D00007D81C8010F94D83918160CF4E1C06C811C
:109D10007D81C8010F94E4389B01AC0124193509F9
:109D200046095709AFEFB0E00F9419372F89388DE6
:109D3000498D5A8D24193509460957090F94FA3669
:109D400080915406821751F02093540629831A8279
:109D50002FEF2B83CE0101960E944B352C813D8144
:109D6000A801B1018E819F810F9477372B013C01AF
:109D700020E030E0A9010F94D83987FF04C077FABA
:109D8000709477F8709481149104A104B10409F0DF
:109D9000A4C020E030E040E85FE3C301B2010F94CB
:109DA000943087FF0BC03E8946015701332331F0C1
:109DB00040E1840E47E2941EA11CB11C5885552336
:109DC000A9F189859A85AB85BC85892B8A2B8B2B3C
:109DD00061F0D701C60129853A854B855C85821BD8
:109DE000930BA40BB50BB7FD21C02C813D81A801BD
:109DF0006B8D7C8D8D8D9E8D0F94773720E030E0BC
:109E000040EC5FE30F94943087FD4FC0D701C6014B
:109E1000805A9541AF4FBF4F89879A87AB87BC87E0
:109E20009C819B8FAD81AC8F0D8F1E8F80916502C1
:109E30008823D9F181149104A104B10461F0B0E147
:109E4000CB1AB7E2DB0AE108F108C818D908EA081A
:109E5000FB08F7FE2AC01E8AB1CE82E50E940F33AE
:109E6000811149CE6E960FB6F894DEBF0FBECDBFFE
:109E7000DF91CF911F910F91FF90EF90DF90CF90E6
:109E8000BF90AF909F908F907F906F905F904F901A
:109E90003F902F9008956EE670E035CE84E791E113
:109EA0005DCE0F94943087FF07C0809165028823B0
:109EB000C9F20E94849CD6CF17010E831F83188697
:109EC000A6CE8FE30E94143DDDCEC301B20124CFA4
:109ED0006F89788D898D9A8D1FCF20E030E040E426
:109EE00050E4C301B2010F94D83918160CF066CFB4
:109EF0004601570163CFCF93DF93EC01888188231C
:109F000049F18A3039F18D3029F18B33F9F08091A4
:109F1000750B8430D8F48091F00920E6829FC0014F
:109F20001124BE018D50964F0F94DA3A80E00E94C2
:109F300013230E949F3EBE0189EB9FE00E94393DA2
:109F400086EB9FE0DF91CF910C941B3D80E00E9457
:109F5000104AD4CFDF91CF9108952F923F924F9224
:109F60005F926F927F928F929F92AF92BF92CF92A9
:109F7000DF92EF92FF920F931F93CF93DF93CDB7B2
:109F8000DEB7C854D1090FB6F894DEBF0FBECDBFFF
:109F9000382E0E94293482E50E940F33882309F469
:109FA0004AC10E949C326B017C0120E030E0A90193
:109FB0000F949430882309F42EC14090EF0B5090F9
:109FC000F00B6090F10B7090F20B2091F30B30913D
:109FD000F40B4091F50B5091F60B2D8B3E8B4F8B74
:109FE000588F8091100690911106A0911206B091A1
:109FF00013068D8F9E8FAF8FB8A3209114063091DA
:10A00000150640911606509117062DA33EA34FA3A7
:10A0100058A79C01AD01C301B2010F949430811186
:10A020000DC02DA13EA14FA158A56D897E898F89B4
:10A03000988D0F949430882309F4EDC020E030E02F
:10A04000A901C701B6010F949430881F8827881F83
:10A050008311E8C080E090E0A0E8BFE389A79AA759
:10A06000ABA7BCA7A30192016D8D7E8D8F8D98A1AA
:10A070000F94773769A37AA38BA39CA32D893E897C
:10A080004F89588D6DA17EA18FA198A50F94773728
:10A09000698F7A8F8B8F9C8F29A13AA14BA15CA1EC
:10A0A000CA01B9010F94FA304B015C01298D3A8D38
:10A0B0004B8D5C8DCA01B9010F94FA309B01AC0144
:10A0C000C501B4010F9478370F94263A4B015C0117
:10A0D000AC019B0160E070E080E89FE30F94723870
:10A0E0006DA77EA78FA798AB20E030E040E05FE34C
:10A0F000C501B4010F94FA304B015C01A701960130
:10A10000C701B6010F94FA306B017C01A5019401DF
:10A11000C501B4010F94FA309B01AC01C701B6012F
:10A120000F9477370F94263A29A53AA54BA55CA53D
:10A130000F94FA304B015C01698D7A8D8B8D9C8D6B
:10A1400090582DA53EA54FA558A90F94FA30A5010A
:10A1500094010F94FA306B017C012D8D3E8D4F8D53
:10A1600058A1C301B2010F94783720E030E040E0FD
:10A170005FE30F94FA309B01AC01C701B6010F9465
:10A180007837A30192010F9477376B017C012DA1E1
:10A190003EA14FA158A56D897E898F89988D0F9416
:10A1A000783720E030E040E05FE30F94FA302B0195
:10A1B0003C012DA53EA54FA558A969A17AA18BA167
:10A1C0009CA10F94FA30A50194010F94FA309B01E1
:10A1D000AC01C301B2010F9478372D893E894F89B4
:10A1E000588D0F9477376D8B7E8B8F8B988F20E0F7
:10A1F00030E0A901C701B6010F9494308111E8C085
:10A2000020E030E0A9016D897E898F89988D0F94B7
:10A2100094308111DDC00E944C3D80EA9FE00E9495
:10A220001B3DAEC020E030E040E85FEB29A73AA735
:10A230004BA75CA717CF89E40E940F33C12CD12C08
:10A240007601882321F00E949C326B017C018AE414
:10A250000E940F33882309F4ADC00E949C32C3CF03
:10A2600020E030E0A901C501B4010F94D83987FF7F
:10A2700022C2B7FAB094B7F8B0941DC2498D5A8D76
:10A28000BA0190E080E00F94993029A13AA14BA146
:10A290005CA10F94FA304B015C010F946D386B0197
:10A2A0007C01C501B4010F94183A4B015C01A70170
:10A2B00096016D8D7E8D8F8D98A10F94FA302B01B4
:10A2C0003C012D893E894F89588DC501B4010F94F9
:10A2D000FA30A30192010F9478372B013C01A501BC
:10A2E00094016D8D7E8D8F8D98A10F94FA304B0166
:10A2F0005C012D893E894F89588DC701B6010F94A5
:10A30000FA309B01AC01C501B4010F9477376DA3FE
:10A310007EA38FA398A759E159A7E0C280E1E0E1AD
:10A32000F6E0DE01119601900D928A95E1F7C12CBD
:10A33000D12C80E8E82E8FE3F82E8E010F5E1F4FA0
:10A340009E01235F3F4FAE01475F5F4FBE016B5FD2
:10A350007F4FCE0101960F94820F80E1FE0131966E
:10A36000AFEEBBE001900D928A95E1F70F940D1AC4
:10A370006093E50B7093E60B8093E70B9093E80BEB
:10A38000C85BDF4F0FB6F894DEBF0FBECDBFDF91C5
:10A39000CF911F910F91FF90EF90DF90CF90BF90E2
:10A3A000AF909F908F907F906F905F904F903F9075
:10A3B0002F90089520E030E0A901C701B6010F9465
:10A3C0009430882309F427CF1D8A1E8A1F8A188E8D
:10A3D000D701C601B0588D8F9E8FAF8FB8A32D893E
:10A3E0003E894F89588D50582DA33EA34FA358A79F
:10A3F000A7019601C701B6010F94FA304B015C0129
:10A400002D893E894F89588DCA01B9010F94FA30C0
:10A410009B01AC01C501B4010F9478370F94263A23
:10A4200069AF7AAF8BAF9CAF8091EF0B9091F00B3F
:10A43000A091F10BB091F20B89A39AA3ABA3BCA39B
:10A440009C01AD01C701B6010F9478376DA77EA7B7
:10A450008FA798AB2091F30B3091F40B4091F50B43
:10A460005091F60B29A73AA74BA75CA72D893E89E7
:10A470004F89588D69A57AA58BA59CA50F9478372F
:10A4800021966CAF7DAF8EAF9FAF21978091100664
:10A4900090911106A0911206B091130689AB9AAB68
:10A4A000ABABBCAB2DA53EA54FA558A9BC01CD01BA
:10A4B0000F9477376B017C012091140630911506BB
:10A4C00040911606509117062DAB3EAB4FAB58AFDF
:10A4D00021962CAD3DAD4EAD5FAD21976DA97EA906
:10A4E0008FA998AD0F9477374B015C018091F70BE2
:10A4F0009091F80BA091F90BB091FA0B25968CAFC7
:10A500009DAFAEAFBFAF25979C01AD01609118061E
:10A510007091190680911A0690911B060F94773757
:10A52000698F7A8F8B8F9C8FA70196016D8D7E8DA1
:10A530008F8D98A10F94FA302B013C01A501940155
:10A540006DA17EA18FA198A50F94FA309B01AC015B
:10A55000C301B2010F9478372B013C01A50194018E
:10A560006D8D7E8D8F8D98A10F94FA304B015C011B
:10A57000A70196016DA17EA18FA198A50F94FA3035
:10A580009B01AC01C501B4010F947737A30192017F
:10A590000F94F7376B017C0120E030E0A9010F94A4
:10A5A000943087FF0AC02BED3FE049EC50E4C7012F
:10A5B000B6010F9478376B017C012BED3FE049EC3D
:10A5C00050E4C701B6010F94723820E030E040EC4F
:10A5D00051E40F94FA300F9456380F94EB388B01F6
:10A5E000672B11F401E010E0332051F02BED3FE038
:10A5F00049EC50E4C701B6010F9477376B017C0139
:10A6000020E030E0A901C701B6010F949430811118
:10A6100022C029A93AA94BA95CA969A17AA18BA159
:10A620009CA10F949430811116C02DA93EA94FA969
:10A6300058AD69A57AA58BA59CA50F94943081117E
:10A640000AC008E110E02BEDC22E2FE0D22E29EC3B
:10A65000E22E20E4F22EA701960169AD7AAD8BAD12
:10A660009CAD0F94FA304B015C0120E030E0A90171
:10A67000698D7A8D8B8D9C8D0F949430882309F48D
:10A68000EFCDA5019401C501B4010F94FA304B013F
:10A690005C01298D3A8D4B8D5C8DCA01B9010F94F7
:10A6A000FA309B01AC01C501B4010F9478370F94C7
:10A6B000263A4B015C012FE632E143E85AE3C5013B
:10A6C000B4010F94943087FD51CE4090FB0B509015
:10A6D000FC0B6090FD0B7090FE0BC501B4010F9454
:10A6E0001A390F94EB381B016017710708F4180131
:10A6F000B10190E080E00F9499304B015C01AC0116
:10A700009B01C701B6010F94723869A37AA38BA38A
:10A710009CA3A5019401698D7A8D8B8D9C8D0F94DE
:10A72000723869AF7AAF8BAF9CAFA3019201609191
:10A730001C0670911D0680911E0690911F060F94B5
:10A740007737A50194010F94723829966CAF7DAFCD
:10A750008EAF9FAF299729A13AA14BA15CA1CA0155
:10A76000B9010F94FA3020E030E040E05FE30F944D
:10A77000FA309B01AC0160E070E080E89FE30F9449
:10A78000773769AB7AAB8BAB9CAB25962CAD3DADE7
:10A790004EAD5FAD259729873A874B875C874D86FD
:10A7A0005E866F86788A6091170270911802072E74
:10A7B000000C880B990B0F949B3020916A0230910A
:10A7C0006B0240916C0250916D020F94FA302AE0B6
:10A7D00037ED43E25CE30F94FA30698B7A8B8B8B15
:10A7E0009C8B0F940D1A9B01AC0128533F4F4F4F88
:10A7F0005F4F2DAB3EAB4FAB58AF4D8C5E8C6F8C2B
:10A8000078A041E050E05A8F498F59E159A7898DCE
:10A810009A8D8215930508F081CD0E9487C50F940B
:10A820000D1A2DA93EA94FA958AD621B730B840BBD
:10A83000950B97FD0FC00F940D1A9B01AC01285387
:10A840003F4F4F4F5F4F2DAB3EAB4FAB58AF80E00C
:10A850000E94104A39A5315039A7332309F40ECD8F
:10A860009201A30169A17AA18BA19CA10F94FA3056
:10A870006B017C012DA13EA14FA158A569A97AA920
:10A880008BA99CA90F94FA309B01AC01C701B601BA
:10A890000F9478376B017C019201A30169A97AA911
:10A8A0008BA99CA90F94FA304B015C012DA13EA10C
:10A8B0004FA158A569A17AA18BA19CA10F94FA3050
:10A8C0009B01AC01C501B4010F9477372B013C010A
:10A8D000C601D7018DA39EA3AFA3B8A79201A30180
:10A8E0006DA57EA58FA598A90F94783769837A8383
:10A8F0008B839C832DA13EA14FA158A521966CADC1
:10A900007DAD8EAD9FAD21970F9478376D837E839B
:10A910008F83988729AD3AAD4BAD5CAD69857A855B
:10A920008B859C850F94783769877A878B879C877E
:10A9300029962CAD3DAD4EAD5FAD29976D857E85D9
:10A940008F8598890F9478376D877E878F87988B4E
:10A9500080911602882321F0CE0101960E94ABD788
:10A96000C12CD12C90E8E92E9FE3F92E8E010F5EC9
:10A970001F4F9E01235F3F4FAE01475F5F4FBE01F8
:10A980006B5F7F4FCE0101960F94820F882309F4ED
:10A99000C5CC898D9A8D01969A8F898F38CF8F92E9
:10A9A0009F92AF92BF92CF92DF92EF92FF920F935E
:10A9B0001F93CF93DF93CDB7DEB7A0970FB6F89470
:10A9C000DEBF0FBECDBF80E090E0A0E2B1E489839E
:10A9D0009A83AB83BC8380E090E0A1E6B3E48D83EF
:10A9E0009E83AF83B88780E090E0A0EAB1E48987D6
:10A9F0009A87AB87BC870E94164187FDF9C1482F13
:10AA000061E081E00E94D7A085E40E94C632C12C9B
:10AA1000D12CE12C90E4F92E882379F00E949C320D
:10AA20006B017C0120E030E0A9010F94D83987FF49
:10AA300004C0F7FAF094F7F8F094F7FAF094F7F806
:10AA4000F094CD8ADE8AEF8AF88E8AE50E940F3371
:10AA5000882351F040E050E0BA018AE50E941C339F
:10AA600069877A878B879C8788E50E940F338823C4
:10AA700051F040E050E0BA0188E50E941C33698340
:10AA80007A838B839C8389E50E940F33882351F05E
:10AA900040E050E0BA0189E50E941C336D837E835B
:10AAA0008F83988785E50E94C632882309F407C101
:10AAB0000E949C326B017C0120E030E0A901C701BB
:10AAC000B6010F94D83987FF04C0F7FAF094F7F86D
:10AAD000F094198E1A8E1B8E1C8E8CE40E94C63246
:10AAE000882309F4F5C00E949C324B015C0120E0F0
:10AAF00030E0A901C501B4010F94D83987FF04C023
:10AB0000B7FAB094B7F8B0948D8E9E8EAF8EB8A27F
:10AB10006AE070E082E40E944133182F8091290797
:10AB2000811166C18091A01183FD19C020E030E041
:10AB3000A901C701B6010F949430882381F0809158
:10AB4000390C81110CC02091271430912814809168
:10AB5000720290917302281739070CF43AC181E010
:10AB6000809329078091681582FF06C08B7F8093B0
:10AB7000681582E0809329070E94AD8380E1EFEEA3
:10AB8000FBE0A0EEB3E001900D928A95E1F70E9400
:10AB90003BCB20E030E0A9016D897E898F89988DBB
:10ABA0000F949430882321F18091390C811111C0C8
:10ABB000609123147091241480912514909126148F
:10ABC0000F94E43820917202309173026217730778
:10ABD0007CF080E090E0A0E7B2E48D879E87AF87AD
:10ABE000B88BBE01635F7F4FCE0145960E9454270C
:10ABF0000F947110811106C0BE016F5F7F4F82E01C
:10AC00000E94199B20E030E0A901C701B6010F9412
:10AC10009430882349F081E00E94A33E811161C0F5
:10AC2000109248050E94902940E060E084E00E9474
:10AC3000D7A00E949F3E8EE898E00E941B3D61E0F5
:10AC4000812F0E944B250F940D1A685370458F4F2A
:10AC50009F4F60934D0670934E0680934F069093DE
:10AC60005006109251060091010483E08093010484
:10AC700081E080935405FF24F39480915405882348
:10AC800009F4FDC060E0812F0E944B2580915106A0
:10AC9000882309F4F0C040E060E08AE00E94D7A079
:10ACA0000E949F3E80EB98E00E941B3D80915405DE
:10ACB000882309F4B0C081E00E94104AF7CFC09009
:10ACC000B005D090B105E090B205F090B305F4CE98
:10ACD0008090B4059090B505A090B605B090B705EA
:10ACE00006CF40E061E083E00E94D7A080E090E0E2
:10ACF000A0E7B2E48D879E87AF87B88B80E090E0B5
:10AD0000A0E5B1EC898B9A8BAB8BBC8BBE01635FEA
:10AD10007F4FCE0141960E94542768E873E180E09E
:10AD200090E00E94313A8091DC139091DD13A09164
:10AD3000DE13B091DF138D879E87AF87B88B80E0DD
:10AD400090E0A8EAB1E4898B9A8BAB8BBC8BBE01F7
:10AD5000635F7F4FCE0141960E9454278090E41399
:10AD60009090E513A090E613B090E71380E090E098
:10AD7000A8ECB1E48093E4139093E513A093E61359
:10AD8000B093E71380E090E0A0E2B1E48D879E8766
:10AD9000AF87B88BF7FAF094F7F8F094C98ADA8A9B
:10ADA000EB8AFC8ABE01635F7F4FCE0141960E9411
:10ADB00054278092E4139092E513A092E613B09288
:10ADC000E713129A64E670E080E090E00E94313A66
:10ADD0002BCF0E949F3E8DE798E00E941B3D109272
:10ADE00048050E94902960E08EE698E00E94389C19
:10ADF000A0960FB6F894DEBF0FBECDBFDF91CF9106
:10AE00001F910F91FF90EF90DF90CF90BF90AF9088
:10AE10009F908F90089510924D0610924E061092BA
:10AE20004F0610925006109251060F94191A80E0A6
:10AE30000E94A33E40E060E084E00E94D7A00E9410
:10AE40009F3E8EE898E00E941B3D0F940D1A6853B8
:10AE500070458F4F9F4F60934D0670934E068093C1
:10AE60004F069093500610925106F092540561E0FF
:10AE7000812F0E944B2581E00E94104AFECE009354
:10AE8000010480E090E0A8E4B2E4898B9A8BAB8B5C
:10AE9000BC8B80912907882309F4AACFF090510632
:10AEA00010924D0610924E0610924F0610925006C8
:10AEB000109251060F94191AF11015C08091390C97
:10AEC000811111C060912314709124148091251474
:10AED000909126140F94E4382091720230917302FD
:10AEE0006217730764F081E00E94A33E811183C062
:10AEF00081E080931302109248050E94902940E05F
:10AF000060E088E00E94D7A020E030E0A9016091D5
:10AF1000EC037091ED038091EE039091EF030F9499
:10AF2000943087FF0FC080E090E0A0E7B2E48D8707
:10AF30009E87AF87B88BBE01635F7F4F8CEE93E037
:10AF40000E94542780E090E0A8ECB2E48D879E87B1
:10AF5000AF87B88BAE01435F5F4F64EE73E080EE66
:10AF600093E00E942DDC80E090E0A0EAB0E48D87C1
:10AF70009E87AF87B88BBE01635F7F4F88EE93E0FB
:10AF80000E944FDC8091EC039091ED03A091EE03C1
:10AF9000B091EF038093FB0B9093FC0BA093FD0B00
:10AFA000B093FE0B80931C0690931D06A0931E0683
:10AFB000B0931F068CE196E00E944CCB109248059E
:10AFC0000E94902980912907815080932907882326
:10AFD00039F00F94B122809129078150809329077D
:10AFE00080914106823011F40E9427C90E94849CFE
:10AFF0000E949029FDCEFF2029F140E061E084E02D
:10B000000E94D7A00E949F3E8DEC98E00E941B3DBD
:10B0100061E0812F0E944B250091010483E0809321
:10B02000010481E08093540580915405882341F008
:10B0300060E0812F0E944B2581E00E94104AF4CFEE
:10B040000093010440E061E085E00E94D7A020E089
:10B0500030E0A901698D7A8D8B8D9C8D0F94943091
:10B06000882379F080E090E0A0ECB0E48D879E87A3
:10B07000AF87B88BBE01635F7F4FCE0149960E94B8
:10B08000542720E030E0A9016D8D7E8D8F8D98A131
:10B090000F949430882359F1C090E413D090E513B5
:10B0A000E090E613F090E71380E090E0A8ECB1E4C4
:10B0B0008093E4139093E513A093E613B093E71302
:10B0C00080E090E0A0ECB0E48D879E87AF87B88BDE
:10B0D000BE01635F7F4FCE014D960E945427C09200
:10B0E000E413D092E513E092E613F092E713C12C3B
:10B0F000D12C80E4E82EFE2C03E020E030E0A90112
:10B1000069897A898B899C890F94D839181684F4B7
:10B1100040E060E086E00E94D7A0CD86DE86EF8624
:10B12000F88ABE01635F7F4FCE0141960E9454278B
:10B1300010910104009301041092540540E060E076
:10B1400087E00E94D7A080914705811104C081E06B
:10B150000E94104AF8CF10930104813071F2CFCED3
:10B160002F923F924F925F926F927F928F929F9217
:10B17000AF92BF92CF92DF92EF92FF920F931F9305
:10B18000CF93DF93CDB7DEB7A6970FB6F894DEBFA7
:10B190000FBECDBF0F947110811124C08091FF0BA1
:10B1A00081111AC08091FF0B898787E50E94C63202
:10B1B000811131C08AE40E94C63281111CC170E045
:10B1C00060E086E50E9441339B878A87059708F4F3
:10B1D00015C187E298E029C060E08FE40E945C33EB
:10B1E000882301F3A6960FB6F894DEBF0FBECDBF3D
:10B1F000DF91CF911F910F91FF90EF90DF90CF9053
:10B20000BF90AF909F908F907F906F905F904F9086
:10B210003F902F9008958091AC059091AD05892BBA
:10B2200039F40E944C3D8CE598E00E941B3DDACF3A
:10B230008AE50E940F33882339F10E949C322091C5
:10B24000DD0B3091DE0B4091DF0B5091E00B0F9442
:10B2500077374B015C0120E030E040E251ECC50162
:10B26000B4010F94D83987FD0AC020E030E040E2F5
:10B2700051E4C501B4010F949430181674F40E947F
:10B280004C3D8FE498E0D1CF8090F70B9090F80B75
:10B29000A090F90BB090FA0BDECF40E050E060ECEC
:10B2A0007FE788E50E941C332091D50B3091D60BA7
:10B2B0004091D70B5091D80B0F9477376B017C01DD
:10B2C00040E050E060EC7FE789E50E941C3320916C
:10B2D000D90B3091DA0B4091DB0B5091DC0B0F94C2
:10B2E00077372B013C016FEF89E40E945033182F10
:10B2F0006FEF8AE40E945033082FA7019601C7011F
:10B30000B6010F946A3A811149C0A3019201C301A9
:10B31000B2010F946A3A811141C06091A305709106
:10B32000A405072E000C880B990B0F949B309B01F2
:10B33000AC01C701B6010F94773720E030E0A901D6
:10B340000F94783720E030E0A9010F9472380F9401
:10B35000E438162F64300CF446C013E06091A50564
:10B360007091A605072E000C880B990B0F949B304B
:10B370009B01AC01C301B2010F94773720E030E0AC
:10B38000A9010F94783720E030E0A9010F947238BA
:10B390000F94E438062F643054F103E0143008F0C1
:10B3A00021CF053008F01ECF80E00E94783894E06D
:10B3B0001902F0011124E00FF11D07FDFA95EE0FBF
:10B3C000FF1FEE0FFF1FEE53FA4F80829182A28281
:10B3D000B38289850E947838A985AA2309F402CF0F
:10B3E0000E9431EAFFCE67FFB9CF10E0B7CF67FF09
:10B3F000D5CF00E0D3CF0E94C438F4CE60E084E41F
:10B400000E945C33C82E40E050E0BA018AE50E94F9
:10B410001C336F8F78A389A39AA340E050E06AEFB2
:10B4200075E483E50E941C3320E030E040E752E4FD
:10B430000F9472386093660270936702809368027B
:10B440009093690288E40E94C632882341F10E94E9
:10B450009C320F94E4388B0177FF02C00F5F1F4FBF
:10B46000159507951195019511090B581F4F0A3035
:10B47000110514F40AE010E07801E60EF71E380119
:10B480005701B3ECEB16F1040CF464C0E0EEEE16D9
:10B49000F1040CF0B3C063ECA62EB12C5BC08CE4BD
:10B4A0000E940F330AE010E0882379F00E949C325A
:10B4B0002091D50B3091D60B4091D70B5091D80BE2
:10B4C0000F9477370F94E4388B0182E50E940F3395
:10B4D000F3ECAF2EB12C882379F00E949C3220919E
:10B4E000D50B3091D60B4091D70B5091D80B0F94C0
:10B4F00077370F94E4385B0186E40E940F33EAE06B
:10B500006E2E712C882379F00E949C322091D90BE9
:10B510003091DA0B4091DB0B5091DC0B0F947737B5
:10B520000F94E4383B0182E40E940F3350EEE52E85
:10B53000F12C882379F00E949C322091D90B309114
:10B54000DA0B4091DB0B5091DC0B0F9477370F94A3
:10B55000E4387B01B301072C000C880B990B0F9486
:10B560009B306D877E878F87988BB801012E000CEA
:10B57000880B990B0F949B30698B7A8B8B8B9C8BF0
:10B580002D853E854F8558890E9428238823D1F137
:10B59000B7010F2C000C880B990B0F949B301B01EB
:10B5A0002C01B5010B2C000C880B990B0F949B30D0
:10B5B000A20191010E9428238D8B882319F18A858D
:10B5C0009B85892B69F085EF97E00E941B3DCC207D
:10B5D00021F08BEE97E00E941B3D8AE00E94143D13
:10B5E0000E943BCB80E00E94783881E00E949ADD87
:10B5F000882359F089850E947838F4CD70EEE72EC3
:10B60000F12C49CF8BE098E010CEC501801B910B47
:10B6100043E0A42EB12CB5010F945B372B01072E0C
:10B62000000C880B990B0F949B306E8B7F8B888F4F
:10B63000998FC70186199709B5010F945B377B0174
:10B64000072E000C880B990B0F949B304B015C016B
:10B650000E944DDB6091AC057091AD05072E000C8A
:10B66000880B990B0F949B309B01AC016E897F89ED
:10B67000888D998D0F949430811120C06091AE0512
:10B680007091AF05072E000C880B990B0F949B301F
:10B690009B01AC01C501B4010F94943081110EC01F
:10B6A0008091A3059091A4050817190739F480919A
:10B6B000A5059091A6056816790699F00E94C438F0
:10B6C0005092AD054092AC05F092AF05E092AE0508
:10B6D0001093A4050093A3057092A6056092A5059A
:10B6E000198660E085E40E945C33882309F4AEC0CB
:10B6F00091E09E8F212CF12CE12C412C512C320118
:10B70000DD24DA94BFEFBC8733E0332EC7010F2C62
:10B71000000CAA0BBB0B8BA39CA3ADA3BEA39C8563
:10B72000931509F4B4C0632D032C000C770B880B20
:10B73000990B0F949B302E893F89488D598D0F941A
:10B74000FA3029893A894B895C890F9478376A8F56
:10B750007B8F8C8F9D8F6BA17CA18DA19EA10F945F
:10B760009B30A50194010F94FA302D853E854F85BD
:10B7700058890F9478372B013C0120E030E0A90173
:10B780006A8D7B8D8C8D9D8D0F94943020E030E000
:10B79000A90187FD04C020E030E040E05FE36A8D4E
:10B7A0007B8D8C8D9D8D0F9478370F941A396D8316
:10B7B0007E838F83988720E030E0A901C301B20126
:10B7C0000F94943020E030E0A90187FD04C020E010
:10B7D00030E040E05FE3C301B2010F9478370F948B
:10B7E0001A3969837A838B839C832A854E8DBE01A7
:10B7F0006F5F7F4FCE0105960F94C8102B013C015F
:10B80000AC019B010F946A3A81113EC0A32DB4E0B4
:10B81000AB02800111240E0D1F1D000F111F000F20
:10B82000111F0E531A4FA30192016F8D78A189A1A8
:10B830009AA10F947837F801608371838283938390
:10B8400080E00E94104A3D0C198669CFA2E0AE8FBD
:10B8500051CFA3019201C301B2010F946A3A811141
:10B860001AC0E1E02E2649F0DD24D394F4E0FC87F1
:10B87000312C9FEFE91AF90A49CFDD24DA948FEFD2
:10B880008C8723E0322EF5CF89850E947838F3E04B
:10B89000EF16F104F1F680E00E949ADD882369F04A
:10B8A00089850E9478380E9434DB8091FF0B8823C1
:10B8B00009F496CD0E94FBDC93CDA3019201C30154
:10B8C000B2010F946A3A8111EECF11E083E0F82EB5
:10B8D000CC2029F10E94B5410E94C339C1101AC081
:10B8E0008FEE9BE00E9462369B01AC016091F70BEA
:10B8F0007091F80B8091F90B9091FA0B0F947737B8
:10B900006093F70B7093F80B8093F90B9093FA0BFD
:10B910008D89898799859093FF0BC5CF10E001E051
:10B92000EF2CE11ABF2CB01A21E041E0602F812FEB
:10B930000E94AB2321E04FEF602F8E2D0E94AB239E
:10B940002FEF41E06B2D812F0E94AB232FEF4FEFA4
:10B950006B2D8E2D0E94AB23011103C01111DECF80
:10B96000B9CF00E0DFCF2F923F924F925F926F925C
:10B970007F928F929F92AF92BF92CF92DF92EF927F
:10B98000FF920F931F93CF93DF93CDB7DEB7AC97A2
:10B990000FB6F894DEBF0FBECDBF8BA72091010478
:10B9A0002AA741E040930104809125048D3409F4D5
:10B9B0008AC4843511F40C940672873491F4209172
:10B9C0002304309124042B31310509F441C1ECF4F6
:10B9D000243031054CF4223031050CF0F2C037FF31
:10B9E000E6C00F94631007C02430310509F4F6C097
:10B9F00025313105B1F7FBA5F11102C00E94293DA7
:10BA00002AA5209301040C94C0692A32310509F457
:10BA10008EC30CF0BDC02D31310509F4E7C20CF422
:10BA20003EC12E313105E9F620E030E040E252E43B
:10BA30006091EF0B7091F00B8091F10B9091F20BF4
:10BA40000F947737AB01BC0188E50E941C336C8FE3
:10BA50007D8F8E8F9F8F20E030E040E251E4609137
:10BA6000F30B7091F40B8091F50B9091F60B0F9402
:10BA70007737AB01BC0189E50E941C339B01AC0107
:10BA800029833A834B835C836C8D7D8D8E8D9F8D56
:10BA90000E942823882309F4AECF80E00E947838E2
:10BAA0000E944DDB61E085E40E945C3321E0482F79
:10BAB000BE016F5F7F4FCE014C960F94C8106B0193
:10BAC0007C01AC019B010F946A3A81115CC08C8CA3
:10BAD0009D8CAE8CBF8C20E030E0A901C501B40183
:10BAE0000F94943027E137EB41E558EB87FD04C014
:10BAF00027E137EB41E558E3C501B4010F947837EE
:10BB0000AB01BC0187ED99E00E944A4289809A808E
:10BB1000AB80BC8020E030E0A901C501B4010F94E6
:10BB2000943027E137EB41E558EB87FD04C027E16E
:10BB300037EB41E558E3C501B4010F947837AB0109
:10BB4000BC0182ED99E00E944A4220E030E0A90168
:10BB5000C701B6010F94943027E137EB41E558EB6C
:10BB600087FD04C027E137EB41E558E3C701B60183
:10BB70000F947837AB01BC018DEC99E00E944A42EA
:10BB80008AE00E94143D0E9434DB0E9431EA33CFE8
:10BB90002B35310509F42DC22C35310509F42CC2A1
:10BBA0002A35310509F01DCF1092000424CF809171
:10BBB0004F02882309F41FCF0E9429340E9467D8BE
:10BBC0001ACF80914F02882309F415CF81E02230EB
:10BBD000310509F080E00E94AD4F0DCF80E50E9455
:10BBE0000F33C12CD12C7601882321F00E946028CC
:10BBF0006B017C0183E50E940F33882361F00E9472
:10BC00009C3220E030E04AE754E40F94FA300F947D
:10BC1000EB386B017C010E943BCB8091FA138111C0
:10BC200005C060E087EA99E00E94389C0F940D1AE5
:10BC3000C60ED71EE81EF91E0F940D1A6C197D0949
:10BC40008E099F0997FFD7CE80E00E94104AF4CF5B
:10BC50000F9471108111CFCE80E090E0A0E2B1E4AA
:10BC600089839A83AB83BC8380E090E0A1E6B3E450
:10BC70008D839E83AF83B88780E090E0A0EAB1E433
:10BC800089879A87AB87BC8770E060E080E50E9477
:10BC90003333BE016F5F7F4F0E94199BACCE809102
:10BCA000EB0B8770873009F459C10E943BCB80E0D1
:10BCB0000E9478380E944DDB81E08093B5070E9496
:10BCC0008BDD88E50E94C632F82E89E50E94C632D7
:10BCD000182F8AE50E94C632082FF11207C01F2DC7
:10BCE000F81204C0FF24F39411E001E080E1EFEECC
:10BCF000FBE0A0E1B6E001900D928A95E1F782E5C4
:10BD00000E940F33812C912C40E8A42E40E4B42EE5
:10BD1000882359F00E949C324B015C0120E030E006
:10BD2000A9010F949430882331F1F11003C011233D
:10BD300009F4F1C08092180690921906A0921A0692
:10BD4000B0921B06A50194016091F70B7091F80B5E
:10BD50008091F90B9091FA0B0F94943087FF0BC0F0
:10BD600019821A821B821C82BE016F5F7F4F88E19D
:10BD700096E00E944FDCFF2009F4C8C0112309F4AB
:10BD8000C2C01092F30B1092F40B1092F50B1092AC
:10BD9000F60B1092EF0B1092F00B1092F10B109229
:10BDA000F20B0E94FBDCE2EFF3E334913CA7E6EEFA
:10BDB000F3E3C590D590E590F490EAEEF3E3859037
:10BDC0009590A590B490A5019401C701B6010F9478
:10BDD000D83918160CF0CAC0A7019601C501B401E4
:10BDE0000F9472381B012C01EDEAF3E385919591D4
:10BDF000A591B4913C01A8A7B9A7E9EAF3E385911D
:10BE00009591A591B4918CA39DA3AEA3BFA39C01D2
:10BE1000AD01B30188A599A50F94D839181634F44B
:10BE20006CA07DA09EA198A7AFA1A9A7A201910196
:10BE3000C201B1010F94FA3020E030E040E85FE346
:10BE40000F9478370F94263A930148A559A50F947B
:10BE5000FA3068A379A38AA39BA3E3EFF3E374907A
:10BE600020E030E040EC5FE3C501B4010F94FA300C
:10BE70004B015C01672D770C770B880B990B0F94A6
:10BE80009B309B01AC01C501B4010F94FA3069836A
:10BE90007A838B839C8320E030E040EC5FE3C70132
:10BEA000B6010F94FA306B017C01BCA56B2FBB0F60
:10BEB000770B880B990B0F949B309B01AC01C7014A
:10BEC000B6010F94FA306C8F7D8F8E8F9F8FAE01ED
:10BED000405E5F4FBE016F5F7F4FCE014C960E9468
:10BEE0002DDC0E9439DE1092F30B1092F40B1092AD
:10BEF000F50B1092F60B1092EF0B1092F00B1092C4
:10BF0000F10B1092F20B80E00E9404DF112319F074
:10BF100081E00E9404DF002399F080E00E94D03B82
:10BF20008091EB0B8370833031F160E08FEB99E00F
:10BF30000E94389C0E949F3E80EB99E00E941B3D2E
:10BF40000E94FBDC8091B4078093B5070E9434DB2C
:10BF500083E0809374020E9431EA4DCD60E08FE46B
:10BF60000E945C33882309F4A0CE45CDA50194013D
:10BF7000C701B60135CF0E94FBDC8091F70B909191
:10BF8000F80BA091F90BB091FA0B809318069093DF
:10BF90001906A0931A06B0931B0680E090E0ADE16D
:10BFA000B3E48093100690931106A0931206B09309
:10BFB000130680E090E0AEEFB2E480931406909315
:10BFC0001506A0931606B093170619821A821B82D3
:10BFD0001C82AE014F5F5F4F64E176E080E196E046
:10BFE0000E942DDC82E00E9404DFAACF0E94B0589C
:10BFF00002CD40930004FFCC80912204882371F18C
:10C00000893049F527E8C22E22E0D22E3FEEE32EFA
:10C010003BE0F32E00E010E0F60181916F010E94F9
:10C020000F33B82E882359F00E949C32D7016D93AC
:10C030007D938D939C931397133009F40B2D1F5F01
:10C04000B4E0EB0EF11C143039F7002321F08BEF34
:10C050009BE00E944CCB0E9431EACDCC97E8C92EE0
:10C0600092E0D92EF12CE12C00E010E0F601819154
:10C070006F010E940F33382E8823D9F10E949C3221
:10C080004B015C01133059F0F701EB52F44F208162
:10C090003181428153810F9477374B015C01F70165
:10C0A000E151F44F2081318142815381C501B401B6
:10C0B0000F9477372B013C012DEB37E346E855EB26
:10C0C0000F94D83987FD0AC02DEB37E346E855E3D6
:10C0D000C301B2010F94943018165CF4133089F444
:10C0E0008092FB0B9092FC0BA092FD0BB092FE0B8A
:10C0F000032D1F5FF4E0EF0EF11C143009F0B6CFF2
:10C10000A4CF97012D5F394F5901A3019201D501A9
:10C110006D917D918D919C910F947837F50160839D
:10C12000718382839383812F0E9447D8E2CF8091CD
:10C130004F02882309F45FCC89E40E940F33182F43
:10C14000E12C882319F00E945027E82E8AE40E94EF
:10C150000F33082F882349F00E945027F82E111121
:10C1600007C033E03F1570F406C0F12C112351F0E5
:10C1700023E02E1528F48FED99E00E941B3D3BCC67
:10C180000111EFCF80E1EFEEFBE0A0E1B6E001901E
:10C190000D928A95E1F71123F1F02091AC053091D1
:10C1A000AD054E2D4203B001439F700D11248091C7
:10C1B000A3059091A405680F791F072E000C880B2A
:10C1C000990B0F949B306093100670931106809327
:10C1D0001206909313060023F1F02091AE053091E2
:10C1E000AF054F2D4203B001439F700D1124809184
:10C1F000A5059091A605680F791F072E000C880BE6
:10C20000990B0F949B3060931406709315068093DE
:10C2100016069093170660E080E50E945C33882341
:10C2200081F11123B1F020E030E040E252E460916E
:10C2300010067091110680911206909113060F94CA
:10C2400078376093100670931106809312069093CE
:10C2500013060023B1F020E030E040E251E46091A9
:10C2600014067091150680911606909117060F948A
:10C270007837609314067093150680931606909392
:10C28000170640E050E0BA0186E40E941C336B01BF
:10C290007C0120E030E0A9010F94D839181684F40D
:10C2A00020E030E040E752E4C701B6010F94723855
:10C2B00060936A0270936B0280936C0290936D029C
:10C2C0000E9467D898CB80912304909124048837EA
:10C2D000910511F40C94716B0CF030C28E34910501
:10C2E00009F4AEC60CF01EC18A31910509F4BBC534
:10C2F0000CF0BDC08431910509F448C50CF090C024
:10C300008131910509F433C50CF06DC0029708F036
:10C3100068CBA0902004B090210480E50E940F33E8
:10C32000182FC12CD12C7601882359F00E94602847
:10C330006B017C0111E0C114D104E104F10409F4A2
:10C3400010E083E50E940F33882311F40C942472CB
:10C350000E949C3220E030E04AE754E40F94FA3027
:10C360000F94EB386B017C0111110C942872C114ED
:10C37000D104E104F10411F00C942872A114B10469
:10C3800011F40C942872F5018081882311F40C9427
:10C3900028720E943BCBC5010E94E8FC1091010469
:10C3A00083E08093010481E080935405C114D1049B
:10C3B000E104F10409F4BEC40F940D1AC60ED71E91
:10C3C000E81EF91E0F940D1A6C197D098E099F093C
:10C3D00097FFB8C480915405882309F4B3C480E062
:10C3E0000E94104AEFCF429709F0FBCA83E50E94F2
:10C3F0000F33882311F40C94296A0E949C3220E0A8
:10C4000030E04AE754E40F94FA300F94EB3860932D
:10C410000B0270930C0280930D0290930E02EBCAF4
:10C420008731910509F4DCC47CF48531910509F468
:10C43000D3C4469709F0D5CA0F94A02280916815FD
:10C44000877F80936815D7CA8831910509F4DCC4C9
:10C45000499709F0C6CA8091681582FF03C08B7F97
:10C46000809368150E94AD830E94849CC4CA8F315A
:10C47000910509F4A9C5D4F48C31910509F459C585
:10C480000CF404C58D31910509F45DC54E9709F092
:10C49000A8CA8091681583FFAECA0F944C10809192
:10C4A0002004909121040F945523A5CA8B34910543
:10C4B00009F4BEC564F58032910509F44BC58A972D
:10C4C00009F08FCA83E50E940F33882309F493CAC9
:10C4D0000E942C27F82E6FEF7FEF80E50E944133FA
:10C4E0008C0197FD88CAE82E60E089E40E945C33E5
:10C4F000811189C5802F0F941F25882309F483C5D6
:10C500000E944C3D83EE9DE00E941B3D74CA8C341A
:10C51000910509F491C58D34910509F062CA0E9414
:10C5200081C969CA8C36910509F4CAC60CF06AC083
:10C530008535910509F4D7C734F58235910509F49D
:10C540007FC7C4F48135910509F04BCA0E94D5C15B
:10C550000E9481C90E94B9CC0E94863A68EE73E0BD
:10C5600080E090E00E94313A60E082E29BE00E942D
:10C57000389C41CA8335910509F466C78435910515
:10C5800009F434CF2ECA8936910509F4E7C63CF583
:10C590008C35910509F4C2C78836910509F021CA86
:10C5A0008091A01183FD27CA0E94164187FD23CAEE
:10C5B00083E50E940F33882379F00E949C320F9408
:10C5C000E4388B01CB010E94B9CA0635110524F469
:10C5D0000E9481C90E94849C0F9444250CCA8A360B
:10C5E000910509F40DC78B36910509F0FAC960E091
:10C5F00080E50E9450338111FEC91092280C1092E0
:10C60000760BF9C98137910509F464C69CF48E361E
:10C61000910509F400C60CF4A5C58F36910509F4FF
:10C620000DC68037910509F0DCC990E080E00E94DA
:10C630009E3FE1C98537910511F40C94356B0CF0E0
:10C6400072C08237910511F40C942F6B83379105DA
:10C6500009F0C7C985E59CE00E941B3D60E085E4C8
:10C660009CE00E94CC4660E080E39CE00E94CC46C7
:10C6700061E089E29CE00E94CC4661E08EE19CE0B2
:10C680000E94CC4661E08EE09CE00E94CC4660E0D7
:10C6900085E09CE00E94CC4661E08BEF9BE00E942D
:10C6A000CC4661E081EF9BE00E94CC4661E089EEE0
:10C6B0009BE00E94CC4661E08BED9BE00E94CC4663
:10C6C00060E08DEC9BE00E94CC4660E08EEB9BE04E
:10C6D0000E94CC4661E080EB9BE00E94CC4661E08A
:10C6E0008AE99BE00E94CC4660E089E89BE00E94DA
:10C6F000CC4660E08AE79BE00E94CC4660E085E69D
:10C700009BE00E94CC4661E082E59BE00E94CC4623
:10C7100060E085E49BE00E94CC4660E081E39BE022
:10C720000E94CC4668C98637910509F4A6C78737A9
:10C73000910509F056C90E943BDD5DC98F32A1E029
:10C740009A0711F40C94936F0CF008C28D3C91057C
:10C7500011F40C947C6C0CF0D7C08B39910509F462
:10C7600028C60CF04FC08C38910509F4D5C55CF48F
:10C770008937910509F035C91092B5071092B407B1
:10C780000E948BDD38C98139910509F4B2C7863919
:10C79000910509F026C982E40E94C63210E0882380
:10C7A00051F08091FD039091FE031FEF892B19F04A
:10C7B0000E942C27182F85E50E94C63200E08823AE
:10C7C00051F08091FD039091FE030FEF892B19F03A
:10C7D0000E942C27082F82E50E94C632882309F484
:10C7E000E5C78091FD039091FE03892B09F4E0C712
:10C7F0000E942C2789830A831B83CE0101960E9405
:10C800004B35F9C8893C910509F4E1C70CF043C0E8
:10C810008E3B910509F49EC5883C910509F0E1C85D
:10C820000E941641182F87FDE6C884E40E94C63294
:10C83000882371F10E949C326B017C0101E020E0B1
:10C8400030E0A9010F949430811101C000E0009301
:10C850002C0620E030E0A901C701B6010F94943006
:10C860008823B1F00E949C326B017C0120E030E013
:10C87000A9010F949430882309F49CC734E0130273
:10C88000F0011124EF5CF94FC082D182E282F38281
:10C890000E9477B5B0C88B3C910509F4C2C78C3CA7
:10C8A000910509F09EC880911D0487FDDDC7809128
:10C8B0001E048E7009F0D8C74091E0135091E11327
:10C8C0006091E2137091E31389E69DE00E944A4271
:10C8D0004091E4135091E5136091E6137091E713D2
:10C8E00086E69DE00E944A424091E8135091E91388
:10C8F0006091EA137091EB1383E69DE00E944A4237
:10C900008AE00E94143D77C8823E910511F40C9490
:10C91000E46D0CF077C0833D910511F40C94036D28
:10C9200044F547E8C42E42E0D42E54EEE52E59E0FB
:10C93000F52E10E08E3C910509F053C8F601819167
:10C940006F010E94C632882359F00E949C32D701A1
:10C950006D937D938D939C931397812F0E9447D85D
:10C960001F5FB4E0EB0EF11C133041F70E9431EA77
:10C9700042C88C3D910511F40C94BB6D8D3D910521
:10C9800009F02FC80E941641D82E87FD34C883E5D0
:10C990000E940F33ED2C0D2C000CFF088701000FB7
:10C9A000111F882311F40C94CA6D0E945027F801BE
:10C9B000EB5CFD4F918380838701000F111F000FF7
:10C9C000111FF801E259FD4F7F01BC01990F880B3F
:10C9D000990B0F949B302AE037ED43E25CE30F9410
:10C9E000FA30F801E35DF94F2081318142815381B2
:10C9F0000F94FA30D7016D937D938D939C93139789
:10CA00000C94FB5C8C32E1E09E0711F40C94D96E1F
:10CA10000CF072C0883121E0920711F40C942E6E54
:10CA20008232914011F00C94F15C8AE50E940F3340
:10CA3000882311F40C94CA6E0E949C3220E030E0EE
:10CA400040E050EC0F949430C12CD12CE12C40EC00
:10CA5000F42E87FD13C00E949C3220E030E040E0BD
:10CA600050E40F94D839C12CD12CE12C30E4F32EB2
:10CA7000181624F00E949C326B017C012091C8138F
:10CA80003091C9134091CA135091CB13C701B6011D
:10CA90000F94FA300F94E438CB010F94881A80E594
:10CAA0000E94C63281110C94D26EA701960160914A
:10CAB000E10B7091E20B8091E30B9091E40B0F94EA
:10CAC00078376093E10B7093E20B8093E30B9093C4
:10CAD000E40B0E949F3E4091E10B5091E20B60916C
:10CAE000E30B7091E40B83E19EE00E944A428AE0EE
:10CAF0000E94143D0C94FB5C8D3241E0940711F4CC
:10CB00000C94EF6E8E32914011F00C94F15C83E541
:10CB10000E94C632182F882371F00E949C320F9415
:10CB2000E438709373026093720221E0672B09F07E
:10CB300020E02093390C80E50E94C632882311F44E
:10CB40000C94716F2091720230917302232B11F0BB
:10CB50000E9440278093390C0C94FB5C853FB1E028
:10CB60009B0711F40C94B9700CF068C08A39F1E09D
:10CB70009F0709F4ABC3ECF5803931E0930711F45A
:10CB80000C94976F24F58336914011F00C94F15C6E
:10CB900080E50E940F3310E0882339F00E942C2793
:10CBA000809312021092FF0311E083E50E940F337D
:10CBB000882311F40C94B8710E94402780931102CD
:10CBC00081E08093FF030E9448280C94BB71813957
:10CBD000B1E09B0711F40C949B6F8239914011F0E6
:10CBE0000C94F15C80E00E949ADD0E9431EA0C9482
:10CBF000FB5C853AF1E09F0711F40C94A26F7CF482
:10CC00008D3931E0930711F40C94E371843A91402B
:10CC100011F00C94F15C0E94E6460C94FB5C8C3A9B
:10CC2000A1E09A0711F40C940470843F914011F034
:10CC30000C94F15C0E9470E10C94FB5C8B35E2E09B
:10CC40009E0711F40C941F714CF5883F21E0920768
:10CC500011F40C94C1709CF4863F41E0940711F4E8
:10CC60000C94BD70873F914011F00C94F15C61E031
:10CC700083E50E945C330E94E2EA0C94FB5C8C30FA
:10CC8000B2E09B0711F40C94D4708835924011F0F7
:10CC90000C94F15C0E94CF540C94FB5C803AF3E05E
:10CCA0009F0709F481C1BCF5833533E0930711F484
:10CCB0000C94DF708438934011F00C94F15C8BE499
:10CCC0000E940F33882311F40C94A5710E949C32AA
:10CCD0006B017C0120E030E0A9010F94D83987FF77
:10CCE00002C00C949F7120E030E040E251E4C701A3
:10CCF000B6010F949430181614F40C949F710E948E
:10CD00003BCBC0923A0CD0923B0CE0923C0CF092A0
:10CD10003D0C0C94FB5C873EA3E09A0711F40C9445
:10CD2000D371883E934011F00C94F15C0E94CC7258
:10CD30000C94FB5C80915405882321F080E00E94D4
:10CD4000104AF8CF80910D05882349F019821A8284
:10CD50001B82CE0101960E944B3510920D050E9458
:10CD6000849C10925405109301040C94FB5C60E0C9
:10CD700081E19AE00E94389C5F988A98809108012E
:10CD800081708093060112980C94FB5C89E29AE012
:10CD90000E941B3D1092990785E895E10E94CFBF44
:10CDA0008BE1E5E8F5E1DE01119601900D928A959F
:10CDB000E1F750E040E0BE016F5F7F4F90E080E020
:10CDC0000E9444E6CE0101960E9445358AE19AE030
:10CDD0000E941B3D0C94FB5C0E948BF40C94FB5C4A
:10CDE0008091200490912104FC012191222331F0B3
:10CDF0002032D9F7DF0111971C92F7CF40E061E0B4
:10CE00000F9406240C94FB5C83E50E940F33882367
:10CE100021F00E941C270E940E2784E50E940F33F8
:10CE20008823A9F00E941C276B017C010E94928339
:10CE3000C0923906D0923A06E0923B06F0923C0648
:10CE4000CD28CE28CF2819F081E0809341060E949A
:10CE50001831882321F00F94B1220E9427C90E9423
:10CE6000849C0C94FB5C8091681583FD02C00C943B
:10CE7000FB5C83E50E940F33882311F40C94FB5C68
:10CE80000E941C270E940E270C94FB5C83E40E94E6
:10CE9000C632882319F184E49AE00E941B3D8091F8
:10CEA000CC16882391F0BE016F5F7F4F89EC96E12D
:10CEB0000E9495BF8E010F5F1F4FD8018D918D018C
:10CEC000882339F00E94143DF8CF8AE39AE00E944B
:10CED0001B3D8AE00E94143D0C94FB5C8091681518
:10CEE00082FF21C083E59AE00E941B3D609164159A
:10CEF0007091651580916615909167154AE00E94C2
:10CF00006B408FE20E94143D609160157091611535
:10CF100080916215909163154AE00E946B400E94D7
:10CF2000AC460C94FB5C85E69AE00E941B3D0C9499
:10CF3000FB5C40E060E080912004909121040F941C
:10CF400006240C94FB5C809168158E7F8093681595
:10CF50000C94FB5C8091681582FD0E943BCB809114
:10CF6000681583FD02C00C94FB5C60E080E50E94C4
:10CF70005C33182F482F61E08091200490912104A8
:10CF80000F94062483E50E940F33882321F00E942A
:10CF90001C270E940E270F94B12211110C94FB5CE8
:10CFA0000E9427C90C94FB5C20912004309121043D
:10CFB0009091681592609093681540E060E0C90117
:10CFC0000F9406240C94FB5C0E9460836C8F7D8F11
:10CFD0008E8F9F8FBE016F5F7F4FCE014C960E9458
:10CFE0003C30CE0101960E94E8FC0E949F3EBE01AB
:10CFF0006F5F7F4F86E79AE00E94393D8AE00E948A
:10D00000143D0C94FB5C61E0802F0F944B186F2D46
:10D01000802F0F9413186F2D70E0802F0F94031939
:10D02000B9E0EB120C94FB5CF092280C0C94FB5CC6
:10D030000E9427C90C94FB5C0E94AD830C94FB5C9E
:10D0400070E060E083E50E9441338E34910531F455
:10D050000E94EFC90E94849C0C94FB5C81EE9AE0D4
:10D060000E941B3D6091A4077091A50788ED9AE08E
:10D070000E94E0406091A6077091A7078BEC9AE0B0
:10D080000E94E0406091A4077091A5078091A607D7
:10D090009091A707681B790B80914106815021E090
:10D0A00030E0823010F030E020E0621B730B80EC47
:10D0B0009AE00E94E0408AE00E94143D88EB9AE0EA
:10D0C0000E941B3D8091A8079091A907A091AA07F3
:10D0D000B091AB078C8F9D8FAE8FBF8FBE016F5FFE
:10D0E0007F4FCE014C960E943C30BE016F5F7F4F58
:10D0F0008BEA9AE00E94393D8091AC079091AD0790
:10D10000A091AE07B091AF078C8F9D8FAE8FBF8F70
:10D11000BE016F5F7F4FCE014C960E943C30BE0136
:10D120006F5F7F4F8BE99AE00E94393D20E030E04D
:10D130004AE754E46091B0077091B1078091B2075B
:10D140009091B3070F947238AB01BC0183E89AE069
:10D150000E944A428DE60E94143D8AE00E94143DDE
:10D160000C94FB5C8091A01183FF02C00C94FB5CCB
:10D170000E941641082F87FF02C00C94FB5C83E5D8
:10D180000E940F33182F8823A1F00E949C320F9425
:10D19000E438CB010E94B9CA0E949C3220E030E002
:10D1A0004AEA52E40F94943018164CF40E9427C9AE
:10D1B0000AC082E50E940F338111E7CF0DCA0E9499
:10D1C00081C90E94849C6091271470912814072EB5
:10D1D000000C880B990B0F949B30209123143091F5
:10D1E000241440912514509126140F94D839181600
:10D1F00064F089EE9AE0112351F00F944425612FD9
:10D20000802F0E9496E80C94FB5C86EF9AE060E029
:10D210000E94389CF2CF8EE40E940F33882311F4D1
:10D220000C94FB5C0E941C276093F6137093F71319
:10D230008093F8139093F9130C94FB5C83E50E94A0
:10D24000C632882331F060E083E50E94503380933A
:10D25000A0110E949F3E81E19BE00E941B3D8091B6
:10D26000A011882351F110E000E020E08091A0118E
:10D2700090E0B0E0A0E0002E04C0B695A795979589
:10D2800087950A94D2F780FF12C0FF24F394F20E20
:10D29000222319F08CE20E94143DF801EE0FFF1FCB
:10D2A000E95FF44F859194910E941B3D2F2D0F5FF4
:10D2B0001F4F05301105D1F60CCE83E09BE007CE61
:10D2C00010925405109265020C94FB5C0E94553A32
:10D2D0000C94FB5C83E50E940F33882369F00E9465
:10D2E0002C278D3320F480930A020C94FB5C8CE392
:10D2F00080930A020C94FB5C0E949F3E40910A02BC
:10D3000050E070E060E088E19BE00E94CF408AE05E
:10D310000E94143D0C94FB5C8091A01183FF02C01D
:10D320000C94FB5C83E50E940F33882311F40C946A
:10D33000FB5C0E949C320F94E4386E36710514F049
:10D340006EE670E07093800B60937F0B0E94DAB6FC
:10D350000C94FB5C0E94564D0C94FB5C0E941641A1
:10D36000182F87FD0AC08FE19BE00E941B3D812F93
:10D370000E9427E88AE00E94143DEAA5E093010498
:10D38000AC960FB6F894DEBF0FBECDBFDF91CF9144
:10D390001F910F91FF90EF90DF90CF90BF90AF90D3
:10D3A0009F908F907F906F905F904F903F902F90C5
:10D3B000089583E50E940F33882311F40C94FB5CDD
:10D3C0000E942C27182F8D3308F01CE31093F403D0
:10D3D0000F940D1A6B017C01212F30E0A8EEB3E011
:10D3E0000F942C37C60ED71EE81EF91EC092F0030C
:10D3F000D092F103E092F203F092F3030C94FB5C01
:10D4000060E080E50E94503381110C94FB5C81E464
:10D410000E94C6326091280C70E0811102C06FEF4B
:10D4200070E083E50E9433338F3F910519F010F0CF
:10D430008FEF90E08093280C8093760B0C94FB5C2C
:10D440001092F8030C94FB5C81E08093F8030C9439
:10D45000FB5C88E50E94C632811113C089E50E94F9
:10D46000C63281110EC08AE50E94C632811109C000
:10D4700085E40E94C632811104C00E94B9CC0C948C
:10D48000FB5C0E943BCB88E50E94C632882331F0CA
:10D490005F9A8091EB0B8E7F8093EB0B89E50E9466
:10D4A000C632882331F08A9A8091EB0B8D7F80936E
:10D4B000EB0B8AE50E94C632882359F0809108015F
:10D4C00080958170809306018091EB0B8B7F809318
:10D4D000EB0B85E40E94C632882311F40C94FB5CAC
:10D4E000129A0C94FB5C83E50E94C632882311F4E7
:10D4F0000C94FB5C0E949C3220E030E04AE754E44C
:10D500000F94FA300F94EB386093F9037093FA0399
:10D510008093FB039093FC030C94FB5C0E941641E8
:10D5200087FF02C00C94FB5C80911C0484FD09C041
:10D5300080911E0487FD05C080911F04837009F44B
:10D5400089C017E8C12E12E0D12E0CEAE02E03E1CB
:10D55000F02E10E0D6018D916D010E940F338823CB
:10D5600009F465C0133009F06DC00E949C324B0174
:10D570005C0120E030E040EA51E40F94943087FFF2
:10D580004EC0A50194016091CC137091CD13809190
:10D59000CE139091CF130F9472382B013C01AC0144
:10D5A0009B016091200C7091210C8091220C909134
:10D5B000230C0F94FA306093200C7093210C80930D
:10D5C000220C9093230CA30192016091DC137091C3
:10D5D000DD138091DE139091DF130F94FA30609386
:10D5E000DC137093DD138093DE139093DF1360914F
:10D5F0000C0C70910D0C80910E0C90910F0C0F94EF
:10D600009930A30192010F94FA300F94EB38609394
:10D610000C0C70930D0C80930E0C90930F0C809259
:10D62000CC139092CD13A092CE13B092CF131F5F64
:10D63000F4E0EF0EF11C143009F08CCF0E9417CBF0
:10D640000C94FB5C0E949C32F701648B758B868B7B
:10D65000978BEDCF81E00E942FFD0C94FB5C0E9424
:10D660003BCB0E9431EA0C94FB5C809120049091AA
:10D6700021040E94E8FC0C94FB5C009120041091B2
:10D68000210483E0F12C40E08150E9F0D8019C9125
:10D69000292F2B7F2134C1F711962C912133A1F72B
:10D6A000913421F0953421F441E002C0FF24F39439
:10D6B00098012E5F3F4F89012F5F3F4FF801908106
:10D6C0009032C9F3E1CF41110E949F3EFF2021F02B
:10D6D0008DE39DE00E941B3DC8010E948C480C9484
:10D6E000FB5C4093B5074093B4070E948BDD0C941C
:10D6F000FB5C70E060E083E50E9441338C01823086
:10D7000040F00E944C3D81E49DE00E941B3D0C9442
:10D71000FB5C88E40E940F338823A9F00E94502705
:10D72000F801FF27EE0FFF1FE254FA4F8E3121E080
:10D73000920714F08DE191E08A3A910514F48AEA97
:10D7400090E09183808386E40E940F33882379F0F0
:10D750000E94502797FD28C08F3F910519F014F0C3
:10D760008FEF90E0F801FF27E854FA4F808382E4BE
:10D770000E940F33882311F40C94FB5C0E94502705
:10D78000F801FF27EE0FFF1FE654FA4F8F36910581
:10D7900014F08EE690E08530910514F485E090E079
:10D7A000918380830C94FB5C80E0DCCF80E022C816
:10D7B0008FEF20C880E090E0A0EEBFE380933106B9
:10D7C00090933206A0933306B093340661C80E944A
:10D7D000164187FF02C00C94FB5C07E812E07CEA6C
:10D7E000E72E73E1F72EEBE8CE2EE2E0DE2ED80135
:10D7F0008D918D010E94C632882349F00E949C328F
:10D800000F94EB38F7016083718382839383F4E094
:10D81000EF0EF11CC016D10651F70E94C9CA0C9434
:10D82000FB5C0E94164187FF02C00C94FB5C67E81A
:10D83000E62E62E0F62E10E000E0D7018D917D012A
:10D840000E94C632882349F00E949C32F801E455B8
:10D85000FC4E64A375A386A397A30C5F1F4F0031F2
:10D86000110559F70C94FB5C83E50E940F33882364
:10D8700091F00E949C326093E0137093E1138093C7
:10D88000E2139093E3136093E8137093E91380938A
:10D89000EA139093EB1380E50E940F33882351F035
:10D8A0000E949C326093E0137093E1138093E21323
:10D8B0009093E31382E50E940F33882351F00E9476
:10D8C0009C326093E4137093E5138093E613909376
:10D8D000E71384E50E940F33882311F40C94FB5C5A
:10D8E0000E949C326093E8137093E9138093EA13CB
:10D8F0009093EB130C94FB5C80911C04827151F4A7
:10D9000080911E048C7831F480911F04837011F48F
:10D910000C94FB5C82E40E94C632882351F00E9482
:10D9200060286093BC137093BD138093BE139093D3
:10D93000BF1383E50E94C632882351F00E949C32B7
:10D940006093EC137093ED138093EE139093EF13A9
:10D9500084E50E94C632882351F00E949C32609375
:10D96000F0137093F1138093F2139093F31388E5FF
:10D970000E94C632882351F00E949C326093140C9E
:10D980007093150C8093160C9093170C89E50E94E8
:10D99000C632882351F00E949C326093180C709319
:10D9A000190C80931A0C90931B0C8AE50E94C632C6
:10D9B0008823B1F00E949C3260931C0C70931D0C64
:10D9C00080931E0C90931F0C2DEC3CEC4CEC5DE313
:10D9D0000F949430181624F089E79DE00E941B3DB7
:10D9E00085E40E94C632882311F40C94FB5C0E94EB
:10D9F0009C326093200C7093210C8093220C9093A6
:10DA0000230C0C94FB5C0E949F3E8BEC9DE00E94DB
:10DA10001B3D83E50E94C632882321F00E944027E7
:10DA20008093160280911602882309F4A1C081E731
:10DA30009FE00E941B3D83EC9DE00E941B3D2091D6
:10DA4000D50B3091D60B4091D70B5091D80B6091EC
:10DA5000190270911A0280911B0290911C020F947E
:10DA60007837AB01BC0181EC9DE00E944A422091D5
:10DA7000D90B3091DA0B4091DB0B5091DC0B6091AC
:10DA800021027091220280912302909124020F942E
:10DA90007837AB01BC018EEB9DE00E944A42209199
:10DAA000DD0B3091DE0B4091DF0B5091E00B60916C
:10DAB000290270912A0280912B0290912C020F94DE
:10DAC0007837AB01BC018BEB9DE00E944A4283EBAF
:10DAD0009DE00E941B3D2091D50B3091D60B4091CB
:10DAE000D70B5091D80B60911D0270911E0280914E
:10DAF0001F02909120020F947837AB01BC0181EB9B
:10DB00009DE00E944A422091D90B3091DA0B40915E
:10DB1000DB0B5091DC0B6091250270912602809105
:10DB20002702909128020F947837AB01BC018EEA4E
:10DB30009DE00E944A422091DD0B3091DE0B409126
:10DB4000DF0B5091E00B60912D0270912E028091BD
:10DB50002F02909130020F947837AB01BC018BEA11
:10DB60009DE00E944A428AE00E94143D0C94FB5CB6
:10DB70008DE69FE05ECF83E50E940F33882311F48A
:10DB80000C94FB5C0E94502790931802809317021C
:10DB90000C94FB5C0E949F3E85E40E94143D80E350
:10DBA0008D0D0E94143DF801EB5CFD4F6081718189
:10DBB0008BED9DE00E94094185E20E94143D8AE0C0
:10DBC0000E94143D0C94FB5C80E50E94C6328823C1
:10DBD00011F40C94FB5C70E060E080E50E9441333E
:10DBE000F82E6FEF7FEF83E50E9441338C010196A1
:10DBF000039710F00C94FB5CF7FE02C00C94FB5CE6
:10DC00008F2D0F941F2581110C9480620E943BCBB5
:10DC100060E08F2D0F944B180F3F100789F00130F3
:10DC20001105C9F010E000E08F2D0F94EE2B801746
:10DC3000910711F40C94FB5C80E00E94104AF4CF31
:10DC40008F2D0F94EE2B31E020E0892B09F030E08E
:10DC5000032F122FE9CF01E010E0E6CF80E50E940C
:10DC6000C632882311F40C94FB5C0E9450278C016F
:10DC7000892B09F082C083E50E94C632882391F087
:10DC80000E9450278F3F980731F482ED94E10E9463
:10DC90008B3A0C94FB5CBC0182ED94E10E94CB3A80
:10DCA0000C94FB5C0E949F3E70E060E085EF9DE07D
:10DCB0000E9409418091D414E8E5CE2EE2E0DE2EE8
:10DCC000C81AD10887FDD394CC0CDD1CCC0CDD1C0C
:10DCD0000D2C000CEE08FF088091D314A8E88A2EC2
:10DCE000912C881A910887FD9394880C991C880CB4
:10DCF000991C092C000CAA08BB088091D21490E052
:10DD00008F3FC9F1FC01EE0FFF1FE80FF91FEB5920
:10DD1000FB4E8181928163E0880F991F6A95E1F73C
:10DD2000B0E0A0E074E0B595A795979587957A95B2
:10DD3000D1F702969C012F5F3F4F032E000C440B3E
:10DD4000550B281939094A095B09A4EBB0E00F9477
:10DD50001937A7019601281939094A095B090F9457
:10DD6000FA36B90182EF9DE00E9409418AE00E94E3
:10DD7000143D0C94FB5C80E0DDCF0E944C3DB8016B
:10DD80008CE09EE00E9409418DEF9DE00E941B3DCA
:10DD90000C94FB5C83E50E940F3381110C941C658D
:10DDA0000C94FB5C0E94402781110C9455650C94E7
:10DDB000FB5C64E071E083E50E9433338C0168EE24
:10DDC00073E080E50E9433338938F3E19F0710F058
:10DDD00088E893E1B8010E940B9C0C94FB5C60E026
:10DDE00085E40E945033811174C080E50E94C632E0
:10DDF000882351F00E949C3260932A1470932B1454
:10DE000080932C1490932D1489E40E94C6328823A9
:10DE100081F00E949C322CEA35EC47E25EE30F94DD
:10DE2000FA3060932E1470932F14809330149093D3
:10DE3000311484E40E94C632882381F00E949C320F
:10DE40002CEA35EC47E25EE30F94723860933214AB
:10DE50007093331480933414909335140E949F3E32
:10DE600040912A1450912B1460912C1470912D1410
:10DE70008CE29EE00E944A422CEA35EC47E25EE3E7
:10DE800060912E1470912F14809130149091311460
:10DE90000F947238AB01BC0188E29EE00E944A42B6
:10DEA0002CEA35EC47E25EE3609132147091331452
:10DEB00080913414909135140F94FA30AB01BC0169
:10DEC00084E29EE00E944A428AE00E94143D0C9443
:10DED000FB5C0E944C3D80E39EE00E941B3D0C9445
:10DEE000FB5C11110C94FB5C0E949F3E8EE59EE052
:10DEF0000E941B3D8091390C882391F086E49EE0BE
:10DF00000E941B3D60917202709173028DE49EE04D
:10DF10000E94094189E49EE00E941B3D0C94FB5C39
:10DF200082E49EE0EDCF0E945B420C94FB5C0E9479
:10DF30003BCB0C94FB5C81E00E949ADD0E9431EAAD
:10DF40000C94FB5C6FEF7FEF89E40E944133E82E75
:10DF50006FEF7FEF8AE40E944133082F8AE50E9429
:10DF6000C632182FF12C811104C081E50E94C632FF
:10DF7000F82EE7FC06C007FD04C011110AC0F1101D
:10DF800008C00E944C3D80E99EE00E941B3D0C941D
:10DF9000FB5C23E02E1510F0043040F00E944C3D55
:10DFA00081E79EE00E941B3D0C94FB5C0E949C322A
:10DFB000002E000C110B3E2D44E03402D001112440
:10DFC00020E030E0A901FF2069F0FD01E00FF11F22
:10DFD000EE0FFF1FEE0FFF1FEE53FA4F208131812E
:10DFE000428153810A0F1B1F000F111F000F111FC9
:10DFF0000E531A4F0F947837D8016D937D938D93FC
:10E000009C9313970C94FB5C0F94711081110C94EA
:10E01000FB5C6DE9C62E63E3D62EEFEEFBE0FDA3BD
:10E02000ECA39E012F5F3F4F19018901F12CE12CD8
:10E03000F6016591759185919491ACA1BDA18D90EA
:10E040009D90AD90BD90BDA3ACA3A50194010F948C
:10E0500077372B013C01F801408251826282738242
:10E0600020E030E040EA51EC0F94D83987FD0AC037
:10E0700020E030E040EA51E4C301B2010F94943053
:10E08000181684F4F701EE50FC4CE4911E1654F47B
:10E09000B7FAB094B7F8B094D8018D929D92AD9232
:10E0A000BC921397F80180809180A280B38020E019
:10E0B00030E040EA51ECC501B4010F94D83987FD36
:10E0C0000AC020E030E040EA51E4C501B4010F94F9
:10E0D00094301816ACF40E944C3D8EEC9EE00E94E9
:10E0E0001B3D61E080EC9EE00E94389C0E949029DC
:10E0F00068E270E088EC90E00E940B9C0C94FB5C62
:10E10000FFEFEF1AFF0A24E0C20ED11C0C5F1F4F75
:10E1100033E0E316F10409F08BCF54EEE52E59E01D
:10E12000F52E10E0F10181919191A191B1911F0122
:10E13000F70181939193A193B1937F01812F0E9465
:10E1400047D81F5F133071F70E9431EA60E080EB1F
:10E150009EE00E94389C63E972E084E690E00E94B1
:10E160000B9C6AEB72E084E690E00E940B9C0C949E
:10E17000FB5C0E947DF40C94FB5C0E9443E00C94D9
:10E18000FB5C81E08093A7050E940EEE1092A7052C
:10E19000882311F40C94FB5C0E949F3E8CEE9EE061
:10E1A0000E941B3D0C94FB5C8091681582FD02C0AF
:10E1B0000C94FB5C8062809368150C94FB5C8AE590
:10E1C0000E940F33882341F10E949C326B017C0135
:10E1D00020E030E040EA51EC0F94D83987FD14C0BC
:10E1E00020E030E040EA51E4C701B6010F949430DA
:10E1F000181654F0C092E10BD092E20BE092E30BC0
:10E20000F092E40B0C94FB5C0E944C3D87EF9EE087
:10E210000E941B3D0C94FB5C0E949F3E4091E10BD1
:10E220005091E20B6091E30B7091E40B84E19FE06D
:10E230000E944A428AE00E94143D0C94FB5C0E94BA
:10E240001641082F87FF02C00C94FB5C85E50E94F5
:10E25000C632882359F10E949C324B015C01E02EAA
:10E26000002E000CFF0820E030E0A9010F94D839FF
:10E2700087FF04C0B7FAB094B7F8B09420E030E05C
:10E2800048E453E4C501B4010F94D839970143E041
:10E29000220F331F4A95E1F720553A4F1816D4F153
:10E2A000D9018D929D92AD92BC9213978CE40E94FD
:10E2B000C632882311F40C94FB5C0E949C326B01E3
:10E2C0007C01002E000C110B20E030E0A9010F941E
:10E2D000D83987FF04C0F7FAF094F7F8F09420E0FB
:10E2E00030E048E453E4C701B6010F94D8399801EF
:10E2F00093E0220F331F9A95E1F720553A4F1816F5
:10E300009CF0D9011496CD92DD92ED92FC92179774
:10E310000C94FB5C80E090E0A8E4B3E4F901808316
:10E320009183A283B383C2CF80E090E0A8E4B3E4FA
:10E33000F90184839583A683B7830C94FB5C85E203
:10E340009FE00E941B3D0C94FB5C0E949F3E40910D
:10E350003A0C50913B0C60913C0C70913D0C84E464
:10E360009FE00E944A428AE00E94143D0C94FB5CAC
:10E3700011110C94E3650E949F3E8091110281115E
:10E3800006C08CE59FE00E941B3D0C94FB5C6091F5
:10E39000120270E08FE49FE00E9409418AE00E942F
:10E3A000143D0C94FB5C81E080934F02109210149A
:10E3B00060E083E50E945C3381110C94FB5C0E9459
:10E3C000B2460C94FB5C83E50E94C632882341F080
:10E3D0000E9440278093E3090E9423350C94FB5C44
:10E3E0000E949F3E84E79FE00E941B3D8091E309CD
:10E3F000882349F081E79FE00E941B3D8AE00E944C
:10E40000143D0C94FB5C8DE69FE0F6CF0091230455
:10E4100010912404002311F40C94FB5C0E949F3E95
:10E4200084E50E94143DB8017727072E000C880B65
:10E43000990B0E94ED4080E20E94143D89E89FE024
:10E440000E941B3D0C94FB5C112311F40C94BE61E3
:10E450000E943BCB60E08EEF99E00E94389C0C94C8
:10E46000CE61EF92FF920F931F93CF93DF938C01B6
:10E47000E090ED0BF090EE0B6AE070E0C8010F94B5
:10E48000C63AEC01892B09F01882C8010E94263196
:10E4900081E00E94B35C209721F08E010F5F1F4F37
:10E4A000EBCFC701DF91CF911F910F91FF90EF90BC
:10E4B0000C9426314F925F926F927F928F929F922F
:10E4C000AF92BF92CF92DF92EF92FF920F931F9382
:10E4D000CF93DF93CDB7DEB77C014DB65EB66090CB
:10E4E000ED0B7090EE0B8DB69EB66AE070E0C70142
:10E4F0000F94D62F6C018C010E191F09892B21F462
:10E50000C7010F94E12F8C01C80101962DB73EB7CA
:10E51000281B390B0FB6F8943EBF0FBE2DBF8DB729
:10E520009EB701965C01A801B7010F940230F50176
:10E53000E00FF11F1082C5010E94263181E00E9488
:10E54000B35CC114D10451F076019FEFE91AF90AC6
:10E550000FB6F8949EBE0FBE8DBEC5CF0FB6F89411
:10E560009EBE0FBE8DBEC3010E9426310FB6F89429
:10E570005EBE0FBE4DBEDF91CF911F910F91FF90F8
:10E58000EF90DF90CF90BF90AF909F908F907F9053
:10E590006F905F904F9008958F929F92AF92BF922D
:10E5A000CF92DF92EF92FF920F931F93CF93DF935F
:10E5B000CDB7DEB7C059D1090FB6F894DEBF0FBE94
:10E5C000CDBF0E943B35882369F083E50E94C632A7
:10E5D0008823E1F020E040E070E060E08CE390E828
:10E5E0000E94D428C057DF4F0FB6F894DEBF0FBE8D
:10E5F000CDBFDF91CF911F910F91FF90EF90DF90F2
:10E60000CF90BF90AF909F908F90089589E899E048
:10E610000E945A7281E799E00E945A7287E08093C3
:10E62000EB0B80930F068091E5079091E6079E0122
:10E630002F5F3F4F7901009799F09F938F9388E662
:10E6400099E09F938F933F932F930F942B30C701A3
:10E650000E9431720F900F900F900F900F900F90BB
:10E660008091E3079091E407009709F0F8C080914A
:10E67000E707811108C18090E9079090EA07A09010
:10E68000EB07B090EC0720E030E0A901C501B40130
:10E690000F949430FE01EF57FF4F6F01811104C0BA
:10E6A0008091E8078823E9F0860121E041E0C50177
:10E6B000B4010F94172CDF92CF928091E8071F923C
:10E6C0008F9385E499E09F938F93FF92EF920F943D
:10E6D0002B30C7010E9431720FB6F894DEBF0FBE17
:10E6E000CDBF6091B9077091BA078091BB07909137
:10E6F000BC07860123E041E00F94172C5E0131E74F
:10E70000A30EB11C6091BD077091BE078091BF0739
:10E710009091C007850123E041E00F94172CBF9230
:10E72000AF92DF92CF9284E399E09F938F93FF9211
:10E73000EF920F942B30C7010E9431726091C10794
:10E740007091C2078091C3079091C407860123E0AE
:10E7500041E00F94172C89E299E00E945A72DF92EF
:10E76000CF928FE199E09F938F93FF92EF920F9456
:10E770002B30C7010E9431728091E2078F93809104
:10E78000E1078F9388E199E09F938F93FF92EF9237
:10E790000F942B30C7010E9431726091C5077091B0
:10E7A000C6078091C7079091C80723E041E00F9406
:10E7B000172CDF92CF928EE099E09F938F93FF9278
:10E7C000EF920F942B30C7010E9431728091ED07B8
:10E7D000809300048091EE078093F80399ECC92E92
:10E7E00097E0D92E24EE822E29E0922E33E0A32E3C
:10E7F00036E0B32E0FB6F894DEBF0FBECDBF10E0EB
:10E80000F60181919191A191B1916F01F4018193F0
:10E810009193A193B1934F01F60180859185A285D3
:10E82000B385F50181939193A193B1935F01812FFA
:10E830000E9447D81F5F133019F70091EF0710911E
:10E84000F00780E6D82E015098F11D9DC0011124DB
:10E850008F50984F0E9431721F5F1370F4CF9F93B7
:10E860008F938FE599E09F938F93FF92EF920F9490
:10E870002B30C7010E9431720F900F900F900F90B4
:10E880000F900F90F4CE1F928F931F921F9282E5EC
:10E8900099E09F938F93FF92EF920F942B30C701D3
:10E8A0000E9431720FB6F894DEBF0FBECDBFE3CE2B
:10E8B00081E799E09F938F9387E099E09F938F93EF
:10E8C000FF92EF920F942B30C7010E94317280911A
:10E8D000E1098F938091E0098F938091DF098F93F5
:10E8E0008091DE098F938091DD098F938091DC09FF
:10E8F0008F938091DB098F938091DA098F9389EF51
:10E9000098E09F938F93FF92EF920F942B30C70163
:10E910000E9431720FB6F894DEBF0FBECDBF62CE3B
:10E92000CF93DF93C091730B80E6C89FE001112461
:10E93000CD50D64F8091A01180FF05C00E949F3E10
:10E94000CE010E948C48CE010E94263180E0DF91EA
:10E95000CF910C94B35C1F920F920FB60F921124BB
:10E960000F900FBE0F901F9018951F920F920FB629
:10E970000F9211240BB60F922F938F939F93EF93C7
:10E98000FF9320912704E091260481E08E0F8F777A
:10E990009091C600281729F0F0E0EA5DFB4F9283C2
:10E9A000E82FE0932604FF91EF919F918F912F9193
:10E9B0000F900BBE0F900FBE0F901F9018958EBD3D
:10E9C0000DB407FEFDCF08958FEF8EBD0DB407FE89
:10E9D000FDCF8EB50895909164009B7F9093640065
:10E9E000982F906A96959CBD80FD03C091E086307B
:10E9F00009F490E09DBD08958F929F92AF92BF92CF
:10EA0000CF92DF92EF92FF92FC01C080D180E28032
:10EA1000F38020E030E048EC52E4C701B6010F94E7
:10EA2000FA304B015C0120E030E0A901C701B601DA
:10EA30000F94943020E030E040EA50E487FF04C0B7
:10EA400020E030E040EA50ECC501B4010F94783783
:10EA500020E030E040E251E40F9472380F94E43843
:10EA60009B018BE237FF05C022273327261B370B7C
:10EA70008DE28093A50BC90168EE73E00F945B37BC
:10EA8000CB01EAE0F0E0BF010F945B37805D80933B
:10EA9000A60BC90164E670E00F945B37CB01BF01A0
:10EAA0000F945B37805D8093A70BC901BF010F9462
:10EAB0005B37282FCB01BF010F945B37805D8093BC
:10EAC000A80B8EE28093A90B205D2093AA0B85EA08
:10EAD0009BE0FF90EF90DF90CF90BF90AF909F9022
:10EAE0008F9008959C0197FF26C0EE27FF27E81B13
:10EAF000F90B2D398FEF38070CF05DC08DE2809354
:10EB0000A70BCF0164E670E00F945B37CB012AE0DE
:10EB100030E0B9010F945B37805D8093A80BCF0183
:10EB2000B9010F945B37CB01B9010F945B37805D5E
:10EB30008093A90B2AC0283E83E03807B4F1C901AD
:10EB400068EE73E00F945B37CB01EAE0F0E0BF01C1
:10EB50000F945B37805D8093A70BC90164E670E07A
:10EB60000F945B37CB01BF010F945B37805D8093BF
:10EB7000A80BC901BF010F945B37CB01BF010F94F4
:10EB80005B37805D8093A90BF901CF016AE070E0EB
:10EB90000F945B37805D8093AA0B87EA9BE0089512
:10EBA0008DE237FDC5CF80E2C3CFF90180E2243684
:10EBB00031050CF0A4CF80E28093A70B8093A80BC3
:10EBC000EA30F1056CF38DE237FF80E28093A80B09
:10EBD000CF016AE070E00F945B37605D6093A90B32
:10EBE000D4CF9C01EAE0F0E0BF010F945B37805D79
:10EBF0008093AA0B2A303105CCF0CB01BF010F94D2
:10EC00005B37805D8093A90B2436310594F0C901F0
:10EC100064E670E00F945B37CB01BF010F945B3764
:10EC2000805D8093A80B88EA9BE008958AEA9BE0C8
:10EC3000089589EA9BE0089524E6829FC00111248B
:10EC400081589F4F6FEF70E00F945B37262F81E361
:10EC5000643609F080E28093A70B90E22A3040F0FE
:10EC60003AE0822F632F0F943B370F943B37905D30
:10EC70009093A80B822F6AE00F943B37905D90939E
:10EC8000A90B85E28093AA0B87EA9BE00895FC011B
:10EC9000A081B1811C92A281B3818C918F5F8C93F2
:10ECA0000280F381E02D90818CE0989F800D1124EB
:10ECB000E8E1F5E113AE84AF08958091760B80937F
:10ECC000280C08956091350270913602072E000CD1
:10ECD000880B990B0F949B302AE037ED43E25CE3FD
:10ECE0000F94FA3020912D0630912E0640912F0678
:10ECF000509130060F94FA3060936E0270936F0259
:10ED000080937002909371020895CF93DF93EC018A
:10ED1000CB01BA010F949B300F94EB386883DF91DD
:10ED2000CF9108950F949B300F94EB38862F0C945D
:10ED30001C762CEA35EC47E25EE360915505709154
:10ED4000560580915705909158050F94723860933D
:10ED500032147093331480933414909335140895BF
:10ED60002CEA35EC47E25EE36091590570915A0553
:10ED700080915B0590915C050F94FA3060932E149E
:10ED800070932F14809330149093311408950C9441
:10ED900017CB0C94C9CACF92DF92EF92FF920F93D8
:10EDA0001F930F940D1A0091640510916505209131
:10EDB0006605309167056B017C01C01AD10AE20A31
:10EDC000F30A9701860137FD11C020916305209554
:10EDD000209363056A547C4F8F4F9F4F6093640567
:10EDE00070936505809366059093670581E0909127
:10EDF0006305911101C080E01F910F91FF90EF908A
:10EE0000DF90CF900895CF92DF92EF92FF92CF9351
:10EE1000C82F0F940D1A6B017C0124EA30E74DE7EF
:10EE20005FE360915F05709160058091610590914D
:10EE300062050F94943087FD18C08AEF90E0A0E03F
:10EE4000B0E08C0D9D1DAE1DBF1D80938B05909372
:10EE50008C05A0938D05B0938E05C0931402CF91BD
:10EE6000FF90EF90DF90CF90089580E090E0DC017C
:10EE7000E8CF21E02093500560935F057093600513
:10EE8000809361059093620520E040E070E060E0CF
:10EE900080918A0B90918B0B0C94D4286DEC7CECB8
:10EEA0008CEC9CE30C9439776DEC7CEC8CEC9DE362
:10EEB0000C94397760E070E080E89FE30C94397738
:10EEC00060E070E080E291E40C9439772F923F92F9
:10EED0004F925F926F927F928F929F92AF92BF926A
:10EEE000CF92DF92EF92FF920F931F93CF93DF9316
:10EEF00000D01F92CDB7DEB761E081E00E94852887
:10EF00001091890B212E85E0382E310E94EFC92EF9
:10EF1000DD24D394E12CF12C05E0011B2EEE422ED2
:10EF200022E0522E612C712C84E0B82EB11A83E0BD
:10EF3000A82EA11A82E0982E911A81E0882E811ABB
:10EF400011113EC08091880B8823B9F08091740222
:10EF5000882361F0622D619581E09091880B911179
:10EF600080E024E049E755E20F9401131F5F31125E
:10EF7000E7CF86E08093820B0CC08091910B1092BA
:10EF8000910B882319F30E9498298091830B882381
:10EF9000E9F20F900F900F900F90DF91CF911F919A
:10EFA0000F91FF90EF90DF90CF90BF90AF909F9028
:10EFB0008F907F906F905F904F903F902F9008952B
:10EFC000113041F58091880B813079F08091740285
:10EFD000882361F281E09091880B913009F080E004
:10EFE00020E24EE655E2682DBFCF8091910B109242
:10EFF000910B882359F3C982DA82EB82FC82BE012D
:10F000006F5F7F4F80EA0E94B03B8091830B882323
:10F01000E9F2BFCF123009F090C08091880B8230A6
:10F0200081F080917402882309F4A0CF81E090914F
:10F03000880B923009F080E020E242E555E2692D2C
:10F0400093CF8091910B1092910B882351F3C98239
:10F05000DA82EB82FC82BE016F5F7F4F88E70E94FD
:10F06000B03B8091830B8823E1F293CF8091880B92
:10F07000833081F080917402882309F477CF81E096
:10F080009091880B933009F080E020E246E455E24D
:10F090006A2D6ACF8091910B1092910B882351F3C6
:10F0A00049825A826B827C82BE016F5F7F4F8AE009
:10F0B0000E94B03B8091830B8823E1F26ACF80915C
:10F0C000880B843081F080917402882309F44ECF3C
:10F0D00081E09091880B943009F080E020E24CE3CD
:10F0E00055E26B2D41CF8091910B1092910B8823AB
:10F0F00051F349825A826B827C82BE016F5F7F4FDF
:10F100008AE50E94B03B8091830B8823E1F241CFD6
:10F110008091910B1092910B8823E1F0C982DA82E1
:10F12000EB82FC82BE016F5F7F4F8CE30E94B03B9D
:10F130008091830B882371F02CCF133009F496CF84
:10F14000143009F4BCCF153009F010CF8091880B32
:10F150008530F1F280917402882309F407CF81E0B1
:10F160009091880B953009F080E020E241E655E26D
:10F17000602FFACE0D94191A65E876E782E996E7D2
:10F180000C94172FEF92FF920F931F93CF93DF935F
:10F1900061E081E00E948528C091890B85E0F82E0E
:10F1A000FC0ED3E0DC1B12E01C1B01E00C1BEC2E60
:10F1B000E194C1112DC08091880B8823B1F080911A
:10F1C0007402882359F081E09091880B911180E0BE
:10F1D00024E04AEC5CE26E2D0F940113CF5FFC1229
:10F1E000E8CF84E08093820B0CC08091910B109249
:10F1F000910B882321F30E9498298091830B882307
:10F20000F1F2DF91CF911F910F91FF90EF90089550
:10F21000C13051F58091880B813079F08091740272
:10F220008823E1F281E09091880B913009F080E031
:10F2300020E24DEB5CE2602FCFCF8091910B1092DA
:10F24000910B882359F36091BC057091BD054091E5
:10F25000B9058091C0059091C1050F94ED1780917B
:10F26000830B8823D9F2CDCFC230F1F58091880B82
:10F27000823081F080917402882309F4AFCF81E05D
:10F280009091880B923009F080E020E24BE95CE23B
:10F29000612FA2CF8091910B1092910B882351F393
:10F2A0004091B9056FEF7FEF8091C0059091C10546
:10F2B0000F94ED178091830B8823E1F2A2CF809108
:10F2C000910B1092910B8823B1F06091BC05709165
:10F2D000BD054091B90590E080E00F94ED17809155
:10F2E000830B882341F08DCFC33009F077CF809115
:10F2F000880B833021F380917402882309F46ECF48
:10F3000081E09091880B933009F080E020E24CEA94
:10F310005CE26D2F61CFEF92FF920F931F93CF931B
:10F32000DF9361E081E00E948528C091890B85E030
:10F33000F82EFC0ED3E0DC1B12E01C1B01E00C1BC2
:10F34000EC2EE194C1112DC08091880B8823B1F07F
:10F3500080917402882359F081E09091880B91117B
:10F3600080E024E04FE85CE26E2D0F940113CF5F44
:10F37000FC12E8CF84E08093820B0CC08091910B4B
:10F380001092910B882321F30E9498298091830B7E
:10F390008823F1F2DF91CF911F910F91FF90EF90B1
:10F3A0000895C13051F58091880B813079F08091BA
:10F3B00074028823E1F281E09091880B913009F08A
:10F3C00080E020E243E85CE2602FCFCF8091910B98
:10F3D0001092910B882359F36091BA057091BB0587
:10F3E0004091B8058091BE059091BF050F94ED172F
:10F3F0008091830B8823D9F2CDCFC230F1F5809173
:10F40000880B823081F080917402882309F4AFCF99
:10F4100081E09091880B923009F080E020E243E790
:10F420005CE2612FA2CF8091910B1092910B882307
:10F4300051F34091B8056FEF7FEF8091BE05909139
:10F44000BF050F94ED178091830B8823E1F2A2CFC3
:10F450008091910B1092910B8823B1F06091BA05C5
:10F460007091BB054091B80590E080E00F94ED17D6
:10F470008091830B882341F08DCFC33009F077CF83
:10F480008091880B833021F380917402882309F4E2
:10F490006ECF81E09091880B933009F080E020E2FC
:10F4A00043E65CE26D2F61CFEF92FF920F931F93C3
:10F4B0008091B90B0CEA1BE0882311F009EB1BE0EB
:10F4C00088E2E82E8CE2F82E2AE23CE244EA5CE98B
:10F4D00067E37CE28EE39CE20F94E91C1F910F919D
:10F4E000FF90EF900895EF92FF920F931F938EE598
:10F4F000E82E8AE2F82E10E000E020E63AE242E749
:10F500005CE96BE67AE280E79AE20F94E91C1F91CE
:10F510000F91FF90EF900895EF92FF920F931F933A
:10F5200087E9E82E84E2F82E10E000E029E934E2D1
:10F5300047E452E86BEA74E282EB94E20F94E91C30
:10F540001F910F91FF90EF9008955F926F927F92BD
:10F550008F929F92AF92BF92CF92DF92EF92FF92E3
:10F560000F931F93CF93DF9361E081E00E94852882
:10F57000C091890B65E0662E6C0ED6E0DC1B85E041
:10F58000B82EBC1A84E0A82EAC1A83E0982E9C1AE0
:10F5900082E0882E8C1A81E0782E7C1A5C2E5194A1
:10F5A000C11136C08091880B8823B1F0809174021C
:10F5B000882359F081E09091880B911180E024E03C
:10F5C00045E553E2652D0F940113CF5F6C12E8CF30
:10F5D00087E08093820B0CC08091910B1092910B6D
:10F5E000882321F30E9498298091830B8823F1F2CC
:10F5F000DF91CF911F910F91FF90EF90DF90CF900F
:10F60000BF90AF909F908F907F906F905F90089584
:10F61000C13009F03FC08091880B8130E9F08091C2
:10F620007402882391F211E08091880B813009F0F7
:10F6300010E06091D0137091D1138091D21390910A
:10F64000D3130E94DC2900E09C0147E453E2672DBC
:10F65000812F0E94DB2FB9CF8091910B1092910BDB
:10F660008823E9F20F94F915D12CC12CE12C10EC70
:10F67000F12E09E714E420E030E040E85FE360EDBC
:10F6800073E18EE493E20F94F0148091830B88234E
:10F6900031F2AECFC23009F010C18091880B8230B8
:10F6A000D9F080917402882309F48FCF11E0809102
:10F6B000880B823009F010E06091D4137091D5135B
:10F6C0008091D6139091D7130E94DC2900E09C0111
:10F6D00049E353E2682DBCCF8091910B1092910BBE
:10F6E0008823F9F20F94F915D12CC12CE12C10ECE0
:10F6F000F12E09E714E420E030E040E85FE364ED38
:10F7000073E180E493E20F94F0148091830B8823DB
:10F7100041F26ECF8091880B8330D9F080917402D2
:10F72000882309F452CF11E08091880B833009F0CF
:10F7300010E06091D8137091D9138091DA139091F1
:10F74000DB130E94DC2900E09C014BE253E2692DAF
:10F750007FCF8091910B1092910B8823F9F20F9437
:10F76000F915D12CC12CE12C10ECF12E09E714E491
:10F7700020E030E040E85FE368ED73E182E393E28C
:10F780000F94F0148091830B882341F231CF809144
:10F79000880B8430D9F080917402882309F415CF46
:10F7A00011E08091880B843009F010E06091DC1347
:10F7B0007091DD138091DE139091DF130E94DC299C
:10F7C00000E09C014DE153E26A2D42CF8091910B04
:10F7D0001092910B8823F9F20F94F915D12CC12CBA
:10F7E000E12C10ECF12E09E714E420E030E040E8D1
:10F7F0005FE36CED73E184E293E20F94F014809187
:10F80000830B882341F2F4CE8091880B8530D9F0A8
:10F8100080917402882309F4D8CE11E08091880B7E
:10F82000853009F010E06091EC137091ED13809138
:10F83000EE139091EF130E94DC2900E09C0143E15C
:10F8400053E26B2D05CF8091910B1092910B882381
:10F85000F9F20F94F915D12CC12CE12C10ECF12EFA
:10F8600009E714E420E030E0A9016CEE73E188E1DF
:10F8700093E20F94F0148091830B882349F2B8CE61
:10F880008091910B1092910B882339F10F94F91507
:10F89000D12CC12CE12C10ECF12E09E714E420E06E
:10F8A00030E0A90160EF73E189E093E20F94F01476
:10F8B0008091830B882389F09BCEC33009F42ACF33
:10F8C000C43009F464CFC53009F49ECFC63009F0C6
:10F8D0007CCE8091880B863099F2809174028823C7
:10F8E00009F473CE11E08091880B863009F010E0A6
:10F8F0006091F0137091F1138091F2139091F313D2
:10F900000E94DC2900E09C014FEF52E26D2FA0CE57
:10F910006FE37EE780E00D9405166AE37EE781E001
:10F920000D94051665E37EE782E00D9405166CE9FB
:10F930007CE783E00D940516CF93DF9300D01F92F0
:10F94000CDB7DEB78091910B1092910B882359F0BF
:10F95000109250050E9498290F900F900F900F90D1
:10F96000DF91CF9108956091960B7091970B61157F
:10F97000710561F1072E000C880B990B0F949B30D9
:10F9800020915F05309160054091610550916205BD
:10F990000F94FA302091FB0B3091FC0B4091FD0B42
:10F9A0005091FE0B0F9478376093FB0B7093FC0B18
:10F9B0008093FD0B9093FE0B83E00E94037781E020
:10F9C000809374021092970B1092960B80917402A0
:10F9D000882311F22091840B3091850B4091860B86
:10F9E0005091870B6091FB0B7091FC0B8091FD0B8C
:10F9F0009091FE0B0F94773769837A838B839C8376
:10FA0000CE0101960E94FC74BC0183E69BE20E9439
:10FA1000242EA2CF2F923F924F925F926F927F92AD
:10FA20008F929F92AF92BF92CF92DF92EF92FF920E
:10FA30001F93CF93DF9300D000D01F921F92CDB7BA
:10FA4000DEB71C01162F8091910B1092910B882329
:10FA5000E1F0109250050E94982928960FB6F8946C
:10FA6000DEBF0FBECDBFDF91CF911F91FF90EF9012
:10FA7000DF90CF90BF90AF909F908F907F906F90CE
:10FA80005F904F903F902F9008952091960B30916A
:10FA9000970B3E832D83232B09F45CC0A4E06A9F5F
:10FAA000C001112498878F83FC01E151F44F8080BD
:10FAB0009180A280B38020E030E04AE754E4C501A1
:10FAC000B4010F9477372B013C018091160281110C
:10FAD0007BC020E030E04AE754E4C501B4010F9454
:10FAE00078376B017C01ED81FE81BF01FF0F880B30
:10FAF000990B0F949B3020915F05309160054091E8
:10FB00006105509162050F94FA30A50194010F949C
:10FB100078372F8138852151344F5901D9016D93A0
:10FB20007D938D939C931397ED81FE81F7FF8BC09E
:10FB3000A30192010F94943087FF06C0D5014D9226
:10FB40005D926D927C921397812F0E94037781E0E2
:10FB5000809374021092970B1092960B809174020E
:10FB6000882309F47ACFF4E01F9FC0011124FC011F
:10FB7000E151F44F8B52944FDC012D913D914D9109
:10FB80005C9160817181828193810F947837698360
:10FB90007A838B839C832DEC3CEC4CEC5DE3609191
:10FBA0005F057091600580916105909162050F94E9
:10FBB000D83987FD55C0CE0101960E94FC74BC0166
:10FBC000C1010E94242E49CF809102061130A9F074
:10FBD000123031F1811108C04090190250901A0280
:10FBE00060901B0270901C02C0901D02D0901E02FB
:10FBF000E0901F02F090200276CF811108C0409063
:10FC00002102509022026090230270902402C09042
:10FC10002502D0902602E0902702F090280263CFC0
:10FC2000811108C04090290250902A0260902B0256
:10FC300070902C02C0902D02D0902E02E0902F02E6
:10FC4000F090300250CFA70196010F94D8391816C2
:10FC50000CF07ACFF501C082D182E282F38274CFB8
:10FC6000CE0101960F946813AACF62E08CE59BE267
:10FC70000C940A7D61E085E59BE20C940A7D60E0CE
:10FC80008EE49BE20C940A7D0F931F93CF93DF9336
:10FC90008091910B1092910B882331F0DF91CF91DD
:10FCA0001F910F910C94982960E085E00E948528AF
:10FCB000D091890BC0E0D11119C0809174028823C2
:10FCC00049F010E000E021E041E062EF79E28C2FA2
:10FCD0000E94982DDF5FCF5FC53069F789E0809380
:10FCE000820BDF91CF911F910F910895D13059F47C
:10FCF00080917402882371F310E000E020E041E07D
:10FD000065EE79E2E4CFD23009F045C0809174020B
:10FD1000882301F310E000E020E041E062ED79E2A9
:10FD2000D6CF809174028823A9F210E000E020E091
:10FD300041E061EC79E2CBCF80917402882351F2EB
:10FD400010E000E020E041E066EB79E2C0CF809176
:10FD50007402882309F4BECF10E000E020E041E007
:10FD60006CEA79E2B4CF80917402882309F4B2CFAF
:10FD700010E000E020E041E068E979E2A8CF80915E
:10FD80007402882309F4A6CF10E000E020E041E0EF
:10FD90006BE879E29CCFD33021F2D43069F2D530D0
:10FDA000B1F2D63001F3D73051F3D83009F092CF09
:10FDB00080917402882309F48DCF10E000E020E0E8
:10FDC00041E069E779E283CF0F931F93CF93DF93ED
:10FDD0008091910B1092910B882331F0DF91CF919C
:10FDE0001F910F910C94982960E085E00E9485286E
:10FDF000D091890BC0E0D11119C080917402882381
:10FE000049F010E000E021E041E06FE679E28C2F5C
:10FE10000E94982DDF5FCF5FC53069F784E0809343
:10FE2000820BDF91CF911F910F910895D13059F43A
:10FE300080917402882371F310E000E020E041E03B
:10FE400062E679E2E4CFD23059F4809174028823DB
:10FE500009F310E000E020E041E064E579E2D7CF6B
:10FE6000D330C1F6809174028823A1F210E000E043
:10FE700020E041E067E479E2CACF0F931F93CF936C
:10FE8000DF938091910B1092910B882331F0DF91D9
:10FE9000CF911F910F910C94982960E085E00E940A
:10FEA0008528D091890BC0E0D11119C080917402CE
:10FEB000882349F010E000E021E040E068E379E2C7
:10FEC0008C2F0E94982DDF5FCF5FC53069F786E0E9
:10FED0008093820BDF91CF911F910F910895D130C4
:10FEE00059F480917402882371F310E000E020E05F
:10FEF00040E06CE279E2E4CFD23009F580917402FF
:10FF0000882309F310E000E020E040E06EE179E2B0
:10FF1000D7CF809174028823B1F210E000E021E095
:10FF200040E06EE079E2CCCF80917402882359F2F0
:10FF300010E000E020E040E062E079E2C1CFD330A1
:10FF400041F3D43089F3D53009F0BDCF80917402EC
:10FF5000882309F4B8CF10E000E020E040E064EF2F
:10FF600078E2AECFDF92EF92FF920F931F93CF9381
:10FF7000DF9361E081E00E948528C091890B85E0D4
:10FF8000F82EFC0E81E0D2E0DC1BE82EEC1ADC2E11
:10FF9000D194C11128C0882389F08091880B18164C
:10FFA0006CF02091960B3091970B2F5F3F4F309361
:10FFB000970B2093960B8F5F8093880B8091740230
:10FFC000882349F010E000E020E041E068E377E2B8
:10FFD0008D2D0E94982D80E0CF5FFC12DACF83E058
:10FFE0008093820B21C0C13039F59091880B9130FC
:10FFF00079F080917402882371F381E0913009F0E7
:020000021000EC
:1000000080E020E24DE257E26E2D0F940113E3CF22
:100010008091910B1092910B882359F3C09347055F
:100020008091830B882329F3DF91CF911F910F914A
:10003000FF90EF90DF900895C23069F69091880BA1
:10004000923069F080917402882329F281E0923025
:1000500009F080E020E244E257E26D2FD6CF809194
:10006000910B1092910B882369F3C09347058091FF
:10007000830B882339F3D8CFBF92CF92DF92EF92D0
:10008000FF920F931F93CF93DF9381E080935005EE
:1000900061E00E948528C091890B85E0D82EDC0E96
:1000A00081E0D2E0DC1B90E3E92E9AE2F92EC82E23
:1000B000CC1ABC2EB194C11128C0882389F080913C
:1000C000880B18166CF02091960B3091970B2F5FD0
:1000D0003F4F3093970B2093960B8F5F8093880B45
:1000E00080917402882349F010E000E020E041E0B4
:1000F0006EE47AE28B2D0E94982D80E0CF5FCD11C7
:10010000DACF83E08093820B27C0C13079F58091EC
:10011000880B813089F080917402882371F381E02B
:100120009091880B913009F080E020E241E45AE29E
:100130006C2D0F940113E1CF8091910B1092910BD4
:10014000882349F30E949029F092F209E092F10984
:100150008091830B8823F9F2DF91CF911F910F914A
:10016000FF90EF90DF90CF90BF900895C23029F6B6
:100170008091880B823081F080917402882309F489
:10018000BCCF81E09091880B923009F080E020E2B2
:1001900046E35AE26D2FCDCF8091910B1092910BD7
:1001A000882351F30F94BB2310925D150E94902970
:1001B0008091830B882301F3CFCF2F923F924F92F0
:1001C0005F926F927F928F929F92AF92BF92CF92E7
:1001D000DF92EF92FF920F931F93CF93DF93CDB7F0
:1001E000DEB76F970FB6F894DEBF0FBECDBF80911C
:1001F000910B1092910B8823D9F00E9498296F9649
:100200000FB6F894DEBF0FBECDBFDF91CF911F9127
:100210000F91FF90EF90DF90CF90BF90AF909F90A5
:100220008F907F906F905F904F903F902F900895A8
:100230008091A4079091A5079B8F8A8F2090A60795
:100240003090A7078091A8079091A907A091AA07CD
:10025000B091AB078C8F9D8FAE8FBF8F4090AC0756
:100260005090AD076090AE077090AF078090B007D8
:100270009090B107A090B207B090B30760E085E01E
:100280000E948528E090890BF12CDE0111966D010A
:10029000E1108BC080917402882361F08A8D9B8D60
:1002A0000E94F1758C0120E040E066EE78E28F2D2F
:1002B0000E94982D8C8D9D8DAE8DBF8D8E8B9F8BCA
:1002C000A88FB98FB601CE0146960E943C3092E0CD
:1002D000E9127CC080917402882349F010E000E0AC
:1002E00020E040E068EC78E28F2D0E94982D4E8A45
:1002F0005F8A688E798EB601CE0146960E943C30A8
:10030000B4E0EB1271C080917402882349F010E0D0
:1003100000E020E040E063EB78E28F2D0E94982D12
:1003200020E030E048EC52E4C501B4010F9472388B
:100330000F94E438CB016AE070E00F945B379F9331
:100340008F9320E030E04AE754E4C501B4010F94F4
:1003500072380F94E4389F938F937F936F9388EA5A
:1003600098E29F938F93DF92CF920F942B300FB62A
:10037000F894DEBF0FBECDBF96E0E91243C0809176
:100380007402882349F010E000E020E040E068E9D2
:1003900078E28F2D0E94982DE394F394B5E0FB1240
:1003A00077CF88E08093820B2ACFB1E0EB1282CF27
:1003B00080917402882309F47DCFC1010E94F175F8
:1003C0008C0120E040E06AED78E271CFA3E0EA1210
:1003D0008ECF80917402882309F489CF860120E0B2
:1003E00040E065EC78E280CF25E0E21299CF809181
:1003F0007402882309F494CF860120E040E060EB8A
:1004000078E28BCFA7E0EA12C7CF809174028823ED
:1004100009F4C2CF860120E040E065E978E2B9CF77
:100420000F931F93CF93DF93CDB7DEB76E970FB6C1
:10043000F894DEBF0FBECDBF809110028F938091E4
:100440000F028F931F921F9283E692E29F938F93E6
:100450008E010F5F1F4F1F930F930F942B3081E07E
:1004600080935305C8010E947B4F109253050FB62D
:10047000F894DEBF0FBECDBF6E960FB6F894DEBF08
:100480000FBECDBFDF91CF911F910F910895CF93F4
:100490000E9443E00E9470E1C82F882319F080E099
:1004A0000E94E2EA8C2FCF910C947C28EF92FF926D
:1004B0000F931F93CF93DF9300D000D000D01F92F3
:1004C0001F92CDB7DEB77C0120915D05422F022E31
:1004D000000C550B80915E058230A1F1833059F1FB
:1004E0008AEB96E25F932F939F938F938E010F5F1A
:1004F0001F4F1F930F930F942B30C7010E94B9CA4F
:1005000081E080935305C8010E947B4F10925305F0
:100510000F900F900F900F900F900F902B960FB69B
:10052000F894DEBF0FBECDBFDF91CF911F910F9129
:10053000FF90EF90089586EC96E227FDD3CF81EBF4
:1005400096E2D0CF8FEC96E2CDCFE0915D0587E1CA
:10055000E802F0011124E15EFB4E808591850C9448
:100560005682AF92BF92CF92DF92EF92FF921F938B
:10057000CF93DF93CDB7DEB760970FB6F894DEBFA9
:100580000FBECDBF8091EF0B9091F00BA091F10BBE
:10059000B091F20B89839A83AB83BC838091F30B78
:1005A0009091F40BA091F50BB091F60B8D839E8387
:1005B000AF83B8878091F70B9091F80BA091F90B5E
:1005C000B091FA0B89879A87AB87BC878091FB0B28
:1005D0009091FC0BA091FD0BB091FE0B8D879E8737
:1005E000AF87B88B0E94C9CA0E9477B58CEAA82E43
:1005F0008EE2B82E99E1E92E92E0F92E20EAC22E81
:100600002EE2D22E10E0812F0E9447D8F50185916D
:100610009591A591B491F70180839183A283B383CF
:10062000F60185919591A591B491F7018483958305
:10063000A683B7831F5FF4E0AF0EB11C88E0E80E1D
:10064000F11CE4E0CE0ED11C1330E9F66091A80550
:100650007091A9058091AA059091AB0540E00E9498
:10066000F3380E94C3390E9417CB40E150E06FEE8F
:100670007BE0CE0101960F94923A892B89F0609627
:100680000FB6F894DEBF0FBECDBFDF91CF911F91A3
:10069000FF90EF90DF90CF90BF90AF900C9431EA35
:1006A00060960FB6F894DEBF0FBECDBFDF91CF913D
:1006B0001F91FF90EF90DF90CF90BF90AF90089583
:1006C0000F931F9380914106813019F50F940D1AF5
:1006D0000091350610913606209137063091380684
:1006E000601B710B820B930B28EE33E040E050E06F
:1006F0000F94D8366091390670913A0680913B0686
:1007000090913C06620F731F841F951F1F910F91DC
:10071000089560913D0670913E0680913F0690914C
:100720004006D6CF1092410610923506109236063A
:10073000109237061092380610923D0610923E062F
:1007400010923F06109240061092390610923A0617
:1007500010923B0610923C0608958091410681302C
:1007600079F482E0809341060F940D1A60933D0660
:1007700070933E0680933F069093400681E0089573
:1007800080E008958F929F92AF92BF92CF92DF92B6
:10079000EF92FF92CF93FC01C080D180E280F38082
:1007A00020E030E0A901C701B6010F94943087FF23
:1007B00093C0C701B601905820E030E048EC52E405
:1007C0000F94FA3020E030E040EA50E40F9478379C
:1007D00020E030E040E251E40F9472380F94E438A6
:1007E0006B017C0180E28093A40B60E2F0E1CF1604
:1007F000F7E2DF06E104F1048CF0C701B60120E165
:1008000037E240E050E00F94FA36CA01B9012AE01D
:1008100030E040E050E00F94FA36605D6093A50B45
:1008200060E288EEC81683E0D806E104F1048CF09B
:10083000C701B60128EE33E040E050E00F94FA36ED
:10084000CA01B9012AE030E040E050E00F94FA36E6
:10085000605D6093A60B60E2E4E6CE16D104E1048D
:10086000F1048CF0C701B60124E630E040E050E02E
:100870000F94FA36CA01B9012AE030E040E050E0B6
:100880000F94FA36605D6093A70B8AE0882E912C56
:10089000A12CB12CC701B601A50194010F94FA3621
:1008A000C62FCA01B901A50194010F94FA36605D03
:1008B0006093A80B8EE28093A90BC05DC093AA0B36
:1008C00084EA9BE0CF91FF90EF90DF90CF90BF90B4
:1008D000AF909F908F90089520E030E048EC52E474
:1008E000C701B6016DCF9F92AF92BF92CF92DF92B8
:1008F000EF92FF920F931F93CF93DF9300D01F923D
:10090000CDB7DEB761E081E00E9485281091890BA8
:1009100085E0A82EA10E84E0F82EF11A83E0E82EDF
:10092000E11A82E0D82ED11A81E0C82EC11A912E88
:100930009194111136C08091880B8823B1F0809179
:100940007402882359F081E09091880B911180E026
:1009500024E045E854E2692D0F9401131F5FA112B2
:10096000E8CF85E08093820B0CC08091910B1092B0
:10097000910B882321F30E9498298091830B88236F
:10098000F1F20F900F900F900F90DF91CF911F9188
:100990000F91FF90EF90DF90CF90BF90AF909F901E
:1009A00008951130D9F58091880B813021F1809123
:1009B0007402882399F2BB24B3948091880B813010
:1009C00009F0B12C8091C0139091C113A091C21372
:1009D000B091C31389839A83AB83BC83CE01019604
:1009E0000E94C28300E09C0141E754E26C2D8B2DF4
:1009F0000E94DB2FB3CF8091910B1092910B882333
:100A0000B1F20F94F91560EC73E18BE794E20F9467
:100A10009C158091830B882351F2B3CF123009F0DB
:100A200085C08091880B823011F1809174028823F7
:100A300009F494CFBB24B3948091880B823009F0E1
:100A4000B12C8091C4139091C513A091C613B0919D
:100A5000C71389839A83AB83BC83CE0101960E941E
:100A6000C28300E09C014DE554E26D2DC0CF809122
:100A7000910B1092910B8823C1F20F94F91564EC3D
:100A800073E187E694E20F949C158091830B882391
:100A900061F277CF8091880B833011F180917402DD
:100AA000882309F45BCFBB24B3948091880B8330F7
:100AB00009F0B12C8091C8139091C913A091CA1369
:100AC000B091CB1389839A83AB83BC83CE0101960B
:100AD0000E94C28300E09C0149E454E26E2D87CF5E
:100AE0008091910B1092910B8823C1F20F94F9150C
:100AF00068EC73E183E594E20F949C158091830B7D
:100B0000882361F23ECF8091910B1092910B882344
:100B1000B9F00F94F9156CEC73E18FE394E20F9444
:100B20009C158091830B882359F02BCF133009F447
:100B3000B1CF143009F012CF8091880B843019F3B3
:100B400080917402882309F409CFBB24B394809167
:100B5000880B843009F0B12C8091CC139091CD1387
:100B6000A091CE13B091CF1389839A83AB83BC83BA
:100B7000CE0101960E94C28300E09C0145E354E24D
:100B80006F2D35CF8F929F92AF92BF92CF92DF920F
:100B9000EF92FF92CF93FC01C080D180E280F3807E
:100BA00020E030E04AE754E4C701B6010F94FA3080
:100BB0004B015C0120E030E0A901C701B6010F94B0
:100BC000943020E030E040EA50E487FF04C020E0A9
:100BD00030E040EA50ECC501B4010F94783720E0D2
:100BE00030E040E251E40F9472380F94E4386B0126
:100BF0007C018BE2F7FE09C0F094E094D094C0949D
:100C0000C11CD11CE11CF11C8DE28093A40BC70117
:100C1000B60120E137E240E050E00F94FA368AE076
:100C2000882E912CA12CB12CCA01B901A5019401E7
:100C30000F94FA36605D6093A50BC701B60128EEEC
:100C400033E040E050E00F94FA36CA01B901A50143
:100C500094010F94FA36605D6093A60BC701B6014C
:100C600024E630E040E050E00F94FA36CA01B901C2
:100C7000A50194010F94FA36605D6093A70B8EE294
:100C80008093A80BC701B601A50194010F94FA3611
:100C9000C62FCA01B901A50194010F94FA36605D0F
:100CA0006093A90BC05DC093AA0B84EA9BE0CF912F
:100CB000FF90EF90DF90CF90BF90AF909F908F907C
:100CC00008952F923F924F925F926F927F928F92F0
:100CD0009F92AF92BF92CF92DF92EF92FF920F93CB
:100CE0001F93CF93DF9300D01F921F92CDB7DEB733
:100CF00061E081E00E948528B090890B2B2C85E073
:100D00008B0D8D8384E0382E3B183AE0432E512C16
:100D1000612C712C83E0882E8B1882E0982E9B1812
:100D200081E0A82EAB18B11040C08091880B8823B9
:100D3000C1F080917402882361F0622D619581E099
:100D40009091880B911180E024E043E254E20F94EB
:100D50000113B3949D819B11E6CF85E08093820BB4
:100D60000CC08091910B1092910B882311F30E947B
:100D700098298091830B8823E1F20F900F900F90B8
:100D80000F900F90DF91CF911F910F91FF90EF90F7
:100D9000DF90CF90BF90AF909F908F907F906F909B
:100DA0005F904F903F902F90089591E0B9123FC00F
:100DB0008091880B8130E9F080917402882349F298
:100DC00011E08091880B813009F010E06091140CE3
:100DD0007091150C8091160C9091170C0E94DC29D3
:100DE00000E09C0143E154E26A2D812F0E94DB2F39
:100DF000B0CF8091910B1092910B8823E9F20F9460
:100E0000F915D12CC12CE12C10E8F12E07E714E4E0
:100E100020E030E040E85FE364E17CE08BE194E2D5
:100E20000F94F0148091830B882331F2A6CFA2E0B7
:100E3000BA12D9C08091880B8230D9F080917402A7
:100E4000882309F486CF11E08091880B823009F065
:100E500010E06091180C7091190C80911A0C90910F
:100E60001B0C0E94DC2900E09C0143E054E2692D48
:100E7000BCCF8091910B1092910B8823F9F20F94C3
:100E8000F915D12CC12CE12C10E8F12E07E714E460
:100E900020E030E040E85FE368E17CE08BE094E252
:100EA0000F94F0148091830B882341F266CF8091D8
:100EB000880B833009F180917402882309F449CFAB
:100EC00011E08091880B833009F010E080911C0CB8
:100ED00090911D0CA0911E0CB0911F0C89839A83D8
:100EE000AB83BC83CE0101960E94C28500E09C01C9
:100EF00043EF53E2682D79CF8091910B1092910BC3
:100F00008823C9F20F94F91520E030E048EC52E450
:100F100060911C0C70911D0C80911E0C90911F0C07
:100F20000F94FA3020E030E040E251E40F9477373C
:100F30000F94EB386B010E946B29B09274028BEF17
:100F400093E29093A30B8093A20BACE1BCE0B0932F
:100F5000A10BA093A00B40929C0B50929D0B609212
:100F60009E0B70929F0B85EF9FE7A0E0B0E080930F
:100F7000980B9093990BA0939A0BB0939B0BD092E4
:100F8000970BC092960B85EA9FE29093171580937A
:100F900016151092950B1092940B1092930B809152
:100FA000830B882309F487CFE8CE8091910B1092B0
:100FB000910B882319F10F94F915D12CC12CE12C38
:100FC00010E8F12E07E714E420E030E040E85FE3AA
:100FD00060E27CE08BEE93E20F94F0148091830B3F
:100FE000882361F0CACEA3E0BA1609F460CFB4E05A
:100FF000BB12AFCE8091880B8430B9F2809174021D
:10100000882309F4A6CE11E08091880B843009F082
:1010100010E06091200C7091210C8091220C909135
:10102000230C0E94DC2900E09C0143EE53E2632D77
:10103000DCCECF92DF92EF92FF92FC01C080D18094
:10104000E280F38020E030E0A901C701B6010F94EF
:10105000943087FF69C0C701B601905820E030E0A6
:1010600040E251E40F94FA3020E030E040EA50E4EE
:101070000F94783720E030E040E251E40F9472386A
:101080000F94E438FB01E03187E2F80708F453C01D
:10109000CF0160E177E20F94473780E3860F8093BA
:1010A000A60BE83E83E0F80708F447C0CF0168EEDE
:1010B00073E00F944737CB016AE070E00F94473735
:1010C000805D8093A70B80E2E436F10558F0CF01F4
:1010D00064E670E00F944737CB016AE070E00F944C
:1010E0004737805D8093A80B80E2EA30F10558F025
:1010F0002AE030E0CF01B9010F944737CB01B901A5
:101100000F944737805D8093A90BCF016AE070E0B0
:101110000F944737805D8093AA0B86EA9BE0FF908F
:10112000EF90DF90CF90089520E030E040E251E46E
:10113000C701B60197CF80E2B2CF80E2C2CF8F92D3
:101140009F92AF92BF92CF92DF92EF92FF92CF9396
:10115000FC01C080D180E280F38020E030E04AE7EB
:1011600054E4C701B6010F94FA304B015C0120E052
:1011700030E040E251ECC701B6010F9494301816EC
:1011800054F420E030E048EC52E4C701B6010F947B
:10119000D83987FD86C020E030E0A901C701B6013B
:1011A0000F94943087FF6EC060E070E080EA90ECAE
:1011B000A50194010F94783720E030E040E251E43B
:1011C0000F9472380F94E4386B017C01F7FC5FC018
:1011D00020E137E240E050E00F94FA36CA01B9014D
:1011E0002AE030E040E050E00F94FA36605D609312
:1011F000A50BC701B60128EE33E040E050E00F94A4
:10120000FA369AE0892E912CA12CB12CCA01B90191
:10121000A50194010F94FA36605D6093A60BC70197
:10122000B60124E630E040E050E00F94FA36CA01FF
:10123000B901A50194010F94FA36605D6093A70B84
:101240008EE28093A80BC701B601A50194010F940B
:10125000FA36C62FCA01B901A50194010F94FA36D6
:10126000605D6093A90BC05DC093AA0B85EA9BE00B
:10127000CF91FF90EF90DF90CF90BF90AF909F9075
:101280008F90089560E070E080EA90E491CFF09450
:10129000E094D094C094C11CD11CE11CF11C6DE2FF
:1012A000A6CF20E030E0A901C701B6010F94943029
:1012B00087FF6AC060E070E080EA90ECA5019401CD
:1012C0000F94783720E030E040E251E40F94723818
:1012D0000F94E4384B015C0120E030E0A901C70124
:1012E000B6010F94D83987FD0BC020E030E040E212
:1012F00051E4C701B6010F94943060E287FD13C03A
:10130000B7FC47C0C501B40128EE33E040E050E02F
:101310000F94FA36CA01B9012AE030E040E050E00B
:101320000F94FA36605D6093A60BC501B40124E604
:1013300030E040E050E00F94FA368AE0C82ED12C1D
:10134000E12CF12CCA01B901A70196010F94FA36DC
:10135000605D6093A70B8EE28093A80BC501B4017A
:10136000A70196010F94FA36C62FCA01B901A70149
:1013700096010F94FA36605D6093A90BC05DC0932F
:10138000AA0B86EA9BE074CF60E070E080EA90E40C
:1013900095CFB094A09490948094811C911CA11C32
:1013A000B11C6DE2C0CF2F923F924F925F926F922D
:1013B0007F928F929F92AF92BF92CF92DF92EF92E5
:1013C000FF920F931F93CF93DF9300D000D01F9213
:1013D0001F92CDB7DEB761E081E00E948528B09012
:1013E000890B9B2C85E08B0D8D8353E0852E67E761
:1013F000262E65EB362E82E08B198E8391E09B19A9
:101400009F8376ED472E76E0572E612C712CA82D08
:10141000AB19A887B1107FC08091880B882309F48D
:1014200053C080917402882361F0692D619581E039
:101430009091880B911180E024E041E552E20F94F5
:10144000011380912C06882309F491C1B3E024E0B4
:10145000A22EBB128EC18091880B833009F40EC17D
:1014600080917402811164C144E0A42E81E08A0D50
:10147000B81221C08091880B8B1509F4BBC18091F3
:1014800074028823C1F011E08091880B8B1110E069
:101490006091B4057091B5058091B6059091B7053E
:1014A0000E94DC2900E09C0144EF51E26B2D691998
:1014B000812F0E94DB2FB3949D819B11ABCFA3940E
:1014C000A394A092820B0EC08091910B1092910B6D
:1014D000882309F4A6CF0E9498298091830B882342
:1014E00009F49FCF28960FB6F894DEBF0FBECDBF8C
:1014F000DF91CF911F910F91FF90EF90DF90CF90F0
:10150000BF90AF909F908F907F906F905F904F9023
:101510003F902F900895B1E0BB1279C08091880B65
:10152000813021F180917402882309F48ACF11E07F
:101530008091880B813009F010E080913A0C9091F5
:101540003B0CA0913C0CB0913D0C89839A83AB83FA
:10155000BC83CE0101960E949F8800E09C014DE370
:1015600052E26F81812F0E94DB2F6BCF8091910B14
:101570001092910B8823B1F220E030E048EC52E465
:1015800060913A0C70913B0C80913C0C90913D0C19
:101590000F94FA300F94EB386B010E946B29809204
:1015A000740287E492E29093A30B8093A20B8AE3E8
:1015B0009CE09093A10B8093A00B10929C0B109237
:1015C0009D0B10929E0B10929F0B8FEF9FE7A0E058
:1015D000B0E08093980B9093990BA0939A0BB093E3
:1015E0009B0BD092970BC092960B83EC9FE290934B
:1015F0001715809316151092950B1092940B10925C
:10160000930B8091830B882309F48CCF6BCF92E0EE
:10161000B91217CF8091880B8230C1F0809174028B
:10162000882309F40ECF80912C0620E332E2811149
:1016300002C02CE232E281E09091880B923009F0F6
:1016400080E001E043E352E26E818DCF80912C0671
:101650009091910B1092910B992301F3A1E08A27AD
:1016600080932C06809274022114310411F00E94A0
:1016700077B58091830B882389F234CF8091910BC9
:101680001092910B882309F4EBCE0F94F91520E00A
:1016900030E04AE754E4609131067091320680915F
:1016A0003306909134060F94FA3020E030E84BEB8B
:1016B00054E40F9477370F94EB386B010E946B2939
:1016C000B092740282E292E29093A30B8093A20BF9
:1016D00081E396E09093A10B8093A00B8CED95E0B5
:1016E000A0E0B0E080939C0B90939D0BA0939E0B89
:1016F000B0939F0B4092980B5092990B60929A0B6B
:1017000070929B0BD092970BC092960B8DEB9FE241
:1017100090931715809316153092950B2092940B89
:101720001092930B8091830B882309F499CEDACE23
:1017300011E08091880B833009F010E08091310630
:1017400090913206A0913306B091340689839A8332
:10175000AB83BC83CE0101960F94681300E09C011B
:1017600048E152E26885812F0E94DB2F7DCE33E075
:10177000A32EAB107BCE8091880B8A15F9F0809157
:101780007402882309F472CEFB2CF91811E08091C1
:10179000880B8B1110E06091B0057091B1058091BC
:1017A000B2059091B3050E94DC2900E09C0144E061
:1017B00052E26F2D812F0E94DB2F58CE8091910B2A
:1017C0001092910B8823D9F20F94F915D12CC12CCA
:1017D000E12CF12C08E413E420E030E0A90160EBF7
:1017E00075E08EE092E20F94F0148091830B8823D1
:1017F00031F278CE8091910B1092910B882309F4ED
:101800003ECE0F94F915D12CC12CE12CF12C08E41B
:1018100013E420E030E0A90164EB75E08CEF91E285
:101820000F94F0148091830B882309F428CE5ACEAC
:101830009C0197FD2DC080E2243631055CF0C90182
:1018400064E670E00F945B37CB016AE070E00F94C0
:101850005B37805D8093A80B80E22A3031055CF015
:10186000EAE0F0E0C901BF010F945B37CB01BF0193
:101870000F945B37805D8093A90BC9016AE070E02B
:101880000F945B37805D8093AA0B88EA9BE00895F4
:101890003195219531098DE2DDCF3F924F925F92D4
:1018A0006F927F928F929F92AF92BF92CF92DF9270
:1018B000EF92FF920F931F93CF93DF93CDB7DEB7D5
:1018C000A6970FB6F894DEBF0FBECDBF1092900B57
:1018D0008091910B1092910B882369F120E040E0F8
:1018E00070E060E08FE291EA0E94D42881E080936A
:1018F0004F058DE49EE29093161480931514109278
:10190000181410921714A6960FB6F894DEBF0FBEE7
:10191000CDBFDF91CF911F910F91FF90EF90DF909E
:10192000CF90BF90AF909F908F907F906F905F907F
:101930004F903F90089520911702309118024091E6
:10194000960B5091970BCA01820F931F24363105D5
:1019500089F4473051053CF006978A309105CCF464
:101960008AE090E01FC006964A3F5F4FB4F384E6DA
:1019700090E00FC0243631054CF485369105BCF754
:101980008A30910534F48AE090E009C084369105EC
:1019900074F3883EE3E09E0714F087EE93E082172D
:1019A000930741F090931802809317021092970BBF
:1019B0001092960B80915105882309F447C16091DC
:1019C000271470912814072E000C880B990B0F9484
:1019D0009B3011E020912314309124144091251460
:1019E000509126140F94D83918160CF010E060911D
:1019F0007F0B7091800B072E000C880B990B0F94B6
:101A00009B3020917B0B30917C0B40917D0B509152
:101A10007E0B0F94D83918160CF4106810938A05B1
:101A20002091D50B3091D60B4091D70B5091D80B0C
:101A30006091EF0B7091F00B8091F10B9091F20B94
:101A40000F9478376B017C0120E030E0A9010F94FE
:101A5000943020E030E040E05FEB87FD04C020E000
:101A600030E040E05FE3C701B6010F9478370F9490
:101A7000E438CB010E947275BC0185E895E00F94B3
:101A8000DA3A2091D90B3091DA0B4091DB0B50916F
:101A9000DC0B6091F30B7091F40B8091F50B90913E
:101AA000F60B0F9478376B017C0120E030E0A90140
:101AB0000F94943020E030E040E05FEB87FD04C0FD
:101AC00020E030E040E05FE3C701B6010F947837D3
:101AD0000F94E438CB010E947275BC0180E895E058
:101AE0000F94DA3A2091DD0B3091DE0B4091DF0B41
:101AF0005091E00B6091F70B7091F80B8091F90B0E
:101B00009091FA0B0F9478376B017C0120E030E064
:101B10004AE754E40F94FA304B015C0120E030E0D6
:101B2000A901C701B6010F94943020E030E040EAEB
:101B300050EC87FD04C020E030E040EA50E4C501ED
:101B4000B4010F94783720E030E040E251E40F9484
:101B500072380F94E4386B017C0180E2F7FE09C013
:101B6000F094E094D094C094C11CD11CE11CF11CF1
:101B70008DE28093A40B60E2F0E1CF16F7E2DF067E
:101B8000E104F1048CF0C701B60120E137E240E046
:101B900050E00F94FA36CA01B9012AE030E040E083
:101BA00050E00F94FA36605D6093A50B60E228EE7A
:101BB000C21623E0D206E104F1048CF0C701B6019D
:101BC00028EE33E040E050E00F94FA36CA01B90144
:101BD0002AE030E040E050E00F94FA36605D609318
:101BE000A60BC701B60124E630E040E050E00F94B8
:101BF000FA368AE0882E912CA12CB12CCA01B901A9
:101C0000A50194010F94FA36605D6093A70BC7019C
:101C1000B601A50194010F94FA36162FCA01B90135
:101C2000A50194010F94FA36112309F40EC48EE233
:101C30008093A80B605D6093A90B105D1093AA0BB5
:101C400064EA7BE088E795E00F94DA3A0E94CB766D
:101C5000382E81E00E94C22B80918A0562E122E049
:101C600087FF02C068E02CE090915015943170F429
:101C700090915215961750F009E21EE287FD02C0BE
:101C800003E21EE243E080E50F94991B809150151A
:101C90008431A0F480915215823080F0332031F0ED
:101CA0008091280C0DEE1DE2811102C007EB1DE2B0
:101CB00022E143E062E088E60F94991B8091501581
:101CC0008C3108F048C1C0902314D0902414E090C7
:101CD0002514F0902614A0902714B0902814843175
:101CE00090F480915215883070F080918A050FE948
:101CF0001DE280FD02C007E81DE22CE042E068E042
:101D000088E00F94991B809150158830E0F53110D0
:101D100004C080915106811136C0B501BB0C880BFF
:101D2000990B0F949B3020E030E040E05FE30F948C
:101D300078370F94E438CB010E94188CFC01808125
:101D400093E0803229F4818192E0803209F491E0BD
:101D5000892F880F880F392F381B832F815F80933D
:101D6000531587E08093541523E030E0291B310997
:101D7000CF01820F931F0E94202E69E070E080E067
:101D800090E00E947B2C809150158C31B0F58091B1
:101D90005215853190F120E030E040E05FE3C7016B
:101DA000B6010F9478370F94E438CB010E94188C59
:101DB000FC01808193E0803229F4818192E08032BD
:101DC00009F491E0892F880F880F492F481B842F31
:101DD000815F809353158CE18093541523E030E0AC
:101DE000291B3109CF01820F931F0E94202E69E029
:101DF00070E080E090E00E947B2CC0907B0BD09044
:101E00007C0BE0907D0BF0907E0B8091501588301C
:101E100008F040C0311004C080914C0681113AC0D6
:101E200060917F0B7091800B072E000C880B990B33
:101E30000F949B3020E030E040E05FE30F94783770
:101E40000F94E438CB010E94188CFC01808193E050
:101E5000803229F4818192E0803209F491E0892F67
:101E6000880F880F592F581B852F845A809353153C
:101E700087E08093541523E030E0291B3109CF011E
:101E8000820F931F0E94202E69E070E080E090E0B6
:101E90000E947B2C809150158C31B0F580915215A9
:101EA000853190F120E030E040E05FE3C701B6010A
:101EB0000F9478370F94E438CB010E94188CFC0102
:101EC000808193E0803229F4818192E0803209F4AC
:101ED00091E0892F880F880F692F681B862F845AFD
:101EE000809353158CE18093541523E030E0291B37
:101EF0003109CF01820F931F0E94202E69E070E00C
:101F000080E090E00E947B2C809150158C3118F578
:101F1000809152158531F8F08091280C8823D9F0F2
:101F200097E6909353159CE190935415E4E68E9FA9
:101F3000C001112481589F4F6FEF70E00F945B3701
:101F4000CB010E94188C0E94202E65E270E080E098
:101F500090E00E947B2C0E941831882369F18091C7
:101F60005015843348F5809152158A3228F107E0E4
:101F700028E04AE26AE28CE195E10F94941C05E0C6
:101F800022E04CE262E38CE195E10F94941C6AE05C
:101F90008AE20F944D1C60911E1570911F1582E30B
:101FA000809338158BE28093391528E335E142E3BD
:101FB0008CE195E10F94F61A80915015853340F429
:101FC00080915215813320F06AE486E30F944D1C12
:101FD0008091681582FF4BC20E941831882309F452
:101FE00046C28091601590916115A0916215B091E3
:101FF00063150097A105B10509F439C2BC01CD01F3
:102000006D597F4F8F4F9F4F24E630E040E050E006
:102010000F94D8366091641570916515809166159E
:10202000909167150F94D836122F223010F18091BD
:1020300050158433F0F4809152158233D0F0F8E4D7
:102040002F9FB0011124072E000C880B990B0F94C1
:102050009B302AE037ED43E25CE30F94FA300F94B3
:10206000EB38262F02E042E367E38CE195E10F9421
:10207000941C809150158F3208F02CC1809152151C
:10208000883208F427C10E9460836F8F78A389A3E8
:102090009AA341E0603871458140910508F440E021
:1020A000BE01625F7F4FCE014F960E94D72B86E321
:1020B000809353158FE280935415CE010E960E94A3
:1020C000202E1B8E1C8E1D8E1E8E0E941831882382
:1020D00039F090914106915081E0923008F080E013
:1020E0004F8C58A069A07AA0C0906415D090651557
:1020F000E0906615F09067158090601590906115DE
:10210000A0906215B09063158823D1F040917405BA
:1021100050917505609176057091770544165506C6
:102120006606770668F040917005509171056091E0
:10213000720570917305C416D506E606F70680F49D
:1021400010926C0510926D0510926E0510926F053D
:10215000109268051092690510926A0510926B053D
:1021600040927405509275056092760570927705DD
:10217000C0927005D0927105E0927205F0927305DD
:10218000882309F47AC1123008F477C1C114D1044C
:10219000E104F10409F471C181149104A104B104B2
:1021A00009F46BC180916C0590916D05A0916E054D
:1021B000B0916F05892B8A2B8B2BA9F08091680534
:1021C00090916905A0916A05B0916B05A3019201F8
:1021D000281B390B4A0B5B0BDA01C901CC97A1050F
:1021E000B10508F43FC0C301B2010F9499306BA34D
:1021F0007CA38DA39EA3C501B4010F9499309B01CC
:10220000AC016BA17CA18DA19EA10F94FA304B0172
:102210005C01C701B6010F9499309B01AC01C50167
:10222000B4010F94723820E030E040E05FE30F9497
:1022300078370F94EB38641575058605970510F40B
:10224000C301B20160936C0570936D0580936E05B8
:1022500090936F05409268055092690560926A05F7
:1022600070926B0580916C0590916D05A0916E0543
:10227000B0916F050097A105B10509F4FEC048169D
:1022800059066A067B0608F0F4C084199509A60968
:10229000B7098B8F9C8FAD8FBE8F41E08038914501
:1022A000A140B10508F440E0BE016F5F7F4FCE0151
:1022B0004B960E94D72B982F990F990F891B880F47
:1022C0008058809353158FE280935415CE01019668
:1022D0000E94202E80915015863208F064C08091B3
:1022E00052158E3108F45FC008E020E84EE160E04E
:1022F0008CE195E10F94941C80915015863208F082
:1023000052C0809152158F3108F44DC010923C1587
:1023100083E08093531515E21093541568E570E03F
:1023200080E090E00E947B2C8BE08093531510930B
:102330005415332009F4C0C085E895E00E94202E92
:1023400088E28093531515E21093541569E570E007
:1023500080E090E00E947B2C80E3809353151093E3
:102360005415332009F4BFC080E895E00E94202E68
:102370008DE48093531515E2109354156AE570E0CF
:1023800080E090E00E947B2C85E5809353151093AC
:102390005415332009F4BFC088E795E00E94202E31
:1023A00081E080933C1580915015823348F58091EF
:1023B00052158B3228F183E00E94C22B83E0809378
:1023C000531512E31093541566E070E080E090E03E
:1023D0000E947B2C81E00E94C22B8CE080935315DD
:1023E0001093541580911702909118020E94188C36
:1023F0000E94202E65E270E080E090E00E947B2C3D
:1024000080915015813408F07ECA8091521587332F
:1024100008F479CA109253158EE3809354158AEF0D
:1024200093E10E94632B182F60E870E08AEF93E13C
:102430000E94412D153108F066CA60E270E080E02C
:1024400090E00E947B2C1F5FF5CF662351F08EE257
:102450008093A80B605D6093A90B80E28093AA0B28
:10246000EFCB80E28093A90B8093A80BF6CF10E00E
:1024700000CE80E090E0DC010CCF0E941831882370
:1024800009F428CF809141068150823008F022CF94
:1024900081E89DE20E94412B982F990F990F891B8B
:1024A000880F8058809353158FE2809354158BE7E3
:1024B0009DE20E943D2D0ECF80910F0680FD3CCF06
:1024C00005E815E0F80161918F01662309F438CF22
:1024D0006F320CF06FE3062E000C770B880B990B14
:1024E0000E947B2CEFCF80910F06869580FD3CCF1C
:1024F00000E815E0F80161918F01662309F438CFF7
:102500006F320CF06FE3062E000C770B880B990BE3
:102510000E947B2CEFCF80910F068695869580FDDB
:102520003BCF08E715E0F80161918F01662309F4BC
:1025300037CF6F320CF06FE3062E000C770B880B51
:10254000990B0E947B2CEFCF2F923F924F925F927C
:102550006F927F928F929F92AF92BF92CF92DF92B3
:10256000EF92FF920F931F93CF93DF934C016B0178
:102570005A0160E085E00E9485285090890B53E065
:10258000652EC114D10411F442E0642ED52D8EE0E5
:10259000E82EF12C92E0292E2EE3322E35E0432E48
:1025A0007D2E7518D111D6C080917402882399F0C0
:1025B0008091130265E677E2823031F065E577E2DB
:1025C000833011F068E477E210E000E021E041E0C0
:1025D000872D0E94982DC62DA114B10411F16D1202
:1025E0000CC080917402882341F010E000E020E0EC
:1025F00041E0B501872D0E94982DC62DCF5F81E067
:1026000090E0C114D10411F490E080E021E030E0CA
:10261000A114B10411F430E020E0820F931F02975F
:1026200081F0CD130DC080917402882349F010E031
:1026300000E020E041E06EE777E2872D0E94982DD0
:10264000CF5FCD1368C080917402882309F461C004
:1026500010E000E021E040E063E777E2872D0E9490
:10266000982D1091480593EF9E0D909346058EEF9F
:102670008E0D8093D40B209150152E151F0411F050
:102680000CF047C020915215921708F042C03092CA
:1026900053158093541565E470E080E090E00E944B
:1026A0007B2C61E3610F062E000C770B880B990BD6
:1026B0000E947B2C60E270E080E090E00E947B2C26
:1026C0006091231470912414809125149091261404
:1026D0000F94E438CB010E94188C0E94202E6FE2E8
:1026E00070E080E090E00E947B2C0E94CB7681110C
:1026F00008C0419EF0011124E35BF94F84818111F0
:1027000008C080912714909128140E94188C0E9470
:10271000202E209274028CE0E80EF11CDF5F8AE428
:10272000E816F10409F03CCFCF5FC093820BDF9134
:10273000CF911F910F91FF90EF90DF90CF90BF90BE
:10274000AF909F908F907F906F905F904F903F9051
:102750002F900895D13059F480917402882309F4A0
:102760003ACF10E000E020E041E0B40131CFC114E5
:10277000D10409F430CFD23009F02DCF809174020A
:10278000882341F010E000E020E041E0B601872D11
:102790000E94982DC3E0A114B10409F02FCF2FCFD0
:1027A00050E040E070E060E080E897E20C94A49292
:1027B0004BE857E264E977E284EA97E20C94A4924A
:1027C00050E040E06DEA77E28DEB97E20C94A49242
:1027D00050E040E064E478E284E598E20C94A4924E
:1027E00040E058E26CE078E28DE198E20C94A4922B
:1027F00050E040E06DE278E28BE398E20C94A49222
:1028000050E040E06DE778E28CE898E20C94A49206
:1028100050E040E061E678E28EE698E20C94A49203
:1028200050E040E064EE77E283EF97E20C94A492EC
:1028300050E040E066EC77E285ED97E20C94A492DC
:10284000BF92CF92DF92EF92FF920F931F93CF939D
:10285000DF9381E080935E0510925D0561E00E9448
:102860008528C091890B85E0D82EDC0E81E0D4E06C
:10287000DC1B93E0F92EFC1A92E0E92EEC1AC82E2C
:10288000CC1ABC2EB194C11128C0882389F0809144
:10289000880B18166CF02091960B3091970B2F5FD8
:1028A0003F4F3093970B2093960B8F5F8093880B4D
:1028B00080917402882349F010E000E021E041E0BB
:1028C00068ED76E28B2D0E94982DCF5F80E0DC12C0
:1028D000DACF85E08093820B23C0C13059F5809117
:1028E000880B813089F080917402882371F381E034
:1028F0009091880B913009F080E024E04FE157E29D
:102900006C2D0F940113E1CF8091910B1092910BDC
:10291000882349F30E9498298091830B882319F317
:10292000DF91CF911F910F91FF90EF90DF90CF90AB
:10293000BF900895C23009F069C08091880B823041
:1029400081F080917402882309F4BFCF81E09091D7
:10295000880B923009F080E020E244E057E26E2DCF
:10296000D0CF8091910B1092910B882351F38091DD
:10297000BE059091BF050E9456828091830B8823EB
:1029800001F3CECF8091880B833081F08091740267
:10299000882309F49ACF81E09091880B933009F055
:1029A00080E020E247EF56E26F2DABCF8091910B94
:1029B0001092910B882351F38091C0059091C1052D
:1029C0000E9456828091830B882301F3A9CF8091C6
:1029D000910B1092910B882319F10F94F9156091C6
:1029E0005D0537E16302B0011124695D7B4E05EAA4
:1029F00012E82DE131E04AEA50E088EE96E20F94C9
:102A0000FD138091830B882359F08ACFC33009F4DA
:102A1000B9CFC43009F059CF8091880B8430B9F216
:102A200080917402882309F450CF11E08091880BC3
:102A3000843009F010E020915D0537E12303F001B7
:102A40001124E15EFB4E808591850E94188C00E088
:102A50009C0140E157E26D2F812F0E94DB2F35CF83
:102A60002F923F924F925F926F927F928F929F929E
:102A7000AF92BF92CF92DF92EF92FF920F931F938C
:102A8000CF93DF9300D000D01F921F92CDB7DEB757
:102A900061E081E00E948528B090890BAB2C25E095
:102AA000222E2B0C88E0382E3B183BE9432E3FE7C3
:102AB000532E612C712C87E0882E8B1886E0982E7F
:102AC0009B18B110A0C08091880B882309F474C0B2
:102AD00080917402882361F06A2D619581E0909164
:102AE000880B911180E024E04DEE52E20F94011327
:102AF0002CEA35EC47E25EE360912E1470912F14BE
:102B000080913014909131140F9472386D837E83CC
:102B10008F8398876093590570935A0580935B055E
:102B200090935C052CEA35EC47E25EE36091321449
:102B30007091331480913414909135140F94FA30BD
:102B40006B017C01C0925505D0925605E092570565
:102B5000F092580595E0B912FEC18091880B85303E
:102B600009F4A0C1809174028823F9F011E08091EA
:102B7000880B853009F010E080912A1490912B1475
:102B8000A0912C14B0912D1489839A83AB83BC83BC
:102B9000CE0101960E94C28565E06A1900E09C01A1
:102BA00045EA52E2812F0E94DB2FB394B21089CF05
:102BB00089E08093820B0EC08091910B1092910B53
:102BC000882309F485CF0E9498298091830B88235C
:102BD00009F47ECF28960FB6F894DEBF0FBECDBFA6
:102BE000DF91CF911F910F91FF90EF90DF90CF90E9
:102BF000BF90AF909F908F907F906F905F904F901D
:102C00003F902F90089581E0B81230C09091880BCA
:102C10009130C9F080917402882309F469CF8091C2
:102C2000520621EE32E2811102C02DED32E261E066
:102C30006A1981E0913009F080E001E044EE52E24F
:102C40000E94DB2F55CF8091910B1092910B88231E
:102C500009F3809152068B258093520683E080937E
:102C600074028091830B8823A9F2B4CF92E0B91249
:102C700089C28091880B823009F468C08091740207
:102C80008823C9F011E08091880B823009F010E0B0
:102C900060913B0270913C0280913D0290913E0216
:102CA0000E94DC2962E06A1900E09C014FEC52E2CC
:102CB000812F0E94DB2F2CEA35EC47E25EE3609126
:102CC0002E1470912F1480913014909131140F9420
:102CD00072386093590570935A0580935B05909301
:102CE0005C052CEA35EC47E25EE3609132147091AA
:102CF000331480913414909135140F94FA3060930A
:102D00005505709356058093570590935805B8E084
:102D1000BB124BCF8091880B883009F418C2809188
:102D20007402882309F441CF11E08091880B883028
:102D300009F010E080910F02909110020E94188C0F
:102D400000E09C0143E752E2632D2CCF8091910B70
:102D50001092910B882309F491CFD12CC12CE12C36
:102D600010E8F12E0EE813E420E030E0A9016BE357
:102D700072E086ED92E20F94F0148091830B882329
:102D800009F47CCF27CF8091880B8330E9F08091C4
:102D90007402882309F48FCF11E08091880B83306F
:102DA00009F010E060913702709138028091390289
:102DB00090913A020E94DC2963E06A1900E09C01CC
:102DC00041EC52E2812F3CCF8091910B1092910BFC
:102DD0008823E9F2D12CC12CE12C10E8F12E0EE869
:102DE00013E420E030E0A90167E372E088EC92E2AE
:102DF0000F94F0148091830B882349F2EBCE8091DD
:102E0000910B1092910B882309F4C8C120E030E0A7
:102E100048EC52E460913F0270914002809141027F
:102E2000909142020F94FA300F94EB386B010E949C
:102E30006B2983E08093740289EB92E29093A30B59
:102E40008093A20B8FE392E09093A10B8093A00B51
:102E500010929C0B10929D0B10929E0B10929F0B48
:102E600088EE93E0A0E0B0E08093980B9093990BEC
:102E7000A0939A0BB0939B0BD092970BC092960B9A
:102E800083EC9FE290931715809316151092950B83
:102E90001092940B1092930B8091830B882309F46A
:102EA0007DC198CE8091910B1092910B882309F4EB
:102EB00059CE20E030E048EC52E460912A14709141
:102EC0002B1480912C1490912D140F94FA3020E043
:102ED00030E048EC52E40F9477370F94EB386B01F5
:102EE0000E946B2983E0809374028BEA92E29093B4
:102EF000A30B8093A20B8AE294E19093A10B8093A1
:102F0000A00B84E690E0A0E0B0E080939C0B90934F
:102F10009D0BA0939E0BB0939F0B4092980B5092E9
:102F2000990B60929A0B70929B0BD092970BC09268
:102F3000960B85EA9FE290931715809316151092D1
:102F4000950B1092940B1092930B8091830B882316
:102F500009F408CE3FCE96E0B9127EC08091880B6E
:102F6000863009F180917402882309F41ECE11E0A5
:102F70008091880B863009F010E08091590590917E
:102F80005A05A0915B05B0915C0589839A83AB8358
:102F9000BC83CE0101960E94C28500E09C0149E9F4
:102FA00052E2692DFFCD8091910B1092910B8823F5
:102FB000C9F20E946B2983E0809374028FE992E248
:102FC0009093A30B8093A20B89E595E09093A10BBE
:102FD0008093A00B81E090E0A0E0B0E080939C0B98
:102FE00090939D0BA0939E0BB0939F0B8EEF9FE74A
:102FF000A0E0B0E08093980B9093990BA0939A0B6C
:10300000B0939B0B20E030E048EC52E46D817E8170
:103010008F8198850F94FA3020E030E040E85FE33C
:103020000F9477370F94EB387093970B6093960B50
:1030300085EA9FE2909317158093161580EB96E72B
:103040009093950B8093940B1092930B8091830B2C
:10305000882309F487CFBECD97E0B91258CE80916E
:10306000880B873009F180917402882309F49DCD83
:1030700011E08091880B873009F010E080915505B0
:1030800090915605A0915705B091580589839A8370
:10309000AB83BC83CE0101960E94C28500E09C01F7
:1030A0004DE852E2682D7ECD8091910B1092910BEC
:1030B0008823C9F20E946B2983E080937402A3E9FC
:1030C000B2E2B093A30BA093A20B85E595E0909399
:1030D000A10B8093A00B84E690E0A0E0B0E0809389
:1030E0009C0B90939D0BA0939E0BB0939F0B4092D3
:1030F000980B5092990B60929A0B70929B0B20E068
:1031000030E048EC52E4C701B6010F94FA3020E0F9
:1031100030E048EC52E40F9477370F94EB3870931B
:10312000970B6093960B85EA9FE290931715809317
:10313000161589E996E79093950B8093940B10925E
:10314000930B8091830B882309F48DCF43CD80911D
:10315000910B1092910B882309F4E1CD0F94F9158E
:1031600000E112E82DE131E046E950E06FE072E065
:1031700080E892E20F94FD138091830B882309F479
:10318000CECD28CD93E0B91609F4FDCDA4E0BA1256
:10319000AFCC8091880B843009F431CE80917402D9
:1031A000882309F488CD11E08091880B843009F0E0
:1031B00010E080913F0290914002A0914102B091B5
:1031C000420289839A83AB83BC83CE0101960E941D
:1031D0009F8864E06A1900E09C0141EB52E2F2CD65
:1031E000282F80E2243628F0822F64E60F943B37A4
:1031F000805D8093A80B90E22A3040F03AE0822F65
:10320000632F0F943B370F943B37905D9093A90B3E
:10321000822F6AE00F943B37905D9093AA0B88EA67
:103220009BE008959F92AF92BF92CF92DF92EF9270
:10323000FF920F931F93CF93DF9361E081E00E9491
:103240008528C091890B85E0C82ECC0E11E093E053
:10325000B92E28E4E22E28E2F22ED2E0DC1BA12EC9
:10326000AC1A9C2E9194C11132C08091880B882396
:10327000B1F080917402882359F081E09091880B1D
:10328000911180E024E04BEB55E2692D0F9401137E
:10329000CF5FCC12E8CF83E08093820B0CC080918B
:1032A000910B1092910B882321F30E949829809111
:1032B000830B8823F1F2DF91CF911F910F91FF9043
:1032C000EF90DF90CF90BF90AF909F900895C13066
:1032D00081F58091880B8130C1F080917402882340
:1032E000B9F2DD24D3948091880B813009F0D12C80
:1032F000809112020E94F09800E09C0149E955E299
:103300006A2D8D2D0E94DB2FC3CF8091910B1092DF
:10331000910B882311F321E048E458E262E172E066
:103320008AEA95E20F94A5148091830B8823A9F271
:10333000C2CFC23009F0ACCF8091880B8230C1F08F
:1033400080917402882309F4A3CF809111022BE8A5
:1033500035E2811102C027E835E281E09091880BC7
:10336000923009F080E001E04EE855E26D2FCACFBF
:103370008091910B1092910B882311F3809111028F
:10338000812780931102B0927402E114F10411F0CC
:103390000E9448288091830B882391F28CCF2F9232
:1033A0003F924F925F926F927F928F929F92AF92D5
:1033B000BF92CF92DF92EF92FF920F931F93CF9322
:1033C000DF9300D0CDB7DEB7898361E081E00E9452
:1033D00085287090890B3981232F30E03B832A8325
:1033E000C901880F991FFC01E254FA4F6F019C013B
:1033F00026543A4F790135E0370D398384E0682E41
:103400006718570183E0582E57184F0182E0482E65
:1034100047188A819B8188549A4F9B838A8381E0D5
:10342000382E3718272C2194711037C08091880BC3
:10343000882389F080917402882309F44CC081E0CC
:103440009091880B911180E024E042E056E2622DD9
:103450000F94011340C08091910B1092910B88231F
:1034600049F30E9498298091830B882319F30F90C8
:103470000F900F90DF91CF911F910F91FF90EF90E0
:10348000DF90CF90BF90AF909F908F907F906F9084
:103490005F904F903F902F90089591E0791237C040
:1034A0008091880B8130F9F080917402882399F023
:1034B00011E08091880B813009F010E0EA81FB81F6
:1034C00080810E94F09800E09C014EEE55E2632D51
:1034D000812F0E94DB2F7394F9817F12A5CF85E0A5
:1034E0008093820BC4CF8091910B1092910B882313
:1034F000D9F220E050E040E06A817B8188EF95E2DC
:103500000F94A5148091830B882371F2B0CFF2E061
:103510007F126EC08091880B8230A9F08091740276
:103520008823C9F211E08091880B823009F010E005
:10353000F401808191810E94188C00E09C0140EE92
:1035400055E2642DC5CF8091910B1092910B882389
:1035500029F310E000E02DE131E045E050E0B60154
:1035600087EE95E20F94FD138091830B8823B1F2CF
:103570007ECF8091880B8330B1F0809174028823D4
:1035800009F4A9CF11E08091880B833009F010E095
:10359000F501808191810E94188C00E09C0148ED2A
:1035A00055E2652D95CF8091910B1092910B882358
:1035B00021F310E000E02EE630E045E050E0B701F6
:1035C0008CED95E20F94FD138091830B8823A9F273
:1035D0004ECF8091910B1092910B8823A1F00E9405
:1035E00070E10E947C288091830B882361F03FCF9B
:1035F00023E0721609F4BDCF34E073126CCF8091D2
:10360000880B843031F380917402882309F463CFEE
:1036100081E09091880B943009F080E020E249EC41
:1036200055E2662D15CF80E00C94CF9981E00C9483
:10363000CF998F929F92AF92BF92CF92DF92EF92EB
:10364000FF920F931F93CF93DF93CDB7DEB72C97E5
:103650000FB6F894DEBF0FBECDBF8B0140E050E047
:1036600068EC72E44D835E836F83788740E050E0BE
:1036700060EA70E449875A876B877C87813009F15B
:10368000823009F443C08090F70B9090F80BA09023
:10369000F90BB090FA0BF801C084D184E284F38472
:1036A0009601A701B401C5010F94943087FD02C0B3
:1036B00064017501C601D70189839A83AB83BC83FA
:1036C00048C0BE01675F7F4FC80108960E944FDC6B
:1036D000B8016C5F7F4FAE014B5F5F4FC8010E9426
:1036E0002DDC0E9431EA2C960FB6F894DEBF0FBE97
:1036F000CDBFDF91CF911F910F91FF90EF90DF90A1
:10370000CF90BF90AF909F908F900895F801208543
:103710003185428553856091F70B7091F80B80914C
:10372000F90B9091FA0B0F9478376B017C0120E034
:1037300030E040EA53E40F94943087FD06C0C12C7A
:10374000D12C80EAE82E83E4F82EC982DA82EB825B
:10375000FC82BE01675F7F4FCE010196B7CF0F930A
:103760001F930F940D1A0091FE141091FF142091D5
:103770000015309101150115110521053105D9F507
:10378000209104152223A1F1E091021521502093EC
:10379000041521E02E0F20930215309105152313F7
:1037A00002C01092021524E0E29FF0011124EA5FAA
:1037B000FA4E00811181228133810093FA14109313
:1037C000FB142093FC143093FD14600F711F811DB6
:1037D000911D6093FE147093FF14809300159093D5
:1037E00001158091FC149091FD14892B09F0409AE9
:1037F0001F910F910895601B710B820B930B97FD26
:10380000F7CF40981092FE141092FF1410920015FA
:1038100010920115EDCF0F931F93CF93DF938C017F
:10382000EB019091041520910515921305C00E949B
:10383000AF9B0E9487C5F5CF8091031534E0839F2D
:10384000F0011124EA5FFA4E11830083D383C2830F
:103850009F5F909304158F5F281739F080930315AD
:10386000DF91CF911F910F91089510920315F8CF1A
:103870000F931F93CF93DF938C016F3F19F4109236
:10388000101460E020911014862F062E000C990B66
:103890002817190609F00CF560931014C8010F944D
:1038A000E12F800F911FEC01C01BD10BC631D10558
:1038B0003CF00197FC012491207C2038D1F3F3CF18
:1038C000DD27AE01B8018AEF93E10F940230C650B4
:1038D000DC4E188283E080937402DF91CF911F91B8
:1038E0000F91089510925405109265028091681509
:1038F0008062809368150E9481C960E082E99EE23F
:103900000E94389C0C9490298091681582FD07C014
:1039100080914106823071F485E89EE20FC080916B
:10392000B90B811104C08CEA9BE00C94E8FC89EB94
:103930009BE0FBCF813029F088E69EE26FEF0C948C
:10394000389C89E79EE2FACF8CEA9BE00F94B9227B
:103950000E9490290C94849C0F931F930F940D1A2E
:1039600000919E0510919F052091A0053091A10521
:10397000601B710B820B930B97FD0CC086B186FB0D
:10398000882780F991E08927349B8260329B84608C
:1039900080939D0580919D05817090919D0591FD7D
:1039A000826090919C05981749F0813009F148F0A8
:1039B000823079F0833091F080939C051F910F91B4
:1039C0000895913079F09230B9F790919B0591501C
:1039D0000CC0992339F09330C1F3EECF9130A9F3A5
:1039E000923051F790919B059F5F90939B05E4CF98
:1039F000992359F3933001F7F5CF4F925F926F926D
:103A00007F928F929F92AF92BF92CF92DF92EF926E
:103A1000FF920F931F93CF93DF9300D01F92CDB7E8
:103A2000DEB70F940D1A4B015C01809114028F3F99
:103A300009F441C00F940D1A00918B0510918C056B
:103A400020918D0530918E05601B710B820B930BBD
:103A500097FD31C08091D8149091D9148F5F8F70E9
:103A6000891749F1E091140224E0E202F0011124E7
:103A7000E557FD4F20E030E040E752E4608171817E
:103A8000828193810F94723869837A838B839C83BC
:103A9000C12CD12C76018E010F5F1F4F2BEF3BE025
:103AA00047EF5BE063EF7BE08FEE9BE00F94820FCC
:103AB0008FEF809314020E94AC9C80919D0582FF41
:103AC00037C080919A05811135C091E090939A0595
:103AD00020915405211103C08091530589278093BB
:103AE000910B1092540583E08093740210929D050F
:103AF0000F940D1A6C507E4F8F4F9F4F60939E0511
:103B000070939F058093A0059093A10568E873E1E9
:103B100082E090E00E940B9C16E0115059F00E9448
:103B2000AF9B62E070E080E090E00F94DA19F5CF8F
:103B300010929A0590910901892F809581701091BA
:103B400099051817A9F18093990590FDDBC064EFE2
:103B500071E080E090E00E94313A0E948BF41230D4
:103B600009F0CAC010925D150F94532281E0809332
:103B70004F058DE49EE290931614809315141092D5
:103B800018141092171483E0809374020F940D1A86
:103B90004B015C01DC01CB018C599F4FAF4FBF4FF4
:103BA0008093950590939605A0939705B0939805FB
:103BB0008091950590919605A0919705B0919805F3
:103BC000A5019401281B390B4A0B5B0BDA01C901D3
:103BD000B7FF05C080915205882309F4C2C1D50101
:103BE000C4018C599F4FAF4FBF4F80939505909361
:103BF0009605A0939705B093980560919B05062EB6
:103C0000000C770B77FF03C0719561957109062E43
:103C1000000C770B880B990B0F949B302B013C0108
:103C200020E030E040EA50E40F94D83987FF84C0A8
:103C30008091910B8111F5C0809116159091171507
:103C40008D549C4841F480911502882309F4FBC0EF
:103C500081508093150280916F00282F227081FF80
:103C600005C080916F008D7F80936F008091240C40
:103C70009091250CA091260CB091270C222329F0BD
:103C800020916F00226020936F003AE0B695A795CF
:103C9000979587953A95D1F7009741E0A407B1052C
:103CA00020F08FEF9FEFA0E0B0E0969587952091F0
:103CB00074022111D8C030915205311180C1809118
:103CC0001615909117158D549C4809F45FC1809189
:103CD000500581115BC18091910590919205A09151
:103CE0009305B0919405881A990AAA0ABB0AB7FCF1
:103CF0005BC10E94902958C160E08AE59EE20E9463
:103D0000389C34CF0F94A02280916815877F8093D0
:103D10006815123009F42ACF60E08DE49EE20E941B
:103D2000389C80911615909117158D549C4809F474
:103D30001DCF0E9490291ACF8091900B21E030E096
:103D400040E050E0882309F453C0C0908C0BD09021
:103D50008D0BE0908E0BF0908F0BC114D104E10419
:103D6000F104D1F120E030E040EA50E4C301B201B7
:103D70000F9472382B013C01C501B4016C197D0907
:103D80008E099F090F9499309B01AC01C301B201C8
:103D90000F94723820E030E04AE754E40F94FA3090
:103DA0006B017C0120E030E040EA52E40F94D83906
:103DB00024E630E040E050E087FF12C020E030E031
:103DC00040EF51E4C701B6010F94D8392AE030E042
:103DD00040E050E087FF04C021E030E040E050E0E8
:103DE00080928C0B90928D0BA0928E0BB0928F0BC9
:103DF000A0919B050A2E000CBB0B0F94243725E0E5
:103E000030E040E050E00F94FA368091960B9091AC
:103E1000970B280F391F3093970B2093960B109216
:103E20009B05D501C401805A9541AF4FBF4F809388
:103E3000910590939205A0939305B093940581E02A
:103E400080937402F9CE8CE08093150280918F05E7
:103E50009091900501979093900580938F0581E054
:103E600080937402F8CE009741F040918F055091F5
:103E700090054817590708F022CF8091520581110B
:103E80001DC0223038F0243008F444C0243011F42E
:103E90001092740280915515811105C081E08093C4
:103EA00055150F94211B80911E1590911F150F948D
:103EB000FA1A81E0809351058093520583E00E94B5
:103EC000C22B81E080933C15E0911615F0911715F7
:103ED0001995109251058091520581111FC01092C1
:103EE000910B0F940D1ADC01CB0188199909AA09CD
:103EF000BB0900918F051091900530E020E0081774
:103F000019072A073B0708F0DACE909390058093B3
:103F10008F05D5CE81E080937402BCCF8CE195E112
:103F20000F949D1D91E0811101C090E09093520586
:103F30008823A9F20F940D1ADC01CB018819990985
:103F4000AA09BB0980908F0590909005B12CA12CF7
:103F500088169906AA06BB0620F4909390058093D4
:103F60008F050F900F900F900F90DF91CF911F91C1
:103F70000F91FF90EF90DF90CF90BF90AF909F9008
:103F80008F907F906F905F904F90089580E6880E9D
:103F90008AEE981EA11CB11C809291059092920508
:103FA000A0929305B0929405809152058111D9CFCA
:103FB000809174028130A9F610927402D2CF0097DA
:103FC00009F47CCF52CF81E080934F05E5E1F4E125
:103FD0008DE49EE291838083138212823E98469AFA
:103FE0003C98449A3A98429AEAE0F1E080818E7FC8
:103FF000808380910B01809581708093090182E01C
:10400000809399050E94AC9C10929B0508954F9255
:104010005F926F927F928F929F92BF92CF92DF9228
:10402000EF92FF920F931F93CF93DF9300D000D0B6
:104030001F921F92CDB7DEB77C016A014901FB01D7
:1040400090818CE0989F800D1124982FF70120819A
:10405000822F880F820F880F8093531590935415E9
:104060004115510571F1FA82E9827C836B8301115C
:1040700021C0AE014B5F5F4FB401C6010E94022A0E
:104080006C016D817E818F81988561157105810537
:104090009105B9F00E947B2CF70180818F5F8083AE
:1040A000853138F3CE0101960E944776E2CFB12CDC
:1040B000860129C08A01B12C26C0452846284728F8
:1040C000B1F728960FB6F894DEBF0FBECDBFDF91D3
:1040D000CF911F910F91FF90EF90DF90CF90BF9005
:1040E0009F908F907F906F905F904F900895B394C2
:1040F00007C0B1102EC001151105C9F20F5F1F4F87
:1041000001151105A9F2AE014B5F5F4FB401C60165
:104110000E94022A6C014D805E806F807884411479
:10412000510461047104A9F0F0E24F1651046104D6
:104130007104F9F2D301C2018D97A109B109029767
:10414000A105B10530F04BE244165104610471043D
:1041500071F6F7018081482F4B0D5527551F4631C9
:10416000510534F0853020F0CE0101960E9447764B
:1041700081E0411451046104710409F480E0B80E37
:10418000F70180818B0D8083BB2009F496CFBA9410
:10419000AE014B5F5F4FB401C8010E94022A8C013F
:1041A0006D817E818F8198850E947B2CEDCFE82FD9
:1041B000662319F081E08093130240934805E15093
:1041C000EB3008F036C00E2E000CFF0B8827E451B0
:1041D000FF458F4F0D946F371BA11EA1F7A002A1C1
:1041E00005A108A114A10BA119A10EA111A180EE96
:1041F00093E921E02093500520E040E070E060E08A
:104200000C94D42880EF93E9F4CF88EF93E9F1CFB1
:1042100080E094E9EECF88E094E9EBCF80E194E987
:10422000E8CF88E194E9E5CF1092470582EB9FE75C
:10423000E0CF0C94902988ED93E9DBCF88EE93E9E9
:10424000D8CFCF93DF93EC010E946B2920E040E0B0
:1042500070E060E0CE01DF91CF910C94D4282F92D2
:104260003F924F925F926F927F928F929F92AF9206
:10427000BF92CF92DF92EF92FF920F931F93CF9353
:10428000DF9300D01F921F92CDB7DEB761E081E0CF
:104290000E9485282091890B2C832D83822F8B5F90
:1042A0008A83922F91959B8302E91AE281E0782E0E
:1042B000721A83E0682E621A82E0582E521A56E86B
:1042C000E52E5AE2F52E65E7C62E6AE2D62E75EE89
:1042D000A72E7AE2B72EE3EB8E2EEAE29E2E8C8199
:1042E000811114C08091880B882309F446C0809105
:1042F0007402882359F081E09091880B911180E03D
:1043000024E042E45BE26B810F9401138091681515
:1043100082FB222420F8422C82FD07C044244394CF
:1043200090914106913009F0412C83FB992790F937
:104330009983312C83FF03C00E941831382E44200A
:1043400009F4B4C02C81213009F05FC08091880B42
:104350008130C9F180917402882361F081E09091ED
:10436000880B913009F080E020E24BE25BE2672DA0
:104370000F94011394E0492ED0C08091910B1092BC
:10438000910B882309F4B3CF0E9498298091830B65
:10439000882309F4ACCF0F900F900F900F900F90DF
:1043A000DF91CF911F910F91FF90EF90DF90CF9011
:1043B000BF90AF909F908F907F906F905F904F9045
:1043C0003F902F9008958091910B1092910B88232C
:1043D00009F2F0924A05E09249050E94E62D80918B
:1043E000E309882319F080E00E94713360E089E7D7
:1043F0009AE20E94389CD092F209C092F109809111
:10440000830B882309F4A6CFC6CF8C81823031F587
:104410008091880B823099F080917402882361F03A
:1044200081E09091880B923009F080E023E040E237
:104430005BE2652D0F94011384E0482E8AC08091C1
:10444000910B1092910B882339F383E79AE70E942E
:1044500021A18091830B8823F9F29DCF9C8124E0D8
:10446000422E933009F03FC08091880B833079F061
:1044700080917402882301F381E09091880B93303E
:1044800009F080E023E04BE15BE2662D71CF809183
:10449000910B1092910B882359F387E394EA0E94C1
:1044A00021A18091830B882319F375CF8091410658
:1044B000823039F00E941831882309F402C121109A
:1044C00000C12C8132E0432E213009F0FCC08091E4
:1044D000880B813009F4CBC0809174028111E4C053
:1044E00042E0442E43948C81481217C08091880B7F
:1044F000841509F412C180917402882371F06C81D3
:104500009D81691B81E09091880B2C81921380E042
:1045100023E04BEF5AE20F94011381E0840D9C815C
:10452000891317C08091880B891709F407C18091FE
:104530007402882371F06C812D81621B81E090915F
:10454000880B2C81921380E023E04DEE5AE20F9409
:10455000011382E0840D9091390C91110CC04091AF
:10456000720250917302209127143091281424175D
:1045700035070CF405C19C81891316C09091880BF6
:104580002C81921709F4EBC080917402882361F0AA
:104590006C818D81681B81E02C81921380E020E288
:1045A00045ED5AE20F94011383E0480E9C814912B5
:1045B00017C08091880B841509F40AC18091740298
:1045C000882371F06C812D81621B81E09091880BB2
:1045D0002C81921380E023E047EB5AE20F94011301
:1045E00081E0840D9981992309F425C1311036C0E9
:1045F0002C81821315C09091880B921709F4F9C091
:1046000080917402882361F06C818D81681B81E048
:104610002C81921380E020E244EA5AE20F940113C5
:1046200082E0840D9C81891317C08091880B8917C3
:1046300009F4F0C080917402882371F06C812D819F
:10464000621B81E09091880B2C81921380E023E023
:1046500046E95AE20F94011383E0840D9C819F5F29
:104660009C832A8192133BCE8093820B94CE8091BF
:10467000910B1092910B882309F42ECF0E94849CF9
:104680000E941831882341F08091681582FD04C092
:104690001093F2090093F1090E9427C98091830BBE
:1046A000882309F419CF77CE81E09091880B91305F
:1046B00009F080E020E24EE05BE2672D0F940113E9
:1046C0000FCF442443948C8148120CCF8091880BE7
:1046D0008415A1F080917402882309F403CF6C81C2
:1046E0009D81691B81E09091880B2C81921380E061
:1046F00023E047E05BE20F940113F4CE8091910B2D
:104700001092910B882331F38AE199EA0E9421A14A
:104710008091830B8823F1F23ECE8091910B109211
:10472000910B882309F4E7CE83EC95EA0E9421A13E
:104730008091830B882309F4DECE2DCE8091910BDE
:104740001092910B882309F4F2CE89E29CEA0E9430
:1047500021A18091830B882309F4E9CE1CCE80919E
:10476000910B1092910B882309F40ECFB092F209AD
:10477000A092F1098091830B882309F405CF0BCE19
:104780009C81891311CF8091880B891791F08091BA
:104790007402882309F408CF6C812D81621B81E0AB
:1047A0009091880B2C81921380E023E045EC5AE233
:1047B000F9CE8091910B1092910B882341F380E206
:1047C00094E90E9421A18091830B882301F3E3CD1A
:1047D0008091910B1092910B882309F4EFCE80E425
:1047E0009EEA0E9421A18091830B882309F4E6CEE2
:1047F000D2CD8091910B1092910B882309F400CFB8
:104800009092F2098092F1098091830B882309F438
:10481000F7CEC1CD8091910B1092910B882309F4B2
:1048200009CF89E897EA0E9421A18091830B882310
:1048300009F400CFB0CD9C81891317C09091880BEB
:104840002C81921302C01092910B809174028823E4
:1048500061F06C818D81681B81E02C81921380E076
:1048600020E247E35BE20F94011382E0F6CE9F92D1
:10487000AF92BF92CF92DF92EF92FF920F931F936E
:10488000CF93DF9361E081E00E948528C091890B7E
:1048900085E0A82EAC0ED6E0DC1B85E0F82EFC1AD5
:1048A00084E0E82EEC1A83E0D82EDC1A82E0C82ED1
:1048B000CC1A81E0B82EBC1A9C2E9194C1112DC047
:1048C0008091880B882389F080917402882309F4F1
:1048D00042C081E09091880B911180E024E046E78E
:1048E0005DE2692D0F94011336C08091910B1092F7
:1048F000910B882349F30E9498298091830B882388
:1049000019F3DF91CF911F910F91FF90EF90DF90FE
:10491000CF90BF90AF909F900895C130D1F5809116
:10492000880B8130F9F0809174028823A1F011E0A6
:104930008091880B813009F010E0809117029091EE
:1049400018020E94188C00E09C014AE65DE26B2D83
:10495000812F0E94DB2FCF5FAC12B0CF87E0809316
:10496000820BCFCF8091910B1092910B8823D9F2BB
:1049700010E000E027EE33E04AE050E067E172E04B
:1049800080E79DE20F94FD138091830B882359F2F9
:10499000B8CFC23009F0D7C08091880B8230B1F017
:1049A000809174028823B9F211E08091880B8230E3
:1049B00009F010E080912714909128140E94188C1F
:1049C00000E09C014CE55DE26C2DC2CF8091910B23
:1049D0001092910B882321F30F94F9150AEB18E735
:1049E0002DE131E050E040E067E274E183E69DE2D2
:1049F0000F94FD138091830B882391F282CF8091D5
:104A0000880B8330B9F080917402882309F4A3CF16
:104A100011E08091880B833009F010E080917F0BCA
:104A20009091800B0E94188C00E09C0144E55DE2AF
:104A30006D2D8ECF8091910B1092910B882319F3DD
:104A40000F94F9150AED16EB2EE630E050E040E049
:104A50006FE77BE088E59DE20F94FD138091830B67
:104A6000882389F24ECF8091880B8430A9F0809101
:104A70007402882309F46FCF11E08091880B843091
:104A800009F010E08091760B0E94F09800E09C0104
:104A900040E45DE26E2D5CCF8091910B1092910B02
:104AA000882329F30F94F91520E04DE556E766E7D2
:104AB0007BE08AE49DE20F94A5148091830B882308
:104AC000B1F21FCF8091880B8530B9F080917402CC
:104AD000882309F440CF11E08091880B853009F0DC
:104AE00010E080913502909136020E94188C00E00F
:104AF0009C0146E35DE26F2D2BCF8091910B1092CC
:104B0000910B882319F302E616E727EE33E04AE01B
:104B100050E065E372E08BE39DE20F94FD1380911A
:104B2000830B882399F2EDCE8091910B1092910B1B
:104B30008823C9F08CE99EE20E9421A18091830B19
:104B4000882389F0DECEC33009F459CFC43009F48C
:104B50008ACFC53009F4B6CFC63009F0FCCE8091BB
:104B6000880B863009F380917402882309F4F3CE10
:104B700081E09091880B963009F080E023E047E2D5
:104B80005DE26D2FAFCE2F923F924F925F926F9268
:104B90007F928F929F92AF92BF92CF92DF92EF92CD
:104BA000FF920F931F93CF93DF9361E081E00E9408
:104BB0008528C091890B8C2E85E0282E2C0E85E04F
:104BC000382E3C1AD4E0DC1B96E7C92E9BE0D92E88
:104BD00022E0A22E2DE2B22E412C512C32014A9419
:104BE00082E0F82EFC1A81E0E82EEC1A86E0982E7E
:104BF0009C1AC11135C08091880B882391F0809157
:104C00007402882309F44BC0682D619581E090916E
:104C1000880B911180E024E042E25DE20F940113E1
:104C20003EC08091910B1092910B882341F30E941A
:104C300098298091830B882311F3DF91CF911F91E5
:104C40000F91FF90EF90DF90CF90BF90AF909F902B
:104C50008F907F906F905F904F903F902F9008952E
:104C6000C13009F04DC08091880B813079F180917D
:104C700074028823A1F011E08091880B813009F043
:104C800010E080912714909128140E94188C00E065
:104C90009C0144E15DE26E2D812F0E94DB2F80910B
:104CA0007F0B9091800B892B39F480912714909180
:104CB0002814892B09F40DC1C63009F4E3C087E03C
:104CC000CF5FC21196CF8093820BB7CF8091910BAB
:104CD0001092910B882359F20F94F9150AEB18E7FB
:104CE0002DE131E050E040E067E274E18BE19DE2CC
:104CF0000F94FD138091830B882309F4B8CF9DCFC7
:104D0000C23009F0E8C08091880B8230B1F0809108
:104D10007402882321F211E08091880B823009F01F
:104D200010E080917F0B9091800B0E94188C00E026
:104D30009C014CE05DE26F2DAFCF8091910B109202
:104D4000910B882321F30F94F9150AED16EB2EE64B
:104D500030E050E040E06FE77BE080E19DE20F94BF
:104D6000FD138091830B882391F267CF8091880B8C
:104D70008330B1F080917402882309F490CF11E060
:104D80008091880B833009F010E08091760B0E94AF
:104D90001C7663E0681900E09C0148EF5CE27CCF80
:104DA0008091910B1092910B882321F30F94F915A8
:104DB0000091760B10E00E946B29C0937402B092B0
:104DC000A30BA092A20BD092A10BC092A00B1092A9
:104DD0009C0B10929D0B10929E0B10929F0B409279
:104DE000980B5092990B60929A0B70929B0B1093B8
:104DF000970B0093960B8CEB98E790931715809385
:104E000016158DE596E79093950B8093940B109271
:104E1000930B8091830B882309F4ACCF0ECF809144
:104E2000880B843081F080917402882309F437CF95
:104E300081E09091880B943009F080E023E04CEE03
:104E40005CE26D2FEBCE8091910B1092910B882339
:104E500051F38BE899E70E9421A18091830B88236D
:104E600011F3EBCE8091910B1092910B882309F4F2
:104E700040C082EC98E70E9421A18091830B882397
:104E8000C1F1DBCE8091880B863091F08091740265
:104E9000882309F414CF81E09091880B963009F0B3
:104EA00080E020E246ED5CE2692D0F94011307CF0C
:104EB0008091910B1092910B882341F30E94863AC6
:104EC0000E94D5C10E9490298091830B8823F1F222
:104ED000B4CE86E0F5CEC33009F448CFC43009F42F
:104EE0009ECFC53009F0DBCE8091880B853009F468
:104EF000B9CF80917402882309F4D1CE81E09091DA
:104F0000880B953009F080E023E04FED5CE2632DE3
:104F100085CE5F926F927F928F929F92AF92BF9257
:104F2000CF92DF92EF92FF920F931F93CF93DF9375
:104F3000CDB7DEB76B970FB6F894DEBF0FBECDBF0F
:104F400001E000939907109256061092550680EAE8
:104F500095E10E94CFBF8BE1E0EAF5E1DE01119619
:104F600001900D928A95E1F750E040E0BE016F5F3D
:104F70007F4F90E080E00E9444E6CE0101960E94BF
:104F80004535A0905506B090560661E081E00E943C
:104F900085281091890B612E85E0782E710E512E97
:104FA0005194450181E0881A9108F02EF11A1111EF
:104FB00014C08091880B882309F45EC0809174022C
:104FC000882359F081E09091880B911180E024E0D2
:104FD0004EE55CE2652D0F9401136CEA7BE080EAFC
:104FE00095E10E9495BF8091AC0B8F3209F479C096
:104FF0008091681583FF75C0113009F070C09091E1
:10500000880B913009F05CC08091910B1092910B4C
:10501000882309F455C080915E158823C1F0815022
:1050200080935E15E5E8F5E1882351F08150990BF6
:105030002BE1289FF001299FF00D1124E554FA4E31
:105040008BE1A0EAB5E101900D928A95E1F781E04C
:1050500090E020915E15211102C090E080E09093D5
:10506000970B8093960B1092890B81E08093830BB2
:1050700083E0809374020EC08091910B1092910B8B
:10508000882309F49BCF0E9498298091830B882361
:1050900009F494CF6B960FB6F894DEBF0FBECDBF68
:1050A000DF91CF911F910F91FF90EF90DF90CF9004
:1050B000BF90AF909F908F907F906F905F9008957A
:1050C00080917402882309F4AEC081E0913009F028
:1050D00080E020E24AE55CE26F2D0F94011382E04C
:1050E00001C081E090917402992309F49DC0082FBA
:1050F000D12CC12CE12EE618802FCA14DB0409F450
:1051000093C001136FC070E060E0C4018C199D0969
:105110000F94CE23809168159091880B84FF67C00F
:10512000901355C08091910B1092910B882309F434
:105130004EC019821C828091A31565E875E1882311
:1051400011F060EA75E121E04CEA5BE0CE010196E6
:105150000E944BE5882379F18BE1FE013196A0EAAC
:10516000B5E101900D928A95E1F7A0915E15AA3004
:1051700080F481E08A0F80935E158BE18A9FD001D5
:105180001124A554BA4EE0EAF5E101900D928A95FA
:10519000E1F7CE0101960E9445351092890B82E01D
:1051A00090E09093970B8093960B81E08093830B14
:1051B000109252055DCF0E949F3E6CEA7BE084E432
:1051C0009CE20E94393D8AE00E94143DE2CF80912A
:1051D0007402882339F081E0911380E041E06E2D64
:1051E0000F943B138FEFC81AD80A0F5F85CF901723
:1051F00059F0809174028823A9F381E09091880B83
:10520000911380E040E0EBCF8091910B1092910BD5
:10521000882379F384E59AE70E9421A18091830B8A
:10522000882339F337CF82E01F5F7112C0CE80939D
:10523000820B30CF2F923F924F925F926F927F926C
:105240008F929F92AF92BF92CF92DF92EF92FF9296
:105250000F931F93CF93DF9300D01F92CDB7DEB78C
:1052600061E081E00E9485282091890B2B83B22E7A
:105270002B5F29832CED822E2BE2922E86E08B1958
:105280008A835524539485E0A82EAB1884E0782EA9
:105290007B1833E0432E342C3B1882E0682E6B18C9
:1052A000252C2B188B818111A5C08091880B882318
:1052B00009F47BC080917402882361F06B2D6195A5
:1052C00081E09091880B911180E024E043E25CE260
:1052D0000F94011380910F068770873009F054C135
:1052E0008091AC059091AD05892B09F477C18B8134
:1052F000873009F076C19091FF0B9C838091880BD9
:105300008730A1F48091910B1092910B882371F05A
:1053100095259C83409274028EEB98E3892B11F0C3
:105320000E94BE388091830B81114DC08091740220
:10533000882309F478C12C81222309F422C122ECAC
:105340003BE267E06B1981E09091880B973009F0A0
:1053500080E001E045EC5BE20E94DB2F88E08C837B
:105360008C818F5F9B81891315C09091880B2B8155
:10537000921709F45BC180917402882359F06B8104
:105380006B1981E02B81921380E020E241E95BE21E
:105390000F9401138B818F5F8B839981981382CF38
:1053A0002C812E5F2093820B0EC08091910B109266
:1053B000910B882309F47ECF0E9498298091830B5A
:1053C000882309F477CF0F900F900F900F90DF9103
:1053D000CF911F910F91FF90EF90DF90CF90BF90F2
:1053E000AF909F908F907F906F905F904F903F9085
:1053F0002F9008959B81913019F58091880B813011
:1054000081F080917402882309F464CF81E0909147
:10541000880B913009F080E023E049E15CE2622DE5
:1054200057CF8091910B1092910B882351F389E40F
:105430009BEA0E9421A18091830B882311F3C3CFA3
:105440002B81223009F005C19091880B923071F0C8
:1054500080917402882309F43DCF81E0923009F0F5
:1054600080E020E24BE05CE2662D32CF8091910B30
:105470001092910B882361F325E13CE23093F2090D
:105480002093F1098091830B882311F39CCF909195
:10549000880B933071F080917402882309F41ACF3D
:1054A00081E0933009F080E020E24EEF5BE2632D73
:1054B0000FCF8091910B1092910B882361F325E01F
:1054C0003CE23093F2092093F1098091830B882309
:1054D00011F379CF9091880B943071F08091740220
:1054E000882309F4F7CE81E0943009F080E020E2CF
:1054F00041EF5BE2672DECCE8091910B1092910B06
:10550000882361F328EF3BE23093F2092093F109FD
:105510008091830B882311F356CF9091880B95309F
:1055200071F080917402882309F4D4CE81E0953023
:1055300009F080E020E244EE5BE26A2DC9CE809162
:10554000910B1092910B882361F32BEE3BE2309389
:10555000F2092093F1098091830B882311F333CF53
:105560008091910B1092910B882309F484C0909242
:10557000F2098092F1098091830B882309F47BC0A2
:1055800022CF2EEB3BE2DDCE97E09C839C812B81EA
:105590009213E6CE8091880B891731F180917402C5
:1055A000882309F4DDCEFB80FB1811E08091880B85
:1055B0009B81891310E060914B0570914C0580919F
:1055C0004D0590914E050E94DC2900E09C0146EAC1
:1055D0005BE26F2D812F0E94DB2FC2CE27E02C8350
:1055E000D5CF88E08C83D2CF8091910B1092910B14
:1055F0008823A1F20F94F91588EBC82E89E3D82EE1
:10560000E12CF12C08EC12E420E030E0A9016BE47D
:1056100075E082EB9BE20F94F0148091830B88235A
:1056200009F4BCCFD0CE28E02C839ACE8091910B88
:105630001092910B882309F49ECE22EA3BE230932C
:10564000F2092093F1098091830B882309F493CE0A
:10565000BACE8B81833009F41ACF843009F43ACF63
:10566000853009F45ACF863009F034CE9091880BFA
:10567000963009F475CF80917402882309F42ACEFC
:1056800081E0963009F080E020E242ED5BE26A8141
:105690001FCEDF92EF92FF920F931F93CF93DF9372
:1056A00061E081E00E948528C091890B85E0E82EA9
:1056B000EC0ED4E0DC1B13E01C1B02E00C1B81E0B1
:1056C000F82EFC1ADC2ED194C1112EC08091880BCB
:1056D0008823B1F080917402882359F081E0909181
:1056E000880B911180E024E04AE85BE26D2D0F9475
:1056F0000113CF5FEC12E8CF85E08093820B0CC0E2
:105700008091910B1092910B882321F30E9498298C
:105710008091830B8823F1F2DF91CF911F910F913C
:10572000FF90EF90DF900895C13011F58091880BC4
:10573000813079F0809174028823D9F281E09091D0
:10574000880B913009F080E023E043E85BE26F2DA5
:10575000CECF8091910B1092910B882359F388E85A
:105760009CE70E9421A18091830B882319F3D4CF59
:10577000C23009F055C08091880B823081F0809151
:105780007402882309F4B5CF81E09091880B9230A0
:1057900009F080E023E04CE75BE2602FA8CF809126
:1057A000910B1092910B882351F38DE89CE70E9496
:1057B00021A18091830B882311F3AECF8091880BB8
:1057C000833081F080917402882309F492CF81E0C4
:1057D0009091880B933009F080E023E045E75BE28D
:1057E000612F85CF8091910B1092910B882351F3FB
:1057F00082E99CE70E9421A18091830B882311F309
:105800008BCF8091910B1092910B882391F087E9B7
:105810009CE70E9421A18091830B882351F07CCFCB
:10582000C33061F2C43009F064CF8091880B8430BA
:1058300041F380917402882309F45BCF81E0909159
:10584000880B943009F080E023E04CE65BE26D2F9A
:105850004ECF6F927F928F929F92AF92BF92CF92D4
:10586000DF92EF92FF920F931F93CF93DF9361E04C
:1058700081E00E948528C091890B1C2F85E0A82E0D
:10588000AC0E82E0F82EFC1AEE24E39493E0B92EDD
:105890009E2C9C1A8C2E81947B2C7C1A23E2C22E87
:1058A00025E3D22EC111D8C08091880B882309F43A
:1058B000B6C080917402882359F081E09091880BE2
:1058C000911180E024E04CEA56E2682D0F94011318
:1058D0000E945429682E811128C1D4E0C33009F0F8
:1058E00025C18091880B833009F401C18091740235
:1058F00081110EC1D4E081E08D0F8C1309C080911D
:10590000880B8C1709F439C18091740281114EC142
:1059100082E08D0F8C1315C08091880B8C1709F4D1
:105920005AC180917402882361F06C2F611B81E061
:105930009091880B9C1380E023E040E556E20F94A1
:10594000011383E08D0F8C1315C08091880B8C1789
:1059500009F452C180917402882361F06C2F611B9D
:1059600081E09091880B9C1380E023E04EE356E2A7
:105970000F94011384E08D0F8C1315C08091880B58
:105980008C1709F44AC180917402882361F06C2F4E
:10599000611B81E09091880B9C1380E020E24FE234
:1059A00056E20F94011385E08D0F611032C08C1305
:1059B00015C08091880B8C1709F440C18091740246
:1059C000882361F06C2F611B81E09091880B9C1300
:1059D00080E020E240E156E20F94011386E08D0F53
:1059E0008C1315C08091880B8C1709F438C18091F5
:1059F0007402882361F06C2F611B81E09091880B09
:105A00009C1380E020E24EE156E20F94011387E000
:105A10008D0FCF5FAC1246CF8093820B0EC080916A
:105A2000910B1092910B882309F443CF0E9498297F
:105A30008091830B882309F43CCFDF91CF911F9194
:105A40000F91FF90EF90DF90CF90BF90AF909F901D
:105A50008F907F906F900895C13019F58091880BD9
:105A6000813081F080917402882309F431CF81E084
:105A70009091880B913009F080E023E04AE956E2EA
:105A8000692D24CF8091910B1092910B882351F3B3
:105A900080E29FEA0E9421A18091830B882311F369
:105AA000CCCFC23009F014CF8091880B823081F0C6
:105AB00080917402882309F40BCF81E09091880BC8
:105AC000923009F080E023E04BE856E26F2DFECEE5
:105AD0008091910B1092910B882351F38CE99EE2F7
:105AE0000E9421A18091830B882311F3A6CF80917E
:105AF000910B1092910B882309F4F8CE86E697E774
:105B00000E9421A18091830B882309F4EFCE95CFC9
:105B100081E09091880B933009F080E023E043E826
:105B200056E2672D0F940113E5CED3E0DC13E3CEEC
:105B30008091880B8D1791F080917402882309F46D
:105B4000DACE6C2F611B81E09091880B9C1380E072
:105B500023E048E756E20F940113CDCE8091910BDC
:105B60001092910B882341F382E199E90E9421A1CF
:105B70008091830B882301F360CF8091910B109269
:105B8000910B882309F4C0CE8091E3098E25809380
:105B9000E309B0927402C114D10411F00E942335BC
:105BA0008091830B882309F4AFCE47CF8091E3091E
:105BB00025E636E2811102C021E636E26C2F611B38
:105BC00081E09091880B9C1380E001E048E656E26A
:105BD0000E94DB2F9DCE8091910B1092910B882318
:105BE00009F49FCE83E19BE90E9421A18091830B60
:105BF000882309F496CE21CF8091910B1092910BBE
:105C0000882309F4A7CE86E19BE90E9421A1809117
:105C1000830B882309F49ECE10CF8091910B1092B4
:105C2000910B882309F4AFCE0E9470E10E947C287A
:105C30008091830B882309F4A6CEFFCE8091910B2F
:105C40001092910B882309F4B9CE0E947DF40E9432
:105C50007C288091830B882309F4B0CEEECE80910E
:105C6000910B1092910B882309F4C1CE0E9443E05E
:105C70000E9470288091830B882309F4B8CEDDCE72
:105C8000DF92EF92FF920F931F93CF93DF9361E028
:105C900081E00E948528C091890B85E0E82EEC0EFA
:105CA000D4E0DC1B13E01C1B02E00C1B81E0F82E8F
:105CB000FC1ADC2ED194C1112EC08091880B882350
:105CC000B1F080917402882359F081E09091880BA3
:105CD000911180E024E04BE25AE26D2D0F94011304
:105CE000CF5FEC12E8CF85E08093820B0CC08091EF
:105CF000910B1092910B882321F30E949829809197
:105D0000830B8823F1F2DF91CF911F910F91FF90C8
:105D1000EF90DF900895C13011F58091880B8130AC
:105D200079F0809174028823D9F281E09091880BF8
:105D3000913009F080E023E04EE15AE26F2DCECFA2
:105D40008091910B1092910B882359F384E49EE784
:105D50000E9421A18091830B882319F3D4CFC230F4
:105D600009F055C08091880B823081F080917402D7
:105D7000882309F4B5CF81E09091880B923009F027
:105D800080E023E043E15AE2602FA8CF8091910B9D
:105D90001092910B882351F384EE9EE70E9421A17B
:105DA0008091830B882311F3AECF8091880B8330D1
:105DB00081F080917402882309F492CF81E0909160
:105DC000880B933009F080E023E047E05AE2612F2E
:105DD00085CF8091910B1092910B882351F38DE325
:105DE0009FE70E9421A18091830B882311F38BCF21
:105DF0008091910B1092910B882391F08DED90E89A
:105E00000E9421A18091830B882351F07CCFC33065
:105E100061F2C43009F064CF8091880B843041F383
:105E200080917402882309F45BCF81E09091880B04
:105E3000943009F080E023E049EF59E26D2F4ECF16
:105E40006F927F928F929F92AF92BF92CF92DF928A
:105E5000EF92FF920F931F93CF93DF9361E081E066
:105E60000E948528C091890B1C2F85E0782E7C0E1E
:105E700085E0F82EFC1A93E0892E84E0E82EEC1AD7
:105E8000682C6C1A27EBA22E24E2B22E82E0D82EC8
:105E9000DC1A81E0C82ECC1A86E0982E9C1AC1111B
:105EA00030C08091880B882389F080917402882308
:105EB000A1F1612F619581E09091880B911180E0B3
:105EC00024E04EE255E20F94011327C08091910B1C
:105ED0001092910B882349F30E9498298091830B9B
:105EE000882319F3DF91CF911F910F91FF90EF90CD
:105EF000DF90CF90BF90AF909F908F907F906F90EA
:105F00000895C13009F07BC09091880B913009F45D
:105F10004FC08091740281115FC00E945429811189
:105F20000BC1D7E0C63009F008C18091880B8630DC
:105F300009F4E4C0809174028111F1C0D7E081E0DE
:105F40008D0F8C1315C08091880B8C1709F41CC120
:105F500080917402882361F06C2F611B81E0909125
:105F6000880B9C1380E023E04EEC54E20F94011365
:105F700082E08D0F8C1315C08091880B8C1709F46B
:105F800014C180917402882361F06C2F611B81E041
:105F90009091880B9C1380E023E04CEB54E20F942B
:105FA0000113CF5FC7117BCFDD5FD093820B9ACFF8
:105FB0008091910B1092910B882309F4AACF8091C4
:105FC00002068C2780930206809274028091830BD4
:105FD000882309F49ECF86CF809102062CE135E21A
:105FE000811102C028E135E281E0913009F080E0C2
:105FF00001E04FE155E26C2D0E94DB2F8ECFC230C5
:1060000009F0E4C08091880B823081F080917402A5
:10601000882309F482CF81E09091880B923009F0B7
:1060200080E020E247E055E26D2D4DCF8091910B4D
:106030001092910B882351F3B092F209A092F109CA
:106040000E9490298091830B882301F34BCF80918C
:10605000880B833081F080917402882309F45DCF2E
:1060600081E09091880B933009F080E023E04EEFBF
:1060700054E2662D28CF8091910B1092910B8823CA
:1060800051F385EA9AE70E9421A18091830B88232E
:1060900011F328CF8091880B843081F080917402B5
:1060A000882309F43ACF81E09091880B943009F06D
:1060B00080E023E041EF54E26E2D05CF8091910BFB
:1060C0001092910B882351F384E091EB0E9421A15F
:1060D0008091830B882311F305CF8091910B10924F
:1060E000910B882309F480C081E696E80E9421A1E3
:1060F0008091830B882309F477C0F4CE8091910BB3
:106100001092910B882309F415CF83E794E80E943D
:1061100021A18091830B882309F40CCFE3CE81E089
:106120009091880B963009F080E023E043EE54E232
:10613000692D0F94011302CFD6E0DC1300CF8091BC
:10614000880B8D1791F080917402882309F4F7CEA3
:106150006C2F611B81E09091880B9C1380E023E001
:1061600047ED54E20F940113EACE8091910B109207
:10617000910B882341F380E395E90E9421A180914E
:10618000830B882301F3AECE8091910B1092910B7B
:10619000882309F4DDCE83ED99E80E9421A1809146
:1061A000830B882309F4D4CE9DCE8091910B10925D
:1061B000910B882309F4E5CE8CE89AE70E9421A18F
:1061C0008091830B882309F4DCCE8CCEC33009F494
:1061D0003ECFC43009F45ECFC53009F09ECE809129
:1061E000880B853009F479CF80917402882309F4F3
:1061F00094CE81E09091880B953009F080E023E007
:106200004CEE54E26F2D5FCE3F924F925F926F92B1
:106210007F928F929F92AF92BF92CF92DF92EF9236
:10622000FF920F931F93CF93DF9300D01F92CDB7B0
:10623000DEB761E081E00E9485281091890BF12E84
:1062400085E0382E310E812C912C5401839487E007
:10625000C82EC11A86E0D82ED11A85E0E82EE11AA0
:1062600011113DC08091880B8823B9F08091740290
:10627000882361F06F2D619581E09091880B9111D9
:1062800080E024E041ED53E20F9401131F5F3112CF
:10629000E7CF88E08093820B0CC08091910B109225
:1062A000910B882319F30E9498298091830B8823EE
:1062B000E9F20F900F900F900F90DF91CF911F9107
:1062C0000F91FF90EF90DF90CF90BF90AF909F9095
:1062D0008F907F906F905F904F903F900895113016
:1062E00009F083C08091880B813029F1809174027C
:1062F000882361F2772473948091880B813009F0B0
:10630000712C8091E0139091E113A091E213B09170
:10631000E31389839A83AB83BC83CE0101960E94E9
:10632000198861E06F1900E09C0145EC53E2872D6C
:106330000E94DB2FABCF8091910B1092910B8823A1
:10634000A9F20F94F9152AE037ED43E25DE360917D
:10635000E0137091E1138091E2139091E3130F9495
:10636000FA3020E030E040E85FE30F9477370F9495
:10637000EB382B010E946B2983E0809374028BEC35
:1063800093E29093A30B8093A20B80EE93E1909302
:10639000A10B8093A00B80929C0B90929D0BA092DE
:1063A0009E0BB0929F0B87E79FE0A0E0B0E0809348
:1063B000980B9093990BA0939A0BB0939B0B5092D0
:1063C000970B4092960B81EB9FE290931715809369
:1063D00016151092950B1092940B1092930B8091BE
:1063E000830B882309F482CF64CF123009F0E2C214
:1063F0008091880B823019F180917402882309F40E
:1064000045CF772473948091880B823009F0712CEA
:106410008091E4139091E513A091E613B091E713F6
:1064200089839A83AB83BC83CE0101960E9419882D
:1064300062E06F1900E09C0141EB53E278CF80915C
:10644000910B1092910B8823B9F20F94F9152AE061
:1064500037ED43E25CE36091E4137091E5138091C2
:10646000E6139091E7130F94FA3020E030E040E813
:106470005FE30F9477370F94EB382B010E946B2961
:1064800083E0809374028BEB93E29093A30B809351
:10649000A20B84EE93E19093A10B8093A00B8092CA
:1064A0009C0B90929D0BA0929E0BB0929F0B8DED3A
:1064B00093E0A0E0B0E08093980B9093990BA093A9
:1064C0009A0BB0939B0B5092970B4092960B87EBD5
:1064D0009FE290931715809316151092950B1092CA
:1064E000940B1092930B8091830B882309F484CF33
:1064F000E0CE8091880B833019F18091740288235B
:1065000009F4C4CE772473948091880B833009F00A
:10651000712C8091E8139091E913A091EA13B09146
:10652000EB1389839A83AB83BC83CE0101960E94CF
:10653000198863E06F1900E09C014FE953E2F7CE40
:106540008091910B1092910B8823B9F20F94F91559
:106550002AE037ED43E25DE36091E8137091E913BF
:106560008091EA139091EB130F94FA3020E030E021
:1065700040E85FE30F9477370F94EB382B010E94CC
:106580006B291093740288EA93E29093A30B809393
:10659000A20B88EE93E19093A10B8093A00B8092C5
:1065A0009C0B90929D0BA0929E0BB0929F0B87E745
:1065B0009FE0A0E0B0E08093980B9093990BA0939C
:1065C0009A0BB0939B0B5092970B4092960B81EBDA
:1065D0009FE290931715809316151092950B1092C9
:1065E000940B1092930B8091830B882309F485CF31
:1065F00060CE8091880B8430F9F0809174028823FA
:1066000009F444CE772473948091880B843009F088
:10661000712C6091AC137091AD138091AE13909179
:10662000AF130F9499300E94AF2964E06F1900E016
:106630009C0141E953E27BCE8091910B1092910B2A
:106640008823D9F20F94F9156091AC137091AD13B2
:106650008091AE139091AF130F9499302AE037EDEB
:1066600043E25DE30F94FA3020E030E040E850E48C
:106670000F9477370F94EB382B010E946B2983E03E
:106680008093740288E993E29093A30B8093A20B0A
:106690008CEA93E19093A10B8093A00B84E090E0AF
:1066A000A0E0B0E080939C0B90939D0BA0939E0B79
:1066B000B0939F0B84E79FE0A0E0B0E08093980B3D
:1066C0009093990BA0939A0BB0939B0B5092970BBE
:1066D0004092960B89E99FE29093171580931615C7
:1066E00089EC96E79093950B8093940B1092930B03
:1066F0008091830B882309F480CFDBCD8091880BB8
:106700008530F1F080917402882309F4BFCD77249D
:1067100073948091880B853009F0712C6091B013CF
:106720007091B1138091B2139091B3130F9499307B
:106730000E94AF2900E09C0143E853E26E2DF7CDA3
:106740008091910B1092910B8823E1F20F94F9152F
:106750006091B0137091B1138091B2139091B31303
:106760000F9499302AE037ED43E25DE30F94FA305D
:1067700020E030E040E850E40F9477370F94EB3896
:106780002B010E946B2983E0809374028AE893E2D4
:106790009093A30B8093A20B80EB93E19093A10BBA
:1067A0008093A00B84E090E0A0E0B0E080939C0B8D
:1067B00090939D0BA0939E0BB0939F0B84E79FE05B
:1067C000A0E0B0E08093980B9093990BA0939A0B64
:1067D000B0939B0B5092970B4092960B89E99FE2E6
:1067E000909317158093161589EC96E79093950B67
:1067F0008093940B1092930B8091830B882309F460
:1068000081CF57CD8091880B8630F1F08091740252
:10681000882309F43BCD772473948091880B8630CC
:1068200009F0712C6091B4137091B5138091B61377
:106830009091B7130F9499300E94AF2900E09C010A
:1068400045E753E26D2D73CD8091910B1092910B22
:106850008823E1F20F94F9156091B4137091B51388
:106860008091B6139091B7130F9499302AE037EDC9
:1068700043E25DE30F94FA300F94EB382B010E9452
:106880006B2983E0809374028CE793E29093A30BCF
:106890008093A20B84EB93E19093A10B8093A00BC8
:1068A00010929C0B10929D0B10929E0B10929F0BBE
:1068B00088E79FE0A0E0B0E08093980B9093990B5D
:1068C000A0939A0BB0939B0B5092970B4092960B10
:1068D00089E99FE2909317158093161589EC96E746
:1068E0009093950B8093940B1092930B8091830B54
:1068F000882309F48BCFDDCC8091910B1092910B02
:10690000882309F46BC00F94F9156091B813709146
:10691000B9138091BA139091BB130F9499302AE068
:1069200037ED43E25CE30F94FA3020E030E040E8DA
:106930005FE30F9477370F94EB382B010E946B299C
:1069400083E0809374028EE693E29093A30B80938E
:10695000A20B88EB93E19093A10B8093A00B809204
:106960009C0B90929D0BA0929E0BB0929F0B8DED75
:1069700093E0A0E0B0E08093980B9093990BA093E4
:106980009A0BB0939B0B5092970B4092960B8FE90A
:106990009FE2909317158093161589EC96E79093D4
:1069A000950B8093940B1092930B8091830B88230B
:1069B000A9F07FCC133009F49CCD143009F419CE22
:1069C000153009F49BCE163009F41CCF173009F0AE
:1069D0005DCC8091880B873009F48ECF8091740252
:1069E000882309F453CC772473948091880B8730E3
:1069F00009F0712C6091B8137091B9138091BA139A
:106A00009091BB130F9499300E94AF2900E09C0134
:106A100047E653E26C2D8BCCFC0120E03EE2DB012B
:106A20004D91BD01403249F0283011F43083319648
:106A3000DB0111974C91408331962F5F2B3079F712
:106A40001082089590916F00292F227091FF05C048
:106A500090916F009D7F90936F0034E0839FC00101
:106A60001124FC01ED51F94F408151816281738104
:106A70008952994FFC01408351836283738381E083
:106A800080934606222329F080916F0082608093D4
:106A90006F000895CF93DF9390916F00292F22709C
:106AA00091FF05C090916F009D7F90936F0094E0DF
:106AB000899FA0011124FA01ED51F94F6081718184
:106AC00082819381222329F020916F0022602093FC
:106AD0006F00EA01C75DD34F0F949B302881398145
:106AE0004A815B810F94FA30DF91CF910895CF9264
:106AF000DF92EF92FF9280912C06882309F457C011
:106B0000C0903106D0903206E0903306F090340603
:106B100020E030E0A901C701B6010F94943088232A
:106B200009F445C020E030E040E05FE3C701B60172
:106B30000F94FA309B01AC010F94FA302BED3FE03B
:106B400049E450E40F94FA309B01AC0160E070E03E
:106B500080E89FE30F9472386B017C01C0922D0690
:106B6000D0922E06E0922F06F09230066091350208
:106B700070913602072E000C880B990B0F949B30F6
:106B80002AE037ED43E25CE30F94FA30A701960167
:106B90000F94FA3060936E0270936F0280937002CC
:106BA00090937102FF90EF90DF90CF900895C12CE9
:106BB000D12C80E8E82E8FE3F82ED0CF8F929F92D1
:106BC000AF92BF92CF92DF92EF92FF92CF93DF937B
:106BD000EC018090280690902906A0902A06B0909B
:106BE0002B0620E030E0A901C501B4010F949430D8
:106BF000882309F454C0C880D980EA80FB80A701AB
:106C00009601C501B4010F94943018160CF04CC0D5
:106C100020912406309125064091260650912706A2
:106C2000C701B6010F949430882331F1C092240635
:106C3000D0922506E0922606F092270620912006A3
:106C40003091210640912206509123066881798176
:106C50008A819B810F94FA309B01AC0160E070E067
:106C600080E89FE30F94773760933102709332028C
:106C7000809333029093340260913102709132021A
:106C80008091330290913402DF91CF91FF90EF9089
:106C9000DF90CF90BF90AF909F908F90089560E06D
:106CA00070E080E89FE3F0CF60E070E0CB01ECCFD4
:106CB000CF92DF92EF92FF928091B507811105C0CC
:106CC0008091B707882309F470C080916406659BA2
:106CD00066C0816080936406909103018091640690
:106CE00091FF5FC0826080936406809164064B9B35
:106CF0005AC0846080936406C090C806C0FE10C06D
:106D00008091B60780FF0CC08091640680FF08C0A8
:106D10008091740B81608093740B80E00E9422B597
:106D2000D12CF12CE12CD701C601B695A7959795EA
:106D3000879580FF11C08091B607869580FF0CC0B3
:106D40008091640681FF08C08091740B82608093FB
:106D5000740B81E00E9422B582E0F694E794D79408
:106D6000C7948A95D1F7C0FE20C08091B60786955A
:106D7000869580FF1AC08091B7078823B1F0809173
:106D8000640682FF12C08091740B84608093740B40
:106D900082E0FF90EF90DF90CF900C9422B58E7F31
:106DA00099CF8D7FA0CF8B7FA5CFFF90EF90DF9005
:106DB000CF900895CF92DF92EF92FF9260917F0B78
:106DC0007091800B61157105B9F1C0907B0BD0906B
:106DD0007C0BE0907D0BF0907E0B66507109072EC6
:106DE000000C880B990B0F949B30A70196010F9410
:106DF000D83918160CF520E030E040E050E4C70127
:106E0000B6010F9478370F94EB387093180760939E
:106E100017070F940D1A605A75418F4F9F4F60935B
:106E2000190770931A0780931B0790931C07FF9014
:106E3000EF90DF90CF9008951092190710921A07E3
:106E400010921B0710921C07F2CF61E0FC018081B9
:106E50000F9413188FEF0C94DF74CF93C82FCB01CE
:106E60000E941B3D83E193E30E941B3D84E093E37A
:106E7000CC2311F089E093E30E941B3D8AE0CF917F
:106E80000C94143DDF92EF92FF920F931F93CF93D8
:106E9000DF938C01C62FD22FF32EE42ED52EFC01CA
:106EA00082810E94EB7460E0F80180810F941318D6
:106EB0000F94661A8C2F80640E94DF748D2D0E94BF
:106EC000DF748E2D0E94DF748F2D0E94DF748D2F52
:106ED0000E94DF7487E8C11101C085E90E94DF7458
:106EE000CC3011F40E94E474C0E00E94E474F80114
:106EF000838387FF04C0CF3F11F0CF5FF6CFDF91D0
:106F0000CF911F910F91FF90EF90DF9008950F9315
:106F10001F93CF93DF93EC0189018C81833039F08B
:106F200089E0440F551F661F771F8A95D1F79A0194
:106F3000AB0168E1CE010E9442B781114AC08EEFD9
:106F40008EBDF801C8019E5F0DB407FEFDCF208104
:106F50002EBD0DB407FEFDCF21812EBD3296E81760
:106F6000F90791F70DB407FEFDCF8FEF0E94DF7494
:106F70008FEF0E94DF740E94E4748B838F718530E1
:106F800089F40F94661A182F882301F120E030E06D
:106F9000A9016DE0CE010E9442B7882351F086E13D
:106FA000898305C083E18983CE010E9425B710E063
:106FB00004C00E94E4748111F2CFCE010E9425B773
:106FC000812FDF91CF911F910F91089587E18983E0
:106FD000F4CF86E0E5CFCF92DF92EF92FF920F934E
:106FE0001F93CF93DF93EC0189018C81833039F0BB
:106FF00089E0440F551F661F771F8A95D1F79A01C4
:10700000AB0161E1CE010E9442B7882381F084E0A8
:107010008983CE010E9425B710E0812FDF91CF91A7
:107020001F910F91FF90EF90DF90CF9008950F94F4
:107030000D1A6B017C012CE2C20E21E0D21EE11C74
:10704000F11C0E94E4748B838F3F61F40F940D1A3E
:107050006C197D098E099F0997FDF3CF81E1898322
:1070600010E01BC08E3FE9F48FEF8EBDF801D80110
:10707000A150BE4F0DB407FEFDCF9EB591938EBDBE
:10708000AE17BF07B9F70DB407FEFDCF8EB58C93D1
:107090000E94E4740E94E47411E0CE010E9425B7BE
:1070A000BCCF8FE0DCCF8091D8149091D914891B8C
:1070B00080958F7019F40E94104AF5CF8091D814F2
:1070C0008F5F8F70E091D81496E5E99FF00111244D
:1070D000E25CF34FDF011D929A95E9F798E0908307
:1070E0004091EA145091EB146091EC147091ED14FE
:1070F000458B568B678B708F4091EE145091EF1437
:107100006091F0147091F114418F528F638F748FDE
:107110004091F2145091F3146091F4147091F514AD
:10712000458F568F678F70A34091F6145091F714D6
:107130006091F8147091F91441A352A363A374A34E
:107140002091D8149091D914291303C094E69093F8
:10715000D5148093D81480916F00826080936F0063
:107160000895CF92DF92EF92FF920F931F93C12C5D
:10717000D12C76018C012BEF3BE047EF5BE063EF16
:107180007BE08FEE9BE00F94820F1F910F91FF9099
:10719000EF90DF90CF900895CF938091A913C1E035
:1071A0008823A1F04091A1135091A2136091A313E1
:1071B0007091A41321EA31E18091AA139091AB134D
:1071C0000E9487B7C82F811104C0C0E08C2FCF91D7
:1071D00008954091A5135091A6136091A713709143
:1071E000A813411551056105710591F021EA31E1BE
:1071F0008091AA139091AB130E9487B7882329F33B
:107200001092A5131092A6131092A7131092A81310
:107210001092A913DBCFCF92DF92EF92FF92CF9320
:107220006B017C01C42F8091A1139091A213A091B6
:10723000A313B091A4138C159D05AE05BF0501F1F4
:107240000E94CCB8811108C0C0E08C2FCF91FF9074
:10725000EF90DF90CF90089521EA31E1B701A601C8
:107260008091AA139091AB130E94EBB7882361F32E
:10727000C092A113D092A213E092A313F092A41390
:10728000CC2321F081E08093A913DFCFC1E0DDCFD3
:107290004F925F926F927F928F929F92AF92BF9226
:1072A000CF92DF92EF92FF920F931F93CF93DF93D2
:1072B000EC01423051056105710590F480E0DF91E9
:1072C000CF911F910F91FF90EF90DF90CF90BF90E3
:1072D000AF909F908F907F906F905F904F900895A8
:1072E00089859A85AB85BC850196A11DB11D841742
:1072F0009507A607B70710F38F898031C9F5852E4A
:10730000962EA72EBB248B899C89AD89BE89880EB9
:10731000991EAA1EBB1E280139016A017B0141E0AA
:10732000C501B4010E940BB9882341F29F899031B5
:1073300081F5DD24EE24FF24F601EE0FFF1FEF554B
:10734000FE4E118300839A89923008F4B8CF4D81A4
:107350005E816F817885840E951EA61EB71E809271
:10736000A5139092A613A092A713B092A813A7CF2B
:10737000803209F0A3CF8B899C89AD89BE894A01EF
:107380005B01E7E0B694A79497948794EA95D1F7C8
:10739000BECFE894C7F8DD24EE24FF24F601EE0FFB
:1073A000FF1FEE0FFF1FEF55FE4E4082518262829B
:1073B0007382C9CFCF92DF92EF92FF920F931F9308
:1073C000CF93DF93FC0181859285A385B4850196D7
:1073D000A11DB11D84179507A607B70750F480E0DB
:1073E000DF91CF911F910F91FF90EF90DF90CF90A1
:1073F000089587898031A9F5BB27A72F962F852F60
:10740000C388D488E588F6888C0D9D1DAE1DBF1DF0
:10741000E9016A017B018F014091A1135091A213F0
:107420006091A3137091A41384179507A607B7075B
:1074300049F5F8018789803169F5B701A60155271B
:1074400066277727440F551F4F555E4EFA018081FE
:107450009181B0E0A0E088839983AA83BB8381E017
:10746000BFCF803209F0BBCFC388D488E588F688C7
:10747000DB01CA01C7E0B695A79597958795CA9590
:10748000D1F7C2CF40E0BC01CD010E940BB9811100
:10749000D0CFA5CFB701A6014F775527662777270D
:1074A000440F551F440F551F4F555E4EFA01808102
:1074B0009181A281B381BF70CECF4F925F926F92C4
:1074C0007F92AF92BF92CF92DF92EF92FF920F9393
:1074D0001F93CF93DF9300D01F92CDB7DEB78C01FF
:1074E00049835A836B837C835901C12CD12C76014B
:1074F000412C82E0582E612C712C49815A816B817C
:107500007C819E012F5F3F4FC8010E94DAB988231A
:1075100019F1F8018585A301920104C0220F331FE0
:10752000441F551F8A95D2F7DA01C901C80ED91E2A
:10753000EA1EFB1E49815A816B817C8187898031DB
:10754000F1F481E0483F5F4F61057105B0F2F5014C
:10755000C082D182E282F3820F900F900F900F9041
:10756000DF91CF911F910F91FF90EF90DF90CF901F
:10757000BF90AF907F906F905F904F90089581E0A3
:10758000483F5F4F6F4F7F4008F4B7CFE0CF0F9376
:107590001F93CF93DF93FC012381222331F080E0FE
:1075A000DF91CF911F910F9108958B01EC01FB01A9
:1075B0008789803139F582E08B831D8A1E8A1F8A74
:1075C000188E808D918DB0E0A0E025E0880F991F86
:1075D000AA1FBB1F2A95D1F7898B9A8BAB8BBC8BCB
:1075E0001A8F098F81E08983188619861A861B866F
:1075F0001C821D821E821F82188A1C861D861E8682
:107600001F86CECF803259F683E08B83428D538D17
:10761000648D758D4D8B5E8B6F8B788F9E012F5E89
:107620003F4FC8010E945DBA8111DACFB8CF3F92B7
:107630004F925F926F927F928F929F92AF92BF9282
:10764000CF92DF92EF92FF920F931F93CF93DF932E
:10765000CDB7DEB72C970FB6F894DEBF0FBECDBF07
:107660005C01DC0159968D909C90F4018185928596
:10767000A385B4859C01AD012F5F3F4F4F4F5F4FF6
:1076800029873A874B875C87D50114964D905D908A
:107690006D907C901797411451046104710409F4B2
:1076A00059C0BFEF4B1A5B0A6B0A7B0A312C73017E
:1076B00062011D821E821F821886F40181859285D7
:1076C000A385B4852D813E814F81588528173907C0
:1076D0004A075B0708F056C089859A85AB85BC854B
:1076E0008C159D05AE05BF0550F482E0C82ED12C47
:1076F000E12CF12C92E0492E512C612C712C9E0131
:107700002F5F3F4FB701A601C4010E94DAB9882359
:10771000C9F189819A81AB81BC81892B8A2B8B2B02
:1077200001F1260137019FEF491A590A690A790ABE
:107730002D813E814F8158852F5F3F4F4F4F5F4FC7
:107740002D833E834F8358873FEFC31AD30AE30A42
:10775000F30AB3CF40805180628073803324339426
:10776000A6CFC414D504E604F70411F70FEF1FEFFA
:107770002FEF3FE0B701A601C4010E9448B9782E5F
:1077800081111AC0712C872D2C960FB6F894DEBF8C
:107790000FBECDBFDF91CF911F910F91FF90EF9062
:1077A000DF90CF90BF90AF909F908F907F906F9021
:1077B0005F904F903F900895F50144815581668117
:1077C0007781411551056105710539F097018601F1
:1077D000C4010E9448B98823A9F2D5011496CD921C
:1077E000DD92ED92FC921797332051F0D701C6013C
:1077F0000196A11DB11DF40180839183A283B383FF
:10780000F50185899689A789B08D892B8A2B8B2BC9
:1078100009F0B9CFC58AD68AE78AF08E818180685F
:107820008183B1CF8F929F92AF92BF92CF92DF921E
:10783000EF92FF920F931F93CF93DF93EC018B8115
:1078400081110EC080E0DF91CF911F910F91FF90C9
:10785000EF90DF90CF90BF90AF909F908F90089562
:1078600009891A892B893C890417150726073707C8
:1078700048F34A015B01823031F488869986AA86F2
:10788000BB8681E0E0CF81149104A104B10449F4E6
:10789000188619861A861B861C821D821E821F82EC
:1078A000F0CF088519852A853B85E98DFA8D858578
:1078B00090E00996B901A801415051096109710987
:1078C000082E04C076956795579547950A94D2F788
:1078D00075016401E1E0CE1AD108E108F10804C0A5
:1078E000F694E794D794C7948A95D2F7C416D50630
:1078F000E606F70620F0012B022B032B11F58D89EC
:107900009E89AF89B88D8C839D83AE83BF838E01A2
:107910000C5F1F4FC114D104E104F10409F4ADCF91
:107920004C815D816E817F819801898D9A8D0E9445
:10793000DAB991E0C91AD108E108F1088111EACF5A
:1079400081CFC41AD50AE60AF70AE1CF2F923F92F7
:107950004F925F926F927F928F929F92AF92BF925F
:10796000CF92DF92EF92FF920F931F93CF93DF930B
:1079700000D01F92CDB7DEB79C838B834B017A0179
:10798000DC0113968C91811119C08FEF9FEF0F903E
:107990000F900F900F90DF91CF911F910F91FF905B
:1079A000EF90DF90CF90BF90AF909F908F907F909F
:1079B0006F905F904F903F902F900895EB81FC81E6
:1079C000818180FFE2CF81899289A389B489408532
:1079D000518562857385841B950BA60BB70BA70198
:1079E00070E060E084179507A607B70708F47C01EC
:1079F00067018B819C8104969A838983612C32E094
:107A0000732EC114D10409F4B7C0AB81BC811896A0
:107A10004D915D916D917C911B975A01B1E0BB2214
:107A2000EB81FC81818D928D1A012B0129E0569406
:107A30004794379427942A95D1F72381223091F5E2
:107A4000DC015A966D917D918D919C915D97620DAF
:107A5000731D841D951D83010A191B09C016D106CB
:107A600008F486010115B2E01B0771F42091A113FF
:107A70003091A2134091A3135091A413621773077E
:107A80008407950709F059C040E00E940BB988238C
:107A900009F47BCFB5016F557E4EA801C4010F9448
:107AA0009F3A57C0FC01148111501221A114B10456
:107AB00081F411110EC0452B462B472B79F5EB8134
:107AC000FC8185899689A789B08D84839583A68357
:107AD000B783AB81BC815996ED91FC915A9714966E
:107AE0006D917D918D919C911797625071098109DB
:107AF0009109258504C0660F771F881F991F2A9555
:107B0000D2F72685378540895189620F731F841FFC
:107B1000951F610F711D811D911D9DCFAB81BC8192
:107B200014964D915D916D917C91179729813A81C1
:107B30000E94DAB98111CDCF28CF9401AB01BC01ED
:107B40008091AA139091AB130E94EBB7882309F49C
:107B50001CCF800E911EEB81FC8180859185A285D2
:107B6000B385800F911FA11DB11D80879187A287CA
:107B7000B387C01AD10A45CFC70109CFCF93DF938E
:107B8000EC01462F41706C857D858E859F850E9416
:107B90000BB9882351F0888920E2829FC00111240B
:107BA0008F559E4EDF91CF91089590E080E0FACFFF
:107BB000CF93DF93EC018B81882349F1898187FF83
:107BC00022C061E0CE010E94BEBDFC01892BF9F00C
:107BD0008081853EE1F08B81823040F489899A89E9
:107BE000AB89BC89848F958FA68FB78F8D899E892D
:107BF000938F828F8D899E89AF89B88DB58BA48B29
:107C000089818F778983DF91CF910C94CCB881E003
:107C1000888380E0DF91CF9108952F923F924F9219
:107C20005F926F927F928F929F92AF92BF92CF920C
:107C3000DF92EF92FF920F931F93CF93DF9300D0C9
:107C40001F92CDB7DEB78C014B011A01DC011396F0
:107C50008C911397813009F0CAC011968C9181FFE5
:107C6000C6C082FDB0C06101D80118964D915D91EA
:107C70006D917C911B97C114D10409F41AC15996D6
:107C80008D919C915A97FC0174802FEF270D2A014A
:107C90003B0139E076946794579447943A95D1F72D
:107CA000722E74207A01F1E0FF22711020C0E114DD
:107CB000F104E9F414964D915D916D917C911797C3
:107CC000411551056105710509F097C055968D91D3
:107CD0009D910D90BC91A02D0097A105B10509F0D3
:107CE000A5C0C8010E9417BB882309F480C0A12C3D
:107CF00082E0B82EAE18BF08CA14DB0408F456019F
:107D0000D80159964D915C915A9714968D919D91F9
:107D10000D90BC91A02D0297A109B109FA0125850A
:107D200004C0880F991FAA1FBB1F2A95D2F746854A
:107D3000578560897189840F951FA61FB71F9C0105
:107D4000AD01270D311D411D511D29013A01A1141D
:107D500032E0B30609F078C08091A1139091A2138C
:107D6000A091A313B091A413481659066A067B0686
:107D700069F41092A9138FEF9FEFDC018093A11398
:107D80009093A213A093A313B093A4139401B301EF
:107D9000A2018091AA139091AB130E9487B7882308
:107DA00031F1F80180859185A285B3858A0D9B1DEF
:107DB000A11DB11D80879187A287B3878A0C9B1C68
:107DC000CA18DB0851CFF801418952896389748947
:107DD00080859185A285B385481759076A077B0777
:107DE00009F441CFC8010E9412BC81113CCF81E04F
:107DF000D8018C938FEF9FEF72C09E012F5F3F4F92
:107E00000E94DAB9882399F389819A81AB81BC8178
:107E1000F801218D328DF9012789203169F4883FDD
:107E2000FFEF9F07A105B10508F05BCFF801848340
:107E30009583A683B7835BCF883F2FEF9207A20776
:107E40002FE0B20798F34DCFE114F10451F5D801BA
:107E500018964D915D916D917C911B9751968D91E6
:107E60009D910D90BC91A02D481759076A077B077B
:107E7000C0F00E94CCB8882309F4B9CF81E0809388
:107E8000A9134092A1135092A2136092A31370926F
:107E9000A413A501B401C7018F559E4E0F949F3ABC
:107EA00080CF41E0C301B2010E940BB98111F1CF33
:107EB0009ECFF80181899289A389B4898417950797
:107EC000A607B70738F48181418B528B638B748B83
:107ED00080688183F801818183FD18C0C1010F9002
:107EE0000F900F900F90DF91CF911F910F91FF9006
:107EF000EF90DF90CF90BF90AF909F908F907F904A
:107F00006F905F904F903F902F900895C8010E940E
:107F1000D8BD8111E3CF6BCFCF93DF93EC010E94EB
:107F2000D8BD1B82DF91CF910895CF93DF93EB01F2
:107F3000FC012381211104C080E0DF91CF910895DD
:107F40002250223028F48FE28883198281E0F5CF15
:107F500060E00E94BEBD009779F3DC0160E080E044
:107F60009EE22D91203299F0883031F49E01260F47
:107F7000311DF90190836F5F9E01260F311DAD0108
:107F800041505109FA014081F90140836F5F8F5FD1
:107F90008B3039F7FE01E60FF11D1082D7CF40E09C
:107FA00050E0BA010C9412BC4F925F926F927F9294
:107FB000AF92BF92CF92DF92EF92FF920F931F93F7
:107FC000CF93DF931F92CDB7DEB78C017B015A01AF
:107FD000C22EDB0159968D919C91F801928F818F71
:107FE000CB010E94CFBF712CF70180859185A285BE
:107FF000B385418952896389748984179507A607D7
:10800000B70708F052C055E0B695A79597958795A4
:108010005A95D1F7F82FFF70DF2ED70113968C9168
:10802000823010F480E0DBC041E050E0BE016F5FC1
:108030007F4FC7010E94A6BC0197A1F7F701808579
:108040009185A285B3854F96A11DB11D808791872B
:10805000A287B387F0E2DF9EB00111246F557E4EF8
:1080600061157105F9F2DB018C91882341F0853EA1
:1080700009F04CC0772029F077247394B5CF7110A4
:108080000EC08091A1139091A213A091A313B0915F
:10809000A413F80184879587A687B787D08ADB0168
:1080A0008C918111E9CF772473948C2D8274823462
:1080B00009F0B8CF772009F4A2C0F801D08861E0B8
:1080C000C8010E94BEBD009709F4ACCF20E2DC01DC
:1080D0001D922A95E9F72BE0F501DC0101900D9244
:1080E0002A95E1F721E238E2FC01318B208B40E058
:1080F00058E057874687338B228B318F208F578BE1
:10810000468B0E94CCB8811109C08CCF4BE050E067
:10811000C5010F94923A892B09F066CFF0E2DF9EF9
:10812000D00111249D012F553E4EF90183858171A7
:1081300021F08C2D827109F0FCC0F801818D928DA7
:108140004091A1135091A2136091A3137091A413B5
:108150004487558766877787D08AFD01EF55FE4EA5
:1081600044885588712C612C320155244424D8014F
:1081700055964D925D926D927C925897428D538D9B
:1081800070E060E0442955296629772955964D937A
:108190005D936D937C935897D9011B962C91287110
:1081A00009F0B9C0848D958DA68DB78DF801818BAE
:1081B000928BA38BB48B81E083838C2D8F70F8011D
:1081C0008183148215821682178210861186128688
:1081D000138681E0C4FE03C0C8010E9454FC0F90C6
:1081E000DF91CF911F910F91FF90EF90DF90CF9093
:1081F000BF90AF907F906F905F904F900895D701A0
:1082000013968C911397823009F40CCF51968D916F
:108210009D910D90BC91A02D803E9F4FAF41B10527
:1082200008F000CFC7010E9417BB882309F4FACEDB
:108230000E94CCB8882309F4F5CED7015996ED9168
:10824000FC915A9714964D905D906D907C90179785
:10825000B2E04B1A510861087108858504C0440CCE
:10826000551C661C771C8A95D2F786859785A08950
:10827000B189480E591E6A1E7B1E81E08093A913A6
:108280004092A1135092A2136092A3137092A41370
:10829000E1EAF1E180E092E0DF019C011D922150D2
:1082A0003040E1F7DD24D394D7015996ED91FC914C
:1082B0008481D81698F421EA31E1B301A2014D0D71
:1082C000511D611D711D8091AA139091AB130E94E5
:1082D00087B7882309F4A6CED394E6CF258580E01E
:1082E00092E0A0E0B0E004C0880F991FAA1FBB1F56
:1082F0002A95D2F7F7014189528963897489840FDD
:10830000951FA61FB71F818B928BA38BB48B81EA1D
:1083100091E1D12CDBCE203161F498012F5E3F4FEB
:108320000E945DBA882329F084E0D80113968C93CB
:1083300044CFD80113961C9275CE0F930FB70F93AD
:1083400000916E000B7F00936E0078940F930BB733
:108350000F930CB70F921F922F933F934F935F93FE
:108360006F937F938F939F93AF93BF93EF93FF93FD
:1083700011240E940CC3FF91EF91BF91AF919F9187
:108380008F917F916F915F914F913F912F911F90AE
:108390000F900CBF0F910BBF0F910460F8940093E6
:1083A0006E000F910FBF0F91189510925206809199
:1083B0006302909164020F971816190614F490E066
:1083C00080E090932814809327140F94191A109228
:1083D000800B10927F0B0E94DAB68091630290911D
:1083E00064020F971816190614F490E080E0909339
:1083F0002814809327140F94191A109229142C987A
:108400001092800B10927F0B1092810B80910201D1
:1084100080728093000108958F929F92AF92BF92D5
:10842000CF92DF92EF92FF920F931F93CF93DF9340
:10843000B0E4A0E06A2F70E0AB014B0F511D5595E1
:108440004795411119C0E3EEFDE365917491072E44
:10845000000C880B990B0F949B30DF91CF911F91EB
:108460000F91FF90EF90DF90CF90BF90AF909F90D3
:108470008F900895B42FE0CFA41711F0B41303C068
:10848000EFEDFEE3E2CF9A0121503109220F331FB5
:10849000220F331FF901EF51F24CE590F490F901EE
:1084A000EB51F24CC591D4918E159F051CF3A42F6E
:1084B000C817D9070CF4BECFF901ED51F24C059164
:1084C0001491F901E951F24CC590D490BC016E1998
:1084D0007F09072E000C880B990B0F949B304B01E2
:1084E0005C01B601601B710B072E000C880B990B09
:1084F0000F949B309B01AC01C501B4010F94FA307D
:108500004B015C01BE016E197F09072E000C880B20
:10851000990B0F949B309B01AC01C501B4010F94E2
:1085200072386B017C01B801110F880B990B0F9405
:108530009B309B01AC01C701B6010F9478378DCFFA
:10854000CF93DF93CFE1D4E18A819B810E94C0FB6E
:108550006C837D838E839F83C7E7DBE08A819B8169
:108560000E940CC26C837D838E839F83A89510929A
:108570005306DF91CF910895EF92FF920F931F93CF
:10858000CF93C82F7B018A0180914F02882399F0F5
:108590000E944C3DC7010E941B3D89E19CE30E9463
:1085A0001B3DC11125C060E070E0CB010E94ED4091
:1085B0008AE00E94143D8091F306811126C010923A
:1085C0004F0281E08093F3060E94D5C1C5E1C150FE
:1085D000409A99F069E170E080E090E00F94DA1938
:1085E000409860E570E080E090E00F94DA19EFCFFA
:1085F00085E19CE30E941B3DDBCFC801CF911F9119
:108600000F91FF90EF900C949E3FCF911F910F918F
:10861000FF90EF900C94D5C10F931F93CF93DF93EE
:10862000809152028F3708F4A1C08F57909129147E
:1086300090932807992309F497C02C9A2091810BD5
:1086400020932707909102012111909590729093A9
:1086500000018F5F809352028091260791E0892765
:108660008093260781110E94AC9C80915102C1E049
:10867000C80F85300CF0C0E0823009F42EC10CF038
:1086800082C0882309F497C0813009F41AC1C093CD
:1086900051022091E90B3091EA0B2115310509F4C3
:1086A00049C0F8946091090162708091080181705D
:1086B0008093060180910B01121613060CF0809531
:1086C00082708093090140918400509185008091CF
:1086D0000B018095887080930901809184009091AE
:1086E0008500841B950BB0E0A0E073E0880F991F14
:1086F000AA1FBB1F7A95D1F78097A105B10568F332
:1087000080910B0188708093090180910B016111A8
:10871000809582708093090178948091E90B909103
:10872000EA0B121613060CF007C101979093EA0B9F
:108730008093E90B0E9458B680919E1190919F11F1
:10874000009769F0019790939F1180939E11892B58
:1087500031F48EE59DE39093F2098093F109DF9166
:10876000CF911F910F9108952C9868CF9091280771
:10877000891708F02C9890912707891708F469CF7A
:108780009091020163CF843009F4BFC00CF4B8C0EB
:10879000853009F07CCF90912507911102C080931C
:1087A000250780912507815080932507882309F4A8
:1087B0006ECFC5E06CCF809150028F5F80311CF48A
:1087C0008093500264CF1092500280915306811121
:1087D00013C080911F1490912014909322148093C1
:1087E00021148091770B9091780B90937A0B809362
:1087F000790B81E0809353061092201410921F147D
:108800001092780B1092770B009121141091221482
:108810008091271490912814D1E0181619062CF095
:1088200080912914811101C0D0E080915F02909164
:108830006002081719073CF448EF5CE369E17DE347
:1088400080E00E94BCC2DD2371F080915D029091B6
:108850005E02801791073CF44BE25DE36CE47DE33C
:1088600080E00E94BCC200917F0B1091800B209190
:10887000790B30917A0B8091A1079091A207821712
:1088800093073CF048E05DE369E17DE38FEF0E94F0
:10889000BCC2101611060CF0FACE2091790B309163
:1088A0007A0B80915B0290915C02281739070CF4D7
:1088B000EECE4BE35DE36CE47DE38FEF0E94BCC240
:1088C000E6CE88E080937B0085E480937C008091F5
:1088D0007A00806480937A00DACE80917A0086FDF7
:1088E00027C0209178003091790080911F149091D9
:1088F0002014820F931F9093201480931F14C7CECF
:1089000088E080937B0086E4E0CF80917A0086FD4A
:1089100011C020917800309179008091770B90916F
:10892000780B820F931F9093780B8093770BAFCEC9
:10893000C2E0ADCEC4E0ABCE0196F8CE2F923F920E
:108940004F925F926F927F929F92AF92BF92CF921F
:10895000DF92EF92FF920F931F93CF93DF936C01FF
:108960001B01922E80915106D0E0C0E0222321F01D
:1089700080914C06C1E0D0E081112DC0FA01408009
:10898000518062807380CE01880F991F880F991FD4
:108990009C01235E384F5901A3019201F5016081CA
:1089A0007181828193810F949430882309F1F501BC
:1089B0004082518262827382BB24B39420E030E013
:1089C000A901C301B2010F94D83918160CF0B12CCB
:1089D000F601B4820DC0F6011482FE01EE0FFF1FF6
:1089E000EE0FFF1FE35EF84F108211821282138296
:1089F000F60184818230E9F0833009F46BC0813064
:108A000009F047C0FE01EE0FFF1FEE0FFF1FE35EF0
:108A1000F84F2081318142815381F1016081718160
:108A2000828193810F94943087FD33C082E0F601F8
:108A30008483CC0FDD1FCC0FDD1FC35ED84FB70181
:108A400090E080E00F9499309B01AC0168817981BE
:108A50008A819B810F9477379B01AC01F101608182
:108A60007181828193810F94D83987FD24C00F943E
:108A70000D1A2B013C019801A8EEB3E00F942C379E
:108A8000460E571E681E791EF60140825182628290
:108A90007382DF91CF911F910F91FF90EF90DF9044
:108AA000CF90BF90AF909F907F906F905F904F90CE
:108AB0003F902F9008950F940D1AF60100811181B7
:108AC00022813381601B710B820B930B97FDE1CFE9
:108AD00083E08483FFEF41EC5CE39F1202C044ED2E
:108AE0005CE368EE7CE3892DDF91CF911F910F91BC
:108AF000FF90EF90DF90CF90BF90AF909F907F90CE
:108B00006F905F904F903F902F900C94BCC22F922B
:108B10003F924F925F926F927F928F929F92AF920D
:108B2000BF92CF92DF92EF92FF920F931F93CF935A
:108B3000DF93CDB7DEB763970FB6F894DEBF0FBEF5
:108B4000CDBF80915306811119C063960FB6F8947A
:108B5000DEBF0FBECDBFDF91CF911F910F91FF9070
:108B6000EF90DF90CF90BF90AF909F908F907F90CD
:108B70006F905F904F903F902F9008950E94A0C2F9
:108B80000F940D1A4B015C016091630270916402B5
:108B9000072E000C880B990B0F949B309B01AC01A6
:108BA00060912314709124148091251490912614BF
:108BB0000F94D83918160CF469C280915106882395
:108BC00009F46FC26091271470912814072E000CCD
:108BD000880B990B0F949B3069837A838B839C83DA
:108BE00024E0E22EF12C0CE310E020E0AE014F5F18
:108BF0005F4F63E274E182E197E00E949EC440907F
:108C000023145090241460902514709026146091C1
:108C1000610270916202072E000C880B990B0F9471
:108C20009B309B01AC01C301B2010F94D8391816D7
:108C30000CF021C16091630270916402072E000C58
:108C4000880B990B0F949B309B01AC01C301B201BF
:108C50000F94943087FF0FC16091271470912814EE
:108C60006115710509F446C2072E000C880B990B9B
:108C70000F949B30A30192010F9477376B017C0115
:108C800020E030E040E251EC0F94943087FD32C296
:108C90008091510681112EC220E030E040E251E483
:108CA000C701B6010F94D83918160CF42AC2809166
:108CB000080781112BC28091000790910107A091B4
:108CC0000207B09103078D839E83AF83B8872091FD
:108CD000040730910507409106075091070729873F
:108CE0003A874B875C87A30192016091F4067091EB
:108CF000F5068091F6069091F7060F94773720914C
:108D000032143091331440913414509135140F942F
:108D1000FA302D813E814F8158850F94773720EDB1
:108D20003CEC4CE45DE30F94FA302D813E814F81A1
:108D300058850F9478376D837E838F8398876093EF
:108D400000077093010780930207909303078091B7
:108D50002E1490912F14A0913014B09131148D875E
:108D60009E87AF87B88B29853A854B855C85C7017F
:108D7000B6010F9478371B018C0120E030E0A90187
:108D80000F94943087FDCDC12D853E854F85588940
:108D900060E070E08FE793E40F9472386987798B15
:108DA0008A8B9B8B9101A8010F94943087FF04C09C
:108DB000298439880A891B89C101D8018093040755
:108DC00090930507A0930607B093070720912A14F4
:108DD00030912B1440912C1450912D14C701B601E1
:108DE0000F94FA306B017C01C092F806D092F9061C
:108DF000E092FA06F092FB069101A8016D857E854E
:108E00008F8598890F94FA309B01AC012093FC0662
:108E10003093FD064093FE065093FF06C701B6014E
:108E20000F9478372D813E814F8158850F94783784
:108E30006B017C0120E030E0A9010F94943087FDA4
:108E40005CC120E030E04FE753E4C701B6010F9466
:108E5000D83918160CF458C1C701B6010F94E4387C
:108E6000759567954092F4065092F5066092F60665
:108E70007092F70601C060E06093291480911B1482
:108E800090911C14A0911D14B0911E140097A1057F
:108E9000B10509F1A5019401281B390B4A0B5B0BA5
:108EA000DA01C901B7FD17C06091191470911A1445
:108EB00090E080E00F9499309B01AC01C301B201B6
:108EC0000F94943087FF13C14DE75CE36FE87CE3B8
:108ED00080E00E94BCC220E030E040EF52E46091AC
:108EE0007B0B70917C0B80917D0B90917E0B0F948E
:108EF000D83918160CF4F0C08091190790911A0710
:108F0000A0911B07B0911C070097A105B10539F18D
:108F1000A5019401281B390B4A0B5B0BDA01C9012F
:108F2000B7FD1DC0609117077091180790E080E0B1
:108F30000F9499309B01AC0160917B0B70917C0B7D
:108F400080917D0B90917E0B0F94943087FFCCC065
:108F500047E35CE36AE47CE38FEF0E94BCC280914C
:108F60000E0790910F07A0911007B0911107A5016E
:108F70009401281B390B4A0B5B0BDA01C901B7FDC1
:108F8000E4CDD501C40188579C4EAF4FBF4F8093AD
:108F90000E0790930F07A0931007B09311078091CD
:108FA0004C06882309F45BC060917F0B7091800BA5
:108FB000072E000C880B990B0F949B3069837A83E2
:108FC0008B839C8382E0E82EF12C04E610E02FEFE7
:108FD000AE014F5F5F4F6BE77BE089E097E00E9457
:108FE0009EC480914C06811132C0C0907B0BD09002
:108FF0007C0BE0907D0BF0907E0B20E030E040EAAF
:1090000050E4C701B6010F94D83987FD20C020E095
:1090100030E040EF52E4C701B6010F9494301816C7
:10902000B4F060917F0B7091800B072E000C880BC1
:10903000990B0F949B309B01AC01C701B6010F94B3
:10904000943087FF5CC08FE78093810B7ECD1092B8
:10905000810B8091020180728093000176CD809116
:10906000480690914906A0914A06B0914B06009798
:10907000A105B10509F498CF881A990AAA0ABB0A72
:10908000B7FC92CF81E080934C068ECF4EE95CE333
:1090900061EB7CE380E00E94BCC2809151068111AB
:1090A00091CD80914D0690914E06A0914F06B091C2
:1090B00050060097A105B10509F484CDA5019401DE
:1090C000281B390B4A0B5B0BDA01C901B7FD7ACDBE
:1090D00081E08093510676CD49E55CE36DE67CE363
:1090E0008FEF0E94BCC208CF0E94DAB638CF0F942F
:1090F000191AF1CE81E08093080760E0B3CE80E0DA
:10910000A3CF81E0809308076FE7ACCE10920807E9
:1091100019861A861B861C861D821E821F8218864F
:10912000E2CD212C312C00E010E046CE80914706A4
:10913000882339F060915A1570915B1580915C1508
:10914000089560E070E080E00895BC012091D506AC
:109150003091D6064091D5065091D6062417350792
:1091600031F481E02617370709F080E008959A016D
:10917000F1CF0F930FB70F9300916E000F930B7FFA
:1091800000936E0000916F000D7F00936F000F93AE
:109190000BB70F930CB70F921F922F933F934F93E0
:1091A0005F936F937F938F939F93AF93BF93EF934F
:1091B000FF9311240E9456CFFF91EF91BF91AF9181
:1091C0009F918F917F916F915F914F913F912F91DF
:1091D0001F900F900CBF0F910BBF0F910260F8947E
:1091E00000936F000F9100936E000F910FBF0F91CE
:1091F00018958091B60780FF1DC089988FEF8093E6
:1092000083068091B607869580FF17C08F988FEFF1
:10921000809384068091B6078695869580FF10C05E
:1092200080910B0180958270809309018FEF80936C
:1092300085060895899A81E0E2CF8F9A81E0E8CF90
:1092400080910B0182708093090181E0F0CFCF9370
:10925000C091410680E0C13069F1C23069F50E94D9
:1092600060836093390670933A0680933B0690932F
:109270003C0681E0809341060F940D1A60933506F9
:10928000709336068093370690933806C23089F083
:109290008091A4079091A50701969093A5078093CC
:1092A000A4071092420610924306109244061092B0
:1092B000450681E0CF9108950E949283DACFCF9343
:1092C000DF9300D01F92CDB7DEB78091A30788232C
:1092D00089F083E390E09C838B831A8219829E013C
:1092E0002F5F3F4F40E150E064EA77E0CE01039604
:1092F0000E9417400F900F900F900F90DF91CF9129
:109300000895CF92DF92EF92FF92809141068150B3
:10931000823008F062C0109241060F940D1A6093DB
:109320003D0670933E0680933F06909340068091E1
:10933000A6079091A70701969093A7078093A60789
:10934000C0904206D0904306E0904406F090450657
:109350000E946083AB01BC014093420650934306D8
:1093600060934406709345068091A8079091A907E1
:10937000A091AA07B091AB078C199D09AE09BF094E
:10938000840F951FA61FB71F8093A8079093A90766
:10939000A093AA07B093AB070E946083C090AC076C
:1093A000D090AD07E090AE07F090AF07C616D70695
:1093B000E806F90650F40E9460836093AC0770934E
:1093C000AD078093AE079093AF070E945FC981E01D
:1093D000FF90EF90DF90CF90089580E0F9CFCF938A
:1093E000DF9300D01F921F92CDB7DEB781E080934C
:1093F000A30780E1E4EAF7E0DF011D928A95E9F72F
:109400000E945FC986E18D8382E390E09C838B8319
:109410001A8219829E012F5F3F4F41E050E0BE014A
:109420006B5F7F4FCE0103960E9417400F900F9005
:109430000F900F900F90DF91CF910895CF92DF9210
:10944000EF92FF92CF93DF93EC0108960E94DEB576
:109450006B017C0120E030E0A9010F94943020E002
:1094600030E0A901882359F0CE010E9462369B01A9
:10947000AC01C701B6010F94FA309B01AC016885BD
:1094800079858A859B850F947737688779878A875E
:109490009B87DF91CF91FF90EF90DF90CF90089561
:1094A0008F929F92AF92BF92CF92DF92EF92FF92F4
:1094B0000F931F93CF93DF93CDB7DEB72C970FB6E3
:1094C000F894DEBF0FBECDBF6C017B018A01CA01DB
:1094D0000E94DEB54B015C0119861A861B861C862C
:1094E000F60180819181A281B38189839A83AB83C4
:1094F000BC83F70180819181A281B3818D839E839A
:10950000AF83B88720E030E0A901C501B4010F9412
:10951000943020E030E0A901882361F0CE0101966B
:109520000E9462369B01AC01C501B4010F94FA3070
:109530009B01AC01F80160817181828193810F945C
:109540007837F80160837183828393832C960FB6FA
:10955000F894DEBF0FBECDBFDF91CF911F910F9169
:10956000FF90EF90DF90CF90BF90AF909F908F9043
:10957000089520916302309164022F5031098217BF
:1095800093070CF49C0130932814209327140D9416
:10959000191AAF92BF92CF92DF92EF92FF920F9380
:1095A0001F93CF93DF93CCEAD3E100E01CE08CEB78
:1095B000A82E83E1B82EC12CD12C7601C3946991D9
:1095C0007991899199910F949930288939894A899B
:1095D0005B890F94FA300F94EB38F8016193719323
:1095E000819391938F01C616D706E806F90610F409
:1095F0006B017C01AC16BD0611F76FEF7FEFCB015D
:10960000A70196010F94D8362093100C3093110CBB
:109610004093120C5093130CDF91CF911F910F9137
:10962000FF90EF90DF90CF90BF90AF9008950F9391
:109630001F93CF93DF9300EC13E1C9E2DCE0F80164
:1096400021913191419151918F0160E070E080E86A
:109650009FE30F9472386993799389939993FCE00F
:10966000C933DF0761F70F94EE0FDF91CF911F91A0
:109670000F910C94C9CA9091D8148091D914981361
:1096800006C080919E1190919F11892B21F080E05E
:109690000E94104AF0CF0895CF92DF92EF92FF928E
:1096A000FC01C080D180E280F3802091CC13309106
:1096B000CD134091CE135091CF13C701B6010F9433
:1096C000FA300F94E5396093F6147093F714809391
:1096D000F8149093F914C092E614D092E714E09233
:1096E000E814F092E9149091D8148091D914981745
:1096F00031F0FF90EF90DF90CF900C9453B80E9420
:109700003BCB80916F00982F927081FF05C08091B4
:109710006F008D7F80936F004091F6145091F71485
:109720006091F8147091F9144093EF065093F0068D
:109730006093F1067093F206992329F080916F00EF
:10974000826080936F00FF90EF90DF90CF9008953C
:109750008F929F92AF92BF92EF92FF920F931F93BF
:10976000CF93DF937B018A01E901FC018080918026
:10977000A280B3802091C0133091C1134091C213D5
:109780005091C313C501B4010F94FA300F94E53919
:109790006093EA147093EB148093EC149093ED149F
:1097A0002091C4133091C5134091C6135091C71333
:1097B000F70160817181828193810F94FA300F9457
:1097C000E5396093EE147093EF148093F014909346
:1097D000F1142091C8133091C9134091CA135091CC
:1097E000CB13F80160817181828193810F94FA30EB
:1097F0000F94E5396093F2147093F3148093F4148A
:109800009093F5142091CC133091CD134091CE1349
:109810005091CF13688179818A819B810F94FA30AE
:109820000F94E5396093F6147093F7148093F8144D
:109830009093F9148092DA149092DB14A092DC14C5
:10984000B092DD14F70180819181A281B381809370
:10985000DE149093DF14A093E014B093E114F801A8
:1098600080819181A281B3818093E2149093E3146B
:10987000A093E414B093E51488819981AA81BB81F7
:109880008093E6149093E714A093E814B093E9143E
:109890009091D8148091D914981761F0DF91CF91ED
:1098A0001F910F91FF90EF90BF90AF909F908F907E
:1098B0000C9453B80E943BCB80916F00982F92700C
:1098C00081FF05C080916F008D7F80936F00409174
:1098D000EA145091EB146091EC147091ED144093E4
:1098E000E3065093E4066093E5067093E606409124
:1098F000EE145091EF146091F0147091F1144093B4
:10990000E7065093E8066093E9067093EA064091F3
:10991000F2145091F3146091F4147091F514409383
:10992000EB065093EC066093ED067093EE064091C3
:10993000F6145091F7146091F8147091F914409353
:10994000EF065093F0066093F1067093F2069923A8
:1099500029F080916F00826080936F00DF91CF913A
:109960001F910F91FF90EF90BF90AF909F908F90BD
:1099700008959091D8148091D91498131FC08091A4
:109980009E1190919F11892BC9F45F9A8091EB0BE6
:109990008E7F8093EB0B8A9A8091EB0B8D7F809367
:1099A000EB0B809108018095817080930601809176
:1099B000EB0B8B7F8093EB0B129A089580E00E9453
:1099C000104AD7CFCF93DF9390916F00292F227049
:1099D00091FF05C090916F009D7F90936F0094E080
:1099E000899FA0011124FA01E952F94F6081718128
:1099F00082819381222329F020916F00226020939D
:109A00006F00EA01C75DD34F0F949B3028813981E5
:109A10004A815B810F94FA30DF91CF9108954F9284
:109A20005F926F927F928F929F92AF92BF92CF92EE
:109A3000DF92EF92FF920F931F93CF93DF93CDB7F7
:109A4000DEB768970FB6F894DEBF0FBECDBF8C01AE
:109A50005B015A834983FC01EF5BFF4F6081718199
:109A6000828193810F9499306B017C01D5012D91F6
:109A70003D914D915C910F94FA300F9456382B0123
:109A80003C01E981FA812081318142815381C70102
:109A9000B6010F94FA300F9456384B015C01C301A4
:109AA000B2010F94EB38698B7A8B8B8B9C8B683768
:109AB00071058105910540F428E730E040E050E071
:109AC000298B3A8B4B8B5C8BC501B4010F94EB381F
:109AD0006D877E878F87988B683771058105910523
:109AE00040F488E790E0A0E0B0E08D879E87AF87E4
:109AF000B88BF801E35BFF4F2081318142815381B4
:109B000029833A834B835C83CA01B9010F949B304C
:109B10002B013C0169897A898B899C890F94993042
:109B200069877A878B879C8720E030E0A901C30191
:109B3000B2010F949430882309F43BC1A701960128
:109B4000C701B6010F94FA304B015C0129853A85B3
:109B50004B855C85CA01B9010F94FA309B01AC01B9
:109B6000C501B4010F9477374B015C01A301920149
:109B7000C301B2010F9478379B01AC01C501B40158
:109B80000F9472380F9456380F94EB386D837E83A0
:109B90008F83988769817A818B819C81909580954C
:109BA000709561957F4F8F4F9F4F0F949B304B0166
:109BB0005C016D857E858F8598890F9499306983C6
:109BC0007A838B839C8320E030E0A901C501B40136
:109BD0000F949430882309F4F0C029813A814B8195
:109BE0005C81CA01B9010F94FA306D8B7E8B8F8B2B
:109BF000988FA7019601C701B6010F94FA309B0117
:109C0000AC016D897E898F89988D0F9477376B01B0
:109C10007C01A5019401C501B4010F9478379B0123
:109C2000AC01C701B6010F9472380F941A39D801EC
:109C300095968D909D90AD90BC909897750164011C
:109C40002D813E814F815885C21AD30AE40AF50A54
:109C50000F94EB38C61AD70AE80AF90AF7FE6EC065
:109C600020E030E0A901C301B2010F9494308823B1
:109C700009F4A7C0C501B4010F9499306B017C01B0
:109C8000A3019201C301B2010F9478379B01AC018B
:109C9000C701B6010F94FA306B017C0129853A8522
:109CA0004B855C85CA01B9010F94FA309B01AC0168
:109CB000C701B6010F9477376B017C0129813A8186
:109CC0004B815C81CA01B9010F94FA309B01AC0150
:109CD000C701B6010F9478376B017C0120E030E0BA
:109CE00040E850E4C301B2010F94FA309B01AC018B
:109CF000C701B6010F9472380F9456386B017C017E
:109D000020E030E0A9010F94D83918161CF0C12CBE
:109D1000D12C7601C701B6010F94EB386D837E8399
:109D20008F83988786169706A806B90620F48D8239
:109D30009E82AF82B886C12CD12C76018D819E8106
:109D4000AF81B885F80181A792A7A3A7B4A7C80ED1
:109D5000D91EEA1EFB1EC5A6D6A6E7A6F0AAEB5B97
:109D6000FF4F29893A894B895C892083318342835B
:109D7000538334968D859E85AF85B8898083918382
:109D8000A283B38368960FB6F894DEBF0FBECDBF33
:109D9000DF91CF911F910F91FF90EF90DF90CF90C7
:109DA000BF90AF909F908F907F906F905F904F90FB
:109DB000089560E070E0CB01E5CE60E070E0CB019B
:109DC00034CF60E070E0CB0197CF80916F00982F87
:109DD000927081FF05C080916F008D7F80936F002E
:109DE0001092240C1092250C1092260C1092270C25
:109DF000992329F080916F00826080936F0008950D
:109E00000F931F938091D8149091D914891B8F7050
:109E100009F449C09091D514992361F0833040F43E
:109E20008FEF890F29F08093D51490E080E038C03F
:109E30001092D5148091D91426E5829FC001112477
:109E4000825C934FFC01208120FDEFCF4091240CD8
:109E50005091250C6091260C7091270CEE5AFF4F03
:109E60000081118122813381401B510B620B730BE6
:109E70004093240C5093250C6093260C7093270C70
:109E80002091D9142F5F2F702093D6143091D914BC
:109E90002091D714321304C02091D6142093D714E4
:109EA0001F910F9108950E94E5CEBFCF2F923F9250
:109EB0004F925F926F927F928F929F92AF92BF92DA
:109EC000CF92DF92EF92FF920F931F93CF93DF9386
:109ED00000D01F921F92CDB7DEB78FEF9FEF909308
:109EE0008900809388002AE02983312C212C7894E2
:109EF0008091D1069091D206A091D306B091D4065C
:109F0000892B8A2B8B2B09F0D7C180914606882399
:109F1000E1F08091D5069091D60610924606892BE5
:109F200009F4CAC11092C8061092D6061092D5063E
:109F30009091D8148091D914981709F4BDC18091DB
:109F4000D9148F5F8F708093D9148091D50690912A
:109F5000D606892B09F4B0C10091CD061091CE062A
:109F60002091CF063091D0068091C9069091CA0603
:109F7000A091CB06B091CC064091BB0650E070E0BA
:109F800060E0801B910BA20BB30B481759076A07BF
:109F90007B0710F4DB01CA01482F800F911FA21F1D
:109FA000B31F8093CD069093CE06A093CF06B093B7
:109FB000D0062091840030918500205E3F4F809133
:109FC000A1069091A206A091A306B091A406C0900C
:109FD0009106D0909206E0909306F09094068C0D36
:109FE0009D1DAE1DBF1D8093A1069093A206A09358
:109FF000A306B093A406B7FD1CC0889AC090E306E0
:10A00000D090E406E090E506F090E6069091830695
:10A01000892F990F990BAA0BBB0B8C0D9D1DAE1DA3
:10A02000BF1D8093E3069093E406A093E506B093EA
:10A03000E6068091A5069091A606A091A706B0918C
:10A04000A806C0909506D0909606E0909706F090EE
:10A0500098068C0D9D1DAE1DBF1D8093A506909387
:10A06000A606A093A706B093A806B7FD1CC08E9ABB
:10A07000C090E706D090E806E090E906F090EA0686
:10A0800090918406892F990F990BAA0BBB0B8C0D0D
:10A090009D1DAE1DBF1D8093E7069093E806A0931B
:10A0A000E906B093EA068091A9069091AA06A091CC
:10A0B000AB06B091AC06C0909906D0909A06E0909D
:10A0C0009B06F0909C068C0D9D1DAE1DBF1D8093C0
:10A0D000A9069093AA06A093AB06B093AC06B7FD71
:10A0E00021C080910B018095887080930901C090F8
:10A0F000EB06D090EC06E090ED06F090EE06909125
:10A100008506892F990F990BAA0BBB0B8C0D9D1DF2
:10A11000AE1DBF1D8093EB069093EC06A093ED0659
:10A12000B093EE06C090AD06D090AE06E090AF06BC
:10A13000F090B00680919D0690919E06A0919F069A
:10A14000B091A0068C0D9D1DAE1DBF1D8093AD0668
:10A150009093AE06A093AF06B093B006B7FD38C09B
:10A160008090EF069090F006A090F106B090F20675
:10A1700050918606C52E550FDD08EE08FF08C80C65
:10A18000D91CEA1CFB1CC092EF06D092F006E092AC
:10A19000F106F092F206C0908D06D0908E06E09007
:10A1A0008F06F09090068C199D09AE09BF09809327
:10A1B000AD069093AE06A093AF06B093B006809123
:10A1C000B9069091B60793FF75C081508093B90688
:10A1D000809184009091850082179307C8F3809145
:10A1E000A1069091A206A091A306B091A406B7FD86
:10A1F00015C0C0908D06D0908E06E0908F06F0902E
:10A2000090068C199D09AE09BF098093A106909311
:10A21000A206A093A306B093A40688988091A506F1
:10A220009091A606A091A706B091A806B7FD15C00B
:10A23000C0908D06D0908E06E0908F06F09090062C
:10A240008C199D09AE09BF098093A5069093A606B7
:10A25000A093A706B093A8068E988091A906909126
:10A26000AA06A091AB06B091AC06B7FD19C0C0908C
:10A270008D06D0908E06E0908F06F09090068C1997
:10A280009D09AE09BF098093A9069093AA06A093E1
:10A29000AB06B093AC0680910B01887080930901E6
:10A2A000415051F08091840090918500821793076E
:10A2B000C8F383CE8F5F8ACF80914B0290914C027E
:10A2C000A0914D02B0914E02892B8A2B8B2B09F065
:10A2D00096C08091BA06882309F481C08091B9069E
:10A2E0008090CD069090CE06A090CF06B090D0067C
:10A2F000C090B506D090B606E090B706F090B806CC
:10A30000C814D904EA04FB0408F048C02091870669
:10A310003091880640918B0650918C064217530766
:10A32000E8F581508093B9062150310930938806B1
:10A33000209387064091470250914802609149025C
:10A3400070914A028091B90687FD4DC0169A2091FE
:10A35000840030918500205E3F4F8091B9068823AC
:10A3600009F445C0149A8091840090918500821769
:10A370009307C8F38091B90687FF37C08F5F80933A
:10A38000B90614988091B906882339F38091840026
:10A390009091850082179307C8F3DDCF8C149D043C
:10A3A000AE04BF0488F4209187063091880640915E
:10A3B000890650918A062417350730F48F5F809301
:10A3C000B9062F5F3F4FB2CF8FEF9FEFDC01809335
:10A3D000470290934802A0934902B0934A024FEF7C
:10A3E0005FEFBA01AFCF1698B2CF8150C8CF40937C
:10A3F0004B0250934C0260934D0270934E02809139
:10A40000D1069091D206A091D306B091D406892BA3
:10A410008A2B8B2B09F0F9C4A091D506B091D606F2
:10A42000109709F491C58090CD069090CE06A0902B
:10A43000CF06B090D0064091C9065091CA066091EF
:10A44000CB067091CC0684169506A606B70608F4CE
:10A4500074C01092C8061092D6061092D50690913C
:10A46000D8148091D914981709F46EC58091D91425
:10A470008F5F8F708093D91480EDC82E87E0D82E1F
:10A48000E12CF12C8091D5069091D606892B09F00C
:10A49000B4C40E9400CF9093D6068093D506892B32
:10A4A00009F4ABC4A091D506B091D606BB83AA83AC
:10A4B0008C9183FF34C355968D919D910D90BC91E5
:10A4C000A02D8093E3069093E406A093E506B09355
:10A4D000E606EA81FB81818D928DA38DB48D8093F8
:10A4E000E7069093E806A093E906B093EA06858D07
:10A4F000968DA78DB0A18093EB069093EC06A09368
:10A50000ED06B093EE0681A192A1A3A1B4A1809320
:10A51000EF069093F006A093F106B093F2069091A7
:10A52000D8148091D914981709F4B3CF8091D91415
:10A530008F5F8F708093D914ACCF4091C406509137
:10A54000C5066091C6067091C706481559056A058B
:10A550007B0508F404C14091C0065091C10660918A
:10A56000C2067091C306D1960D911D912D913C911B
:10A57000D497EE27419FF12D529FC001629F900D0D
:10A58000619F800D911D429FF00D811D9E1F519F67
:10A59000F00D811D9E1F609FF00D811D9E1F509F1D
:10A5A000F10D8E1F9E1FF6958E1F9E1F349F800DEE
:10A5B000911D359F900D1124FD01EB5BFF4F008134
:10A5C000118122813381080F191F211D311D009334
:10A5D000BC061093BD062093BE063093BF06349789
:10A5E000C080D180E280F380C016D106E206F30677
:10A5F00040F4C092BC06D092BD06E092BE06F09236
:10A60000BF068090BC069090BD06A090BE06B0909C
:10A61000BF0685EF9BE321E0FC01C590D590E59056
:10A62000F490C814D904EA04FB0458F4B694A7942F
:10A6300097948794220F0496E1E1FCE3E817F90769
:10A6400059F72093BB06F0E28F169104A104B104E0
:10A6500028F410E2812E912CA12CB12C20E2821A38
:10A660009108A108B108811438E09306A104B1044F
:10A6700008F452C0E4E09E9EC00111248B50984C17
:10A68000FC01329625913491F82DEE27F39F80013D
:10A69000F29F010D1E1F06940E1F1E1F112430E095
:10A6A00020E0FC01C590D490F12CE12CC01AD10A15
:10A6B000E20AF30A4C0D5D1D6E1D7F1D4093C0061E
:10A6C0005093C1066093C2067093C3068091B90689
:10A6D0009091BA06992309F46AC1882309F4D2CE6D
:10A6E000D7968D919C91B0E0A0E0409147025091A7
:10A6F00048026091490270914A0284179507A607A3
:10A70000B70709F4BFCE10924B0210924C02109280
:10A710004D0210924E02B6CE9501840136952795D2
:10A7200017950795C8018C7F8B509C4CFC01C590F8
:10A73000D490FC01329625913491882D8770882E13
:10A74000829EC001839E900D1124F3E0969587951B
:10A75000FA95E1F7C81AD90AF12CE12CABCF209178
:10A76000B5063091B6064091B7065091B8062A83D7
:10A770003B834C835D83281539054A055B0508F04A
:10A780001AC14091B1065091B2066091B306709122
:10A79000B406D1960D911D912D913C91D4978827A7
:10A7A000419F912D529F6001629FD00C619FC00C10
:10A7B000D11C429F900DC11CD81E519F900DC11CF1
:10A7C000D81E609F900DC11CD81E509F910DC81EB1
:10A7D000D81E9695C81ED81E349FC00CD11C359F1C
:10A7E000D00C1124F12CE12C0091BC061091BD0677
:10A7F0002091BE063091BF06FD01E75BFF4F408010
:10A80000518062807380C016D106E206F30658F4C8
:10A810000C191D092E093F094016510662067306E0
:10A8200010F42801390185EF9BE321E0FC01C5907C
:10A83000D590E590F490C414D504E604F70458F4D8
:10A840007694679457944794220F0496E1E1FCE3D1
:10A85000E817F90759F72093BB06F0E24F165104A9
:10A860006104710428F400E2402E512C612C712CFB
:10A8700030E2431A510861087108411488E0580613
:10A880006104710408F46EC0E4E05E9EC00111240E
:10A890008B50984CFC01329605911491342DFF2475
:10A8A000319FF001309FE10DFF1D0694EF1DFF1D4C
:10A8B00011242F01712C612CFC01C590D490F12C36
:10A8C000E12CC418D508E608F7084C0D5D1D6E1D77
:10A8D0007F1D4093B1065093B2066093B306709308
:10A8E000B4068091BA06882309F45FC04A815B816F
:10A8F0006C817D81420F511D611D711D48155905E7
:10A900006A057B05C8F48091B906882309F4BACD9D
:10A91000D7964D915C91D89770E060E00091470226
:10A92000109148022091490230914A024017510784
:10A930006207730709F4A6CD10924B0210924C02E5
:10A9400010924D0210924E02D7968D919C91B0E0DC
:10A95000A0E08093470290934802A0934902B093ED
:10A960004A0290CD73016201F694E794D794C7949C
:10A97000C6018C7F8B509C4CFC01C590D490FC018F
:10A98000329605911491842D8770482E409EC00107
:10A99000419E900D112413E0969587951A95E1F745
:10A9A000C81AD90AF12CE12C90CF8091B9068823DE
:10A9B00009F468CDA8CE8091B9068823D9F0D7963E
:10A9C0004D915C91D89770E060E000914702109142
:10A9D00048022091490230914A024017510762070C
:10A9E000730741F010924B0210924C0210924D02EC
:10A9F00010924E02409143025091440260914502F0
:10AA00007091460277FF5FC0AF5BBF4FCD90DD9086
:10AA1000ED90FC9085EF9BE321E0FC014591559181
:10AA2000659174914C155D056E057F0558F4F6949B
:10AA3000E794D794C794220F0496A1E1BCE3A8172A
:10AA4000B90759F72093BB06B0E2CB16D104E10455
:10AA5000F10428F470E2C72ED12CE12CF12CE0E2B5
:10AA6000CE1AD108E108F108C114F8E0DF06E104CC
:10AA7000F10408F431C024E0D29EC00111248B50AF
:10AA8000984CFC013296259134917C2D6627739F5A
:10AA9000A001729F410D561F0694461F561F112498
:10AAA00070E060E0FC0185919491B0E0A0E0841B2F
:10AAB000950BA60BB70B8093430290934402A0938F
:10AAC0004502B0934602C0904302D0904402E09009
:10AAD0004502F0904602D6CCD701C601B695A7959F
:10AAE000979587958C7F8B509C4CFC0125913491D8
:10AAF000FC013296459154918C2D8770C82EC49ECE
:10AB0000C001C59E900D112463E0969587956A95C6
:10AB1000E1F7281B390BC901B0E0A0E0CCCFAA8136
:10AB2000BB815596CD90DD90ED90FC90589781E0DB
:10AB3000C114D104E104F10409F480E0EA81FB814D
:10AB4000018D128D238D348D0115110521053105DF
:10AB500009F08260AA81BB815D964D915D916D91F6
:10AB60007C919097411551056105710509F084604C
:10AB70008093C8061092B1061092B2061092B306E6
:10AB80001092B4061092C0061092C1061092C2062E
:10AB90001092C306EA81FB8185A196A1A7A1B0A569
:10ABA0008093C9069093CA06A093CB06B093CC06B7
:10ABB000882499245401881A990AAA0ABB0A809207
:10ABC000AD069092AE06A092AF06B092B00680920B
:10ABD000A9069092AA06A092AB06B092AC0680920B
:10ABE000A5069092A606A092A706B092A80680920B
:10ABF000A1069092A206A092A306B092A406CC0C45
:10AC0000DD1CEE1CFF1CC0929106D0929206E092D1
:10AC10009306F0929406000F111F221F331F00931A
:10AC20009506109396062093970630939806440F46
:10AC3000551F661F771F4093990650939A0660939D
:10AC40009B0670939C0641A152A163A174A1440F7D
:10AC5000551F661F771F40939D0650939E06609375
:10AC60009F067093A006880F991FAA1FBB1F809391
:10AC70008D0690938E06A0938F06B0939006109247
:10AC8000CD061092CE061092CF061092D00681A566
:10AC900092A5A3A5B4A58093C4069093C506A093DE
:10ACA000C606B093C70685A596A5A7A5B0A98093AB
:10ACB000B5069093B606A093B706B093B80686A9DA
:10ACC0008093BA06882309F411C183AD94AD9093A3
:10ACD0008C0680938B0681AD92AD90938A0680930B
:10ACE000890610924B0210924C0210924D02109263
:10ACF0004E0287A990ADB0E0A0E080934702909308
:10AD00004802A0934902B0934A02AA81BB81D5961A
:10AD10008C919091B607891721F08093B6070E9415
:10AD2000F9C80E9458B62FEF3FEFA90120934302C4
:10AD30003093440240934502509346024A815B811E
:10AD40004B5B5F4FDA014D915D916D917C9140932A
:10AD5000BC065093BD066093BE067093BF0685EF98
:10AD60009BE321E0FC01C590D590E590F490C416DA
:10AD7000D506E606F70658F47695679557954795F4
:10AD8000220F0496E1E1FCE3E817F90759F7209355
:10AD9000BB06403251056105710520F440E250E0E8
:10ADA00060E070E040525109610971094115F8E015
:10ADB0005F076105710508F4A5C024E0529FC0013A
:10ADC00011248B50984CFC01329625913491AA277E
:10ADD000439FF001429FE10DFA1F0694EA1FFA1FFC
:10ADE0001124AF0170E060E0FC01C590D490F12C1B
:10ADF000E12CC41AD50AE60AF70AC092D106D0920D
:10AE0000D206E092D306F092D4060091D1061091BA
:10AE1000D2062091D3063091D40640914B02509136
:10AE20004C0260914D0270914E02D901C801401749
:10AE300051076207730710F4DB01CA010097E1E0D4
:10AE4000AE07B10520F08FEF9FEFA0E0B0E0081B48
:10AE5000190B2A0B3B0B0093D1061093D2062093BB
:10AE6000D3063093D4064F3FFFEF5F076F077F078E
:10AE700061F0481B590B6A0B7B0B40934B025093BC
:10AE80004C0260934D0270934E02F894209184001E
:10AE900030918500205F3F4F4981415049834423D1
:10AEA00009F450C0280E391E2216330610F40C94F3
:10AEB00077CF309289002092880078940F900F907D
:10AEC0000F900F900F90DF91CF911F910F91FF90F6
:10AED000EF90DF90CF90BF90AF909F908F907F903A
:10AEE0006F905F904F903F902F9008952FEF3FEF1E
:10AEF000A90120934702309348024093490250939E
:10AF00004A0203CFDB01CA01B695A79597958795AD
:10AF10008C7F8B509C4CFC01C590D490FC013296E8
:10AF2000259134914770429FC001439F900D112499
:10AF300033E0969587953A95E1F7C81AD90AF12C2E
:10AF4000E12C5BCF1901B5CF80EDC82E87E0D82E5C
:10AF5000E12CF12C9ECACF92DF92EF92FF921F93C9
:10AF6000CF93DF93EC0110910206111116C0C0902F
:10AF70001902D0901A02E0901B02F0901C02288166
:10AF800039814A815B81C701B6010F94D8391816FF
:10AF900024F4C882D982EA82FB82C0901D02D0903C
:10AFA0001E02E0901F02F0902002288139814A8120
:10AFB0005B81C701B6010F94943087FF04C0C8823B
:10AFC000D982EA82FB82111116C0C0902102D09072
:10AFD0002202E0902302F09024022C813D814E81D8
:10AFE0005F81C701B6010F94D839181624F4CC82BA
:10AFF000DD82EE82FF82C0902502D0902602E09092
:10B000002702F09028022C813D814E815F81C7018B
:10B01000B6010F94943087FF04C0CC82DD82EE82AB
:10B02000FF82111116C0C0902902D0902A02E09030
:10B030002B02F0902C02288539854A855B85C70153
:10B04000B6010F94D839181624F4C886D986EA8632
:10B05000FB86C0902D02D0902E02E0902F02F0903F
:10B060003002288539854A855B85C701B6010F9472
:10B07000943087FF04C0C886D986EA86FB86DF91B4
:10B08000CF911F91FF90EF90DF90CF900895CF93D5
:10B09000DF9324E0829FC0011124EC01CB52D44FF6
:10B0A000FC01EC51F64F8D5F994FDC012D913D91E4
:10B0B0004D915C9160817181828193810F94783789
:10B0C000688379838A839B83DF91CF9108952F9240
:10B0D0003F924F925F926F927F928F929F92AF9228
:10B0E000BF92CF92DF92EF92FF920F931F93CF9375
:10B0F000DF93CDB7DEB7E4970FB6F894DEBF0FBE8F
:10B10000CDBF80911602882321F080E196E00E9455
:10B11000ABD78091A01183FD7DC0C0901C06D0905C
:10B120001D06E0901E06F0901F062091FB0B30914B
:10B13000FC0B4091FD0B5091FE0BC701B6010F9423
:10B140009430882309F466C08091390C81111FC0A6
:10B1500060912314709124148091251490912614E9
:10B160000F94E438209172023091730262177307D2
:10B1700074F4C092FB0BD092FC0BE092FD0BF092AA
:10B18000FE0B0E949F3E82E893E30E941B3D80904D
:10B190001C0690901D06A0901E06B0901F062091E0
:10B1A000FB0B3091FC0B4091FD0B5091FE0BC50148
:10B1B000B4010F9477376B017C0120E030E0A901E6
:10B1C0000F94D83987FF04C0F7FAF094F7F8F09499
:10B1D00020916E0230916F02409170025091710285
:10B1E000C701B6010F94FA3020E030E048E453E4A0
:10B1F0000F94D839181674F48092FB0B9092FC0BC4
:10B20000A092FD0BB092FE0B0E949F3E83E693E35B
:10B210000E941B3D8091FF0BE0901702F0901802F6
:10B22000882309F18090280690902906A0902A068C
:10B23000B0902B0620E030E0A901C501B4010F94C5
:10B240009430882309F45BC02091180630911906C8
:10B2500040911A0650911B06C501B4010F94D839CC
:10B2600018160CF44CC0B701FF0C880B990B0F9407
:10B270009B3020916A0230916B0240916C02509198
:10B280006D020F94FA302AE037ED43E25CE30F944D
:10B29000FA3069837A838B839C83C12CD12C76010D
:10B2A0008E010F5F1F4F2CE136E048E156E064E16C
:10B2B00076E080E196E00F94820F80E1E0E1F6E035
:10B2C000AFEEBBE001900D928A95E1F7E4960FB6E0
:10B2D000F894DEBF0FBECDBFDF91CF911F910F91CC
:10B2E000FF90EF90DF90CF90BF90AF909F908F90A6
:10B2F0007F906F905F904F903F902F900895B7018F
:10B30000FF0C880B990B0F949B3020916A023091AF
:10B310006B0240916C0250916D020F94FA302AE05A
:10B3200037ED43E25CE30F94FA3069A37AA38BA371
:10B330009CA32091EF0B3091F00B4091F10B5091B9
:10B34000F20B609110067091110680911206909197
:10B3500013060F9477372B013C012091F30B3091AA
:10B36000F40B4091F50B5091F60B6091140670911F
:10B37000150680911606909117060F94773769A7E6
:10B380007AA78BA79CA720E030E0A901C301B201F6
:10B390000F94943081110FC020E030E0A90169A51D
:10B3A0007AA58BA59CA50F949430C12CD12C760145
:10B3B000882309F455C12091F70B3091F80B409187
:10B3C000F90B5091FA0B6091180670911906809153
:10B3D0001A0690911B060F9477376DA77EA78FA74B
:10B3E00098AB2091FB0B3091FC0B4091FD0B5091E1
:10B3F000FE0B60911C0670911D0680911E069091B7
:10B400001F060F9477376DA37EA38FA398A7A30180
:10B410009201C301B2010F94FA306B017C0129A59E
:10B420003AA54BA55CA5CA01B9010F94FA309B015E
:10B43000AC01C701B6010F9478376B017C012DA5D3
:10B440003EA54FA558A9CA01B9010F94FA309B0136
:10B45000AC01C701B6010F9478370F94263A6B01FF
:10B460007C012DEB37E346E855E30F94943087FFDA
:10B4700013C020E030E0A9016DA17EA18FA198A5A5
:10B480000F94D839CDA0DEA0EFA0F8A487FF04C0A8
:10B49000F7FAF094F7F8F0942DEB37E346E855E32C
:10B4A000C701B6010F94943087FD07CF20E030E04C
:10B4B00040EA50E4C701B6010F9472380F94EB389C
:10B4C0001B01672B19F422242394312CB10190E045
:10B4D00080E00F9499309B01AC0160E070E080E85F
:10B4E0009FE30F9472384B015C01AC019B01C701D3
:10B4F000B6010F94FA3069AB7AAB8BAB9CABA5016C
:10B500009401C301B2010F94FA30698B7A8B8B8B53
:10B510009C8BA501940169A57AA58BA59CA50F9488
:10B52000FA306D8B7E8B8F8B988FA50194016DA562
:10B530007EA58FA598A90F94FA30698F7A8F8B8F8B
:10B540009C8FA50194016DA17EA18FA198A50F9458
:10B55000FA306D8F7E8F8F8F98A380E1EFEEFBE046
:10B56000DE01119601900D928A95E1F7772473948C
:10B5700081E0281A310809F46FC080917B0681119F
:10B5800010C00F940D1A68537F4F8F4F9F4F6093D9
:10B590007706709378068093790690937A06709276
:10B5A0007B060E9487C50F940D1AC0907706D09035
:10B5B0007806E0907906F0907A066C197D098E097C
:10B5C0009F0997FD11C00F940D1A68537F4F8F4F3D
:10B5D0009F4F6093770670937806809379069093D7
:10B5E0007A0680E00E94104AFE0131967F016E01CA
:10B5F000F1E1CF0ED11C5601F7016191719181915A
:10B6000091917F01F60121913191419151916F0109
:10B610004701F4E08F1A91080F947837F4016083A2
:10B62000718382839383AE14BF0431F7C9A8DAA86B
:10B63000EBA8FCA88E010F5D1F4F9E01235F3F4FBB
:10B64000AE01475F5F4FBE016B5F7F4FCE0101963A
:10B650000F94820F81118CCFC9A8DAA8EBA8FCA89F
:10B660008E010F5D1F4F1FCE80917306909174065F
:10B67000A0917506B091760680936A0290936B0252
:10B68000A0936C02B0936D02809171069091720646
:10B690009093180280931702089580916A02909106
:10B6A0006B02A0916C02B0916D028093730690932F
:10B6B0007406A0937506B093760680911702909158
:10B6C0001802909372068093710684E690E090933E
:10B6D00018028093170208954F925F926F927F92A3
:10B6E0008F929F92AF92BF92CF92DF92EF92FF9292
:10B6F0000F931F93CF93DF93CDB7DEB72C970FB681
:10B70000F894DEBF0FBECDBF2B013C0129873A87DD
:10B710004B875C8747015801F601E080F180028188
:10B72000138120E030E0A901B701C8010F949430E3
:10B7300081118EC0E1EBF3E385919591A591B491D0
:10B74000582F492F3A2F2B2F852F942FA32FB22F0D
:10B7500089839A83AB83BC8320E030E0A901B701E1
:10B76000C8010F949430811108C0E0906602F090F7
:10B7700067020091680210916902C701D8018D83A8
:10B780009E83AF83B887A50194016091F70B7091F8
:10B79000F80B8091F90B9091FA0B0F94943087FF7E
:10B7A0000CC08092F70B9092F80BA092F90BB0921C
:10B7B000FA0BCE0101960E94B1B84092EF0B509265
:10B7C000F00B6092F10B7092F20B89859A85AB8534
:10B7D000BC858093F30B9093F40BA093F50BB0937F
:10B7E000F60BCE0105960E94B1B8A50194016091B7
:10B7F000F70B7091F80B8091F90B9091FA0B0F9465
:10B80000D839181664F48092F70B9092F80BA09236
:10B81000F90BB092FA0BCE0101960E94B1B80E94CA
:10B820003BCB2C960FB6F894DEBF0FBECDBFDF9199
:10B83000CF911F910F91FF90EF90DF90CF90BF902D
:10B84000AF909F908F907F906F905F904F900895F2
:10B850005E2D4F2D302F212F77CFCF92DF92EF9299
:10B86000FF920F931F936A01E090F70BF090F80B93
:10B870000091F90B1091FA0BFB012081318142817B
:10B880005381FC0160817181828193810E946CDB14
:10B890001F910F91FF90EF90DF90CF900895CF927E
:10B8A000DF92EF92FF920F931F936B01FC01E080F8
:10B8B000F18002811381EFEEFBE024813581468126
:10B8C000578160817181828193810E946CDB1F911D
:10B8D0000F91FF90EF90DF90CF9008958F929F92FD
:10B8E000AF92BF92CF92DF92EF92FF921F93CF93CE
:10B8F000DF93CDB7DEB760970FB6F894DEBF0FBE0B
:10B90000CDBF182F80E00E944AB54B015C018092A8
:10B91000650690926606A0926706B092680681E07E
:10B920000E944AB56B017C01C0926906D0926A06FA
:10B93000E0926B06F0926C0682E00E944AB560933A
:10B940006D0670936E0680936F06909370068982E1
:10B950009A82AB82BC82CD82DE82EF82F8866987D2
:10B960007A878B879C878091FB0B9091FC0BA09131
:10B97000FD0BB091FE0B8D879E87AF87B88B8091B2
:10B98000FF0B882321F0CE0101960E941ECA1E3FA4
:10B99000D9F480E1FE013196AFEEBBE001900D924B
:10B9A0008A95E1F760960FB6F894DEBF0FBECDBF63
:10B9B000DF91CF911F91FF90EF90DF90CF90BF90DC
:10B9C000AF909F908F90089584E0189FF00111240C
:10B9D000DF01A151B44F81E090E08C0F9D1FE80F73
:10B9E000F91F40815181628173814D935D936D9305
:10B9F0007C931397D7CF0D94EE0F1F93CF93DF93C4
:10BA000000D000D01F921F92CDB7DEB769837A8332
:10BA10008B839C832D833E834F8358870E94323FC4
:10BA2000882359F081E028960FB6F894DEBF0FBE48
:10BA3000CDBFDF91CF911F910895BE016B5F7F4F06
:10BA4000CE0101960E944FDC8091740B182F147068
:10BA500082FD0CC01092740B82E00E946EDC0E948A
:10BA6000FBDC81E01123F9F280E0DDCF0E94E33EB0
:10BA7000882381F3D7CFCF93DF9300D01F92CDB728
:10BA8000DEB784EF91E0A0E0B0E089839A83AB83D6
:10BA9000BC83BE016F5F7F4F8CE30E94B03B88E2A6
:10BAA00093E30E941B3D8CB162E273E385FB882720
:10BAB00080F90E942DB7809103016CE173E38695B4
:10BAC00081700E942DB789B166E173E383FB8827FB
:10BAD00080F90E942DB78EEE92E0A0E0B0E04B9985
:10BAE00011C089839A83AB83BC83BE016F5F7F4F94
:10BAF0008AE00E94B03B0F900F900F900F90DF9163
:10BB0000CF91089589839A83AB83BC83BE016F5F15
:10BB10007F4F8AE5EECF8091B507811104C08091F7
:10BB2000B707882331F062E070E080E090E00C9489
:10BB3000313A0895BF92CF92DF92EF92FF920F9326
:10BB40001F93CF93DF9300D000D01F921F92CDB7E9
:10BB5000DEB79091B707981709F47AC0B82E80E045
:10BB600090E0A0E2B1E48D839E83AF83B887C0905C
:10BB7000E10BD090E20BE090E30BF090E40B20E0BF
:10BB800030E0A901C701B6010F94943087FF0CC0C3
:10BB9000A701960160E070E080E291E40F947737AE
:10BBA0006D837E838F83988720E030E040EA53E402
:10BBB0006D817E818F8198850F94D839181644F451
:10BBC00080E090E0A0EAB3E48D839E83AF83B887E2
:10BBD0002D813E814F8158856091F70B7091F80B54
:10BBE0008091F90B9091FA0B0F94943087FF0BC062
:10BBF00019821A821B821C82BE016F5F7F4FCE01A9
:10BC000005960E944FDC6091EF0B7091F00B8091D4
:10BC1000F10B9091F20B2091F30B3091F40B4091CA
:10BC2000F50B5091F60B19821A821B821C82E09050
:10BC3000F70BF090F80B0091F90B1091FA0BFE0145
:10BC400031966F010E946CDBB092B7070E948BDDCA
:10BC500080E028960FB6F894DEBF0FBECDBFDF910F
:10BC6000CF911F910F91FF90EF90DF90CF90BF90F9
:10BC700008958091740B882319F01092740B089525
:10BC800086EF92E30C949E3F4F925F926F927F9269
:10BC90008F929F92AF92BF92CF92DF92EF92FF92DC
:10BCA0000F931F93CF93DF93CDB7DEB768970FB68F
:10BCB000F894DEBF0FBECDBF2A013B016901E82E1B
:10BCC000F12CF701EE50FC4CE491AA24A3941E162B
:10BCD0000CF4A12CBB24B39420E030E0A901C301F3
:10BCE000B2010F94D83918160CF0B12C80E00E94E4
:10BCF0004AB569837A838B839C8381E00E944AB52D
:10BD00006D837E838F83988782E00E944AB569871E
:10BD10007A878B879C8783E00E944AB56D877E87F0
:10BD20008F87988BEE0CFF1CEE0CFF1C88248394ED
:10BD3000912C8C0E9D1E8E0C9F1CF4011082118282
:10BD4000128213829E01235F3F4FAE01475F5F4F18
:10BD5000BE016B5F7F4FCE0101960E94A8CBF4011C
:10BD600040825182628273821D8A1E8A1F8A188EC7
:10BD700020E030E0A901B801C6010F949430811190
:10BD800009C0F701E755FC4C85919591A591B491B7
:10BD90008C016D01C801D601898B9A8BAB8BBC8B52
:10BDA00080919E1190919F11892B91F4CE0145961F
:10BDB0007C018E010F5E1F4F9E01235F3F4FAE013E
:10BDC000475F5F4FBE016B5F7F4F44970E94D2FE7B
:10BDD0000E943BCBAB100E9439DE68960FB6F894F8
:10BDE000DEBF0FBECDBFDF91CF911F910F91FF90AE
:10BDF000EF90DF90CF90BF90AF909F908F907F900B
:10BE00006F905F904F9008954F925F926F927F92E4
:10BE10008F929F92AF92BF92CF92DF92EF92FF925A
:10BE20000F931F93CF93C82FE82EF12CF701EE50FC
:10BE3000FC4CB4908230C9F481E00E949ADD8823E2
:10BE400081F0CF911F910F91FF90EF90DF90CF90F5
:10BE5000BF90AF909F908F907F906F905F904F902A
:10BE600008950E94323F8111ECCF6701CC0CDD1C9C
:10BE7000CC0CDD1CF601EA51FC4C459055906590C8
:10BE800074906B2DBB0C770B880B990B0F949B3028
:10BE90004B015C0120E030E040EC5FE3C301B20104
:10BEA0000F94FA30A50194010F94FA30AB01BC0154
:10BEB00000E010E098018C2F0E9444DEC23009F0AF
:10BEC000B4C00E94E33EE0E070E060E880E42E2F22
:10BED000372F462F582FC501B4010F94FA304B016C
:10BEE0005C0120E030E0A9010F949430882369F1CF
:10BEF00000E010E020E031E4C23019F000E010E092
:10BF00009801B501A40170588C2F0E9444DEC23004
:10BF100009F097C00E94323F811193CF412C512CE0
:10BF200080E8682E80E4782EA5019401C501B40153
:10BF30000F947837AB01BC01930182018C2F0E94D2
:10BF400044DEC23011F40E94E33E81E090E0A0E0C4
:10BF5000B0E00C2E04C0880F991FAA1FBB1F0A94C3
:10BF6000D2F72091EB0B282B2093EB0B20910F069F
:10BF7000822B80930F06F601ED5FF94F108211823C
:10BF8000128213828C2F0E9447D8F601E356FC4C94
:10BF900085919591A591B491F601E151F44F80837B
:10BFA0009183A283B383C230D1F42091E10B30910D
:10BFB000E20B4091E30B5091E40B6091F70B709111
:10BFC000F80B8091F90B9091FA0B0F9477376093EF
:10BFD000F70B7093F80B8093F90B9093FA0B0E9478
:10BFE000FBDCF601E05FF94FD601A151B44F8D9112
:10BFF0009D910D90BC91A02D80839183A283B383EA
:10C00000C23009F01ECF80E0CF911F910F91FF90B9
:10C01000EF90DF90CF90BF90AF909F908F907F90E8
:10C020006F905F904F900C949ADDF601E652FC4CB5
:10C0300085919591A591B491E82F792F6A2F8B2F37
:10C0400046CFF701E952FC4C6491611107C00E9490
:10C050009F3E85EB93E30E941B3D6AE0F601E755A6
:10C06000FC4C459055906590749070E090E080E0B5
:10C070000F949B309B01AC01C301B2010F94723845
:10C080002B013C0151CFACEAB3E190E080E0FC0130
:10C09000E850F04D459155916591749154964D93AA
:10C0A0005D936D937C935797FC01E851F04D45915A
:10C0B00055916591749194964D935D936D937C9396
:10C0C0009797FC01E852F04D459155916591749117
:10C0D0004D935D936D937D93049680319105B9F6F0
:10C0E00080E29EE4A0E0B0E08093BC139093BD1387
:10C0F000A093BE13B093BF1380E090E0AAEFB3E427
:10C100008093E0139093E113A093E213B093E313B1
:10C110008093E4139093E513A093E613B093E71391
:10C1200080E090E0AAE7B4E48093E8139093E913E9
:10C13000A093EA13B093EB131092EC131092ED134B
:10C140001092EE131092EF131092F0131092F1135D
:10C150001092F2131092F31380E090E0A0E2B1E4A9
:10C160008093140C9093150CA093160CB093170C9D
:10C170008093180C9093190CA0931A0CB0931B0C7D
:10C180008DEC9CECACECBEE380931C0C90931D0CEE
:10C19000A0931E0CB0931F0C80E090E0A0EAB0E4E6
:10C1A0008093200C9093210CA093220CB093230C2D
:10C1B000E4EEF9E08CE0DF011D928A95E9F7109238
:10C1C000A8051092A9051092AA051092AB050E942D
:10C1D000C4381092E10B1092E20B1092E30B109214
:10C1E000E40B88EC90E09093BF058093BE0586EE4B
:10C1F00090E09093C1058093C0058CE390E090930C
:10C20000BB058093BA0580E590E09093BD058093CF
:10C21000BC051092B8051092B90582E598EBA6EA24
:10C22000B1E480932A1490932B14A0932C14B09310
:10C230002D148EEA9AE6A4EABEE380932E1490931E
:10C240002F14A0933014B093311481EF97E4A9EA2E
:10C25000B3E48093321490933314A0933414B093C6
:10C26000351481E08093E3090E94233510922C0657
:10C2700080E090E0A0EEBFE3809331069093320619
:10C28000A0933306B0933406109202061092B507BD
:10C290001092B4070E948BDD10923A0C10923B0C66
:10C2A00010923C0C10923D0C80E090E0A8ECB2E4BF
:10C2B0008093B0059093B105A093B205B093B305F8
:10C2C0001092B4051092B5051092B6051092B705FC
:10C2D0000E94B1820E949F3E85EB9FE20C941B3D21
:10C2E000DF92EF92FF920F931F93CF93DF93CDB71F
:10C2F000DEB7CA58D1090FB6F894DEBF0FBECDBF66
:10C30000C358DF4F188219821A821B82CD57D04042
:10C3100080916D0390916E03A0916F03B0917003B3
:10C32000CF57DF4F88839983AA83BB83C158D040FE
:10C33000CB57DF4F19821882C558D04084E690E071
:10C34000C957DF4F99838883C758D040109263063E
:10C350009E012B573F4F44E050E0BE016F577F4F87
:10C36000CE0189579F4F0E941740C957DF4F8881E0
:10C370009981C758D0400296C957DF4F9983888367
:10C38000C758D040CB57DF4F19821882C558D040CC
:10C3900081E0C657DF4F8883CA58D0409E012B5793
:10C3A0003F4F41E050E0BE0166577F4FCE018957B5
:10C3B0009F4F0E9417409E012B573F4F48E450E08B
:10C3C0006CEA73E1CE0189579F4F0E9417409E018E
:10C3D0002B573F4F40E150E064E17CE0CE018957AC
:10C3E0009F4F0E9417408AE097EDA3EABCE3C35831
:10C3F000DF4F88839983AA83BB83CD57D0409E01AA
:10C400002B573F4F44E050E0BE0163587F4FCE01B1
:10C4100089579F4F0E9417409E012B573F4F4CE07A
:10C4200050E064EE79E0CE0189579F4F0E9417409B
:10C430007E018DE6E80EF11CF701108219821A8246
:10C440001B821C829E012B573F4F41E050E0B701F9
:10C45000CE0189579F4F0E9417409E012B573F4F97
:10C4600044E050E08E010F5F1F4FB801CE018957A5
:10C470009F4F0E9417408091280690912906A09115
:10C480002A06B0912B0689839A83AB83BC839E01D5
:10C490002B573F4F44E050E0B801CE0189579F4FE2
:10C4A0000E941740C358DF4F188219821A821B82DC
:10C4B000CD57D04083E0F701808389839E012B57BD
:10C4C0003F4F44E050E0BE0163587F4FCE01895793
:10C4D0009F4F0E9417409E012B573F4F41E050E075
:10C4E000B701CE0189579F4F0E9417409E012B57DD
:10C4F0003F4F41E050E0B801CE0189579F4F0E9465
:10C5000017402AE0D22EDA949E012B573F4F44E089
:10C5100050E0DD2049F0BE0163587F4FCE018957BE
:10C520009F4F0E941740EFCF61EE7BE0CE0189570D
:10C530009F4F0E941740C358DF4F188219821A82FA
:10C540001B82CD57D0409AE0D92EDA94DD2071F0CD
:10C550009E012B573F4F44E050E0BE0163587F4F90
:10C56000CE0189579F4F0E941740EFCF84E0898307
:10C57000F70180839E012B573F4F41E050E0B80107
:10C58000CE0189579F4F0E9417409E012B573F4F66
:10C5900041E050E0B701CE0189579F4F0E941740FC
:10C5A0009E012B573F4F44E050E06CEA75E0CE010E
:10C5B00089579F4F0E9417409E012B573F4F44E0E1
:10C5C00050E063EA75E0CE0189579F4F0E94174003
:10C5D0009E012B573F4F40E450E062EC75E0CE01E6
:10C5E00089579F4F0E94174019828FEFF701808370
:10C5F0009E012B573F4F41E050E0B801CE018957D3
:10C600009F4F0E9417409E012B573F4F41E050E043
:10C61000B701CE0189579F4F0E9417409E012B57AB
:10C620003F4F44E050E06BE273E0CE0189579F4FEB
:10C630000E9417409E012B573F4F41E050E062EAB5
:10C6400075E0CE0189579F4F0E9417409E012B57DE
:10C650003F4F44E050E06EEB75E0CE0189579F4FAD
:10C660000E9417409E012B573F4F44E050E06AEB79
:10C6700075E0CE0189579F4F0E9417409E012B57AE
:10C680003F4F42E050E068EB75E0CE0189579F4F85
:10C690000E94174080E090E0A0E8BFE38D879E876E
:10C6A000AF87B88B80912A1490912B14A0912C14F1
:10C6B000B0912D1489839A83AB83BC8380912E140F
:10C6C00090912F14A0913014B09131148D839E83DA
:10C6D000AF83B8878091321490913314A0913414B1
:10C6E000B091351489879A87AB87BC879E012B57F9
:10C6F0003F4F40E150E0B801CE0189579F4F0E9463
:10C70000174084E190E09A8389839E012B573F4F25
:10C7100042E050E0B801CE0189579F4F0E94174078
:10C720008CE0EBE9F2E0D80101900D928A95E1F7F7
:10C730009E012B573F4F4CE050E0B801CE01895786
:10C740009F4F0E94174080E290E09A8389839E0168
:10C750002B573F4F42E050E0B801CE0189579F4F21
:10C760000E9417408091E30989839E012B573F4F18
:10C7700041E050E0B801CE0189579F4F0E94174019
:10C7800080E2E7EAF2E0D80101900D928A95E1F7A4
:10C790009E012B573F4F40E250E0B801CE01895730
:10C7A0009F4F0E941740F70110829E012B573F4F69
:10C7B00041E050E0B701CE0189579F4F0E941740DA
:10C7C0009E012B573F4F41E050E06CE276E0CE01F6
:10C7D00089579F4F0E9417409E012B573F4F44E0BF
:10C7E00050E061E376E0CE0189579F4F0E941740E9
:10C7F0008AE1F80111928A95E9F79E012B573F4F84
:10C800004AE150E0B801CE0189579F4F0E9417407E
:10C8100084E3E7ECF2E0D80101900D928A95E1F70C
:10C820009E012B573F4F44E350E0B801CE0189579A
:10C830009F4F0E9417401A8219821C821B821E82FF
:10C840001D829E012B573F4F46E050E0B801CE01BC
:10C8500089579F4F0E9417408DE0F80111928A95E9
:10C86000E9F79E012B573F4F4DE050E0B801CE0154
:10C8700089579F4F0E9417409E012B573F4F44E01E
:10C8800050E06AE37CE0CE0189579F4F0E94174039
:10C890008CE0D82EF8018D2D11928A95E9F79E0132
:10C8A0002B573F4F4CE050E0B801CE0189579F4FC6
:10C8B0000E9417408CE6F80111928A95E9F79E01D3
:10C8C0002B573F4F4CE650E0B801CE0189579F4FA0
:10C8D0000E9417409E012B573F4F4CE050E067E508
:10C8E00076E0CE0189579F4F0E9417409E012B573B
:10C8F0003F4F48E050E060EB75E0CE0189579F4F15
:10C900000E941740F7011192DA94E9F7C757DF4FF9
:10C910001882C958D04080E090E0A0E4B0E4ED96E1
:10C920008CAF9DAFAEAFBFAFED979E012B573F4F82
:10C9300044E050E0B701CE0189579F4F0E94174055
:10C940009E012B573F4F44E050E0B7016C5F7F4F93
:10C95000CE0189579F4F0E9417409E012B573F4F92
:10C9600044E050E0B701685F7F4FCE0189579F4F89
:10C970000E9417409E012B573F4F41E050E0BE01FF
:10C9800067577F4FCE0189579F4F0E9417409E01E6
:10C990002B573F4F44E050E0BE0167587F4FCE0118
:10C9A00089579F4F0E9417409E012B573F4F41E0F0
:10C9B00050E062E076E0CE0189579F4F0E94174019
:10C9C000D0906306D11054C0C957DF4F0881198138
:10C9D000C758D04004561109CB57DF4F8881998141
:10C9E000C558D040F7019183808384E690E0C95711
:10C9F000DF4F99838883C758D0409E012B573F4F04
:10CA000044E050E06FE273E0CE0189579F4F0E94EF
:10CA100017409E012B573F4F42E050E0B701CE0137
:10CA200089579F4F0E9417400E949F3EB80180EE99
:10CA30009EE20E94E040F7014081518170E060E099
:10CA400083ED9EE20E94CF4080ED9EE20E941B3D5E
:10CA50000F36124041F00E944C3D88EB9EE20E944E
:10CA60001B3DDD24D394809163068D29809363065A
:10CA70009091630681E08927C657DF4F0FB6F8947F
:10CA8000DEBF0FBECDBFDF91CF911F910F91FF9001
:10CA9000EF90DF9008952F923F924F925F926F92A6
:10CAA0007F928F929F92AF92BF92CF92DF92EF923E
:10CAB000FF920F931F93CF93DF93CDB7DEB7C3548D
:10CAC000D1090FB6F894DEBF0FBECDBF4C015B019C
:10CAD0006A01222E19821C821C8E1F8E611571051F
:10CAE00021F510E0CE014C960E944535CE0101960D
:10CAF0000E944535812FCD5BDF4F0FB6F894DEBF26
:10CB00000FBECDBFDF91CF911F910F91FF90EF909E
:10CB1000DF90CF90BF90AF909F908F907F906F905D
:10CB20005F904F903F902F900895FC018381811179
:10CB3000D8CFFA0180818F32A9F18B01CE01019605
:10CB40007C013C0180E2382E2E019CE1490E511CF3
:10CB50002396EFAE23972496FFAE249722963FAEFE
:10CB6000229721963FAE21973FAE3EAE3DAE3CAE02
:10CB70003BAE3AAE39AE38AE3FAA960190E047E000
:10CB8000D9018D91882309F448C08F3209F445C03A
:10CB9000282F8E3209F54A3009F4A3CF98E04AE0F5
:10CBA0009D01EECFFB01838182508B01823060F0CA
:10CBB000618D728DCE014C960E94C7BA8E01045EC3
:10CBC0001F4F882309F48DCFC6016C010196F60131
:10CBD00020812F32D1F3B2CFEEE7FDE3349133233E
:10CBE00021F031968313FACF7CCF491708F479CF1F
:10CBF000813208F476CF8F3709F473CF3FE9380FCD
:10CC00003A3110F420EE280FE7E3F0E0EC0FFD1FBF
:10CC1000E90FF11D20839F5FC3CF8FA9803209F4F4
:10CC200060CF6901F90180812F5F3F4F8F32C9F3D7
:10CC3000882301F121E0AE01495C5F4FB801C701D3
:10CC40000E94D4BF882309F44CCF0A151B0519F0A4
:10CC5000C8010E948CBF942D852D6E147F0431F085
:10CC600023969FAD239724968FAD24978701E92EB5
:10CC7000F82E74CF222DAE01495C5F4FB801C4017C
:10CC80000E94D4BF182F2ECF2F923F924F925F92C7
:10CC90006F927F928F929F92AF92BF92CF92DF92CC
:10CCA000EF92FF920F931F93CF93DF93CDB7DEB731
:10CCB000C556D1090FB6F894DEBF0FBECDBF8C01AB
:10CCC0006B013A018DB79EB7A6969FAF8EAFA69720
:10CCD000312C99EB892E9BE0992E2DE0222E7E019E
:10CCE00097E5E90EF11CF6018381823008F4B0C0AB
:10CCF00080859185A285B3858F719927AA27BB2747
:10CD0000892B8A2B8B2B09F0A3C08114910411F07D
:10CD10001092B90B40E250E0BE016F5F7F4FC60139
:10CD20000E94A6BC9C01809709F092C0898188234B
:10CD300009F48EC0853E49F38E3239F39C85811407
:10CD4000910449F1492F4F734F3029F54B8D5C8D7C
:10CD5000452B09F5482F4F715FEF540F5230D8F42F
:10CD60004150550B249E9001259E300D1124D90170
:10CD7000A754B44FFE01319640E0453050F5518143
:10CD80005D934F5F32964D30C1F786FF04C0F901C5
:10CD9000EA53F44F108293FDBDCF222309F458C00B
:10CDA000892F88718031D9F4209199072150223040
:10CDB000B0F04DB65EB6BE016F5F7F4FC7010E94F7
:10CDC0000CB50115110509F066C021E081E090E085
:10CDD0006FC04B3010F45481D3CF5681D1CF209106
:10CDE000B90B2E3209F47FCF9A7009F07CCF21E085
:10CDF000803109F020E09091681520FB94F9909320
:10CE00006815803141F08985873409F06CCF8A85B7
:10CE10008E3709F468CF80919907813009F4A7C053
:10CE200008F4AFC0823009F05ECFBE016F5F7F4F64
:10CE30008CEA9BE00E940CB56114710409F4CDC02A
:10CE40006CEA7BE0C3010F94A83A892B09F0CDC0AE
:10CE5000A6968EAD9FADA6970FB6F8949EBF0FBE57
:10CE60008DBFCB59DF4F0FB6F894DEBF0FBECDBFDD
:10CE7000DF91CF911F910F91FF90EF90DF90CF90B6
:10CE8000BF90AF909F908F907F906F905F904F90EA
:10CE90003F902F900895F8018081882309F495CF61
:10CEA00001900020E9F73197CF01801B910B20E022
:10CEB000F70101900020E9F73197EE19FF09E80F1B
:10CEC000F91F32968DB79EB78E1B9F0B0FB6F89445
:10CED0009EBF0FBE8DBFEDB7FEB731965F0161E714
:10CEE00073E0211101C0B801C5010F94DA3AB7010E
:10CEF000C5010F94BB3A61E773E0C5010F94BB3ADB
:10CF000019A21CA221E0A701B601CE0181960E94C0
:10CF10004BE581110DC080919907811109C00E94D4
:10CF20009F3E8EE89DE30E941B3DC7010E948C48F6
:10CF30008BE1FE01B196DE01DC9601900D928A959F
:10CF4000E1F750E040E0BE01645C7F4FC5010E9404
:10CF500044E6CE01CC960E944535CE0181960E94D2
:10CF600045350FB6F8945EBE0FBE4DBEBCCE809167
:10CF70005506909156060196909356068093550655
:10CF8000B2CEBE016F5F7F4F8CEA9BE00E940CB572
:10CF900058010115110561F48CEAA82E8BE0B82E1A
:10CFA000F50181915F01882359F00E94143DF8CF6B
:10CFB000F50181915F01882379F30E94143DF8CF38
:10CFC00080E20E94143D6D8D7E8D8F8D98A14AE088
:10CFD0000E946B400E94AC4686CE8091970790914C
:10CFE00098073816190609F433CF33947CCEEF92A4
:10CFF000FF920F931F93CF937C018B01C2E44F3FAD
:10D0000009F0C4E580E20E94143D8C2F0E94143D7B
:10D010008AE30E94143DF7016081718182819381CE
:10D0200042E00E943F41F801408151816281738159
:10D030008EE69DE30E944A4262E070E080E090E06C
:10D04000CF911F910F91FF90EF900D94DA191F93DC
:10D05000CF93DF9300D000D01F921F92CDB7DEB7E1
:10D06000182F6091271470912814072E000C880B3C
:10D07000990B0F949B306D837E838F83988780916B
:10D08000231490912414A0912514B091261489831F
:10D090009A83AB83BC834CEFBE016B5F7F4FCE01A5
:10D0A00001960E94F7E760917F0B7091800B072E2D
:10D0B000000C880B990B0F949B306D837E838F83BC
:10D0C000988780917B0B90917C0BA0917D0BB09108
:10D0D0007E0B89839A83AB83BC834FEFBE016B5F6A
:10D0E0007F4FCE0101960E94F7E76091810B1F3FB1
:10D0F00039F087E11802F0011124E15EFB4E6285F0
:10D1000070E086E79DE30E9409416091810B70E029
:10D1100081E79DE30E94094128960FB6F894DEBF8F
:10D120000FBECDBFDF91CF911F9108952F923F92F7
:10D130004F925F926F927F928F929F92AF92BF9227
:10D14000CF92DF92EF92FF920F931F93CF93DF93D3
:10D15000CDB7DEB76C970FB6F894DEBF0FBECDBF6C
:10D160008B8F6C8F8091231490912414A09125149F
:10D17000B09126148D839E83AF83B8871092540696
:10D1800080E090E0A0E8BFEB89879A87AB87BC87F7
:10D1900081E0809365021D861E861F86188A1B8A81
:10D1A0001C8A1D8A1E8A21E02A8B10E01F8A3CE31C
:10D1B000388F4CE1498F56E45A8F812C912C5401C1
:10D1C0006091271470912814072E000C880B990B7E
:10D1D0000F949B306B017C0129853A854B855C85DA
:10D1E0000F9494308823B9F02091231430912414A3
:10D1F0004091251450912614C986DA86EB86FC8668
:10D200008C8D811114C1C701B6010F949430182F71
:10D21000111F1127111F0F940D1A6B017C01DC01E6
:10D22000CB012B893C894D895E89821B930BA40B12
:10D23000B50BB7FD2EC0D701C60188519C4FAF4F2B
:10D24000BF4F8B8B9C8BAD8BBE8B8B8D0E9427E849
:10D250008AE79DE30E941B3D81149104A104B1045F
:10D2600009F4EDC0C501B401605F784D8F4F9F4F49
:10D270006C197D098E099F0928EE33E040E050E0EB
:10D280000F94D836CA01B9010E94ED408AE00E948D
:10D29000143D80E00E94104A0F940D1A6093E50B34
:10D2A0007093E60B8093E70B9093E80B8091231427
:10D2B00090912414A0912514B091261489839A8307
:10D2C000AB83BC8311110AC0AE01475F5F4FBE0143
:10D2D0006F5F7F4FCE0105960E94D23529803A803C
:10D2E0009B81998B0C819101492F502F69857A85FB
:10D2F0008B859C850F9477372B013C0120E030E033
:10D30000A9010F94D83987FF04C077FA709477F891
:10D31000709481149104A104B10409F094C020E038
:10D3200030E040E85FE3C301B2010F94943087FF1F
:10D330000BC0AA8946015701AA2331F0B0E18B0E38
:10D34000B7E29B1EA11CB11C112389F12D853E85DE
:10D350004F855889211531054105510541F0D70107
:10D36000C601821B930BA40BB50BB7FD20C0910126
:10D370004989502F6F89788D898D9A8D0F947737D1
:10D3800020E030E040EC5FE30F94943087FD24C050
:10D39000D701C601805A9541AF4FBF4F8D879E87F9
:10D3A000AF87B88B2F8A388E9989998F0A8F809191
:10D3B0006502882389F081149104A104B104A9F1C4
:10D3C000A0E1CA1AA7E2DA0AE108F108C818D908E8
:10D3D000EA08FB08F7FC29C080916502882351F018
:10D3E0000E94849C8FEF89838A838B83CE01019670
:10D3F0000E944B35809165026C960FB6F894DEBFA3
:10D400000FBECDBFDF91CF911F910F91FF90EF9095
:10D41000DF90CF90BF90AF909F908F907F906F9054
:10D420005F904F903F902F9008951A8AC9CEC70100
:10D43000B6010F94943087FDCFCF10E0ECCE8FE390
:10D440000E94143D23CF20E030E040E450E4C301CB
:10D45000B2010F94D83918160CF076CF4601570157
:10D4600073CF4F925F926F927F928F929F92AF9203
:10D47000BF92CF92DF92EF92FF922091D50B309125
:10D48000D60B4091D70B5091D80B6091EF0B709158
:10D49000F00B8091F10B9091F20B0F947837AB0168
:10D4A000BC0180E693E30E944A422091D90B30915F
:10D4B000DA0B4091DB0B5091DC0B6091F30B709118
:10D4C000F40B8091F50B9091F60B0F947837AB012C
:10D4D000BC018CE593E30E944A422091DD0B309120
:10D4E000DE0B4091DF0B5091E00B6091F70B7091D8
:10D4F000F80B8091F90B9091FA0B0F947837AB01F0
:10D50000BC0188E593E30E944A424091FB0B509195
:10D51000FC0B6091FD0B7091FE0B84E593E30E9480
:10D520004A4280916F00982F927081FF05C08091D0
:10D530006F008D7F80936F004090E3065090E4066B
:10D540006090E5067090E6068090E7069090E80609
:10D55000A090E906B090EA06C090EB06D090EC06E9
:10D56000E090ED06F090EE06992329F080916F008F
:10D57000826080936F008AE493E30E941B3DC301A5
:10D58000B2010E94ED4086E493E30E941B3DC50179
:10D59000B4010E94ED4082E493E30E941B3DC70169
:10D5A000B6010E94ED408AE0FF90EF90DF90CF90AF
:10D5B000BF90AF909F908F907F906F905F904F90B3
:10D5C0000C94143D8F929F92AF92BF92CF92DF92B4
:10D5D000EF92FF920F931F93CF93C82F11E018275C
:10D5E000811102C00E949F3E8FED92E30E941B3D7D
:10D5F00089ED92E30E941B3D8AE00E94143DC11117
:10D6000002C00E949F3E8CEB92E30E941B3D8AE089
:10D610000E94143DC11110C00E949F3E89EA92E30E
:10D620000E941B3D80912C06882309F4D1C18AE019
:10D630000E94143D0E949F3E409131065091320657
:10D64000609133067091340685E992E30E944A4264
:10D650008AE00E94143D80912C06811108C0C111FE
:10D6600002C00E949F3E8AE892E30E941B3DC111C6
:10D6700006C00E949F3E89E792E30E941B3D812FD6
:10D680000E942FFDC11108C00E949F3E8BE592E3CE
:10D690000E941B3D0E949F3E4091D0135091D11398
:10D6A0006091D2137091D31382E592E30E944A42B3
:10D6B0004091D4135091D5136091D6137091D71324
:10D6C0008FE492E30E944A424091D8135091D913BB
:10D6D0006091DA137091DB138CE492E30E944A426A
:10D6E0004091DC135091DD136091DE137091DF13D4
:10D6F00089E492E30E944A428AE00E94143DC111EB
:10D7000008C00E949F3E87E292E30E941B3D0E9458
:10D710009F3E6091AC137091AD138091AE139091C8
:10D72000AF130F949930AB01BC018EE192E30E94DC
:10D730004A426091B0137091B1138091B2139091ED
:10D74000B3130F949930AB01BC018BE192E30E94BB
:10D750004A426091B4137091B5138091B6139091C1
:10D76000B7130F949930AB01BC0188E192E30E949A
:10D770004A426091B8137091B9138091BA13909195
:10D78000BB130F949930AB01BC0185E192E30E9479
:10D790004A428AE00E94143DC11108C00E949F3E87
:10D7A0008BEC91E30E941B3D0E949F3E4091E01351
:10D7B0005091E1136091E2137091E31382EC91E3D5
:10D7C0000E944A424091E4135091E5136091E613A0
:10D7D0007091E7138FEB91E30E944A424091E81366
:10D7E0005091E9136091EA137091EB138CEB91E384
:10D7F0000E944A428AE00E94143DC11113C00E9457
:10D800009F3E84E791E30E941B3D89E491E30E94DF
:10D810001B3D8AE391E30E941B3D8AE00E94143D78
:10D820000E949F3E6091BC137091BD138091BE1306
:10D830009091BF130F949930AB01BC0181E391E348
:10D840000E944A424091EC135091ED136091EE1307
:10D850007091EF138EE291E30E944A424091F013DF
:10D860005091F1136091F2137091F3138BE291E3F5
:10D870000E944A424091140C5091150C6091160C74
:10D880007091170C88E291E30E944A424091180C73
:10D890005091190C60911A0C70911B0C85E291E368
:10D8A0000E944A4240911C0C50911D0C60911E0C2C
:10D8B00070911F0C82E291E30E944A424091200C39
:10D8C0005091210C6091220C7091230C8FE191E317
:10D8D0000E944A428AE00E94143DC11108C00E9481
:10D8E0009F3E81E191E30E941B3D0E949F3E40913B
:10D8F000E4095091E5096091E6097091E70988E033
:10D9000091E30E944A424091E8095091E9096091EF
:10D91000EA097091EB0985E091E30E944A42409147
:10D92000EC095091ED096091EE097091EF0982E0E8
:10D9300091E30E944A428AE00E94143DC11108C04E
:10D940000E949F3E8EEE90E30E941B3D0E949F3EF0
:10D950006091FF0B70E085EE90E30E9409414091D9
:10D9600028065091290660912A0670912B0682EEB6
:10D9700090E30E944A428AE00E94143D8091AC05E7
:10D980009091AD05892B09F445C042ECC42E45E0C9
:10D99000D42E10E000E05601F12CE12CC11102C0A0
:10D9A0000E949F3EB70188ED90E30E940941B801B3
:10D9B00085ED90E30E94094133E7832E33E0932EF7
:10D9C000F40181914F01882341F00E94143DF8CF6A
:10D9D0008EE992E30E941B3D2DCEF501608171819D
:10D9E0008281938145E00E943F418AE00E94143D7C
:10D9F000FFEFEF1AFF0A80E1A80EB11CE4E0EE167B
:10DA0000F10461F60F5F1F4FF4E0CF0ED11C04301C
:10DA1000110509F6C11106C00E949F3E88EB90E3F4
:10DA20000E941B3D8EEBA82E85E0B82E9AEBC92EE6
:10DA300095E0D92E28EBE22E25E0F22E10E000E052
:10DA4000C11102C00E949F3EB8018FEA90E30E947C
:10DA50000941F501619171915F018CEA90E30E94A7
:10DA60000941F601619171916F0189EA90E30E9489
:10DA70000941F70161917F0170E086EA90E30E941D
:10DA800009418AE00E94143D0130110509F0C3C02C
:10DA9000C11108C00E949F3E87E990E30E941B3D90
:10DAA0000E949F3E40912A1450912B1460912C1497
:10DAB00070912D148EE890E30E944A422CEA35ECD6
:10DAC00047E25EE360912E1470912F148091301420
:10DAD000909131140F947238AB01BC018BE890E344
:10DAE0000E944A422CEA35EC47E25EE36091321430
:10DAF0007091331480913414909135140F94FA304E
:10DB0000AB01BC0188E890E30E944A428AE00E948F
:10DB1000143DC11108C00E949F3E82E790E30E941D
:10DB20001B3D0E949F3E6091E30970E089E690E30F
:10DB30000E9409418AE00E94143DC11110C00E9458
:10DB40009F3E8AE590E30E941B3D89ED92E30E948F
:10DB50001B3D88E090E30E941B3D0E949F3E409148
:10DB6000E10B5091E20B6091E30B7091E40B81E5C6
:10DB700090E30E944A428AE00E94143DC11108C00D
:10DB80000E949F3E80E490E30E941B3D0E949F3EC6
:10DB900040913A0C50913B0C60913C0C70913D0CC3
:10DBA00087E390E30E944A428AE00E94143DC1113B
:10DBB00008C00E949F3E88E190E30E941B3D0E94A6
:10DBC0009F3E8BE090E30E941B3D4091B405509135
:10DBD000B5056091B6057091B70586E190E30E94A6
:10DBE0004A424091B0055091B1056091B2057091E3
:10DBF000B30583E190E30E944A428AE0CF911F91EE
:10DC00000F91FF90EF90DF90CF90BF90AF909F90DB
:10DC10008F900C94143D01E010E012CF2F923F92B0
:10DC20004F925F926F927F928F929F92AF92BF922C
:10DC3000CF92DF92EF92FF920F931F93CF93DF93D8
:10DC4000CDB7DEB7C25AD1090FB6F894DEBF0FBE0A
:10DC5000CDBF2DB73EB7CF55DF4F39832883C15A8B
:10DC6000D040CB56DF4F19821882C559D04084E688
:10DC700090E0C956DF4F99838883C759D04001E0AF
:10DC80009E012B563F4F44E050E0BE016F567F4F40
:10DC9000CE0189569F4F0E94D63C9E012B563F4F86
:10DCA00042E050E0BE0167567F4FCE0189569F4F3C
:10DCB0000E94D63C43E050E066E773E0CE018F5609
:10DCC0009F4F0F94E13A6C01892B09F46BC043E03C
:10DCD00050E0BE016F567F4F8FE293E00F94E13A20
:10DCE000892B09F45FC0CC56DF4F8881C459D040DE
:10DCF000882359F08FE3CF56DF4F8883C159D04036
:10DD0000CE56DF4F1882C259D0400E949F3EBE01BE
:10DD10006F567F4F84E99FE20E94393D86E89FE27B
:10DD20000E941B3D81E0809363068091A7058111CD
:10DD300010C0109163060E94E2EA11110AC0CD28BA
:10DD400041F40E949F3E82EF9EE20E941B3D0E9492
:10DD500070E19091630681E08927CF55DF4F2881DC
:10DD60003981C15AD0400FB6F8943EBF0FBE2DBFC7
:10DD7000CE55DF4F0FB6F894DEBF0FBECDBFDF919B
:10DD8000CF911F910F91FF90EF90DF90CF90BF90B8
:10DD9000AF909F908F907F906F905F904F903F904B
:10DDA0002F900895C357DF4F188219821A821B8261
:10DDB000CD58D040CB56DF4F19821882C559D0407C
:10DDC00001E09E012B563F4F41E050E0BE016456FA
:10DDD0007F4FCE0189569F4F0E94D63C8DB79EB78C
:10DDE000C156DF4F99838883CF59D0405E019DE7AC
:10DDF000A90EB11C80E1EBEFF2E0D50101900D928C
:10DE00008A95E1F74E01EDE68E0E911C80E1EBE084
:10DE1000F3E0D40101900D928A95E1F780E1EBE106
:10DE2000F3E09E012F5F3F4F3901D90101900D9220
:10DE30008A95E1F7C456DF4F4881CC59D04050E075
:10DE40004D5F5F4F440F551F440F551F8DB79EB751
:10DE5000841B950B0FB6F8949EBF0FBE8DBFEDB718
:10DE6000FEB73196C356DF4FF983E883CD59D040D2
:10DE70000091A70511E001272C563F4FBF01CE01AD
:10DE800089569F4F0E94D63C0091A70501279E010D
:10DE90002B563F4F44E050E06CEB73E1CE018956C6
:10DEA0009F4F0E94D63CC456DF4FE880CC59D040EB
:10DEB000F12CF3E0EF0EF11CEE0CFF1CEE0CFF1C3E
:10DEC0002DB73EB72E193F090FB6F8943EBF0FBECF
:10DED0002DBF8DB79EB701961C01EDB7FEB7EE19A9
:10DEE000FF090FB6F894FEBF0FBEEDBF2DB73EB7CA
:10DEF0002F5F3F4F29010091A70501279E012B5657
:10DF00003F4FA701BC01CE0189569F4F0E94D63CCE
:10DF10000091A70501279E012B563F4FA701B20193
:10DF2000CE0189569F4F0E94D63C8091A705682F4D
:10DF30006127811146C0C456DF4F2881CC59D0409B
:10DF400030E02E5F3F4FECEAF3E190E080E050E0FC
:10DF500040E0C356DF4FA881B981CD59D040241786
:10DF600035070CF4D501A80FB91FED90FD900D9168
:10DF70001C91E192F19201931193D101241735077D
:10DF80000CF4D401A80FB91FED90FD900D911C91D8
:10DF9000E08AF18A028B138BD201241735070CF427
:10DFA000D301A80FB91FED90FD900D911C91E0A237
:10DFB000F1A202A313A34F5F5F4F049644305105B3
:10DFC00041F6062F9E012B563F4F44E050E060EE95
:10DFD00073E1CE0189569F4F0E94D63C0091A70560
:10DFE00011E001279E012B563F4F44E050E064EEC4
:10DFF00073E1CE0189569F4F0E94D63C0091A70540
:10E0000001279E012B563F4F44E050E068EE73E13C
:10E01000CE0189569F4F0E94D63C0091A70501274B
:10E020009E012B563F4F44E050E06CEE73E1CE0171
:10E0300089569F4F0E94D63C0091A70501279E015B
:10E040002B563F4F44E050E060EF73E1CE0189561C
:10E050009F4F0E94D63C0091A70501279E012B5699
:10E060003F4F40E150E064E17CE0CE0189569F4F94
:10E070000E94D63C0091A70501279E012B563F4FD9
:10E0800044E050E0BE0163577F4FCE0189569F4F59
:10E090000E94D63CC156DF4F88819981CF59D0402C
:10E0A0000FB6F8949EBF0FBE8DBF0091A705012744
:10E0B0009E012B563F4F4CE050E064EE79E0CE01DC
:10E0C00089569F4F0E94D63C0091A70501279E01CB
:10E0D0002B563F4F41E050E0BE0163597F4FCE01C8
:10E0E00089569F4F0E94D63C0091A70501279E01AB
:10E0F0002B563F4F44E050E0BE016F5F7F4FCE0193
:10E1000089569F4F0E94D63C0091A70501279E018A
:10E110002B563F4F44E050E068EA75E0CE01895647
:10E120009F4F0E94D63C0091A70501279E012B56C8
:10E130003F4F44E050E0BE0163577F4FCE01895608
:10E140009F4F0E94D63C01E09E012B563F4F41E07D
:10E1500050E0BE0163597F4FCE0189569F4F0E9408
:10E16000D63C9E012B563F4F41E050E0BE016F5F11
:10E170007F4FCE0189569F4F0E94D63CAE96EFACA2
:10E18000AE978981E89E7001112491E0E91AF108A7
:10E190000091A70501279E012B563F4F44E050E018
:10E1A000EFEFEE16FE0649F0BE0163577F4FCE013A
:10E1B00089569F4F0E94D63CE8CF61EE7BE0CE01AE
:10E1C00089569F4F0E94D63C1AE0FF24F3941150C9
:10E1D00089F00091A7050F259E012B563F4F44E083
:10E1E00050E0BE0163577F4FCE0189569F4F0E947A
:10E1F000D63CEDCF01E09E012B563F4F41E050E071
:10E20000BE0165567F4FCE0189569F4F0E94D63C76
:10E210009E012B563F4F41E050E0BE0163587F4FB7
:10E22000CE0189569F4F0E94D63CC556DF4F88814C
:10E23000CB59D0400091A705843009F0ACC2EE96CE
:10E240008FADEE97843009F0A6C2011103C080E0C3
:10E250000E9478380091A70511E001279E012B56F6
:10E260003F4F44E050E06CEA75E0CE0189569F4F85
:10E270000E94D63C0091A70501279E012B563F4FD7
:10E2800044E050E063EA75E0CE0189569F4F0E945A
:10E29000D63C0091A70501279E012B563F4F40E435
:10E2A00050E062EC75E0CE0189569F4F0E94D63C4B
:10E2B0000091A70511E001279E012B563F4F41E039
:10E2C00050E0BE0163597F4FCE0189569F4F0E9497
:10E2D000D63C0091A70501279E012B563F4F41E0F8
:10E2E00050E0BE016F5F7F4FCE0189569F4F0E9465
:10E2F000D63C0091A70501279E012B563F4F44E0D5
:10E3000050E0BE016F5F7F4FCE0189569F4F0E9444
:10E31000D63C0091A70501279E012B563F4F41E0B7
:10E3200050E062EA75E0CE0189569F4F0E94D63CCC
:10E330000091A70501279E012B563F4F44E050E076
:10E340006EEB75E0CE0189569F4F0E94D63C00913E
:10E35000A70501279E012B563F4F44E050E06AEB92
:10E3600075E0CE0189569F4F0E94D63C0091A705CB
:10E3700001279E012B563F4F42E050E068EB75E0CD
:10E38000CE0189569F4F0E94D63C0091A7050127D8
:10E390009E012B563F4F40E150E0BE016F5F7F4F23
:10E3A000CE0189569F4F0E94D63C0091A7050111CE
:10E3B0002EC089809A80AB80BC8020E030E84BE39F
:10E3C00055E4C501B4010F949430882301F1809283
:10E3D0002A1490922B14A0922C14B0922D148D819B
:10E3E0009E81AF81B88580932E1490932F14A093B3
:10E3F0003014B093311489859A85AB85BC858093A0
:10E40000321490933314A0933414B093351411E064
:10E4100001279E012B563F4F42E050E0BE016F5F47
:10E420007F4FCE0189569F4F0E94D63C0091A70591
:10E4300001279E012B563F4F4CE050E0BE016F5F1D
:10E440007F4FCE0189569F4F0E94D63C0091A70571
:10E4500001279E012B563F4F42E050E0BE016F5F07
:10E460007F4FCE0189569F4F0E94D63C0091A70551
:10E4700001279E012B563F4F41E050E063EE79E0CB
:10E48000CE0189569F4F0E94D63C0091A7050127D7
:10E490009E012B563F4F40E250E0BE016F5F7F4F21
:10E4A000CE0189569F4F0E94D63C0091A7050127B7
:10E4B0009E012B563F4F41E050E0BE0163597F4F14
:10E4C000CE0189569F4F0E94D63C0091A705012797
:10E4D0009E012B563F4F45E050E0BE016F5F7F4FDE
:10E4E000CE0189569F4F0E94D63C0091A70501118D
:10E4F0000FC0898180932C068A819B81AC81BD816C
:10E500008093310690933206A0933306B09334067D
:10E5100011E001279E012B563F4F4AE150E0BE011A
:10E520006F5F7F4FCE0189569F4F0E94D63C00916E
:10E53000A70501279E012B563F4F44E350E0BE0143
:10E540006F5F7F4FCE0189569F4F0E94D63C00914E
:10E55000A70501279E012B563F4F46E050E0BE0124
:10E560006F5F7F4FCE0189569F4F0E94D63C00912E
:10E57000A70501279E012B563F4F4DE050E0BE01FD
:10E580006F5F7F4FCE0189569F4F0E94D63C00910E
:10E59000A70501279E012B563F4F44E050E0BE01E6
:10E5A0006F5F7F4FCE0189569F4F0E94D63C80916E
:10E5B000A705082F012781110CC089819A81AB81A1
:10E5C000BC8180933A0C90933B0CA0933C0CB0938D
:10E5D0003D0C9E012B563F4F4CE050E0BE016F5F5B
:10E5E0007F4FCE0189569F4F0E94D63C0091A705D0
:10E5F00011E001279E012B563F4F4CE650E0BE0133
:10E600006F5F7F4FCE0189569F4F0E94D63C198283
:10E610001A821B821C821D821E821F821886198606
:10E620001A861B861C860091A70501279E012B5682
:10E630003F4F4CE050E0BE016F5F7F4FCE018956E7
:10E640009F4F0E94D63C0091A70501279E012B56A3
:10E650003F4F48E050E060EB75E0CE0189569F4F98
:10E660000E94D63C0091A70501279E012B563F4FE3
:10E6700044E050E0BE016F5F7F4FCE0189569F4F4F
:10E680000E94D63C0091A70501279E012B563F4FC3
:10E6900044E050E0BE016B5F7F4FCE0189569F4F33
:10E6A0000E94D63C0091A70501279E012B563F4FA3
:10E6B00044E050E0BE01675F7F4FCE0189569F4F17
:10E6C0000E94D63C0091A70501279E012B563F4F83
:10E6D00041E050E0BE0163587F4FCE0189569F4F05
:10E6E0000E94D63C0091A70501279E012B563F4F63
:10E6F00044E050E0BE0163597F4FCE0189569F4FE1
:10E700000E94D63C0091A705C114D10409F086C02F
:10E71000011102C010920206C956DF4F888199810B
:10E72000C759D0408456910921E030E0C114D1048A
:10E7300011F030E020E00FE612E0021B130B21E0A5
:10E740008017910709F420E0209363068017910752
:10E7500009F47AC00E949F3EC956DF4F68817981D3
:10E76000C759D040645671098EE79FE20E94094163
:10E77000B80186E79FE20E94E0408AE00E94143DD3
:10E780008091A7058111D1CA809163068111CDCAFC
:10E790000E94B182CACA11E001279E012B563F4F49
:10E7A00044E050E0BE0163597F4FCE0189569F4F30
:10E7B0000E94D63C0091A70501279E012B563F4F92
:10E7C00044E050E0BE016F5F7F4FCE0189569F4FFE
:10E7D0000E94D63CC556DF4FE880CB59D040EE961C
:10E7E0008FADEE97E89E70011124F1E0EF1AF10869
:10E7F0000091A70501272FEFE216F20609F458CD84
:10E800009E012B563F4F44E050E0BE0163577F4FBF
:10E81000CE0189569F4F0E94D63CE7CF01279E012B
:10E820002B563F4F41E050E0BE016F5F7F4FCE015E
:10E8300089569F4F0E94D63C8091A70581116CCFCD
:10E8400089818093020668CFCB56DF4F28813981BA
:10E85000C559D040C756DF4F88819981C959D040EA
:10E8600028173907F1F081E0809363060E944C3D40
:10E87000C756DF4F68817981C959D04086E59FE24C
:10E880000E94E040CB56DF4F68817981C559D04066
:10E8900081E59FE20E94E04081E49FE20E941B3DEF
:10E8A0006FCF8091A70581116BCF0E949F3E8E0193
:10E8B0000F561F4FF80181918F01882319F00E9494
:10E8C000143DF8CFC956DF4F68817981C759D040D0
:10E8D0006456710984E29FE20E940941CB56DF4FE2
:10E8E00048815981C559D04070E060E087E19FE2DE
:10E8F0000E94CF4084E19FE2D1CF81E08093A705C1
:10E900000E940EEE1092A70581110C940EEE0E944B
:10E9100043E081E008958F929F92AF92BF92CF9291
:10E92000DF92EF92FF92CF9380916815877F80935B
:10E93000681580918815882321F085E895E10E946B
:10E940008CBF109264141092611485E3809360145C
:10E950000F940D1A6B017C0120EDC20E27E0D21E30
:10E96000E11CF11CA89561E0809160140F941318CC
:10E9700061E0809160140F944B18209A289A219A94
:10E980002398229A81E00E94EB7485E080936214C0
:10E990000E94EB74CAE08FEF0E94DF74C150D9F778
:10E9A000A89520E030E0A90160E080E694E10E94B3
:10E9B00042B780936314813021F10F940D1A6C19C2
:10E9C0007D098E099F0997FDECCF81E0809361144A
:10E9D00080E694E10E9425B70E949F3E83ED9DE36F
:10E9E0000E941B3D0F94532283E080937402CF91C9
:10E9F000FF90EF90DF90CF90BF90AF909F908F905F
:10EA00000895A8952AEA31E040E050E068E080E609
:10EA100094E10E9442B7853069F581E080936414E7
:10EA2000A89580916414812C912C5401823029F492
:10EA3000812C912CA12C80E4B82E20E030E0A9019B
:10EA400067E380E694E10E9442B7A501940169E280
:10EA500080E694E10E9442B7809363148823F9F022
:10EA60000F940D1A6C197D098E099F0997FDE5CF4A
:10EA70008AE0ACCFC4E00E94E47480936314C15078
:10EA8000D1F78A3A11F482E0C9CF0F940D1A6C19AC
:10EA90007D098E099F0997FDB5CF82E097CF8091C0
:10EAA00064148230D1F420E030E0A9016AE380E60A
:10EAB00094E10E9442B7882311F088E087CF0E943A
:10EAC000E474807C803C19F483E0809364140E9499
:10EAD000E4740E94E4740E94E47480E694E10E946D
:10EAE00025B71092621481E00E946AFD81110AC06C
:10EAF00080E00E946AFD811105C00E944C3D8FEBB1
:10EB00009DE36ECF62E474E185E895E10E94C7BAA7
:10EB1000811105C00E944C3D8EEA9DE361CF80913A
:10EB200068158860809368150E949F3E82EA9DE385
:10EB30000E941B3D0E947DF455CF089580E008950A
:10EB40008150823108F05AC0E82FF0E08827E45560
:10EB5000FA408F4F0D946F37CCF5D0F5BEF5C4F564
:10EB6000C8F5FEF5D3F5D9F5DDF5E3F5E7F5EBF5F9
:10EB7000F1F5F5F5FEF5F9F5FFF503F68091800066
:10EB80008F77809380000895809180008F7DF9CFEA
:10EB900080918000877FF5CF84B58F7784BD0895FD
:10EBA00084B58F7DFBCF8091B0008F778093B000CC
:10EBB00008958091B0008F7DF9CF809190008F777C
:10EBC000809390000895809190008F7DF9CF80917F
:10EBD0009000877FF5CF8091A0008F778093A00071
:10EBE00008958091A0008F7DF9CF8091A000877F4C
:10EBF000F5CF809120018F77809320010895809137
:10EC000020018F7DF9CF80912001877FF5CF3FB71D
:10EC1000F89480914E1890914F18A0915018B0918F
:10EC2000511826B5A89B05C02F3F19F00196A11DCC
:10EC3000B11D3FBFBA2FA92F982F8827BC01CD0146
:10EC4000620F711D811D911D42E0660F771F881FA5
:10EC5000991F4A95D1F70895AF92BF92CF92DF9254
:10EC6000EF92FF920F931F93CF93DF936C017B0181
:10EC70008B01040F151FEB015E01AE18BF08C01712
:10EC8000D10759F06991D601ED91FC910190F08185
:10EC9000E02DC6011995892B79F7C501DF91CF9138
:10ECA0001F910F91FF90EF90DF90CF90BF90AF90AA
:10ECB0000895FC0180819281980F9283218192179F
:10ECC00060F494819F5F94839381890F821710F081
:10ECD0008FEF820F838381E0089580E00895FC0127
:10ECE000128280818150838314820895DC011696FC
:10ECF000ED91FC91179712968C911297481B483012
:10ED000028F015968C91E80FF11D477081E090E096
:10ED100001C0880F4A95EAF7E60FF11D30812223E2
:10ED200019F0832B8083089580958323FBCFFB010B
:10ED30004181DC0112962C911297421768F01396CC
:10ED40002C911397241740F0608115962C9162172F
:10ED500018F424810C9476F608950B96FC018491A6
:10ED600008950A96FC0184910895FC018491089508
:10ED70000E94B5F6882321F0823011F083E00895D7
:10ED800086E00895FC01E60FF11D849190E0982F34
:10ED900088273196E4918E0F911D089568E00C94B8
:10EDA000C2F666E00C94C2F62EE93FE0009729F027
:10EDB000F9013197F1F70197F9CF08958EBD0DB4A0
:10EDC00007FEFDCF8EB50895DB011496ED91FC9101
:10EDD00030E020E065E01994DB011496ED91FC91A0
:10EDE00030E020E062E01994DB011496ED91FC9193
:10EDF00030E020E063E01994CF92DF92EF92FF922F
:10EE00000F931F93CF93DF938C017B016A0180E006
:10EE1000F601C491811110C081E0CF3F49F04C2F21
:10EE2000B701C8010E94E4F6882309F444C080E0D9
:10EE3000BFEFCB1ADB0AECCF4FEFCF3F89F3CE3FCA
:10EE4000D9F1C03FA0F7C03E38F04C2F4F70B7014A
:10EE5000C8010E94ECF6EBCFC03D38F04C2F4F704C
:10EE6000B701C8010E94F4F6E2CFC03CF8F0D70128
:10EE70001496ED91FC9130E020E040E064E0C801A0
:10EE80001995C295C07FCE5FD0E0CE010E94D4F626
:10EE9000D7011496ED91FC9130E020E041E064E070
:10EEA000C8011995CE010E94D4F6C1CFC7FDBFCFCE
:10EEB0008C2F90E0F8CF80E0DF91CF911F910F91E0
:10EEC000FF90EF90DF90CF900895AF92BF92DF92C6
:10EED000EF92FF920F931F93CF93DF938C01EB017F
:10EEE000D42E79018FE0481709F486C0A5E14A17AE
:10EEF000B1F1BAE04B130EC0EC81FD8130E020E0AF
:10EF000042E061E0C801199543E450E4BE01C80144
:10EF10000E94FCF60A80DB81C02DF2E3DF1609F4C3
:10EF2000DFC0FD1508F48EC085E1D81609F4DDC0F8
:10EF3000A7E1DA1609F4ECC0B4E1DB1278C0EE8187
:10EF4000FF818D8190E0880F991F8E0F9F1F119276
:10EF50008E179F07E1F7CE010E946FF668C0AA8066
:10EF6000BB804BE350E4C8010E94FCF6F5014481EC
:10EF7000440F406BBE01C8010E94E4F641E0BE01AF
:10EF8000C8010E94ECF6D50116962D913C91179779
:10EF9000EC81FD8115964C9166E0C801199540E021
:10EFA000BE01C8010E94F4F64BE350E4BE01C80163
:10EFB0000E94FCF6F5014481440F4F5F406BBE0197
:10EFC000C8010E94E4F641E0BE01C8010E94ECF6CF
:10EFD000D50115964C91159716962D913C91240FBD
:10EFE000311DEC81FD8166E0C801199540E0BE014C
:10EFF000C8010E94F4F68ECF41E0C8010E94F4F6E9
:10F0000040E0BE01C8010E94ECF641E8BE01C80123
:10F010000E94E4F6F701408146954695BE01C8017D
:10F020000E94E4F640E0BE01C8010E94F4F681E0CF
:10F03000DF91CF911F910F91FF90EF90DF90BF90E4
:10F04000AF900895E6E4DE1609F471C0F7E4DF1628
:10F0500009F471C08BE3D812EACFD70111969C91C5
:10F06000119713968C9138E0390F813031F083304D
:10F0700011F0392F02C0392F985021E04B814917E8
:10F0800008F420E041E0391708F040E091E05A81AF
:10F09000351708F490E0322F342B932311F42423F6
:10F0A00031F2F701128100E0D12C843048F490E075
:10F0B000FC01E45CFC4FD080885C9C4FDC010C912F
:10F0C00017FF04C0B701CE010E9497F6F7018081B7
:10F0D0008D0D80838181800F8183110F89F7A7CFE8
:10F0E000B701CE010E9497F6A2CFCE010E9459F639
:10F0F000882309F49DCFEE81FF818D8190E0880FF8
:10F10000991F8E0F9F1F11928E179F07E1F78FCFC8
:10F11000D7011C928A8111968C9311978D81815011
:10F1200012968C9312978B8113968C9380CF8D813E
:10F13000F70180837CCF8981D7018C9378CF0F939F
:10F14000FC010150040F84A996A9941788F00817B0
:10F1500010F4041778F42150260F83A995A9961767
:10F1600058F0281760F481E0261720F40F910895D5
:10F17000081778F780E0FACF2817A8F7FBCF81E0CF
:10F18000F5CF20912518260F3327331F2132310563
:10F19000ECF42091C518FC0190E080E0243069F087
:10F1A00082E00895A09125182191AC014B5F574E44
:10F1B000A40FB52FB11D2C930196861798F380915B
:10F1C0002518680F6093251880E0089581E0089560
:10F1D000089508950895E0919B0780919A07E81794
:10F1E00030F4F0E0EC51F84E808190E008958FEF1C
:10F1F0009FEF089590919B0780919A072FEF3FEF23
:10F20000981748F4E92FF0E0EC51F84E208130E0F7
:10F210009F5F90939B07C901089580919A079091F1
:10F220009B07891B990B0895CF92DF92EF92FF9273
:10F230000F931F93CF93DF937C01CB018A01209121
:10F240001114222389F0EB016B01C40ED51ECC15DD
:10F25000DD0569F06991D701ED91FC910190F08194
:10F26000E02DC7011995F3CF642F0E94C1F8C801A2
:10F27000DF91CF911F910F91FF90EF90DF90CF9092
:10F280000895CF93DF931F92CDB7DEB769832091A6
:10F2900011142223F9F020911414203258F021E0A7
:10F2A00030E0FC013383228390E080E00F90DF9117
:10F2B000CF91089580911214E82FF0E0E553F74EB6
:10F2C000998190838F5F809312148093141481E04E
:10F2D00090E0ECCF61E0CE0101960E94C1F8F7CF3B
:10F2E0002F923F924F925F926F927F928F929F9256
:10F2F000AF92BF92CF92DF92EF92FF920F931F9344
:10F30000CF93DF931F921F92CDB7DEB76C012DB75D
:10F310003EB73A83298380919718811107C01092D4
:10F320007C1810927F1881E0809397188091741850
:10F33000811107C01092591810925C1881E08093D7
:10F340007418FB0180818F3209F072C085E895E165
:10F35000F6019183808310925E156F5F7F4FF601F7
:10F36000208031808B012CE7E22E28E1F22E01155E
:10F37000110509F440C04DB65EB66FE270E0C801F9
:10F380000F94C63A4C0108171907A8F53C01601AFA
:10F39000710A7724C30101962DB73EB7281B390B9C
:10F3A0000FB6F8943EBF0FBE2DBF8DB79EB7019626
:10F3B0005C01A301B8010F94EF3AF501E60DF71DCA
:10F3C0001082F6016081718121E0A501C7010E94D0
:10F3D0004BE5811133C0B50189EF93E40E94393DBB
:10F3E00086EF93E40E941B3D0FB6F8945EBE0FBEFD
:10F3F0004DBE10E000E0C801E981FA810FB6F89433
:10F40000FEBF0FBEEDBF0F900F90DF91CF911F9108
:10F410000F91FF90EF90DF90CF90BF90AF909F90B3
:10F420008F907F906F905F904F903F902F900895B6
:10F4300080EA95E1F6019183808391CFF601808186
:10F4400091812816390611F00E948CBFF601F182D5
:10F45000E082A0915E15AA3080F481E08A0F80934B
:10F460005E15FBE1FA9FD0011124A554BA4EF701B5
:10F470008BE101900D928A95E1F72CE7E21628E1E5
:10F48000F20669F499E5E92E98E1F92E84010F5FFF
:10F490001F4F0FB6F8945EBE0FBE4DBE68CF8CE70F
:10F4A000E82E88E1F82EF2CFCF9321E043E353E03A
:10F4B00065E875E18AE695E10E944BE5C82F88234F
:10F4C00021F08AE695E10E948CBF8C2FCF910895A0
:10F4D000CF93DF93CDB7DEB78091101481110EC0AA
:10F4E0009E01275F3F4F4F81588565E170E08AEFAD
:10F4F00093E10F945B3083E080937402DF91CF91AE
:10F5000008950F931F93CF93DF938B01EA01DB01E3
:10F510006D917C910E9495BFD801ED91FC9111975E
:10F5200088819081992349F08936A0F43196ED9332
:10F53000FC9388818F5F8883EFCF893658F48FE200
:10F540008083F801808191810196918380838881F5
:10F550008F5F8883DF91CF911F910F910895FC01F8
:10F56000DB018C9120813181382798E0A901220F9D
:10F57000331F57FD05C09150C9F73183208308958B
:10F58000B1E22B27B0E13B27F6CF2F923F924F926B
:10F590005F926F927F928F929F92AF92BF92CF9223
:10F5A000DF92EF92FF920F931F93CF93DF93CDB72C
:10F5B000DEB767970FB6F894DEBF0FBECDBF4C0124
:10F5C0002A013B013F8B2E8B198A1A8A1D861E86C3
:10F5D0001F86188ADB01CA0137E0B695A795979573
:10F5E00087953A95D1F79A878987842F8F778B8B68
:10F5F00080588B878C879FEF4916510461047104F2
:10F6000091F088F00091171410911814809115143E
:10F61000909116149D8B8C8BAA24A394B12C011568
:10F62000110509F04CC0498AB401AE014F5E5F4F2D
:10F630008E899F890E94862667960FB6F894DEBF52
:10F640000FBECDBFDF91CF911F910F91FF90EF9033
:10F65000DF90CF90BF90AF909F908F907F906F90F2
:10F660005F904F903F902F9008958217930710F16D
:10F670009C818B85981708F443C09B818C858917E2
:10F68000C8F06091151470911614620D731D48E056
:10F6900050E0CE0109960F94CD2F6F8578896115C2
:10F6A000710509F28616970609F4BFCF8B89806829
:10F6B000898BBBCF86010A151B0508F4B4CF7501F1
:10F6C000E00EF11EF694E794670191E0C91AD108A3
:10F6D000160193E0220C331C9A95E1F76C897D8921
:10F6E000620D731D48E050E0CE0101960F94CD2FBE
:10F6F00029813A8189859A852817390708F0B5CF7D
:10F7000057018FEFA81AB80AD6CFAF92BF92CF9207
:10F71000DF92EF92FF920F931F93CF93DF9300D06E
:10F720001F92CDB7DEB77C018B015A0169011982A6
:10F730001A821B821C82AE014F5F5F4FB501C80168
:10F740000E94022A8C0149815A816B817C8141157A
:10F7500051056105710529F09601C7010E94C5FA9E
:10F76000E6CF0F900F900F900F90DF91CF911F91E8
:10F770000F91FF90EF90DF90CF90BF90AF900895E2
:10F780008F929F92AF92BF92CF92DF92EF92FF92B1
:10F790000F931F93CF93DF93B0E4A0E06A2F70E044
:10F7A000AB014B0F511D55954795411119C0E3EE23
:10F7B000FDE365917491072E000C880B990B0F9453
:10F7C0009B30DF91CF911F910F91FF90EF90DF90D1
:10F7D000CF90BF90AF909F908F900895B42FE0CFBF
:10F7E0004A1711F0B41303C0EFEDFEE3E2CF9A0124
:10F7F00021503109220F331F220F331FF901EF511E
:10F80000F24CE590F490F901EB51F24CC591D49192
:10F810008E159F051CF3A42FC817D9070CF4BECF73
:10F82000F901ED51F24C05911491F901E951F24CB5
:10F83000C590D490BC016E197F09072E000C880B6F
:10F84000990B0F949B304B015C01B601601B710B4F
:10F85000072E000C880B990B0F949B309B01AC0179
:10F86000C501B4010F94FA304B015C01BE016E1961
:10F870007F09072E000C880B990B0F949B309B017E
:10F88000AC01C501B4010F9472386B017C01B80161
:10F89000110F880B990B0F949B309B01AC01C70192
:10F8A000B6010F9478378DCF8F929F92AF92BF920F
:10F8B000CF92DF92EF92FF920F931F93CF93DF933C
:10F8C00000D01F92CDB7DEB7FC018381813091F06B
:10F8D00080E00F900F900F900F90DF91CF911F91CC
:10F8E0000F91FF90EF90DF90CF90BF90AF909F90DF
:10F8F0008F900895818181FFEBCF81899289A389BF
:10F90000B489892B8A2B8B2B09F460C07F0140E0DE
:10F9100050E0BA01CF010E9412BC8823C9F2F7015E
:10F92000C18CD28C85889688A788B08C82E090E0C4
:10F93000A0E0B0E0F60180839183A283B3839E01AF
:10F940002F5F3F4FB501A401C6010E94DAB9882399
:10F9500009F4BECF00E010E09801B501A401C60192
:10F960000E9448B9882309F4B3CF89809A80AB807C
:10F97000BC80F6018789803101F5F8EF8F16FFEF23
:10F980009F06A104B104D8F2F701158A168A178AD6
:10F99000108E118A128A138A148A81818068818369
:10F9A000C7010E94D8BD882309F492CF40E050E0FF
:10F9B000BA01C7010E9412BC8CCF88EF88168FEF66
:10F9C0009806A8068FE0B806F8F6B9CF81E081CF97
:10F9D000CF93DF932091101421111DC0FC010190E1
:10F9E0000020E9F73197EF01C81BD90BC631D105CB
:10F9F0002CF02291207C2038E1F3F5CFBC01DD27EB
:10FA0000AE018AEF93E10F94EF3AC650DC4E1882B4
:10FA100083E080937402DF91CF910895CF93DF93B9
:10FA2000EC010E944C3DCE010E941B3D6091F613FB
:10FA30007091F7138091F8139091F9130E94ED40A3
:10FA40000E94AC460E9499480196E1F70E94B24696
:10FA50001092F5131092F413DF91CF91089588233B
:10FA6000A9F10E949F3E4091C0135091C113609133
:10FA7000C2137091C3138FEE93E40E944A424091E7
:10FA8000C4135091C5136091C6137091C7138CEEC7
:10FA900093E40E944A424091C8135091C913609167
:10FAA000CA137091CB1389EE93E40E944A424091AD
:10FAB000CC135091CD136091CE137091CF1386EE7D
:10FAC00093E40E944A428AE00C94143D80E20E9432
:10FAD000143DC9CF4F925F926F927F928F929F9207
:10FAE000AF92BF92CF92DF92EF92FF920F931F934C
:10FAF000CF93DF9320E634E13093AB132093AA1326
:10FB00001092591442E050E060E070E040934214DB
:10FB10005093431460934414709345141092A913A6
:10FB20001092A5131092A6131092A7131092A81367
:10FB30004FEF5FEFBA014093A1135093A21360936C
:10FB4000A3137093A413882309F481C040E060E0FC
:10FB500070E0CB010E940BB9811113C0C0E08C2F63
:10FB6000DF91CF911F910F91FF90EF90DF90CF9099
:10FB7000BF90AF909F908F907F906F905F904F90CD
:10FB8000089580915F138F7749F780916B1390915F
:10FB90006C13A0916D13B0916E1384369105A1057D
:10FBA000B105E0F2C0906713D0906813E09069133C
:10FBB000F0906A13C114D104E104F10479F240E039
:10FBC000C701B6010E940BB9C82F882339F2809172
:10FBD000AC119091AD118115924009F0BFCFA09169
:10FBE000B111AA2309F4BACF6091AF117091B0118D
:10FBF0006115710509F4B2CF8090AE11882009F427
:10FC0000ADCFA09354148092461490E080E0912CE4
:10FC1000B12CA12C412C512C32014394D82F9301AB
:10FC20008201082E04C0000F111F221F331F0A94E7
:10FC3000D2F780169106A206B30669F021E0280FDC
:10FC400001968930910551F720934F1487CFC12C2D
:10FC5000D12C7601B4CF80934F142091B7113091FD
:10FC6000B81150E040E02115310541F42091C51153
:10FC70003091C6114091C7115091C811209347147B
:10FC8000309348144093491450934A144601570145
:10FC9000860E971EA11CB11C80925514909256148A
:10FCA000A0925714B0925814E091B211F091B31190
:10FCB000F0935B14E0935A14B0E00F941937DC0111
:10FCC000CB01880D991DAA1DBB1D80935C149093D8
:10FCD0005D14A0935E14B0935F1425E0EE0FFF1F38
:10FCE0002A95E1F7E150FE4FEF2FFF27E6958E0FA3
:10FCF0009F1FA11DB11D8093501490935114A09388
:10FD00005214B09353148090B4119090B511B12C4B
:10FD1000A12C8114910441F48090C1119090C211E2
:10FD2000A090C311B090C411C81AD90AEA0AFB0AFC
:10FD3000C80CD91CEA1CFB1C04C0F694E794D794A9
:10FD4000C794DA95D2F7C0924B14D0924C14E0923B
:10FD50004D14F0924E1485EFC8168FE0D806E104DA
:10FD6000F10420F48CE080935914F8CE80E125EF63
:10FD7000C2162FEFD206E104F10488F08091CD1174
:10FD80009091CE11A091CF11B091D01180935C14BD
:10FD900090935D14A0935E14B0935F1480E28093FF
:10FDA0005914DDCE2F923F924F925F926F927F92C5
:10FDB0008F929F92AF92BF92CF92DF92EF92FF927B
:10FDC0000F931F93CF93DF93CDB7DEB7CE57D109F3
:10FDD0000FB6F894DEBF0FBECDBF4B015A016901CB
:10FDE000AB96FFAEEEAEAB97DC012D913D914D9100
:10FDF0005C912B962CAF3DAF4EAF5FAF2B97209110
:10FE0000C0133091C1134091C2135091C3132B966C
:10FE10006CAD7DAD8EAD9FAD2B970F94FA300F94E6
:10FE2000E53927966CAF7DAF8EAF9FAF279769AB53
:10FE30007AAB8BAB9CABD4012D913D914D915C91F4
:10FE400063962CAF3DAF4EAF5FAF63972091C41365
:10FE50003091C5134091C6135091C71363966CAD92
:10FE60007DAD8EAD9FAD63970F94FA300F94E53959
:10FE70002B013C014DAA5EAA6FAA78AED5012D9147
:10FE80003D914D915C9167962CAF3DAF4EAF5FAF0A
:10FE900067972091C8133091C9134091CA135091AC
:10FEA000CB1367966CAD7DAD8EAD9FAD67970F940C
:10FEB000FA300F94E5394B015C0189AE9AAEABAED6
:10FEC000BCAED6012D913D914D915C912F962CAFFA
:10FED0003DAF4EAF5FAF2F972091CC133091CD1334
:10FEE0004091CE135091CF132F966CAD7DAD8EAD5A
:10FEF0009FAD2F970F94FA300F94E5396B017C0179
:10FF00002196CCAEDDAEEEAEFFAE21972B962CAD9A
:10FF10003DAD4EAD5FAD2B9729A33AA34BA35CA398
:10FF200063968CAD9DADAEADBFAD63978DA39EA323
:10FF3000AFA3B8A767962CAD3DAD4EAD5FAD67974B
:10FF400029A73AA74BA75CA72F968CAD9DADAEAD68
:10FF5000BFAD2F978DA79EA7AFA7B8AB8091A0117B
:10FF600083FF16C0C092F614D092F714E092F814F2
:10FF7000F092F9142F962CAD3DAD4EAD5FAD2F979D
:10FF80002093E6143093E7144093E8145093E91457
:10FF900080919E1190919F11892B11F00D94760FF5
:10FFA000D801BC91A496BFAFA497F801F1816896DF
:10FFB000FFAF6897D8011296BC91A096BFAFA097EB
:10FFC000F80103818091D8149091D914891B8095F0
:10FFD0008F7019F40E94104AF5CFF091D814EF9663
:10FFE000FFAFEF972091D814E6962FAFE697222E19
:10FFF000312C8091EA149091EB14A091EC14B09103
:020000022000DC
:10000000ED1427962CAD3DAD4EAD5FAD2797281B67
:10001000390B4A0B5B0B27962CAF3DAF4EAF5FAF52
:1000200027978091EE149091EF14A091F014B09165
:10003000F114481A590A6A0A7B0A8091F2149091C5
:10004000F314A091F414B091F514A5019401281BA8
:10005000390B4A0B5B0B63962CAF3DAF4EAF5FAFD6
:1000600063978091F6149091F714A091F814B091D1
:10007000F914A7019601281B390B4A0B5B0B2B9631
:100080002CAF3DAF4EAF5FAF2B97232B242B252BEF
:1000900009F48CC08091390C811133C06091231414
:1000A0007091241480912514909126140F94E438B3
:1000B00020917202309173026217730714F5C09297
:1000C000F614D092F714E092F814F092F9142F96E7
:1000D0008CAD9DADAEADBFAD2F978093E6149093E0
:1000E000E714A093E814B093E9140E949F3E8BECB0
:1000F00093E40E941B3D2B961CAE1DAE1EAE1FAEA0
:100100002B972B966CAD7DAD8EAD9FAD2B970F943D
:100110009B3020916E0230916F024091700250919D
:1001200071020F94FA304B015C0120E030E0A9012C
:100130000F94D83987FF04C0B7FAB094B7F8B094D9
:1001400020E030E048E453E46091CC137091CD138B
:100150008091CE139091CF130F94FA30A5019401A2
:100160000F94943087FF22C0C092F614D092F714F7
:10017000E092F814F092F9142F962CAD3DAD4EADEF
:100180005FAD2F972093E6143093E7144093E81463
:100190005093E9140E949F3E8CEA93E40E941B3D19
:1001A0002B961CAE1DAE1EAE1FAE2B9727968CADA8
:1001B0009DADAEADBFAD27978827B7FD8395992735
:1001C000AA27BB27182F77FC126063968CAD9DADD4
:1001D000AEADBFAD6397B7FD14602B962CAD3DADB2
:1001E0004EAD5FAD2B9757FD18602B966CAD7DAD76
:1001F0008EAD9FAD2B970F949B3020916E02309166
:100200006F0240917002509171020F94FA306B01AD
:100210007C0120E030E0A9010F94D83987FD02C0AD
:100220000D941809C701B601905820E030E040E075
:100230005FE30F9478370F94EB386F966CAF7DAF18
:100240008EAF9FAF6F9786E5829DF001839DF00D85
:100250001124E25CF34F108215AB27968CAD9DAD57
:10026000AEADBFAD279767968CAF9DAFAEAFBFAFBA
:100270006797B7FF0DC0B095A095909581959F4F5A
:10028000AF4FBF4F67968CAF9DAFAEAFBFAF679715
:1002900086E5829DF001839DF00D1124E25CF34F11
:1002A00067962CAD3DAD4EAD5FAD6797258B368B18
:1002B000478B508F2F964CAE5DAE6EAE7FAE2F97B4
:1002C00077FE0DC088279927DC0184199509A609B6
:1002D000B7092F968CAF9DAFAEAFBFAF2F9786E516
:1002E000829DF001839DF00D1124E25CF34F2F9667
:1002F0002CAD3DAD4EAD5FAD2F97218F328F438F2B
:10030000548F63968CAC9DACAEACBFAC6397B7FE1C
:1003100008C0B094A09490948094811C911CA11C5E
:10032000B11C86E5829DF001839DF00D1124E25CF5
:10033000F34F858E968EA78EB0A227966CAD7DADBD
:100340008EAD9FAD27970F949B302091290C309153
:100350002A0C40912B0C50912C0C0F94FA30A9963A
:100360006CAF7DAF8EAF9FAFA997698B7A8B8B8B6C
:100370009C8BC301B2010F949B3020912D0C3091C6
:100380002E0C40912F0C5091300C0F94FA302B0111
:100390003C014D8A5E8A6F8A788E63966CAD7DAD26
:1003A0008EAD9FAD63970F949B302091310C3091AF
:1003B000320C4091330C5091340C0F94FA30639608
:1003C0006CAF7DAF8EAF9FAF6397698F7A8F8B8F46
:1003D0009C8F2091350C3091360C4091370C509108
:1003E000380CC701B6010F94FA306B017C01CD8E39
:1003F000DE8EEF8EF8A267968CAD9DADAEADBFAD33
:1004000067970697A105B1050CF016C72F962CAD7E
:100410003DAD4EAD5FAD2F972630310541055105FD
:100420000CF00AC736E083169104A104B1040CF065
:1004300003C720E030E0A901C701B6010F94D83905
:1004400087FF04C0F7FAF094F7F8F09486E5829DF0
:10045000F001839DF00D1124E25CF34FC586D68632
:10046000E786F08A86E5829DF001839DF00D1124D8
:10047000E25CF34F6F962CAD3DAD4EAD5FAD6F9727
:1004800021A332A343A354A367968CAD9DADAEAD1B
:10049000BFAD67972F962CAD3DAD4EAD5FAD2F979D
:1004A00082179307A407B50710F4DA01C90188156C
:1004B0009905AA05BB0510F4D501C4016F962CADB2
:1004C0003DAD4EAD5FAD6F9782179307A407B5079B
:1004D00010F4DA01C90126E5229DF001239DF00DFB
:1004E0001124E25CF34F85A396A3A7A3B0A70697B8
:1004F000A105B10510F40D94560FEF5AFF4F8091EE
:10050000280C808327968CAD9DADAEADBFAD2797EF
:10051000892B8A2B8B2B09F05F9886E5829DF00151
:10052000839DF00D1124E25CF34F818D928DA38D9C
:10053000B48D892B8A2B8B2B09F08A9886E5829DB6
:10054000F001839DF00D1124E25CF34F858D968DB3
:10055000A78DB0A1892B8A2B8B2B29F080910801C4
:100560008170809306016F962CAD3DAD4EAD5FADB1
:100570006F97232B242B252B11F40D94780F80914A
:100580005818882319F0815080935818129880E2E7
:1005900080935818D090EC13E090ED13F090EE1388
:1005A0001091EF132D2D3E2D4F2D512FA4966FAD91
:1005B000A49768967FAD6897A0968FADA097902F6F
:1005C0000F94943087FD0AC0A496DFACA497689678
:1005D000EFAC6897A096FFACA097102F86E5829DA0
:1005E000F001839DF00D1124E25CF34F25853685E3
:1005F0004785508960E070E080E89FE30F9472388F
:10060000E1966CAF7DAF8EAF9FAFE1972D2D3E2D64
:100610004F2D512F0F94FA304B015C018091D8146B
:100620009091D614891B8F70A6968FAFA697A501BF
:10063000940160E074E284E799E40F9472380F94B7
:10064000E5396B017C01A6968FADA6978250863066
:10065000C0F58091BC139091BD13A091BE13B091D1
:10066000BF13C816D906EA06FB0658F5BC01CD0132
:100670006C197D098E099F09660F771F881F991FC6
:10068000A696AFADA6972A2F30E050E040E00F9439
:10069000D836CA01B9010F9499300F94E438C60EC8
:1006A000D71EE81EF91EC701B6010F9499309B01B1
:1006B000AC0160E074E284E799E40F9472384B0176
:1006C0005C0180916F00282F227081FF05C080910E
:1006D0006F008D7F80936F008091240C9091250C8A
:1006E000A091260CB091270C8C0D9D1DAE1DBF1D39
:1006F0008093240C9093250CA093260CB093270C88
:10070000222329F080916F00826080936F0086E53C
:10071000829D8001839D100D1124025C134FF8010E
:100720002585368547855089C501B4010F94FA3077
:100730009B01AC010F94FA30E5966CAF7DAF8EAFA4
:100740009FAFE597D80111966D937D938D939C9300
:10075000149795962D913D914D915C9198976B963C
:100760002CAF3DAF4EAF5FAF6B97CA01B9010F948D
:100770009930A3966CAF7DAF8EAF9FAFA3979B01CF
:10078000AC01C501B4010F94FA300F9456380F94A0
:10079000EB38EA966CAF7DAF8EAF9FAFEA97F8016A
:1007A000EF5BFF4F6083718382839383FE017196B9
:1007B000AB96FFAFEEAFAB979E012F5F3F4FA59675
:1007C0003FAF2EAFA59740ED53E1EC965FAF4EAF34
:1007D000EC97CE01819623969FAF8EAF2397EE962E
:1007E0003FAF2EAFEE9724961FAE24972C961FAEE8
:1007F0002C9790E860969FAF6097AFE36496AFAF99
:100800006497AB96EEADFFADAB97219131914191DD
:100810005191AB96FFAFEEAFAB97C501B4010F940A
:10082000FA306B017C01EE96AEADBFADEE97CD9286
:10083000DD92ED92FD92EE96BFAFAEAFEE9720E067
:1008400030E0A9010F94D83987FF04C0F7FAF0947B
:10085000F7F8F094EC96EEADFFADEC974190519027
:1008600061907190EC96FFAFEEAFEC97A701960107
:10087000C301B2010F94943087FF24C0A7019601F1
:10088000C301B2010F9472387B018C0124962FAD05
:1008900024972C963FAD2C9760964FAD6097649649
:1008A0005FAD64970F94943087FF0CC02496EFAE31
:1008B00024972C96FFAE2C9760960FAF60976496A6
:1008C0001FAF649723962EAD3FAD2397AB964EADE9
:1008D0005FADAB972417350709F093CF20E030E0E8
:1008E00040E85FE324966FAD24972C967FAD2C975C
:1008F00060968FAD609764969FAD64970F94943027
:1009000087FF7CC0A596CEACDFACA59750E1C50EA5
:10091000D11CA596EEACFFACA597D7016D917D914A
:100920008D919D917D018D010450110924962FAD6B
:1009300024972C963FAD2C9760964FAD60976496A8
:100940005FAD64970F94FA30F801608371838283FE
:100950009383CE14DF0409F726E5229DC001239D71
:10096000900D11249C01225C334F790189010F5BAA
:100970001F4FEA966CAD7DAD8EAD9FADEA970F949B
:10098000993024962FAD24972C963FAD2C976096E6
:100990004FAD609764965FAD64970F94FA300F94F3
:1009A000EB38D8016D937D938D939C931397249688
:1009B0002FAD24972C963FAD2C9760964FAD609746
:1009C00064965FAD649724966FAD24972C967FADA7
:1009D0002C9760968FAD609764969FAD64970F9447
:1009E000FA30E5962CAD3DAD4EAD5FADE5970F9479
:1009F000FA30F7016183728383839483A3962CADCD
:100A00003DAD4EAD5FADA397E1966CAD7DAD8EADC6
:100A10009FADE1970F94FA3027966CAF7DAF8EAF04
:100A20009FAF279786E5829D8001839D100D11243D
:100A3000025C134FD80155968D909D90AD90BC905F
:100A4000589781149104A104B10409F03FC4599648
:100A50008D919D910D90BC91A02D892B8A2B8B2B74
:100A600009F034C4F801858D968DA78DB0A1892B2E
:100A70008A2B8B2B09F02AC42091E4133091E513C3
:100A80004091E6135091E71327966CAD7DAD8EAD86
:100A90009FAD27970F94FA300F9456380F94EB3888
:100AA0002B013C01D801D6961C9286E5829D8001DF
:100AB000839D100D1124025C134FF801E35BFF4F7F
:100AC0004082518262827382C301B2010F949930D5
:100AD0006B017C0127962CAD3DAD4EAD5FAD2797E8
:100AE0000F947238A3966CAF7DAF8EAF9FAFA39774
:100AF000D80151966D937D938D939C9354972DEBD4
:100B000037E346E051E4C701B6010F94FA300F9481
:100B1000EB38F80161AB72AB83AB94AB86A9882349
:100B200081F1FD96208131814281538160913A0C9F
:100B300070913B0C80913C0C90913D0C0F94FA30DD
:100B4000A3962CAD3DAD4EAD5FADA3970F94FA309B
:100B50002091CC133091CD134091CE135091CF13EF
:100B60000F94FA309B01AC0160E074E284EF99E4E9
:100B70000F9472380F94EB38D801D8967C936E930B
:100B8000D79786E5829DF001839DF00D1124E25CEC
:100B9000F34F2181328143815481AD962CAF3DAF1B
:100BA0004EAF5FAFAD97CA01B9010F94263A162F29
:100BB000072F24968FAF249728969FAF289744E15C
:100BC0005CE0E3965FAF4EAFE397A5966EAC7FAC6B
:100BD000A59750E1650E711C84E19CE0AF969FAF34
:100BE0008EAFAF97A5964EAC5FACA5972C961FAF76
:100BF0002C9760960FAF609724969FAD24976496CC
:100C00009FAF64972896AFAD28976C96AFAF6C975F
:100C100068961FAE6897F201C190D190E190F19073
:100C20002F0120E030E0A901C701B6010F94D839A7
:100C300087FF04C0F7FAF094F7F8F094AF96AEADE2
:100C4000BFADAF978D909D90AD90BD90AF96BFAF6B
:100C5000AEAFAF97A7019601C501B4010F949430D0
:100C600087FF3EC06896BFAD6897BB2309F46AC68C
:100C7000A5019401612F702F24968FAD249728969B
:100C80009FAD28970F94FA304B015C012C962FAD45
:100C90002C9760963FAD609764964FAD64976C96C5
:100CA0005FAD6C97C701B6010F94FA309B01AC01A0
:100CB000C501B4010F94943087FF12C0A7019601BB
:100CC000C501B4010F9472382C966FAF2C976096C3
:100CD0007FAF609764968FAF64976C969FAF6C9769
:100CE0006414750409F097CFA696FFADA697FF236D
:100CF00009F480C6C090EB18D090EC18E090ED1885
:100D0000F090EE182DEB37E346E855E3C701B60146
:100D10000F94943087FD81C6C701B6010F94263A1F
:100D20006B017C019B01AC01612F702F24968FAD6C
:100D3000249728969FAD28970F94943087FD08C07C
:100D40001C2D0D2D2496EFAE24972896FFAE2897E4
:100D50009601A701612F702F24968FAD24972896B6
:100D60009FAD28970F947238E1966CAF7DAF8EAF30
:100D70009FAFE1972FEE38E1A7963FAF2EAFA79731
:100D8000412C512C20E8622E2FE3722E68961FAE64
:100D90006897A796AEADBFADA7972D913D914D91A8
:100DA0005D91A796BFAFAEAFA797E1966CAD7DAD55
:100DB0008EAD9FADE1970F94FA304B015C01A59683
:100DC000EEADFFADA597C190D190E190F190A596C1
:100DD000FFAFEEAFA5976896FFAD6897FF2371F060
:100DE000A30192010F94FA304B015C01A30192011F
:100DF000C701B6010F94FA306B017C01A70196017F
:100E0000C501B4010F94D83920E030E0A9011816CB
:100E10000CF0CFC5C701B6010F94D83918164CF0A5
:100E200020E030E0A901C501B4010F94943087FFA0
:100E3000B0C5A7019601C501B4010F9477376B01C6
:100E40007C01E396AEADBFADE3978D909D90AD90E4
:100E5000BD90E396BFAFAEAFE397A7019601C50182
:100E6000B4010F94943087FF15C0A7019601C50106
:100E7000B4010F9472389B01AC01C301B2010F940D
:100E8000FA302B013C016896BFAD6897BF5F68964A
:100E9000BFAF6897EFEFF8E1A7962EAD3FADA797EC
:100EA000E217F30709F075CF68963FAD68973323D3
:100EB000A1F0A3019201612F702F24968FAD24978A
:100EC00028969FAD28970F94FA30162F072F249657
:100ED0008FAF249728969FAF289724EA30E74DE7F5
:100EE0005FE3612F702F24968FAD249728969FADD6
:100EF00028970F94FA306B017C012091541830919F
:100F0000551840915618509157180F94943087FFF8
:100F100012C02C962FAD2C9760963FAD60976496CB
:100F20004FAD64976C965FAD6C97C701B6010F9497
:100F3000943087FD85C52C968FAD2C9760969FAD1C
:100F400060976496AFAD64976C96BFAD6C978093D5
:100F5000541890935518A0935618B093571896E5C7
:100F6000D92ED29CC001D39C900D1124FC01E25CCF
:100F7000F34F7F01212F302F24964FAD24972896D1
:100F80005FAD2897612F702F24968FAD24972896F8
:100F90009FAD28970F94FA30D70119966D937D93E2
:100FA0008D939C931C97E696BFADE697BD9D8001FF
:100FB0001124025C134FA3966CAD7DAD8EAD9FAD39
:100FC000A39790589B01AC010F947837F8012585C1
:100FD0003685478550890F94FA309B01AC016BE050
:100FE00077ED83E29BE30F9477379B01AC018BE0B5
:100FF00097EDA3E2BBE3F70185839683A783B087D0
:101000001081AD966CAD7DAD8EAD9FADAD970F945B
:10101000943018160CF427C583E0182B86E5829DC2
:10102000F001839DF00D1124E25CF34F108380E109
:10103000FE013196AFEEB8E101900D928A95E1F78D
:10104000AD962CAD3DAD4EAD5FADAD972093EB1899
:101050003093EC184093ED185093EE1880E1FE01A8
:10106000F196AAEEB4E101900D928A95E1F780E144
:10107000FE01B196AAEDB4E101900D928A95E1F7D7
:101080009091D8148091D914981303C084E680936A
:10109000D514EF968FADEF978F5F8F708093D81434
:1010A0008091D8149091D71481508F70891709F4CA
:1010B00094C51091D8142090D7148091D814281674
:1010C00009F4F0C411501F70D12CC12C121509F471
:1010D000E9C4812E912C36E5389DF001399DF00D43
:1010E0001124E25CF34F808183FDD7C42596FFAFC6
:1010F000EEAF2597B1840285A38434844580568061
:1011000067807084A30192016B2D702F8A2D932D1F
:101110000F949430811108C0C114D10409F47AC02D
:10112000D6018C9180FF76C0B6E5B89DF001B99DDF
:10113000F00D1124E25CF34F808181FD47C0C114A2
:10114000D10409F497C4F601C580D680E780F08405
:1011500026E5289DF001299DF00D1124E25CF34F56
:10116000618972898389948990589B01AC010F949D
:1011700078372596AEADBFAD25971D962D913D9143
:101180004D915C9150970F94FA309B01AC01C701CF
:10119000B6010F947737D62EC72E28968FAF289793
:1011A0002C969FAF2C97262F372FAC016B2D702FCD
:1011B0008A2D932D0F94943087FD08C0BD2C0C2DE3
:1011C0002896AFAC28972C963FAC2C972B2D302F20
:1011D0004A2D532DC301B2010F9494308823D1F0CE
:1011E000B6E5B89DC001B99D900D1124FC01E25CEB
:1011F000F34F6F0180818160808325968EAD9FAD16
:1012000025970E94A5C8882309F43DC4D6018C9176
:101210008E7F8C9311501F70822D2090D71428162A
:1012200009F423C4181709F43DC48F5F8F70F5CFFC
:10123000C701B6010D941501AB96AEADBFADAB972E
:10124000CD90DD90ED90FC9020E030E0A901C70149
:10125000B6010F9494308111F9C8A9962CAD3DAD1B
:101260004EAD5FADA997CA01B9010F94FA306B0179
:101270007C01A3019201C301B2010F94FA309B01DA
:10128000AC01C701B6010F9478376B017C016396FE
:101290002CAD3DAD4EAD5FAD6397CA01B9010F9462
:1012A000FA309B01AC01C701B6010F9478370F9457
:1012B000263A26E5229DF001239DF00D1124E25CE3
:1012C000F34F658776878787908BCCC86F962CAD58
:1012D0003DAD4EAD5FAD6F97232B242B252B09F42D
:1012E0003AC12091E0133091E1134091E213509103
:1012F000E31327966CAD7DAD8EAD9FAD27970F9410
:10130000FA300F9456380F94EB382B013C016F964E
:101310008CAD9DADAEADBFAD6F97892B8A2B8B2B5E
:1013200039F120913A0C30913B0C40913C0C50919A
:101330003D0C2F962CAF3DAF4EAF5FAF2F9720E007
:1013400030E0A9012F966CAD7DAD8EAD9FAD2F978E
:101350000F949430882361F02B968CAD9DADAEAD8B
:10136000BFAD2B97181619061A061B060CF4FCC005
:1013700086E5829DF001839DF00D1124E25CF34F20
:1013800016AA8091100C9091110CA091120CB091A2
:10139000130C6B962CAD3DAD4EAD5FAD6B978217C8
:1013A0009307A407B50708F4AEC181149104A10402
:1013B000B10411F16091000C7091010C8091020C4C
:1013C0009091030C6415750586059705A8F40F9494
:1013D000C8366B017C01A5019401C301B2010F94D1
:1013E000C836C616D706E806F90630F4C701B601B6
:1013F0000F94D83629013A0186E5829DF001839D3C
:10140000F00D1124E25CF34FC18CD28CE38CF48C90
:10141000C114D104E104F10441F16091040C709114
:10142000050C8091060C9091070C641575058605D6
:101430009705D8F46B962CAD3DAD4EAD5FAD6B9777
:101440000F94C8364B015C01A7019601C301B2019C
:101450000F94C83686169706A806B90630F4C5015B
:10146000B4010F94D83629013A0186E5829DF00136
:10147000839DF00D1124E25CF34FC58CD68CE78C74
:10148000F0A0C114D104E104F10441F16091080C11
:101490007091090C80910A0C90910B0C64157505E4
:1014A00086059705D8F46B962CAD3DAD4EAD5FAD7E
:1014B0006B970F94C8364B015C01A7019601C301DD
:1014C000B2010F94C83686169706A806B90630F4FE
:1014D000C501B4010F94D83629013A0186E5829DF1
:1014E000F001839DF00D1124E25CF34FC1A0D2A066
:1014F000E3A0F4A0C114D104E104F10409F4D5CAB5
:1015000060910C0C70910D0C80910E0C90910F0C51
:10151000641575058605970508F0C7CA6B962CAD4E
:101520003DAD4EAD5FAD6B970F94C8364B015C017E
:10153000A7019601C301B2010F94C836861697061B
:10154000A806B90608F0B1CAC501B4010F94D8368F
:1015500029013A01AACA2091E8133091E913409178
:10156000EA135091EB13C5CE86E5829D8001839DE1
:10157000100D1124025C134F81E0D801D6968C9394
:101580002091DA143091DB144091DC145091DD1479
:1015900069A17AA18BA19CA10F9477372B966CAF90
:1015A0007DAF8EAF9FAF2B972091DE143091DF146B
:1015B0004091E0145091E1146DA17EA18FA198A5F6
:1015C0000F94773763966CAF7DAF8EAF9FAF639705
:1015D0002091E2143091E3144091E4145091E51409
:1015E00069A57AA58BA59CA50F9477376B017C0123
:1015F0002B962CAD3DAD4EAD5FAD2B97CA01B90119
:101600000F94FA302B966CAF7DAF8EAF9FAF2B97B8
:1016100063962CAD3DAD4EAD5FAD6397CA01B90188
:101620000F94FA309B01AC012B966CAD7DAD8EAD65
:101630009FAD2B970F9478372B966CAF7DAF8EAF05
:101640009FAF2B97A7019601C701B6010F94FA30FF
:101650009B01AC012B966CAD7DAD8EAD9FAD2B97F4
:101660000F9478370F94263A6B017C012091E61491
:101670003091E7144091E8145091E9146DA57EA5CE
:101680008FA598A90F947737A70196010F94723808
:101690006B017C01F801FD96C082D182E282F38267
:1016A00020E030E040E450E40F94D839181614F4E8
:1016B000F80166CEA70196012F966CAD7DAD8EAD7B
:1016C0009FAD2F970F94FA309B01AC016091200CD5
:1016D0007091210C8091220C9091230C0F94723800
:1016E00027962CAD3DAD4EAD5FAD27970F94FA30E8
:1016F0000F94EB38641575058605970508F041CE03
:101700002B013C013ECE81149104A104B104C9F126
:101710006091000C7091010C8091020C9091030C6F
:10172000641575058605970560F50F949930A396A5
:101730002CAD3DAD4EAD5FADA3970F94FA306B016C
:101740007C01C501B4010F9499304B015C01C301C8
:10175000B2010F949930A50194010F94FA309B01C6
:10176000AC01C701B6010F94943087FF0AC0A501F0
:101770009401C701B6010F9472380F94EB382B0116
:101780003C0186E5829DF001839DF00D1124E25C11
:10179000F34F818C928CA38CB48C81149104A1049E
:1017A000B104C9F16091040C7091050C8091060C94
:1017B0009091070C641575058605970560F50F94E3
:1017C0009930A3962CAD3DAD4EAD5FADA3970F9470
:1017D000FA306B017C01C501B4010F9499304B01C3
:1017E0005C01C301B2010F949930A50194010F94DB
:1017F000FA309B01AC01C701B6010F94943087FF0A
:101800000AC0A5019401C701B6010F9472380F9464
:10181000EB382B013C0186E5829DF001839DF00DA4
:101820001124E25CF34F858C968CA78CB0A08114B8
:101830009104A104B104C9F16091080C7091090CE4
:1018400080910A0C90910B0C64157505860597051F
:1018500060F50F949930A3962CAD3DAD4EAD5FADC4
:10186000A3970F94FA306B017C01C501B4010F946A
:1018700099304B015C01C301B2010F949930A5016D
:1018800094010F94FA309B01AC01C701B6010F948B
:10189000943087FF0AC0A5019401C701B6010F94D7
:1018A00072380F94EB382B013C0186E5829DF001E4
:1018B000839DF00D1124E25CF34F81A092A0A3A0C0
:1018C000B4A081149104A104B10409F4EEC860919C
:1018D0000C0C70910D0C80910E0C90910F0C6415F6
:1018E00075058605970508F0E0C80F949930A39612
:1018F0002CAD3DAD4EAD5FADA3970F94FA306B01AB
:101900007C01C501B4010F9499304B015C01C30106
:10191000B2010F949930A50194010F94FA309B0104
:10192000AC01C701B6010F94943087FFBEC8A50172
:101930009401C701B6010F9472380F94EB382B0154
:101940003C01B3C8A7019601C501B4010F947238D8
:101950009B01AC012C966FAD2C9760967FAD609784
:1019600064968FAD64976C969FAD6C970F94FA3028
:101970002C966FAF2C9760967FAF609764968FAF71
:1019800064976C969FAF6C97E1E06896EFAF6897AD
:10199000A7C9F7FAF094F7F8F094A7019601C501EA
:1019A000B4010F94D83918160CF04BCA75016401B4
:1019B00048CAC701B6010F94943087FD09C020E0E2
:1019C00030E0A901C501B4010F94D83918162CF4E0
:1019D000A5019401C701B60130CAB7FAB094B7F8AF
:1019E000B094A5019401C701B6010F94943087FF0C
:1019F00028CADCCF2C961FAD2C9760960FAD609750
:101A000064964FAD649724964FAF24976C965FAD64
:101A10006C9728965FAF28978ECA2C961FAD2C978F
:101A200060960FAD609764968FAD649724968FAFE4
:101A300024976C969FAD6C9728969FAF28977BCA8A
:101A40002C961FAD2C9760960FAD60976496AFAD46
:101A500064972496AFAF24976C96BFAD6C97289689
:101A6000BFAF289768CA81E0D8CA2596CEACDFAC54
:101A700025972CCB8BE0C82E87EDD82E83E2E82E5D
:101A80008BE3F82E65CB8B2D902FAA2DB32DF6016D
:101A900085839683A783B087BDCB2596DFAECEAE78
:101AA0002597B8CB1091D714D12CC12C06E5809185
:101AB000D814811709F491C0812E912C089DC00182
:101AC000099D900D11249C01225C334F1901D9010D
:101AD0008C91560183FD75C05901C114D10409F4DC
:101AE00070C0C6010E94A5C881116BC0F60180813B
:101AF00081FD52C0D10115964D905D906D907C9006
:101B00001897D60115962D913D914D915C9118979E
:101B100027962CAF3DAF4EAF5FAF2797A301920141
:101B200027966CAD7DAD8EAD9FAD27970F94943009
:101B300087FF32C0F6016189728983899489905840
:101B40009B01AC010F947837D6011D962D913D91E4
:101B50004D915C9150970F94FA309B01AC01279600
:101B60006CAD7DAD8EAD9FAD27970F9477376B0130
:101B70007C01A30192010F94943087FF0DC0F10105
:101B8000808181608083C5010E94A5C88823E9F017
:101B9000D1018C918E7F8C93089DF001099DF00DF1
:101BA0001124E25CF34F218532854385548565819C
:101BB0007681878190850F949430811102C01093B3
:101BC000D7141F5F1F70650172CFF101C582D682E5
:101BD000E782F0861093D714DFCFD090D91480908D
:101BE000D81426E5D81409F4C8C08FEF880D8F707B
:101BF000289FF0011124E25CF34F908193FDBBC05C
:101C0000312C212C24961FAE249728961FAE28979E
:101C100010E000E0F12CE12CD81409F4C5C0F6E581
:101C2000DF9E80011124025C134FD8018C9183FD4B
:101C3000A6C015966D917D918D919C9118970F94EA
:101C4000263AB62EC72EA82E992EE114F10409F4D7
:101C500090C0F701808180FD04C0D8018C9180FF85
:101C600088C0F701808181608083C7010E94A5C878
:101C700081117BC0D70111966D917D918D919C91C1
:101C800014970F94263A2F966CAF7DAF8EAF9FAF0F
:101C90002F979B01AC0160E070E080E89FE30F9418
:101CA00072382B013C01AC019B016B2D7C2D8A2DE0
:101CB000992D0F94FA3069837A838B839C83232D2B
:101CC000322D24964FAD249728965FAD2897C301F7
:101CD000B2010F94FA30698B7A8B8B8B9C8BAE019F
:101CE0004F5F5F4FBE016F5E7F4FC7010E940FCDF8
:101CF000F70186A98823C9F120913A0C30913B0C59
:101D000040913C0C50913D0CFD9660817181828127
:101D100093810F94FA302091CC133091CD134091E0
:101D2000CE135091CF130F94FA302B013C01AC012C
:101D30009B012F966CAD7DAD8EAD9FAD2F970F940F
:101D4000FA300F94EB38D701DA967C936E93D997DB
:101D5000A30192016B2D7C2D8A2D992D0F94FA30C1
:101D60000F94EB38F70174AF63AFD7018C918E7F7E
:101D70008C9378010CC0882E35CF8D2C41CFB32C9D
:101D8000C22C2496AFAC249728969FAC2897D39466
:101D9000BD2DBF70DB2E3B2C2C2C2496AFAE249790
:101DA00028969FAE289738CF0115110509F47EC0FB
:101DB000F801808181608083C7010E94A5C88111DC
:101DC00071C0D80111966D917D918D919C91149760
:101DD0000F94263A6B017C01AC019B0160E070E03E
:101DE00080E89FE30F9472384B015C012DEC3CECD2
:101DF0004CE45DE30F94FA3069837A838B839C8390
:101E0000A5019401632D722D24968FAD24972896F9
:101E10009FAD28970F94FA30698B7A8B8B8B9C8BB4
:101E2000AE014F5F5F4FBE016F5E7F4FC8010E94E2
:101E30000FCDF80186A98823A9F120913A0C3091A1
:101E40003B0C40913C0C50913D0CFD9660817181A2
:101E5000828193810F94FA302091CC133091CD136D
:101E60004091CE135091CF130F94FA304B015C0187
:101E7000AC019B01C701B6010F94FA300F94EB3807
:101E8000D801DA967C936E93D9972DEC3CEC4CE418
:101E90005DE3C501B4010F94FA300F94EB38F801FB
:101EA00074AF63AFD8018C918E7F8C9380916F005B
:101EB000826080936F0081E0C258DF4F0FB6F894C4
:101EC000DEBF0FBECDBFDF91CF911F910F91FF906D
:101ED000EF90DF90CF90BF90AF909F908F907F90CA
:101EE0006F905F904F903F902F90089580E0E4CFE7
:101EF000D090F013E090F113F090F2131091F313DF
:101F00000D94D202CF92DF92EF92FF920F931F9324
:101F1000CF93DF93CDB7DEB764970FB6F894DEBFEB
:101F20000FBECDBFC98ADA8AEB8AFC8AFC018081A8
:101F30009181A281B38189839A83AB83BC83FB01A6
:101F400080819181A281B3818D839E83AF83B88785
:101F5000FA0180819181A281B38189879A87AB87B9
:101F6000BC87F90180819181A281B3818D879E8791
:101F7000AF87B88B8091FF0B882351F0AE01475F8C
:101F80005F4FBE016B5F7F4FCE0101960E9450CA2A
:101F900080919E1190919F11892BF1F4CE01419671
:101FA0007C019E01235F3F4FAE01475F5F4FBE0143
:101FB0006B5F7F4F40970E94D2FE64960FB6F894F5
:101FC000DEBF0FBECDBFDF91CF911F910F91FF906C
:101FD000EF90DF90CF90089580E0EFCFCF93DF9325
:101FE000CDB7DEB760970FB6F894DEBF0FBECDBF9A
:101FF0008091EF0B9091F00BA091F10BB091F20B4F
:1020000089839A83AB83BC838091F30B9091F40B0B
:10201000A091F50BB091F60B8D839E83AF83B887AB
:102020008091F70B9091F80BA091F90BB091FA0BFE
:1020300089879A87AB87BC878091FB0B9091FC0BBB
:10204000A091FD0BB091FE0B8D879E87AF87B88B5B
:102050008091FF0B882351F0AE01475F5F4FBE01B7
:102060006B5F7F4FCE0101960E9450CA9E01235F95
:102070003F4FAE01475F5F4FBE016B5F7F4FCE01A9
:1020800001960E94A8CB60960FB6F894DEBF0FBEF3
:10209000CDBFDF91CF91089589EC96E10E94D8BD24
:1020A00089EC96E10E948CBF809168158D7F8E7FB0
:1020B000809368151092641510926515109266153C
:1020C0001092671508950E949F3E6091ED0B7091EC
:1020D000EE0B89E993E40E94393D86E993E40C9480
:1020E0001B3D1F93CF93DF938091EB0BC82FC270E2
:1020F000D82FD470182F117080FF05C0CC2319F091
:1021000080E0D11141C00E949F3E80E993E40E948B
:102110001B3D111103C088E50E94143DC11103C08D
:1021200089E50E94143DD11103C08AE50E94143D47
:1021300088E893E40E941B3D45E853E0D11102C0BA
:1021400044E753E025E833E0C11102C02AE733E059
:1021500085E893E0111102C08CE793E05F934F9301
:102160003F932F939F938F9386E793E49F938F934F
:102170001F920E9468FA8DB79EB709960FB6F89421
:102180009EBF0FBE8DBF81E0DF91CF911F9108955B
:102190002F923F924F925F926F927F928F929F9277
:1021A000AF92BF92CF92DF92EF92FF920F931F9365
:1021B000CF93DF93CDB7DEB760970FB6F894DEBF4D
:1021C0000FBECDBF1C01788B6F8749872A87FB0123
:1021D000C080D180E280F38020E030E040E251E432
:1021E000C701B6010F9478376B877C878D879E87F0
:1021F00027E137EB41ED58EB0F94D83987FDEFC15C
:1022000027E030E04BE653E46B857C858D859E8529
:102210000F94943018160CF4E2C1F1014080518003
:102220006280738020E030E040E252E4C301B201FA
:102230000F9478374B015C0127E137EB41ED58EB08
:102240000F94D83987FDCBC127E030E04BE653E44B
:10225000C501B4010F94943018160CF4C0C127E9DD
:102260003FEF4FE151E4C301B2010F94D83987FD2C
:10227000B6C127E030E043E453E4C301B2010F9458
:10228000943018160CF4ABC127E93FEF4FE151E44D
:10229000C701B6010F94D83987FDA1C127E030E00E
:1022A00040E653E4C701B6010F94943018160CF4BD
:1022B00096C1E090F70BF090F80B0091F90B10919C
:1022C000FA0B40906A0250906B0260906C02709022
:1022D0006D028091660290916702A0916802B091B0
:1022E000690280936A0290936B02A0936C02B09390
:1022F0006D0219821A821B821C82CE0101966C012A
:102300002B853C854D855E85C501B4010E946CDB43
:1023100081E00E949ADD811169C1C090E10BD090EB
:10232000E20BE090E30BF090E40B8091EB0B812C3F
:10233000912C40E2A42E41ECB42E82FF0AC0A701EA
:10234000960160E070E080E090EC0F9477374B01ED
:102350005C0120E030E0A901C701B6010F94943080
:1023600087FF9CC0A701960160E070E080E791E4E0
:102370000F9477376B017C01A70196016091F70BF1
:102380007091F80B8091F90B9091FA0B0F94D8395A
:1023900018165CF520E030E040E051E4C701B601DA
:1023A0000E94FDDC811121C080E090E0A0E0B1E45A
:1023B00089839A83AB83BC8320E030E040E850E41B
:1023C0006091F70B7091F80B8091F90B9091FA0BDB
:1023D0000F9478376D837E838F839887BE016F5FFC
:1023E0007F4FCE0105960E944FDC20E030E040E8B0
:1023F00050E4C501B4010E94FDDC811156C060911A
:10240000F70B7091F80B8091F90B9091FA0B2091DA
:10241000E10B3091E20B4091E30B5091E40B0F94F0
:1024200078376B017C0189858250823008F042C088
:1024300080E090E0A0E0B1E489839A83AB83BC8321
:102440006091F70B7091F80B8091F90B9091FA0B5A
:10245000E98520E030E048EC51E4E33021F020E071
:1024600030E040E850E40F9478376D837E838F83AB
:102470009887BE016F5F7F4FCE0105960E944FDCAB
:102480002A85233008F472C00EE713E0F801819129
:102490008F01882351F10E94143DF8CFC12CD12C1B
:1024A00030E7E32E31E4F32E67CF60E070E080EC9C
:1024B0009FE7ADCFF985F13019F780E00E949ADDF2
:1024C0008823F1F22A85233008F094C040926A02F2
:1024D00050926B0260926C0270926D02C12CD12CF2
:1024E00080ECE82E8FE7F82E51C02091D50B30916B
:1024F000D60B4091D70B5091D80BF10160817181BF
:10250000828193810F94783743E00E943F4106E82F
:1025100013E0F80181918F01882319F00E94143D86
:10252000F8CF2091D90B3091DA0B4091DB0B509111
:10253000DC0BEF85F88960817181828193810F9432
:10254000783743E00E943F410BE813E0F8018191A6
:102550008F01882319F00E94143DF8CF43E0C70192
:10256000B6010E943F418AE00E94143D40926A02F7
:1025700050926B0260926C0270926D02A7019601FC
:10258000C701B6010F946A3A882371F080E00E9477
:102590009ADD60E087E693E40E94389C0E944C3DFF
:1025A00087E593E40E941B3DC701B60160960FB614
:1025B000F894DEBF0FBECDBFDF91CF911F910F9179
:1025C000FF90EF90DF90CF90BF90AF909F908F9053
:1025D0007F906F905F904F903F902F900895C12C07
:1025E000D12C20ECE22E2FE7F22EDECFFA85F3304D
:1025F00008F46CCFC12CD12C90ECE92E9FE7F92E7A
:1026000043CF0F931F93CF93DF93982F862F8A0189
:10261000D22F692F0E94852B882341F162E770E059
:10262000C8010E94E62CC2E7C81BC73038F060E240
:1026300070E080E090E00E947B2CF6CF8091D40B7C
:102640009AE790935315809354156D2FDD0F770BF8
:10265000880B990B0E947B2C60E270E080E090E098
:10266000DF91CF911F910F910C947B2CDF91CF9133
:102670001F910F910895CF93982F862FC42F692F04
:102680000E94852B882311F1CC2331F062E070E0A9
:1026900080E090E00E947B2C8091B90B811111C0E9
:1026A0008CEA9BE068E770E00E94412DC8E7C81BF8
:1026B000C73060F060E270E080E090E00E947B2C28
:1026C000F6CF1092CD0B89EB9BE0ECCFCF91089524
:1026D0008F929F92AF92BF92CF92DF92EF92FF9232
:1026E000CF93FC01C080D180E280F38020E030E411
:1026F0004CE156E4C701B6010F94FA304B015C017E
:1027000020E030E0A901C701B6010F94943020E029
:1027100030E040EA50E487FF04C020E030E040EAC7
:1027200050ECC501B4010F94783720E030E040E26E
:1027300051E40F9472380F94E4386B017C01C1149A
:10274000D104E104F10409F456C0F7FE54C0F0943A
:10275000E094D094C094C11CD11CE11CF11C8DE20A
:102760008093A50BC701B60128EE33E040E050E0AE
:102770000F94FA368AE0882E912CA12CB12CCA0134
:10278000B901A50194010F94FA36605D6093A60B20
:102790008EE28093A70BC701B60124E630E040E04B
:1027A00050E00F94FA36CA01B901A50194010F94C3
:1027B000FA36605D6093A80BC701B601A5019401CC
:1027C0000F94FA36C62FCA01B901A50194010F94DE
:1027D000FA36605D6093A90BC05DC093AA0B85EAD1
:1027E0009BE0CF91FF90EF90DF90CF90BF90AF90A4
:1027F0009F908F90089580E2B3CF2F923F924F9297
:102800005F926F927F928F929F92AF92BF92CF9280
:10281000DF92EF92FF920F931F93CF93DF931C01F0
:10282000EB017901BA01550F880B990B0F949B307E
:102830004B015C0120E030E040E057EC0F94D839C8
:1028400018162CF0812C912CA12C97ECB92EC501D7
:10285000B4010F94E4382B013C01B701FF0C880B45
:10286000990B0F949B306B017C0120E03EEF4FEF02
:1028700056E40F94943087FD07C0C12C8EEFD82EFC
:10288000EE24EA9486E4F82E68817981072E000C04
:10289000880B990B0F949B304B015C01C301B20173
:1028A0000F949B309B01AC01C501B4010F947737A5
:1028B0000F94EB384B01C701B6010F94E4386B015C
:1028C0007C01C418D508E608F7080E946B2983E04C
:1028D000809374023092A30B2092A20BD093A10B91
:1028E000C093A00B40929C0B50929D0B60929E0B4C
:1028F00070929F0BC092980BD092990BE0929A0B1A
:10290000F0929B0B9092970B8092960B85ED9FE235
:1029100090931715809316151093950B0093940BB5
:102920001092930BDF91CF911F910F91FF90EF9039
:10293000DF90CF90BF90AF909F908F907F906F90DF
:102940005F904F903F902F900895AF92BF92CF929B
:10295000DF92FF920F931F93CF93DF935C018B0164
:102960006A01F22EFB01C081D0E00E946B2983E056
:1029700080937402B092A30BA092A20B1093A10BB0
:102980000093A00B10929C0B10929D0B10929E0B2B
:1029900010929F0B8FEF90E0A0E0B0E08093980B37
:1029A0009093990BA0939A0BB0939B0BD093970B9A
:1029B000C093960B8FEC9FE290931715809316159A
:1029C000D092950BC092940BF092930BDF91CF9124
:1029D0001F910F91FF90DF90CF90BF90AF9008951F
:1029E0002F923F924F925F926F927F928F929F921F
:1029F000AF92BF92CF92DF92EF92FF920F931F930D
:102A0000CF93DF9300D000D0CDB7DEB71C017E831B
:102A10006D8349015A0127013801860120E030E029
:102A200040E057ECC501B4010F94D83918162CF0CA
:102A3000812C912CA12C97ECB92EC501B4010F94D7
:102A4000E4384B015C0120E03EEF4FEF56E4C30158
:102A5000B2010F94943087FD07C0412C8EEF582EA1
:102A600066246A9486E4782EC501B4010F949B30E5
:102A70009B01AC01ED81FE81608171818281938136
:102A80000F9477370F94EB3869837A838B839C8319
:102A9000C301B2010F94E4386B017C01C818D90856
:102AA000EA08FB080E946B2983E08093740230924D
:102AB000A30B2092A20B8D819E819093A10B8093FA
:102AC000A00B80929C0B90929D0BA0929E0BB092BB
:102AD0009F0BC092980BD092990BE0929A0BF092B8
:102AE0009B0BE981FA81F093970BE093960B89ECAD
:102AF0009FE290931715809316151093950B0093F2
:102B0000940B1092930B26960FB6F894DEBF0FBE6F
:102B1000CDBFDF91CF911F910F91FF90EF90DF908C
:102B2000CF90BF90AF909F908F907F906F905F906D
:102B30004F903F902F900895CF92DF92EF92FF92A7
:102B40000F931F93CF93DF938C01EB0120E030E0D4
:102B500040E251E4688179818A819B810F94FA3047
:102B600020E030E048E452E40F9477370F94EB38DC
:102B70006B010E946B2983E0809374021093A30B76
:102B80000093A20BD093A10BC093A00B82E390E023
:102B9000A0E0B0E080939C0B90939D0BA0939E0BC4
:102BA000B0939F0B8DEC9FE7A0E0B0E08093980B73
:102BB0009093990BA0939A0BB0939B0BD092970B89
:102BC000C092960B8BEA9FE290931715809316158F
:102BD00087EC96E79093950B8093940B1092930B50
:102BE000DF91CF911F910F91FF90EF90DF90CF90E9
:102BF000089581E08093900B10928C0B10928D0BB6
:102C000010928E0B10928F0B08959F92AF92BF92ED
:102C1000CF92DF92EF92FF920F931F93CF93DF93A8
:102C2000D82F70938B0B60938A0B61E081E00E9438
:102C30008528C091890B85E0982E9C0E91E085E057
:102C4000E82EEC1AFC2EF19484E0D82EDC1A83E0F6
:102C5000C82ECC1A82E0B82EBC1AA92EAC1AD130DC
:102C600009F4AEC008F455C0D23009F4CDC040918B
:102C7000FB0B5091FC0B6091FD0B7091FE0B409390
:102C8000840B5093850B6093860B7093870BC11157
:102C900020C0992389F08091880B18166CF0209140
:102CA000960B3091970B2F5F3F4F3093970B2093EC
:102CB000960B8F5F8093880B80917402882349F074
:102CC00010E000E021E041E069E373E48F2D0E9411
:102CD000982D8091390C81111EC060912314709140
:102CE000241480912514909126140F94E438209197
:102CF000720230917302621773076CF4C13009F4E9
:102D0000A7C082E0CF5F90E09C12A9CF8093820B96
:102D1000C1C0CC23C9F0C13009F0D7C08091880B65
:102D2000813009F4C3C080917402882369F181E085
:102D30009091880B913009F080E024E04FE153E45A
:102D40006A2D0F94011320C0992389F08091880B7C
:102D500018166CF02091960B3091970B2F5F3F4F18
:102D60003093970B2093960B8F5F8093880B809105
:102D70007402882349F010E000E021E041E060E5C2
:102D800073E48F2D0E94982DD230E1F5C53009F003
:102D90005DC08091880B853009F4F4C08091740285
:102DA000882309F453C081E09091880B953009F095
:102DB00080E023E044EF52E46E2D0F94011346C0EF
:102DC000C111A9CF992389F08091880B18166CF056
:102DD0002091960B3091970B2F5F3F4F3093970BBD
:102DE0002093960B8F5F8093880B809174028823C9
:102DF00049F010E000E021E041E069E473E48F2D48
:102E00000E94982D85E07ECFC11185CF992389F04E
:102E10008091880B18166CF02091960B3091970BCF
:102E20002F5F3F4F3093970B2093960B8F5F8093CC
:102E3000880B80917402882349F010E000E021E0C3
:102E400041E062E473E48F2D0E94982D86E05ACF12
:102E50008091880B813091F080917402882309F46D
:102E600050CF81E09091880B913009F080E024E010
:102E700049E253E46A2D0F94011343CF8091910BE3
:102E80001092910B882341F30E9498298091830B23
:102E9000882311F3DF91CF911F910F91FF90EF9055
:102EA000DF90CF90BF90AF909F9008958091910B4D
:102EB0001092910B882309F436CF0E9498298091B3
:102EC000830B882309F42FCFE5CFC23009F06BC004
:102ED0008091880B823081F080917402882309F4FC
:102EE00053CF81E09091880B923009F080E023E08D
:102EF00045E153E46B2D25CF8091910B1092910BFE
:102F0000882351F380E697E70E9421A18091830BEB
:102F1000882311F3BFCF8091880B8330A9F0809173
:102F20007402882309F430CF81E09091880B9330AC
:102F300009F080E023E04CE053E46C2D0F94011382
:102F4000D23009F05FCF82CF8091910B1092910B1C
:102F5000882329F38AE597E70E9421A18091830BBA
:102F60008823E9F297CF8091910B1092910B8823DF
:102F700021F184E597E70E9421A18091830B8823AA
:102F8000E1F088CF8091910B1092910B882309F486
:102F900005CF8EE497E70E9421A18091830B8823BF
:102FA00009F4FCCE77CFC33009F4B5CFC43009F0B3
:102FB000EBCE8091880B8430B1F28091740288232B
:102FC00009F4E2CE81E09091880B943009F080E022
:102FD00023E041E053E46D2DB1CF1F93CF93DF93F6
:102FE000EB01142F1816190644F48E3121E09207D4
:102FF00014F08DE191E00E94B9CAD7FD0BC0CE3626
:10300000D10514F0CEE6D0E0D093800BC0937F0BB7
:103010000E94DAB61093280C1093760BDF91CF91B3
:103020001F910C9490291F93CF93DF93282F30E0AA
:10303000F901E255FD4B8491F901E859FD4BD4911A
:10304000F901EE5DFD4BC491CC23A9F0162F81113F
:103050000E94A0F5EC2FF0E0EE0FFF1FE251FE4BB7
:10306000A591B4918FB7F894EC91111108C0D09547
:10307000DE23DC938FBFDF91CF911F910895DE2B6C
:10308000F8CF860F911DFC0183A18F3F19F0642FAB
:103090000D9413180895CF93DF9390E0FC01E85945
:1030A000FD4B24918E5D9D4BFC0184918823D1F0D2
:1030B00090E0880F991FFC01EC52FE4BA591B49152
:1030C000FC01E251FE4BC591D49161110EC09FB736
:1030D000F8948C91E22FE0958E238C932881E22343
:1030E000E8839FBFDF91CF9108958FB7F894EC915B
:1030F000E22BEC938FBFF6CFEF92FF920F931F93CB
:10310000CF938C01C42F79016150673008F045C01E
:10311000E62FF0E08827E057F74E8E4F0D946F377B
:103120002C019601CE01D40170017E01BA01780113
:1031300083E2E80EF11C005D1F4FF70181917F01D2
:103140008F3F49F061E00F944B1861E0F701319730
:1031500080810F941318E016F10679F761E084E39B
:103160000F944B1860E084E30F94131861E083E33D
:103170000F944B1860E083E30F94131861E085E32C
:103180000F944B1861E085E30F9413181CBC80E585
:103190008CBDC23010F481E08DBD81E0CF911F91D4
:1031A0000F91FF90EF90089561E0C8010F944118CE
:1031B000F4CF411103C041E062E0F7CF40E064E0AA
:1031C000C8010F94411840E0F7CFF80183A160E0F7
:1031D0008F3F19F3EACF842F0E94DEF6DECFF7018E
:1031E00081917F010E94DEF6C150C111F8CFD5CF89
:1031F000F70184910E94DEF6FFEFEF1AFF0AC1503B
:10320000C111F6CFCACF1F93CF93DF93182FEB01D5
:1032100061E00F944B18209739F460E0812FDF9123
:10322000CF911F910D941318CF3FD10511F461E098
:10323000F5CFE12FF0E0E255FD4BE491E150E231B2
:1032400008F0B3C0F0E08827E75DF64E8E4F0D948E
:103250006F376601C4018801E20122013401EA01ED
:103260000801F801EA001601E200A000AA013401F9
:103270007601C000BC0084B5806884BDC7BDDF9105
:10328000CF911F91089584B5806284BDC8BDF7CFEA
:1032900080918000806880938000D0938900C093E3
:1032A0008800EDCF80918000806280938000D09371
:1032B0008B00C0938A00E3CF809180008860809368
:1032C0008000D0938D00C0938C00D9CF8091B00046
:1032D00080688093B000C093B300D1CF8091B000DC
:1032E00080628093B000C093B400C9CF80919000F9
:1032F000806880939000D0939900C0939800BFCFCE
:1033000080919000806280939000D0939B00C09346
:103310009A00B5CF80919000886080939000D09300
:103320009D00C0939C00ABCF8091A00080688093EB
:10333000A0008091A0008F7B8093A000D093A90073
:10334000C093A8009CCF8091A00080628093A000D1
:10335000D093AB00C093AA0092CF8091A000886068
:103360008093A000D093AD00C093AC0088CF809133
:103370002001806880932001D0932901C093280107
:103380007ECF80912001806280932001D0932B0119
:10339000C0932A0174CF809120018860809320011E
:1033A000D0932D01C0932C016ACFC038D1050CF009
:1033B0003ECF33CF8F929F92AF92BF92CF92DF9248
:1033C000EF92FF926B017C010E9407F64B015C01BA
:1033D000C114D104E104F104B9F00E9407F66819A0
:1033E00079098A099B09683E73408105910580F33C
:1033F00021E0C21AD108E108F10888EE880E83E0C6
:10340000981EA11CB11CE4CFFF90EF90DF90CF90ED
:10341000BF90AF909F908F9008952FB7F8946091D0
:103420004A1870914B1880914C1890914D182FBFED
:103430000895CF92DF92EF92FF92609127147091DE
:10344000281461157105C9F1C0902314D09024147B
:10345000E0902514F090261466507109072E000C98
:10346000880B990B0F949B309B01AC01C701B601EF
:103470000F94943087FF21C020E030E040E050E41A
:10348000C701B6010F9478370F94EB3870931A1474
:10349000609319140F940D1A605C73468F4F9F4F01
:1034A00060931B1470931C1480931D1490931E142E
:1034B000FF90EF90DF90CF90089510921B14109220
:1034C0001C1410921D1410921E14F2CFCF92DF9292
:1034D000EF92FF920F940D1A6B017C0128E5C20E4A
:1034E00022E0D21EE11CF11C0E94E4748F3F71F0B7
:1034F0000F940D1A6C197D098E099F0997FDF4CF61
:1035000080E0FF90EF90DF90CF90089581E0F9CFB9
:103510002091521830915318280F391F30935318A7
:1035200020935218209108012170209306012091C8
:10353000E90B3091EA0B820F931F9093EA0B809373
:10354000E90B0F940D1A6093E50B7093E60B8093D3
:10355000E70B9093E80B08951F920F920FB60F920E
:1035600011242F933F938F939F93AF93BF93809199
:103570004A1890914B18A0914C18B0914D18309169
:10358000491823E0230F2D3758F50196A11DB11DD1
:103590002093491880934A1890934B18A0934C1885
:1035A000B0934D1880914E1890914F18A0915018DB
:1035B000B09151180196A11DB11D80934E189093A2
:1035C0004F18A0935018B0935118BF91AF919F918D
:1035D0008F913F912F910F900FBE0F901F901895D4
:1035E00026E8230F0296A11DB11DD2CFDB01ED917C
:1035F000FC9119940F931F93CF93DF938C01C8E133
:10360000D5E1EDA9FEA982E01995EDA9FEA981E019
:10361000199530E020E044E1B8018CE195E10F9488
:10362000F61A2FE435E147E1B8018CE195E10F94FA
:10363000F61AEDA9FEA980E0DF91CF911F910F91BD
:1036400019940F931F93CF93DF931F92CDB7DEB7DB
:1036500000911E1510911F15E0914D15F0914E151A
:1036600082E0199530E020E04AE0B8018CE195E174
:103670000F94F61A182FE0914D15F0914E1583E036
:103680001995E0914D15F0914E1580E01995112393
:10369000B9F160911E1570911F159E012F5F3F4F6C
:1036A00046E48CE195E10F94F61A898180931C150C
:1036B00060911E1570911F159E012F5F3F4F47E4CB
:1036C0008CE195E10F94F61A898180931D15609124
:1036D0001E1570911F1530E020E048E48CE195E163
:1036E0000F94F61A8093271560911E1570911F157F
:1036F0002FE435E147E18CE195E10F94F61A11E0F2
:10370000812F0F90DF91CF911F910F910895E8E1E4
:10371000F5E16681778180A381E381A381E083A3C2
:1037200080EF82A328E335E14BE38CE195E10D9432
:10373000F61A8F929F92AF92BF92CF92DF92EF9242
:10374000FF920F931F93CF93DF93A82EC62FB42E13
:10375000D22F7801242F220F220F220F0D2F462F58
:10376000682F8CE195E10E949FF8DC0F8B2C912C47
:1037700081112EC0DF91CF911F910F91FF90EF909B
:10378000DF90CF90BF90AF909F908F900895F801F9
:10379000849160911E1570911F15D0923815C093B9
:1037A000391510923B1580933A1528E335E14BE328
:1037B0008CE195E10F94F61A0F5F1F4FCA94F8E061
:1037C000DF0EC110E4CFE80CF91CCF5FDC1791F2DB
:1037D000CB2CDA2C8701DBCFAF92BF92CF92DF9256
:1037E000EF92FF920F931F93CF93DF93EC01E62E9E
:1037F000F42E122F022FD62ED20ECC24CA945C01A6
:103800002CE1A20EB11C8D2D801B083070F5812F8C
:10381000887F8E0D912F96959695969528EF929F7D
:10382000100D1124112371F197E019276A817B8112
:103830008C8FFD8E1F8E1F5F17708FEF90E001C081
:10384000880F1A95EAF78E8F9E01245E3F4F4BE357
:10385000CE01DF91CF911F910F91FF90EF90DF90FC
:10386000CF90BF90AF900D94F61A6A817B818C8FB8
:10387000FD8E1F8ECE8E95014BE3CE010F94F61A6E
:103880000850C1CFDF91CF911F910F91FF90EF9022
:10389000DF90CF90BF90AF9008950F93CF93DF93B9
:1038A000C82FD62F04E0262F41E3682F8CE195E145
:1038B0000E949FF88823C9F02D2F41E36C2F8CE1E3
:1038C00095E10F94EC1B8C2F0F94871B8FEF8D0FBE
:1038D0008C0F0F94871B2D2F44E36C2F8CE195E107
:1038E000DF91CF910F910D94EC1BDF91CF910F9150
:1038F0000895EF92FF920F931F93CF93DF937C0174
:10390000D62FC42F122F040F212F4C2F6D2FC7013C
:103910000F94EC1BCF5FC013F7CFDF91CF911F91B6
:103920000F91FF90EF900895DF92EF92FF920F9327
:103930001F93CF93DF93EC01162FF42EE22E0E94FB
:103940009FF8882331F02E2D4F2D612FCE010F943B
:10395000791CDF91CF911F910F91FF90EF90DF9035
:103960000895EF92FF920F931F93CF93DF93182F39
:103970007B01D42FCB010E94412BC12FCC0FC10F53
:10398000CC0FDD2391F091E090933C15282F220F6E
:10399000280F220F2E5F0BE043E36FEF6C0F8CE1DB
:1039A00095E10F94941C10923C15C09353158CE331
:1039B00080935415C7010E943D2DDD2319F081E04D
:1039C00080933C15DF91CF911F910F91FF90EF9065
:1039D00008953F924F925F926F927F928F929F9243
:1039E000AF92BF92CF92DF92EF92FF920F931F930D
:1039F000CF93DF931F921F92CDB7DEB75C016801B2
:103A0000E091960BF091970B309759F091E01E16CC
:103A10001F060CF090E09093920B1092970B10926F
:103A2000960B1091910B1092910B111105C0809182
:103A30007402882309F46AC049012A013B013090CD
:103A4000920BC9010E94412B082FC7010E94412BF4
:103A50001A821982C114D104B1F4402F50E0282FEA
:103A600030E0CA01820F931F46976CF485E190E025
:103A7000841B950B821B930B97FD0196959587955B
:103A80008A8381E0898301E029E033E2A401BE0159
:103A90006F5F7F4FCE0102960E9407A0C114D10430
:103AA00091F08A81882321F01A8289818F5F89832E
:103AB00000E02CE033E2A601BE016F5F7F4FCE0134
:103AC00002960E9407A000E029E033E2A701BE01B0
:103AD0006F5F7F4FCE0102960E9407A041E0432511
:103AE000B30181E00F94B11CC5010E94412B432D0D
:103AF000B50194E1981B892F0F94B11C112331F06B
:103B00008091920B8823B1F0F20119950F900F90DC
:103B1000DF91CF911F910F91FF90EF90DF90CF90A9
:103B2000BF90AF909F908F907F906F905F904F90DD
:103B30003F9008950E949829E9CFEF92FF921F933A
:103B4000CF93DF93EC01EE85FF85309709F019954F
:103B5000EA80FB80E9A9FAA982E01995E9A9FAA906
:103B600081E0199530E020E045E1B701CE010F94E6
:103B7000F61A182F882341F09E012D5C3F4F47E134
:103B8000B701CE010F94F61AE9A9FAA980E01995B8
:103B9000812FDF91CF911F91FF90EF900895DC016D
:103BA00014968D919C9115978617970709F43CC040
:103BB00015967C936E9314976115710579F157965C
:103BC0008C915797FB01811130C03596E49158963E
:103BD000EC935897645F7F4FFB01649159966C9307
:103BE000599758968C915897082E000C990B599616
:103BF0002C915997821B910927FD93955A962C91E8
:103C00005A97203441F0829FC001112426E09695F6
:103C100087952A95E1F75B968C935B978EE995EFF4
:103C200056969C938E9355970895813041F43F9614
:103C3000E4915896EC935897605F7F4FCDCF3D96B7
:103C4000E4915896EC935897625F7F4FC5CFBF922F
:103C5000CF92DF92EF92FF920F931F93CF93DF9358
:103C60008C01E62EDC011496CD91DC91CE010E94F0
:103C7000B5F6F82EF801848195810E94B8F6B82E29
:103C8000F1E0CC24CA94FF1202C02FE0C22ED8016A
:103C900014968D919C910E94B1F6F82EF8018481C2
:103CA00095810E94ADF6D82ED80114968D919C91E5
:103CB0000E94CEF6B0E6BE1520F5009711F1C80FB0
:103CC000D91F91E6F92EDE1468F5D80150961C92A2
:103CD000509753961C92539754961C925497519612
:103CE0001C92519752961C92D0E0C0E0CE01DF9119
:103CF000CF911F910F91FF90EF90DF90CF90BF90E9
:103D00000895F801848195810E94D1F6F0E4FE15B2
:103D100038F4009729F0C80FD91F81E4F82ED3CFCB
:103D20006196D1CFDF1488F28B2D90E0FE012491B3
:103D30002F3F29F42196FD1441F2F394F7CFFE10A2
:103D40004BC0D80114968D919C910E94B5F69E01AE
:103D50002F5F3F4FFE01882311F08230E1F4849100
:103D6000D80153968C935397F901249154962C9330
:103D70005497FE013396E4915096EC935097FE01D0
:103D80003496E4915196EC935197FE013596E49167
:103D90005296EC93ABCF8491982F9F709250D8019C
:103DA00052969C93529782958F7051968C9351970F
:103DB000F9012491822F8F7054968C9354972295F9
:103DC0002F7053962C935397FE013296E491E2950F
:103DD000EF705096EC938ACF3296E491EC21E80F85
:103DE000F92FF11DCE0FDF1FA6CF5F926F927F924A
:103DF0008F929F92AF92BF92CF92DF92EF92FF92FB
:103E00000F931F93CF93DF93EC01562E142F622F45
:103E10000F94271E6C0180E0C114D104B1F08C8195
:103E20009D810E94B8F6B82EFB88EC888989580ECF
:103E30001E198A89181B0E2D2F2D412F652DCE019D
:103E40000E949FF8811111C08889DF91CF911F9145
:103E50000F91FF90EF90DF90CF90BF90AF909F9029
:103E60008F907F906F905F900895CB0CD11C87E06E
:103E7000F80EF694F694F694E10E4E01ECE18E0EF7
:103E8000911C6F2C712C1E15F9F2052D560111C0D5
:103E9000F50184916A817B810C8F1D8F1F8E8E8F1F
:103EA00094014BE3CE010F94F61AFFEFAF1ABF0A4D
:103EB000085F8A2D8C198F1558F3C60CD71C1F5F0D
:103EC000E2CFFF920F931F93CF93DF93D82FF62E5D
:103ED0008A01E0913115F09132158CE195E1199547
:103EE000F80EC0E0F8012491222359F04F2D6D2FD8
:103EF0008CE195E10F94F51ED80FC80F0F5F1F4F8F
:103F0000F1CF8C2FDF91CF911F910F91FF900895EA
:103F10001092C51881E08093C41810929F1861E038
:103F200084E10F94131861E085E10F941318E9EB15
:103F3000F0E080818E7F808380818D7F808388E424
:103F40008093B80085E48093BC000895CF93DF93FD
:103F500091E0909304188823B9F0C091B800D091F3
:103F6000BA008091BC008A7B8093BC0060E084E151
:103F70000F94131860E085E10F9413180F94881FB5
:103F8000D093BA00C093B800DF91CF910895CF923B
:103F9000DF92EF92FF920F931F93CF93DF93D09115
:103FA000141481E0D13208F09CC0C09113140E9417
:103FB00007F66B017C018091C51881116CC082E00D
:103FC0008093C51881E08093C4188FEF8093C31845
:103FD0001092C218D093C118ABECB8E1E1EAF8E155
:103FE00080E0D8138DC01092A0188091A018CC0F3B
:103FF000C82BC093A01880919F18813009F084C00D
:1040000010929F180E9407F66B017C018091A01806
:104010008093BB008091C7189091C818A091C918CF
:10402000B091CA18892B8A2B8B2BA1F00E9407F61E
:104030000091C7181091C8182091C9183091CA185A
:104040006C197D098E099F0906171707280739077C
:1040500008F442C08091BC0083FDD8CF85EC8093EA
:10406000BC000E9407F66B017C018091C51882306C
:1040700009F44CC08091C3188F3F09F469C0809146
:10408000C318803209F466C08091C318803309F4E4
:1040900063C084E026C08091C7189091C818A09191
:1040A000C918B091CA18892B8A2B8B2B09F483CF9E
:1040B0000E9407F60091C7181091C8182091C918DE
:1040C0003091CA186C197D098E099F0906171707C8
:1040D0002807390708F06FCF8091C6180F94A61FE4
:1040E00085E0109212141092141410921114DF91A2
:1040F000CF911F910F91FF90EF90DF90CF90089597
:104100009D9191938F5F6DCF85EEA9CF8091C71858
:104110009091C818A091C918B091CA18892B8A2B00
:104120008B2B09F4A2CF0E9407F60091C7181091BB
:10413000C8182091C9183091CA186C197D098E09C8
:104140009F09061717072807390708F08ECFC4CF35
:1041500080E0C7CF82E0C5CF83E0C3CFCF93C62F27
:1041600091E09093111490E690931314109212140E
:1041700010921414682F86E394E10E9441F96C2F89
:1041800086E394E10E9441F9CF910D94C71F85ED1C
:104190008093BC008091C7189091C818A091C9184D
:1041A000B091CA180796A11DB11D23E0B695A79539
:1041B000979587952A95D1F72091BC0024FD03C0DF
:1041C0001092C51808954091C7185091C818609171
:1041D000C9187091CA18452B462B472B69F30097D5
:1041E000A105B10541F025E32A95F1F700000197FB
:1041F000A109B109E1CF8091C6180D94A61F1F92A5
:104200000F920FB60F9211240BB60F922F933F937C
:104210004F935F936F937F938F939F93AF93BF93CE
:10422000EF93FF938091B900887F803609F44DC0E9
:1042300008F040C0883209F4A9C028F5803109F49B
:104240009DC0C8F4882309F4FBC0883009F496C0E7
:10425000FF91EF91BF91AF919F918F917F916F915E
:104260005F914F913F912F910F900BBE0F900FBE1A
:104270000F901F901895883109F488C0803241F75B
:104280008093C31814C0803409F49DC040F4803377
:10429000B9F38833E9F68093C31885ECB0C0803554
:1042A00009F485C0883509F496C0883489F60F94DE
:1042B000C720CECF883909F48CC038F5883729F06B
:1042C00050F4883611F0803719F683E08093C518D2
:1042D0001092471857C0883809F47BC0803919F00C
:1042E000803809F0B5CF80914718803208F071C04E
:1042F000E091471881E08E0F809347188091BB00B2
:10430000F0E0E95DF74E80833DC0803B39F0E0F49A
:10431000803A09F479C0883A09F09ACF84E0809312
:10432000C5181092261810922518E0919C07F0915C
:104330009D0719958091251881110FC081E0809308
:1043400025181092051809C0803C09F4A6CF883CB6
:1043500009F4A3CF883B09F07BCFE091261881E0D8
:104360008E0F80932618F0E0EB5FF74E80818093EC
:10437000BB00909126188091251829C08091A01823
:104380008093BB0085EC8093BC0062CF9091C218F3
:104390008091C118981758F5E091C21881E08E0FEE
:1043A0008093C218F0E0EF55F74E8081E9CFE0919D
:1043B000C21881E08E0F8093C2188091BB00F0E09C
:1043C000EF55F74E80839091C2188091C1189817CD
:1043D000C8F285E8D8CFE091C21881E08E0F8093B3
:1043E000C2188091BB00F0E0EF55F74E80838091BA
:1043F000C41881115CCF81E080939F1884EA809378
:10440000BC001092C51824CF85EC8093BC0010929C
:10441000C51880914718803230F4E0914718F0E0D9
:10442000E95DF74E10826091471870E0E0919E07B9
:10443000F0919F0787E298E119951092471808CFED
:104440001092C31834CFCF939091681593FF29C071
:1044500090916D15911125C02AE5811121E0C82F99
:1044600043E353E065E875E18AE695E10E944BE598
:1044700081110BC063E373E087E290E40E94393D51
:1044800084E290E4CF910C941B3DC1110AC063E318
:1044900073E082E190E40E94393D8AE0CF910C9470
:1044A000143DCF9108958BE1E5E8F5E1A0EAB5E18F
:1044B00001900D928A95E1F708950F931F93CF9382
:1044C000DF9300D0CDB7DEB79C012F5F3F4F3B831A
:1044D0002A832FE2FC01208381E0898310E00BE135
:1044E00080915E15181778F4109FC0011124AE0159
:1044F0004F5F5F4FBE016E5F7F4F85549A4E0E94A3
:1045000081FA1F5FEDCF89818B3578F4AE014F5F63
:104510005F4FBE016E5F7F4F89EC96E10E9481FA8A
:104520008A819B8101979B838A83EA81FB81108228
:104530000F900F900F90DF91CF911F910F910895E1
:1045400010922907809168158F7D8B7F8093681565
:104550000E941831882321F089EC96E10C948CBFDD
:1045600008958091681583FF03C084608093681567
:1045700008955F926F927F928F929F92AF92BF92B7
:10458000CF92DF92EF92FF920F931F93CF93DF931F
:10459000CDB7DEB76DB67EB6DC010D900020E9F731
:1045A0009D01281B390B2C5F3F4FEDB7FEB7E21B77
:1045B000F30B0FB6F894FEBF0FBEEDBF0DB71EB7DD
:1045C0000F5F1F4F9F938F9385EE9EE39F938F9373
:1045D0001F930F930F942B307801F4E0EF0EF11C32
:1045E0000F900F900F900F900F900F90D7018D911B
:1045F0007D01882349F0082E000C990B0F948A3A0C
:10460000F70131978083F2CFC8010E947B4F81EE82
:10461000E82E8EE3F82E10E000E08DB69EB6F7018E
:10462000E00FF11F54906801BFEFCB1ADB0A552051
:1046300019F0EAE05E1222C04DB75EB74C195D0971
:104640000FB6F8945EBF0FBE4DBF8DB79EB70196F3
:104650005C01A801B7010F94CD2FF501E00FF11F08
:104660001082C5010E947B4F552051F0EC0CFD1CBF
:104670000FB6F8949EBE0FBE8DBECFCF8601CFCFB2
:104680000FB6F8947EBE0FBE6DBEDF91CF911F9125
:104690000F91FF90EF90DF90CF90BF90AF909F90E1
:1046A0008F907F906F905F900895FF920F931F936C
:1046B000CF93DF93CDB7DEB76D970FB6F894DEBF1B
:1046C0000FBECDBF2091681523FF2BC0BC01CE01CA
:1046D0004C960E9470F98C01009719F16C8D7D8DBC
:1046E00019821C8222E0AC01CE0101960E944BE5AA
:1046F000811123C0F12CCE0101960E944535B801ED
:10470000FF2081F184E090E40E94393D8AE00E941C
:10471000143D109264151092651510926615109252
:1047200067156D960FB6F894DEBF0FBECDBFDF9153
:10473000CF911F910F91FF900895CE0101960E9495
:1047400054FC8823B9F261E0CE0101960E94BEBDFF
:10475000009781F225EEFC0120831C820E94CCB8D8
:10476000F82EC9CF8CEE9FE30E94393D89EE9FE37E
:104770000E941B3DD6CF0E9454FA882371F0E8EBCB
:10478000F7E08BE292E0DF019C011D922150304066
:10479000E1F783E393E00D94552308950F931F935E
:1047A000CF93DF93CDB7DEB76B970FB6F894DEBF2C
:1047B0000FBECDBF8B0122E02093990790939807FD
:1047C0008093970780EA95E10E94CFBF8BE1E0EAF2
:1047D000F5E1DE01119601900D928A95E1F7A801AD
:1047E000BE016F5F7F4F90E080E00E9444E6CE0103
:1047F00001960E9445356B960FB6F894DEBF0FBE4A
:10480000CDBFDF91CF911F910F910895EF92FF924D
:104810000F931F93CF93DF931F921F92CDB7DEB7F5
:104820002091681523FF19C0F42EE62E8C010E94FA
:104830001831882309F4ADC0FF2009F4CDC0809160
:104840005F15882399F00E944C3D84EA9FE30E9403
:104850001B3D90E080E00E949E3F0F900F90DF9103
:10486000CF911F910F91FF90EF9008958EE297E006
:104870000F945D228091641590916515A091661545
:10488000B091671580932A0790932B07A0932C076C
:10489000B0932D070E949F3EB8018BE89FE30E94D2
:1048A000393D60915F1589E6689FB0011124625D12
:1048B000784F80E89FE30E94393D40916415509104
:1048C000651560916615709167158AE79FE30E94F0
:1048D000CF408AE00E94143D80915F158F5F8093E6
:1048E0005F150F94A022B801CE0101960E9470F9C5
:1048F0008C01009709F4B1CF69817A81EE2009F427
:104900007BC021E0AC0189EC96E10E944BE5882355
:1049100009F468C08091DA169091DB16A091DC163C
:10492000B091DD168093601590936115A093621588
:10493000B093631510926415109265151092661568
:1049400010926715B80183E49FE30E94393D4091BE
:1049500060155091611560916215709163158BE33C
:104960009FE30E94CF408AE00E94143D8CE29FE3C7
:104970000E941B3DB80190E080E00F94CE2380910F
:10498000B90B882311F009EB1BE0C8010E94E8FC79
:1049900064CFFF2039F00E949F3E8AE69FE30E9489
:1049A0001B3D9FCF10925F1582E0F82E0E949F3E24
:1049B00085E69FE30E941B3D81E0F81210C087E569
:1049C0009FE30E941B3DB8018DE59FE30E94393DA6
:1049D0008AE00E94143D85CFFF24F394E7CF81E560
:1049E0009FE3EFCFB80188E19FE30E94393D85E165
:1049F0009FE30E941B3D31CF26E5AC0189EC96E197
:104A00000E944BE5811108C0B80181E09FE30E943C
:104A1000393D8EEF9EE3EDCF8091681581608093E4
:104A20006815B80190E080E00F94CE23B8018CEEB9
:104A30009EE30E94393D8AE00E94143DA6CFFF927A
:104A40000F931F93CF93DF931F92CDB7DEB7F82E4E
:104A500009E715E041E050E0B801CE0101960F945E
:104A6000CD2F89818F1108C081E00F90DF91CF9108
:104A70001F910F91FF9008950F5F1F4F85E001393F
:104A8000180741F780E0F1CF86E40E94C632809398
:104A90005206882351F00E949C3260933F0270932B
:104AA0004002809341029093420283E50E94C63205
:104AB000882351F00E949C3260933B0270933C0229
:104AC00080933D0290933E0282E40E94C632882386
:104AD00051F00E949C3260933702709338028093A9
:104AE000390290933A020895CF93DF938AE695E1D5
:104AF0000E94453589EC96E10E944535C9ECD6E126
:104B00006B97CE010E94453585E1CB3BD807C1F7B5
:104B100080EA95E10E94453585E895E1DF91CF91E6
:104B20000C944535CF93DF931092391410923814BA
:104B300088EE93E0A0E0B0E080933A1490933B14A9
:104B4000A0933C14B0933D1484E493E09093371405
:104B50008093361410928515109288151092A01526
:104B60001092A315EBEBF5E1108213827B9626E100
:104B7000E93CF207C9F789E180936114109264144B
:104B8000109259141092C9161092CC168091D1141B
:104B9000843208F0EAC091E0980F9093D11480938A
:104BA000D21490E0FC01EE0FFF1FE80FF91FEB5944
:104BB000FB4E88EB9BE09283818380E1EAEEF4E197
:104BC000DF01282F1D922A95E9F7EAEDF4E1DF01D4
:104BD000282F1D922A95E9F7EFEEF8E1DF011D92EB
:104BE0008A95E9F71092EB181092EC181092ED18D4
:104BF0001092EE181092D9141092D8141092D71463
:104C00001092D6141092D51484E08093051510925A
:104C100003151092021510920415389A40981092BC
:104C2000FE141092FF1410920015109201158DE4DD
:104C30009CE8909317158093161510921B151092EF
:104C40001A1586E593E09093191580931815109224
:104C5000531510925415109255151092211510925B
:104C6000201510922315109222151092251581E01F
:104C70008093241582E28093261510922B151092B2
:104C80002A15EFE3F5E18DE495E1CFEFC1938E179F
:104C90009F07E1F7D1E0D0933C158EE995EF909313
:104CA000321580933115D09333151092341510922C
:104CB000351580E480933615109237158DE995EF00
:104CC00090934E1580934D1585E792E090931F15B4
:104CD00080931E1589E1809341158BE180934015E7
:104CE000C0933F150F94211B86E593E0909319150F
:104CF00080931815D0935615D0935715D093581507
:104D0000D093591510926A1510926D15C0935A15CB
:104D1000C0935B15C0935C1580916815847F8B7F71
:104D2000809368151092641510926515109266159F
:104D3000109267151092601510926115109262150D
:104D40001092631510925F1510925E15EBEBF5E172
:104D50008EE091E0DF019C011D9221503040E1F78F
:104D6000C0935D15DF91CF9108958FEF8093D2149A
:104D700024CFCF93DF93CDB7DEB7AA970FB6F894C1
:104D8000DEBF0FBECDBF789484B5826084BD84B58C
:104D9000816084BD85B5826085BD85B5816085BD36
:104DA00080916E00816080936E00109281008091EE
:104DB0008100826080938100809181008160809376
:104DC0008100809180008160809380008091B1009B
:104DD00084608093B1008091B00081608093B000C6
:104DE0008091910082608093910080919100816018
:104DF00080939100809190008160809390008091D9
:104E0000A10082608093A1008091A10081608093C5
:104E1000A1008091A00081608093A0008091210179
:104E20008260809321018091210181608093210122
:104E30008091200181608093200180917A008460BC
:104E400080937A0080917A00826080937A008091CA
:104E50007A00816080937A0080917A0080688093E4
:104E60007A001092C100259A2D98809101018860E6
:104E700080930101809102018870809300016B9AF8
:104E800073989D9AA598809107018B7F8093070165
:104E90008091080180958470809306011092C00073
:104EA0008091C00082608093C0001092C50087E0AE
:104EB0008093C4008091C10080618093C100809183
:104EC000C10088608093C1008091C1008068809398
:104ED000C1000F940D1A88E491E40E941B3D0E94CA
:104EE0009F3E14B710FF04C08FE391E40E941B3D66
:104EF00011FF04C08EE291E40E941B3D12FF04C02A
:104F00008CE191E40E941B3D13FF04C08BE091E40F
:104F10000E941B3D15FF04C08AEF90E40E941B3DD8
:104F200014BE83EF90E40E941B3D80E20E94143D7A
:104F300085EE90E40E941B3D8AE00E94143D0E9491
:104F40009F3E85ED90E40E941B3D8AEC90E40E9418
:104F50001B3D8BEA90E40E941B3D0E949F3E84E92A
:104F600090E40E941B3D0E949F3E8091FF1890910B
:104F700000199E012F5F3F4F6901B901009709F4A5
:104F800084C0681B790B85E890E40E94094160E6C3
:104F900075E08EE690E40E9409418AE00E94143D8B
:104FA0000E94E39F0E94849C0E947DF40FEE1BE010
:104FB00084EEE82E89E0F82ED8016D917D918D91D7
:104FC0009D918D01F70121913191419151917F0185
:104FD0005D01F4E0AF1AB1080F947837D5016D93F5
:104FE0007D938D939C931397BBE00B3F1B0721F799
:104FF0000E94FBDC249A2C988091010180628093AE
:105000000101809102018072809300018091010171
:1050100080648093010187ED80937A0010927E0076
:1050200010927D0080917D00806280937D00809150
:105030007D00806480937D0080E888BD80916E0053
:10504000846080936E006AEF70E080E090E00F94DF
:10505000DA1985E090E090936202809361020091FA
:105060005D0210915E02C8010E94C0FB20E030E0AA
:1050700040EA50E40F94943087FF0AC000511109B0
:1050800010935E0200935D02EACF655079417BCFB9
:105090008CE291E0909364028093630200915F023E
:1050A00010916002C8010E94C0FB20E030E046E998
:1050B00053E40F94D83918163CF4005F1F4F109337
:1050C000600200935F02EACF80915B0290915C02E4
:1050D0000E940CC220E030E040EA50E40F9494308B
:1050E00087FF0AC080915B0290915C024097909389
:1050F0005C0280935B02E8CF8091A1079091A207A8
:105100000E940CC220E030E040EF52E40F94D83906
:10511000181654F48091A1079091A207409690939D
:10512000A2078093A107E8CF0E94928319A682E389
:1051300090E09AA389A31A8219825E01E1E2AE0E81
:10514000B11C01E0960141E050E0BE01675D7F4F78
:10515000C5010E94D63C89A5863109F4A5C10E94EB
:10516000EFC981E08093A3076D98759A809104013F
:105170008D7F8093040180910501809582708093DA
:10518000030153985B9A1092B5071092B4070E94DE
:105190008BDD819A879A80910A01826080930A014F
:1051A0000E9A3B9A579A5F9A829A8A9A809107013F
:1051B00081608093070180910801809581708093C0
:1051C00006010A9A129A3F9A479A809A88985F9A9B
:1051D0008091EB0B8E7F8093EB0B869A8E988A9A48
:1051E0008091EB0B8D7F8093EB0B80910A0188609F
:1051F00080930A0180910B0188708093090180914E
:10520000080180958170809306018091EB0B8B7F64
:105210008093EB0B0C9A1498129A809180008C7FEB
:105220008093800080918100877E886080938100D8
:10523000809180008F738093800080918100887FAF
:1052400082608093810080E090E490938900809355
:105250008800109285001092840080916F00826017
:1052600080936F00789484E08093B6070E94F9C819
:105270008091D214843208F042C090E0FC01EE0F1D
:10528000FF1FE80FF91FEB59FB4E8081807C8B607C
:10529000808361E08BE00F944B181092D31410922E
:1052A000D4148091D2142CE0622F0F943B3790E0FD
:1052B000829FB001112430E020E0AB01420F531F68
:1052C000FA01EE0FFF1FE40FF51FEB59FB4E408173
:1052D00046FD07C02F5F3F4F2C30310571F70E940C
:1052E0009A3AE091D2148E2F90E0FC01EE0FFF1F4E
:1052F000E80FF91FEB59FB4E80818064808382EDBB
:1053000094E10E948B3A6AE570E082ED94E10E949C
:10531000CB3A1092B7070E948BDD80910101806229
:10532000809301010E94482881E00E94D03B809137
:10533000E309882361F18091681583FF0E948BF453
:105340008091681583FF23C00E9454FA882379F066
:1053500081E00F9423224BE252E068EB77E08AE68B
:1053600095E10E94A6BC8AE695E10E948CBF0E944E
:105370003B358111A9C0E8EBF7E08BE292E0DF0159
:105380009C011D9221503040E1F70F94BB2388E12E
:1053900098E20FB6F894A895809360000FBE9093A2
:1053A00060002FE4222E21E4322E30ED432E31E432
:1053B000532E40EA642E41E4742E80915D1587FDE2
:1053C000A0C08091681582FD9CC083FF0E948BF471
:1053D00088E591E40E941B3D0E947DF48091681550
:1053E00083FFE3C00E943B358111DFC080915D15D2
:1053F000082E000C990BC0969F938F933F922F928B
:10540000BF92AF920F942B3085E895E10E94CFBFF9
:105410000F900F900F900F900F900F908091881524
:10542000823008F4C2C080918D1590918E15A091A4
:105430008F15B09190158F719927AA27BB27892BBB
:105440008A2B8B2B09F0B1C040E250E0B60185E811
:1054500095E10E94A6BC809709F0A7C089818823A6
:1054600009F4A3C0853E81F38E3271F38C8583FDF0
:10547000EBCFF60101900020E9F73197FE2EFC18E2
:10548000FA943FEFF31639F101E010E00C0F1D1F05
:105490000F0D111DF7FC1A95D8018C9190E00F9417
:1054A0008A3AF8018083ECCF83E390E09AA389A342
:1054B0001A82198201E0960140E150E064EA77E047
:1054C000C5010E94D63C4DCE86E690E49093F20949
:1054D0008093F1095CCF8A858E3709F49FCF45E030
:1054E00050E0B501CE0101960F94E13A892B09F005
:1054F00095CFC5010F94B92280915D158F5F809380
:105500005D158091681585FF18C00F94A022109238
:10551000750B1092F0091092730B0E94553A0E947D
:1055200081C90E94D5C10E94863A109265020F94EB
:10553000BB235092F2094092F1098091750B84309F
:1055400020F40E94AD480E94503D6091F109709195
:10555000F20910E000E06115710561F58091750BAD
:10556000882309F4CFC08091681580FF74C0009132
:10557000730B20E6029F800111240D50164F6CE939
:1055800071E4C8010F941130009769F1DC011396A2
:105590008C9180538A3038F10F944C1089E891E453
:1055A0000E941B3D0E94293D58C0FFEFF0935D15FE
:1055B000A8CF8C01FB01E00FF11F24912AA7222321
:1055C00009F470C0C80101962A3099F70115110538
:1055D00009F06BC00F5F1F4F8091F1099091F209A4
:1055E000080F191F8BC0F80101900020E9F73197CF
:1055F0007F01E01AF10A1092C9166EE470E0C8014A
:105600000F94C63A4C010097C1F5B1E0EB1AF108CE
:10561000F801EE0DFF1D2DE021833AE03283138265
:10562000F80101900020E9F73197AF01401B510BC1
:10563000B80189EC96E10E940DBE8091C9168823BD
:1056400031F00E944C3D82E791E40E941B3D809125
:10565000681581FFA7CF0E9490748091750B8823F5
:1056600009F450C081508093750B8091730B8F5F4C
:10567000843090F48093730B45C060E270E00F9427
:10568000C63A8C010F5F1F4F6AE270E0C4010F94AD
:10569000C63AFC013197BFCF1092730B33C080E242
:1056A000F82E7BC00115110539F18DB69EB6C801E3
:1056B0000196ADB7BEB7A81BB90B0FB6F894BEBF25
:1056C0000FBEADBFEDB7FEB731967F01A801CF0188
:1056D0000F94CD2FF701E00FF11F1082C7010E9438
:1056E000263180E00E94B35C0FB6F8949EBE0FBED8
:1056F0008DBEFAA5F1116ECF10E000E01093F20913
:105700000093F1098091740B882309F45FC0909194
:10571000740B80914818981709F458C00E949F3E56
:1057200081EC91E40E941B3D8091740B80FD05C0CB
:105730008091740B10E284FF0AC080E00E94E2CCEA
:10574000AB01BC018DEB91E40E944A4218E58091C7
:10575000740B81FD05C08091740B00E285FF0AC0C7
:1057600081E00E94E2CCAB01BC0189EB91E40E9494
:105770004A4209E58091740B82FD04C08091740B4C
:1057800086FF8DCF82E00E94E2CCAB01BC0185EBAD
:1057900091E40E944A429AE5F92E8AE00E94143D63
:1057A0001F9280E28F931F92FF921F920F931F927E
:1057B0001F937F926F921F920E9468FAADB7BEB797
:1057C0001B960FB6F894BEBF0FBEADBF8091740B91
:1057D0008093481880E00E94104AEFCDCF93DF936A
:1057E000282F30E0F901E255FD4B8491F901E85989
:1057F000FD4BD491F901EE5DFD4BC491CC23A1F09A
:1058000081110E94A0F5EC2FF0E0EE0FFF1FE85F82
:10581000FD4BA591B491EC91ED2381E090E009F46A
:1058200080E0DF91CF91089580E090E0FACFEF9291
:105830000F931F93CF93DF93E80134E047FD34E1EA
:10584000042E000C550B57FF03C05195419551098B
:10585000E32E022F242FAE010F946933CE01DF9186
:10586000CF911F910F91EF9008958F929F92AF92D9
:10587000BF92CF92DF92EF92FF920F931F93CF933D
:10588000DF935C017B016115710519F0DB018D93DC
:105890009C9385010F5F1F4FF501D0818D2F90E004
:1058A0000F94C42F6C01892BB9F5DD32B9F50F5F68
:1058B0001F4FD5011196DC91C1E05801F1E0AF1AFC
:1058C000B10843E050E06CE074E0C5010F94EA2FAA
:1058D000892B69F5680182E0C80ED11C45E050E0D3
:1058E00067E074E0C6010F94EA2F892B21F4680168
:1058F00097E0C90ED11CE114F10419F0D701CD9243
:10590000DC9260E070E080E89FEFC111FFC060E0D2
:1059100070E080E89FE7FAC05801BBCFDB3229F482
:1059200085010E5F1F4FF501D181C0E0C6CF43E076
:1059300050E064E074E0C5010F94EA2F892BE9F090
:10594000F80110E000E020E030E0A9015F01B0EDD7
:105950008B2E8D0E89E08815C8F19C2E689491F8E5
:105960008C2F8870C2FF16C0811102C00F5F1F4FBD
:105970003196D501DC91C92DE9CFE114F10429F06C
:105980000E5F1F4FF7011183008360E070E080EC31
:105990009FE7BCC0882311F001501109A5E0B0E0D9
:1059A0000F9419379B01AC01220F331F441F551F61
:1059B000280D311D411D511D283999E93907490725
:1059C00099E15907A8F2C6609C2ED2CFAEEF8A1299
:1059D00006C0C3FD3CC09C2E689493F8C9CFDF7D00
:1059E000D534A9F580818D3239F4C061DF0112967A
:1059F000818162E070E006C0DF018B32C1F3119655
:105A000061E070E080535D01A61AB70A8A30F8F4AD
:105A1000E0E8CE16ECE0DE065CF4B601660F771F18
:105A2000660F771FC60ED71ECC0CDD1CC80ED11C0E
:105A30005D01FFEFAF1ABF0A8C9180538A30A8F145
:105A4000C4FF03C0D194C194D1080C0D1D1DC1FF2A
:105A500009C0E114F10431F081E0A81AB108D701BE
:105A6000AD92BC92CA01B9010F949930C370C33092
:105A700009F490584B015C0120E030E0A9010F943B
:105A80009430882309F440C0CBE3D4E017FF05C06D
:105A9000119501951109C3E2D4E06E01B8E1CB1A6A
:105AA000D10880E2E82EF12C0FC0D501B1CFFE0164
:105AB00025913591459154910E191F09C501B401E5
:105AC0000F94FA304B015C01D501C4010E151F057E
:105AD00074F72497F594E794CC16DD06A9F78A2F7E
:105AE000880F8B2F881F8F3F49F020E030E0A901FD
:105AF000C501B4010F949430811106C082E290E098
:105B00009093041980930319C501B401DF91CF91DB
:105B10001F910F91FF90EF90DF90CF90BF90AF90CB
:105B20009F908F9008953F924F925F926F927F92D5
:105B30008F929F92AF92BF92CF92DF92EF92FF929D
:105B40000F931F93CF93DF935C016B017A01611573
:105B5000710519F0FB0191838083E114F10451F088
:105B6000C7010297839730F040E030E020E090E0FA
:105B70006BC05E01E5012196F5011081812F90E057
:105B80000F94C42F892BA9F71D3201F52196F50139
:105B9000118101E0E114F10409F4E6C0F0E1EF162F
:105BA000F10409F088C0103359F488818F7D88355D
:105BB00009F07CC0198122960260F0E1EF2EF12CF1
:105BC000812C912CA12C88E0B82E92C01B3221F49C
:105BD000E5012296F501118100E0DCCFEAE0EE1646
:105BE000F10409F4C7C0F0E1EF16F10409F073C045
:105BF000E7CF78E0E72EF12C812C912CA12C60E1ED
:105C0000B62E76C021E0ADC0302F3170C114D10462
:105C100031F0222371F12197F601D183C08327FF50
:105C20002EC060E070E080E090E8311104C06FEFBA
:105C30007FEF8FEF9FE722E230E03093041920934B
:105C40000319462F372F282F642F732F822FDF91B0
:105C5000CF911F910F91FF90EF90DF90CF90BF9069
:105C6000AF909F908F907F906F905F904F903F90FC
:105C7000089501FF04C02297F601D183C083332326
:105C800041F090958095709561957F4F8F4F9F4F14
:105C9000D8CF97FFD6CF82E290E0909304198093FB
:105CA00003196FEF7FEF8FEF9FE7CBCF10E3E11486
:105CB000F10409F49ECF28E0E216F10409F49CCF28
:105CC0000CF08CCF812C912CA12CE0E4BE2E82E034
:105CD000E816F10469F060E070E080E090E8970178
:105CE0000F2C000C440B550B0F94D83649015A0168
:105CF00020E060E070E0CB0127010F2C000C66086B
:105D00007708FE0150ED352E310E39E0331570F471
:105D10003FEB310F49EC342E3A3138F03FE9310F87
:105D20003A3108F071CF39EA332E310E3E141F0498
:105D30000CF06ACF27FD15C086169706A806B9068F
:105D400078F0A30192010F94C836630D711D811D77
:105D5000911D61307105810520E8920708F452CF4A
:105D60002FEF21961081CDCF103309F41ECF2AE0FA
:105D7000E22EF12C9CEC892E982CA82C9CE0B92EBC
:105D8000B7CF3F924F925F926F927F928F929F9286
:105D9000AF92BF92CF92DF92EF92FF920F931F9339
:105DA000CF93DF935C016B017A016115710519F0E6
:105DB000FB0191838083E114F10449F0C70102974C
:105DC000839728F060E070E0CB019BC05E01E501A5
:105DD0002196F5011081812F90E00F94C42F892B1B
:105DE000A9F71D3209F05CC02196F501118101E08F
:105DF000E114F10409F4BBC0F0E1EF16F10409F07D
:105E00009BC0103341F488818F7D883509F08FC0A5
:105E1000198122960260E0E1EE2EF12C88248A940A
:105E2000982CA82CFFE0BF2E20E060E070E0CB01B2
:105E300027010F2C000C66087708FE0150ED352E67
:105E4000310E39E0331568F43FEB310F49EC342E55
:105E50003A3130F03FE9310F3A31B0F539EA332EBB
:105E6000310E3E141F0484F52F3FB9F086169706B5
:105E7000A806B90638F1A30192010F94C836232D64
:105E800030E050E040E0620F731F841F951F6217DF
:105E9000730784079507B0F021E021961081CDCFDC
:105EA0001B3221F4E5012296F501118100E0A0CF1B
:105EB00078E0E72EF12C88248A94982CA82C6FE1A6
:105EC000B62EB2CF2FEFE9CFC114D10431F0222387
:105ED00051F12197F601D183C08300FF07C090954F
:105EE0008095709561957F4F8F4F9F4F2F3F49F45D
:105EF00082E290E090930419809303196FEF7FEF93
:105F0000CB01DF91CF911F910F91FF90EF90DF9028
:105F1000CF90BF90AF909F908F907F906F905F9049
:105F20004F903F90089501FFD8CF2297D3CF10E331
:105F3000E114F10409F4BCCF3AE0E316F104E9F00E
:105F400080E1E816F10409F466CFE8E0EE16F1040A
:105F500009F4B1CF6FEF7FEFCB0197010F2C000C4D
:105F6000440B550B0F94D83649015A015DCF1033BD
:105F700009F449CF9AE0E92EF12C89E9882E982C72
:105F8000A82C89E1B82E50CF91110D94BA358032EA
:105F900019F089508550C8F70895FB01DC0102C053
:105FA00005900D9241505040D8F70895FC0105909E
:105FB000061621F00020D9F7C00108953197CF01CE
:105FC0000895FC0105900020E9F7809590958E0FCB
:105FD0009F1F0895FB01DC014150504088F08D91D6
:105FE00081341CF08B350CF4805E659161341CF0BB
:105FF0006B350CF4605E861B611171F3990B08958B
:10600000881BFCCFFB01DC014150504048F005905B
:106010000D920020C9F701C01D9241505040E0F799
:106020000895FB0155915523A9F0BF01DC014D9165
:1060300045174111E1F759F4CD010590002049F0D1
:106040004D9140154111C9F3FB014111EFCF81E0A2
:1060500090E0019708950F931F93CF93DF93CDB7EF
:10606000DEB72E970FB6F894DEBF0FBECDBF0E89F8
:106070001F898EE08C831A8309838FEF9FE79E83AD
:106080008D83AE01465E5F4F688D798DCE0101969E
:106090000F9467312F813885020F131FF80110828A
:1060A0002E960FB6F894DEBF0FBECDBFDF91CF9115
:1060B0001F910F9108950F931F93CF93DF93CDB747
:1060C000DEB72E970FB6F894DEBF0FBECDBF8C01A2
:1060D000FA018EE08C831A83098377FF02C060E0A7
:1060E00070E8615071097E836D83A901BF01CE0103
:1060F00001960F9467314D815E8157FD0AC02F8153
:106100003885421753070CF49A01020F131FF80148
:1061100010822E960FB6F894DEBF0FBECDBFDF9172
:10612000CF911F910F9108950F94D63008F481E01C
:106130000895E89409C097FB3EF49095809570957A
:1061400061957F4F8F4F9F4F9923A9F0F92F96E9C3
:10615000BB279395F695879577956795B795F11138
:10616000F8CFFAF4BB0F11F460FF1BC06F5F7F4FD5
:106170008F4F9F4F16C0882311F096E911C07723E7
:1061800021F09EE8872F762F05C0662371F096E8F0
:10619000862F70E060E02AF09A95660F771F881FBF
:1061A000DAF7880F9695879597F90895990F000863
:1061B000550FAA0BE0E8FEEF16161706E807F907D9
:1061C000C0F012161306E407F50798F0621B730B74
:1061D000840B950B39F40A2661F0232B242B252BF5
:1061E00021F408950A2609F4A140A6958FEF811D98
:1061F000811D08950F940D310D9478360F946A36F1
:1062000038F00F94713620F0952311F00D9461361B
:106210000D94673611240D94AC360F94893670F3C3
:10622000959FC1F3950F50E0551F629FF001729F3B
:10623000BB27F00DB11D639FAA27F00DB11DAA1F4A
:10624000649F6627B00DA11D661F829F2227B00D97
:10625000A11D621F739FB00DA11D621F839FA00D22
:10626000611D221F749F3327A00D611D231F849F72
:10627000600D211D822F762F6A2F11249F575040C9
:106280009AF0F1F088234AF0EE0FFF1FBB1F661F44
:10629000771F881F91505040A9F79E3F510580F00D
:1062A0000D9461360D94AC365F3FE4F3983ED4F321
:1062B000869577956795B795F795E7959F5FC1F7B1
:1062C000FE2B880F911D9695879597F908952F922B
:1062D0003F924F925F926F927F928F929F92AF9276
:1062E000BF92CF92DF92EF92FF920F931F93CF93C3
:1062F000DF9300D000D000D01F921F92CDB7DEB741
:106300007C013B018A01FC0117821682838181FF97
:10631000DDC1CE0101965C01F7019381F30193FD8C
:10632000859193FF81913F01882309F453C1853200
:1063300039F493FD859193FF81913F01853229F4D2
:10634000B70190E00F94D335E7CF912C212C312C5D
:10635000FFE1F31538F08B3211F190F4803209F13E
:10636000833229F137FC3CC020ED280F2A3050F54C
:1063700036FE20C08AE0989E200D1124922E06C081
:106380008D3291F0803371F7689430F8F30193FD0A
:10639000859193FF81913F018111DACF21C06894EB
:1063A00031F8689432F8F2CF689433F8EFCF6894FC
:1063B00034F8ECCFEAE02E9E200D1124222E6894B2
:1063C00035F8E4CF8E3229F436FC04C1689436F8EF
:1063D000DDCF8C3619F4689437F8D8CF8836B1F20F
:1063E000982F9F7D95549330E0F08336A1F1833749
:1063F000C1F1833509F063C02801F2E04F0E511C52
:10640000F801C080D180692D70E036FC02C06FEFCA
:106410007FEFC6010F94BD354C01689437F88201B7
:106420000AC00C5F1F4FFFE3F98388248394912CEB
:106430006501E89437F833FE2DC0522C8114910485
:1064400071F5552009F468CFB70180E290E00F9410
:10645000D3355A94F6CFF801808189830E5F1F4FA0
:10646000E4CF2801F2E04F0E511CF801C080D1802A
:10647000692D70E036FC02C06FEF7FEFC6010F940C
:10648000C8354C018201D5CFB70180E290E00F946E
:10649000D3352A942814190409F0B0F7CECFF601A9
:1064A00037FC859137FE81916F01B70190E00F9421
:1064B000D33551105A94F1E08F1A9108BFCF84362A
:1064C00019F0893609F077C0F80137FE6BC060819A
:1064D0007181828193810C5F1F4FF32DFF763F2ED8
:1064E00097FF09C090958095709561957F4F8F4F6C
:1064F0009F4F689437F82AE030E0A5010F940336E7
:10650000C82ECA188C2C432C36FE0CC0E89440F8D8
:10651000C91440F434FE05C032FC03C0F32DFE7EE6
:106520004F2E892C44FEAAC0FE01EC0DF11D808186
:10653000803309F09CC0242D297E422E842D887042
:10654000582E43FCAAC040FEA4C09C2C821418F410
:106550002C0C922C981844FEA6C0B70180E390E062
:106560000F94D33542FE09C088E790E041FE02C097
:1065700088E590E0B7010F94D335C91408F49FC0A3
:10658000CA94D12C9FEFC91AD90ACA0CDB1CF60198
:1065900082916F01B70190E00F94D335AC14BD0424
:1065A000B1F74FCF60817181072E000C880B990BDA
:1065B0000E5F1F4F92CFD32CE894D4F82AE030E03E
:1065C0008537E1F1232D297FD22E8F36A9F1F0F402
:1065D000883551F1F701868197812B960FB6F89493
:1065E000DEBF0FBECDBFDF91CF911F910F91FF9006
:1065F000EF90DF90CF90BF90AF909F908F907F9063
:106600006F905F904F903F902F900895803749F0A2
:10661000883701F7D4FE02C06894D2F820E130E058
:106620000DC06894D4F8F6CF34FE03C0822F866084
:10663000D82E20E132E002C028E030E0F801D7FE99
:106640000FC060817181828193810C5F1F4FA50112
:106650000F940336C82ECA183D2CE89437F852CF51
:106660006081718190E080E00E5F1F4FF0CF42FCAF
:1066700002C0839463CF8394839460CF842D867803
:1066800009F45CCFF6CFB70180E290E00F94D335E8
:1066900083948214C0F3512C5ECF522C581882146C
:1066A00008F459CFF8CF842D867809F466CF8BE2B1
:1066B00041FE80E247FC8DE2B70190E05CCFB7017C
:1066C00080E390E00F94D3359A9457CF8FEF9FEFEC
:1066D00084CF8F929F92AF92BF92CF92DF92EF9230
:1066E000FF920F931F93CF93DF9300D000D000D081
:1066F000CDB7DEB76A01F22EB02E102FFBE3AF2E1E
:10670000A01608F41BE31F5F012F27E0AE014F5FC7
:106710005F4F0F94E234BC018981982F99709130BA
:1067200009F44EC09BE2E1FC04C09E2D9170E0FC98
:1067300049C05E2D5071E82FE87083FF55C084E09A
:10674000911101C083E0EF2DE81B8F1508F0E0E008
:10675000D6018E2F20E25523C9F1992329F0D601C5
:106760009C93C60101966C0196012D5F3F4FE2FE9E
:1067700033C08EE4D6018C9391E411969C931197CB
:1067800012968C93D9018E2F90E281112AC0E20FCC
:10679000F32FF11D10828EEF9FEF29960FB6F8941C
:1067A000DEBF0FBECDBFDF91CF911F910F91FF9044
:1067B000EF90DF90CF90BF90AF909F908F90089513
:1067C0009DE2B7CF90E2B5CF2D9381508111FCCFE0
:1067D000CE0ED11CE0E0C1CF8EE6D6018C9391E6BF
:1067E000CCCF9D938150D1CF482F447082FF3DC0C4
:1067F00084E0911101C083E08F1510F4EF2DE81BA8
:10680000D6018E2F20E2552309F1992329F0D601D4
:106810009C93C60101966C0196012D5F3F4FE2FEED
:106820001BC089E4D6018C938EE411968C9311974A
:1068300086E412968C93D9018E2F90E2882309F476
:10684000A6CF9D938150FACF2D9381508111FCCF1B
:10685000CE0ED11CE0E0D9CF89E6D6018C938EE62E
:1068600011968C93119786E6E4CF9B0177FF02C0C7
:1068700030E020E0A1E0B0E0911102C0B0E0A0E083
:10688000F9013196AE0FBF1F8B2C912CBB2009F460
:1068900061C05401EFEFAE1ABE0AAA0DBB1DFA1675
:1068A0001B0619F014F04F2D4A1B511188C0E3FC50
:1068B00059C07601A42FB0E2A1114FC0C40ED11C63
:1068C000992309F45BC040E0D6011196F60190834C
:1068D0006D01552309F448C0012F060F9A81582FE6
:1068E000507184FF03C0913309F4015010160CF06D
:1068F00047C0093008F008E0EEE2FE2E5B01A01A66
:10690000B10885019194819491082F3F320729F4B1
:10691000D601FC92F60131966F016217730794F16C
:10692000021713077CF5DB01A21BB30BAA24A39467
:10693000B12CAC0EBD1EAA0DBB1D11968C91215021
:106940003109D601119628153905F4F0F601808336
:106950006D01DBCFB12CA12CA0CFF701B1937F014A
:10696000A150AACF9111B0CFD601942F50E302C00D
:106970005D9391509111FCCFC40ED11C40E0ACCF7F
:1069800001E0BACF80E3DBCF6217730731F49633AF
:1069900088F4953311F4552369F0F6018083FD01E5
:1069A000842F90E2811108C0A40FB11D1C9290E0C9
:1069B00080E0F3CE81E3F1CF91938150F3CF911139
:1069C00083CF8ACF283008F027E03327DA01990FE8
:1069D000311D87FD916000966105710539F43260C3
:1069E0002E5F3D9330E32A95E1F708959F3F30F005
:1069F00080387105610509F03C5F3C5F3D93913043
:106A000008F08068911DDF93CF931F930F93FF923F
:106A1000EF92192F987F9695E92F96959695E90F05
:106A2000FF27E756FB4F99273327EE24FF24A701C2
:106A3000E70105900894079428F4360FE71EF81E26
:106A4000491F511D660F771F881F991F0694A1F7D4
:106A50000590079428F4E70EF81E491F561FC11D24
:106A6000770F881F991F661F0694A1F7059007945A
:106A700028F4F80E491F561FC71FD11D880F991FF4
:106A8000661F771F0694A1F70590079420F4490F1D
:106A9000561FC71FD81F990F661F771F881F0694A0
:106AA000A9F784911095177041F0D695C795579521
:106AB0004795F794E7941A95C1F7EFE3F4E06894EB
:106AC0001590159135916591959105907FE273959B
:106AD000E118F10A430B560BC90BD009C0F7E10CC2
:106AE000F11E431F561FC91FD01D7EF4703311F4D1
:106AF0008A95E6CFE894015030F0080F0AF4002799
:106B0000021708F4202F2395022F7A3328F079E317
:106B10007D932A95E9F710C07D932A9589F606940E
:106B200097956795379517951794E118F10A430BD8
:106B3000560BC90BD00998F023957E9173957A3343
:106B400008F070E37C932013B8F77E9170617D9319
:106B500030F0839571E37D9370E32A95E1F711247A
:106B6000EF90FF900F911F91CF91DF91992787FDB3
:106B700090950895992788270895FC010590615004
:106B800070400110D8F7809590958E0F9F1F089543
:106B9000FC016150704001900110D8F780959095EC
:106BA0008E0F9F1F08950F931F93CF93DF93182F7E
:106BB000092FEB018B8181FD09C01FEF0FEF812FA2
:106BC000902FDF91CF911F910F91089582FF14C0F4
:106BD0002E813F818C819D81281739073CF4E88103
:106BE000F981CF0101969983888310838E819F81DB
:106BF00001969F838E83E3CFE885F985812F1995D0
:106C0000892BA1F3DACFFA01AA27283051F12031DC
:106C100081F1E8946F936E7F6E5F7F4F8F4F9F4F30
:106C2000AF4FB1E03ED0B4E03CD0670F781F891F72
:106C30009A1FA11D680F791F8A1F911DA11D6A0F40
:106C4000711D811D911DA11D20D009F468943F91F3
:106C50002AE0269F11243019305D3193DEF6CF01F2
:106C60000895462F4770405D4193B3E00FD0C9F7B8
:106C7000F6CF462F4F70405D4A3318F0495D31FD25
:106C80004052419302D0A9F7EACFB4E0A695979578
:106C9000879577956795BA95C9F70097610571054E
:106CA00008959B01AC010A2E069457954795379598
:106CB0002795BA95C9F7620F731F841F951FA01DF2
:106CC000089597F99F6780E870E060E008959FEF6E
:106CD00080EC089500240A94161617061806090673
:106CE000089500240A941216130614060506089542
:106CF000092E0394000C11F4882352F0BB0F40F4CA
:106D0000BF2B11F460FF04C06F5F7F4F8F4F9F4F09
:106D1000089557FD9058440F551F59F05F3F71F08B
:106D20004795880F97FB991F61F09F3F79F08795F2
:106D30000895121613061406551FF2CF4695F1DF7B
:106D400008C0161617061806991FF1CF869571050B
:106D5000610508940895E894BB2766277727CB013F
:106D600097F90895F999FECF92BD81BDF89A9927B8
:106D700080B50895262FF999FECF1FBA92BD81BD27
:106D800020BD0FB6F894FA9AF99A0FBE01960895AD
:106D9000DB018F939F930F941937BF91AF91A29FFF
:106DA000800D911DA39F900DB29F900D1124089509
:106DB000A1E21A2EAA1BBB1BFD010DC0AA1FBB1FFF
:106DC000EE1FFF1FA217B307E407F50720F0A21B71
:106DD000B30BE40BF50B661F771F881F991F1A94DE
:106DE00069F760957095809590959B01AC01BD0108
:106DF000CF010895052E97FB1EF400940F941137D0
:106E000057FD07D00F94D83607FC03D04EF40D94ED
:106E1000113750954095309521953F4F4F4F5F4F1B
:106E2000089590958095709561957F4F8F4F9F4FF6
:106E300008950F942C37A59F900DB49F900DA49F9B
:106E4000800D911D11240895B7FF0D9419370F94EB
:106E50001937821B930B0895A29FB001B39FC00105
:106E6000A39F700D811D1124911DB29F700D811D76
:106E70001124911D0895991B79E004C0991F96175C
:106E800008F0961B881F7A95C9F780950895AA1B6C
:106E9000BB1B51E107C0AA1FBB1FA617B70710F005
:106EA000A61BB70B881F991F5A95A9F78095909537
:106EB000BC01CD01089597FB072E16F4009407D06E
:106EC00077FD09D00F94473707FC05D03EF4909525
:106ED00081959F4F0895709561957F4F0895EE0FAE
:106EE000FF1F881F8BBF0790F691E02D1994505813
:106EF000BB27AA270F948F370D9478360F946A36E4
:106F000038F00F94713620F039F49F3F19F426F4CD
:106F10000D9467360EF4E095E7FB0D946136E92F8A
:106F20000F94893658F3BA176207730784079507D9
:106F300020F079F4A6F50D94AB360EF4E0950B2E07
:106F4000BA2FA02D0B01B90190010C01CA01A001BB
:106F50001124FF27591B99F0593F50F4503E68F116
:106F60001A16F040A22F232F342F4427585FF3CF57
:106F7000469537952795A795F0405395C9F77EF428
:106F80001F16BA0B620B730B840BBAF09150A1F071
:106F9000FF0FBB1F661F771F881FC2F70EC0BA0FF7
:106FA000621F731F841F48F4879577956795B7957F
:106FB000F7959E3F08F0B0CF9395880F08F099277A
:106FC000EE0F9795879508950F946A3660F080E8E4
:106FD00091E009F49EEF0F94713628F040E851E0FB
:106FE00071F45EEF0CC00D9467360D94AB36E92F4B
:106FF000E0780F94893640F3092E052AB1F326175D
:1070000037074807590738F00E2E07F8E02569F0D2
:10701000E025E0640AC0EF6307F8009407FADB019B
:10702000B9019D01DC01CA01AD01EF930F948938CC
:107030000F9478360F9427385F91552339F02BED54
:107040003FE049E450FD49EC0D9478370895DF9313
:10705000DD27B92FBF7740E85FE31616170648070C
:107060005B0718F4D92F0F94DD399F938F937F938B
:107070006F930F94663AE4EEF0E00F945A390F9450
:1070800078362F913F914F915F910F940D31DD2311
:1070900051F09058A2EA2AED3FE049EC5FE3D07846
:1070A0005D270F948F37DF910D9478360F94C03998
:1070B00090F09F3748F4911116F40D94AC3660E0CF
:1070C00070E080E89FE3089526F01B16611D711D96
:1070D000811D0D9431390D944C390F948339E3950A
:1070E0000D94AC390F9486380D9478360F94713620
:1070F00058F00F946A3640F029F45F3F29F00D9460
:10710000613651110D94AC360D9467360F94893663
:1071100068F39923B1F3552391F3951B550BBB27C6
:10712000AA2762177307840738F09F5F5F4F220F0B
:10713000331F441FAA1FA9F335D00E2E3AF0E0E802
:1071400032D091505040E695001CCAF72BD0FE2F4C
:1071500029D0660F771F881FBB1F261737074807E0
:10716000AB07B0E809F0BB0B802DBF01FF27935898
:107170005F4F3AF09E3F510578F00D9461360D94C3
:10718000AC365F3FE4F3983ED4F3869577956795E8
:10719000B795F7959F5FC9F7880F911D96958795CD
:1071A00097F90895E1E0660F771F881FBB1F6217EC
:1071B00073078407BA0720F0621B730B840BBA0BAA
:1071C000EE1F88F7E09508950F94EB386894B1119D
:1071D0000D94AC3608950F94913688F09F5798F02F
:1071E000B92F9927B751B0F0E1F0660F771F881FCC
:1071F000991F1AF0BA95C9F714C0B13091F00F94E5
:10720000AB36B1E008950D94AB36672F782F882701
:10721000B85F39F0B93FCCF3869577956795B3950C
:10722000D9F73EF490958095709561957F4F8F4F7B
:107230009F4F08950F94C03990F09F3748F49111F3
:1072400016F00D94AC3660E070E080E89FEB089596
:1072500026F41B16611D711D811D0D9431390D948D
:107260004C39882371F4772321F09850872B762F9F
:1072700007C0662311F499270DC09051862B70E04A
:1072800060E02AF09A95660F771F881FDAF7880F5B
:107290009695879597F908959F3F31F0915020F486
:1072A000879577956795B795880F911D96958795E2
:1072B00097F90895DF93CF931F930F93FF92EF9267
:1072C000DF927B018C01689406C0DA2EEF010F94E7
:1072D0000D31FE01E894A591259135914591559187
:1072E000A6F3EF010F948F37FE019701A801DA94FE
:1072F00069F7DF90EF90FF900F911F91CF91DF9191
:1073000008950D9467360F949136D8F3E894E0E031
:10731000BB279F57F0F02AED3FE049EC06C0EE0F87
:10732000BB0F661F771F881F28F0B23A62077307EA
:10733000840728F0B25A620B730B840BE3959A957D
:1073400072F7803830F49A95BB0F661F771F881F3D
:10735000D2F790480D944E39EF93E0FF07C0A2EAB0
:107360002AED3FE049EC5FEB0F948F370F947836AE
:107370000F90039401FC9058E1E1F1E00D94763A0E
:107380000F949136A0F0BEE7B91788F4BB279F3859
:1073900060F41616B11D672F782F8827985FF7CFF6
:1073A000869577956795B11D93959639C8F308959D
:1073B0000F94D63008F48FEF08959B01AC0160E084
:1073C00070E080E89FE30D9472380F94913658F185
:1073D0009E5760F19851A0F0E9F0983020F5092E01
:1073E0009927660F771F881F991F0A94D1F712C03B
:1073F000062E672F782F8827985F11F4000C07C09E
:10740000993FB4F38695779567959395D9F7611D64
:10741000711D811D3EF490958095709561957F4F0B
:107420008F4F9F4F089568940D94AC360D94AB36F2
:107430009F930F9483390F9007FCEE5F0D94AC3946
:1074400019F416F40D9467360D944C390F94913657
:10745000B8F39923C9F3B6F39F57550B87FF0F94E1
:107460006F3A0024A0E640EA90018058569597951F
:1074700028F4805C660F771F881F20F026173707D7
:10748000480730F4621B730B840B202931294A2BE7
:10749000A69517940794202531254A2758F7660F9B
:1074A000771F881F20F026173707480730F4620B34
:1074B000730B840B200D311D411DA09581F7B9017F
:1074C000842F9158880F9695879508959B01AC015C
:1074D0000D94FA300F94D630880B990B0895915083
:1074E0005040660F771F881FD2F708959F938F93A0
:1074F0007F936F93FF93EF939B01AC010F94FA304E
:10750000EF91FF910F945A392F913F914F915F91D5
:107510000D94FA309111089581548A5108F4805ED7
:10752000855A0895FB01DC0104C08D9101908019FA
:1075300021F441505040C8F7881B990B0895FB0176
:10754000DC0102C001900D9241505040D8F70895DF
:10755000FB01DC018D9181341CF08B350CF4805ED5
:10756000619161341CF06B350CF4605E861B611117
:1075700089F3990B0895FB01DC010D900020E9F7D8
:10758000119701900D920020E1F70895FC0181917F
:10759000861721F08823D9F7992708953197CF01CD
:1075A0000895FB01DC018D91019080190110D9F340
:1075B000990B0895FB01DC0101900D920020E1F789
:1075C0000895FB01DC014150504030F08D91019055
:1075D000801919F40020B9F7881B990B0895FB0155
:1075E000DC014150504048F001900D920020C9F755
:1075F00001C01D9241505040E0F70895FC0181E028
:1076000090E00190061609F4CF010020D1F7019710
:10761000089512E2C8E0D2E200E006C0802FFE0129
:107620000F946F372196011DC930D10780E00807FC
:06763000A9F7F894FFCF5A
:107636009D9DF0FF79C4F0FF79C402C0D401009685
:107646000001FF01FF010164000000000000006A64
:10765600430000000000006A43000000000000A094
:10766600430000803F640000007A4300005243CD8F
:10767600CCCC3DFFFFFFFFFFFFFFFFFFFFFFFF013A
:10768600FF0601104000000080E416FF3FFF3F00A8
:10769600000000FF3F01555505430000C8410000AA
:1076A600803FAA000365F75302B600FF3F1CC6FFE2
:1076B6003F1CC60000000058595A4500408345004B
:1076C600408345000061440000B44300803B450010
:1076D600803B4500803B45000040400000344200AE
:1076E6000000000000000000000000000050410003
:1076F6000000000000004164000000640000000378
:1077060000000064000000640000000300000003A5
:107716000000001E0000001E0000001E0000001EEB
:107726000000001E0000001E000000F4010000F42E
:1077360001000064000000E80300000000A0420011
:1077460000A0420000C8430000BA4200007A43008D
:10775600007A430000A0400000C8410A005A0056C3
:107766003638002F504C5200000100FF0100FF0088
:107776000000000041F914F91023EAF80DF9FAF8AF
:10778600EBF8000000005F262CF610230F234D3186
:107796003038004D313132004D34313000455252CF
:1077A600002F00205A00563637005900580042650F
:1077B6006420583A200020593A2000205A3A2000E6
:00000001FF
