:100000000C945F220C9490220C9490220C949022D9
:100010000C9490220C9490220C9490220C94902298
:100020000C9490220C9490220C9490220C94902288
:100030000C9490220C9490220C9490220C94902278
:100040000C9490220C94DCCD0C9490220C94902271
:100050000C9490220C9490220C94C0C60D943921DB
:100060000C9490220C9407780C94FD770C949022B9
:100070000C9490220C9490220C9490220C94902238
:100080000C94733E0C9490220C9490220C94902229
:100090000C9490220C9490220C9490220D948C2716
:1000A0000C9490220C9490220C94453E0C94902237
:1000B0000C9490220C9490220C9490220C94173E55
:1000C0000C9490220C9490220C9490220C949022E8
:1000D0000C9490220C9490220C9490220C949022D8
:1000E0000C949022084AD73B3BCE016E84BCBFFDE6
:1000F000C12F3D6C74319ABD56833DDA3D00C77FF8
:1001000011BED9E4BB4C3E916BAAAABE0000008090
:100110003F05A84CCDB2D44EB93836A9020C50B91F
:10012000918688083CA6AAAA2ABE000000803F004B
:100130000C9431FC0C940E7C0D94721F0C94F52FD2
:100140000C9407300C9486A40C9452970C94E32FD3
:100150000D94821F0C947A970C9464FC0C949E2A44
:100160000C9496810D94D01F0C945A970C9472FFA6
:100170000C9438FC0C948A970C9469A40C94889E77
:100180000C94E6220C9462970C94DA7F0C94222350
:100190000C94859E0C94833B0C94147C0C94C0B2FC
:1001A0000C944EFF0C946A970C94BE220C94DD7C48
:1001B0000C94258D0C9462850C94A2980D94661F66
:1001C0000C948F820C94893A0C945EFC0D9444201C
:1001D0000C94D42A0C94D7260D94091F0C94CB2F81
:1001E0000C949F8F0C94DE7D0C94DF7F0C94F77D34
:1001F0000D94E91F0C9483A40D94722D0C94792610
:100200000C9497340C9448FC0C9499850C9492228D
:100210000D9458200C94B3260C94A67D0C94B92808
:100220000C947AA40C94849C0C94D12F0C9463FCB1
:100230000C941B7A0C94B3890C94A0B30C94DE2616
:100240000C9423FC0D940D200C948BA40C94E47F4F
:100250000C94B87A0C9451230C94B27A0C94AC7A26
:100260000C94C9AF0C94CAFD0C9462230C944CFC02
:100270000C9450FC0D9421200C94A1A40C94CE2E2F
:100280000C94E49F0C94AF790D9430200C944FFFA4
:100290000D948D1F0C9496260C945F230C947DA4D2
:1002A0000C94DD2F0C94F7B90C943F260D94241F69
:1002B0000C94A07A0C94A9A70C94FB2F0C946623A1
:1002C0000C94D72F0C94EF2F0C9404830D94D51F0E
:1002D0000C9492970C94EE7F0C94FA220D940320C8
:1002E0000C949AAD0C94C57D0C9403FC0C940130D5
:1002F0000C94D2220C94EE360C9468FC0C9465237A
:100300000C9436230C94182E0C9435A90C949181DE
:100310000C94A9B00C9480A40C9456FC0D944E201F
:100320000C94C5870C9474A40C9416A00D94781F9B
:100330000C9491FC0C94197A0C945AFC0C940C7C3F
:100340000C944DFF0C94E97F0C94B4790D94F31F39
:100350000C9444230C9490A40D943A200C942F8474
:100360000C948DA40C94D0260C948C810C94AD2507
:100370000C9442FC0C9487810C94027A0C942DFC12
:100380000C94A6FF0C94E92F0C9436820C9429FC53
:100390000C9409AC0C94A82A0C945C260C9479FF5C
:1003A0000D94611F0D94DF1F0C9450FF0D94542D7C
:1003B0000C94A67A0D94C81F0C94EB790C9477A436
:1003C0000C944A970C945ABB0C9484B50C940E234D
:1003D0000C94F7850C9435FC0D94FB1F0C94D77985
:1003E0000C945FFF0C9472970C94A8220C94829743
:1003F0000C943EFC0C948E830D9462200C94E47952
:100400000D9417200C9402FC4E414E494E4954590C
:10041000494E46CDCCCC3D0AD7233C17B7D13877CF
:10042000CC2B329595E6241FB14F0A0000204100E5
:1004300000C84200401C4620BCBE4CCA1B0E5AAE2F
:10044000C59D7400407A10F35A00A0724E1809003E
:1004500010A5D4E80000E87648170000E40B540229
:100460000000CA9A3B000000E1F505000080969864
:1004700000000040420F000000A0860100000010B4
:100480002700000000E803000000006400000000F6
:10049000000A00000000000100000000002C76D8D7
:1004A00088DC674F0823DFC1DFAE59E1B1B796E5BD
:1004B000E3E453C63AE651997696E8E6C28426EB21
:1004C000898C9B62ED407C6FFCEFBC9C9F40F2BA34
:1004D000A56FA5F490055A2AF75C936B6CF9676DCC
:1004E000C11BFCE0E40D47FEF520E6B500D0ED9021
:1004F0002E0300943577050080841E080000204EEE
:100500000A000000C80C333333330F986E12831186
:1005100041EF8D2114893BE65516CFFEE6DB18D15D
:10052000844B381BF77C1D901DA4BBE4242032842F
:10053000725E228100C9F124ECA1E53D27434F4DB5
:100540004D554E49434154494F4E0044525952551E
:100550004E004552524F525300494E464F004543BC
:10056000484F004572726F722077726974696E67C6
:1005700020746F20454550524F4D210A00363726D2
:10058000033C3D380E2E303E121A1C1808440AFF58
:100590004308090001627573793A207061757365CB
:1005A0006420666F7220696E7075740A00627573DC
:1005B000793A2070617573656420666F7220757377
:1005C00065720A00627573793A2070726F636573A1
:1005D00073696E670A004B494C4C20636175736503
:1005E00064206279204B494C4C20627574746F6EA4
:1005F0002F70696E0A004B494C4C2063617573651E
:100600006420627920746F6F206D75636820696E55
:100610006163746976652074696D65202D2063754A
:100620007272656E7420636F6D6D616E643A200046
:10063000506C656173652072657365740050524932
:100640004E5445522048414C544544004B494C4C73
:1006500045442E20005072696E7465722068616C8A
:100660007465642E206B696C6C28292063616C6C46
:100670006564210A0053544F505045442E200050C9
:1006800072696E7465722073746F70706564206433
:10069000756520746F206572726F72732E204669C3
:1006A0007820746865206572726F7220616E6420B4
:1006B000757365204D39393920746F2072657374F4
:1006C0006172742E202854656D7065726174757244
:1006D000652069732072657365742E2053657420DC
:1006E00069742061667465722072657374617274D6
:1006F000696E67290A006563686F3A004572726F18
:10070000723A0042696C696E656172204C6576656B
:100710006C696E6720477269643A0A0053544F50FF
:100720002063616C6C65642062656361757365202C
:100730006F6620424C546F756368206572726F72E9
:10074000202D20726573746172742077697468203B
:100750004D3939390A0053544F502063616C6C6530
:10076000642062656361757365206F6620424C5436
:100770006F756368206572726F72202D20726573C9
:10078000746172742077697468204D3939390A00B0
:10079000486F74656E6420746F6F20636F6C640AB9
:1007A0000025753A2530327500253032753A2530EE
:1007B00032750025756420253032753A2530327542
:1007C0000046696C616D656E743A2000456C61701D
:1007D0007365643A20005072696E742046696E69D0
:1007E00073686564004F46460A00466164652048A8
:1007F00065696768742000426564204C6576656CA5
:10080000696E6720004661696C656420746F2065BD
:100810006E61626C6520426564204C6576656C692A
:100820006E670A00496E76616C6964206D65736855
:100830002E0A00202844525952554E290047323979
:10084000204175746F20426564204C6576656C6943
:100850006E67003F20284C2C522C462C4229206FDA
:100860007574206F6620626F756E64732E0A003F88
:100870002856296572626F7365206C6576656C20F9
:10088000697320696D706C61757369626C6520288D
:10089000302D34292E0A00426164205A2076616C82
:1008A00075650A004E6F2062696C696E6561722021
:1008B000677269640A005741524E494E4721204CE5
:1008C0006F77205A204A65726B206D6179206C65C4
:1008D000616420746F20756E77616E74656420703A
:1008E00061757365732E0A004D3630303A20546FAF
:1008F0006F20636F6C6400486F74656E6420746F62
:100900006F20636F6C640A00496E736572742066B1
:10091000696C616D656E7420616E642070726573C0
:100920007320627574746F6E0A0050726573732061
:10093000627574746F6E20746F2068656174206EC8
:100940006F7A7A6C650A00496E7365727420666905
:100950006C616D656E7420616E6420707265737376
:1009600020627574746F6E20286F72204D3130389C
:10097000290A004D32342053256C642054256C64C0
:10098000004D3233202573004739322E392045255A
:100990007300473120462564004739322E39205AEA
:1009A0002573004731205A3020463230300047311D
:1009B0002058257320592573204633303030004DA0
:1009C00034323020532569205A2573004D3130369A
:1009D0002050256920532569004D31303920532599
:1009E00069004D31393020532569004739322E399D
:1009F0002045305A300A47315A320A47323852308D
:100A00005859004D343230205330205A300020499C
:100A10006E76616C696420657874727564657220A5
:100A200000536C6565702E2E2E00486F6D65205842
:100A3000592066697273740A00486F6D65205859B1
:100A400020666972737400205A3A200020593A20B7
:100A50000042656420583A20004D65736820706F2D
:100A6000696E742063616E6E6F74206265207265BA
:100A7000736F6C7665640A00436C69636B20746FF6
:100A800020726573756D652E2E2E004E6F206D6F72
:100A900076652E00456E642066696C65206C69730E
:100AA000740A00426567696E2066696C65206C692E
:100AB00073740A00286E6F2066696C65290043759F
:100AC0007272656E742066696C653A20005344202A
:100AD0007072696E74696E67206279746520004E69
:100AE0006F74205344207072696E74696E670A00D7
:100AF0005072696E742074696D653A20000A5374EF
:100B00006174733A2046696C616D656E742075730B
:100B100065643A20002C204C6F6E67657374206A00
:100B20006F623A2000546F74616C2074696D653A8D
:100B3000200053746174733A20002C204661696C64
:100B400065643A20002C2046696E69736865643AD2
:100B500020005072696E74733A200053746174738C
:100B60003A20004520436F6F6C696E672E2E2E0071
:100B7000452048656174696E672E2E2E006F66668B
:100B8000005E05590552054B053D05444542554754
:100B90003A004D3131332053006F6B0043522D32F8
:100BA000302050726F204F46462E004348414D4240
:100BB00045525F54454D5045524154555245004DA4
:100BC0004F54494F4E5F4D4F444553005448455292
:100BD0004D414C5F50524F54454354494F4E004194
:100BE00055544F5245504F52545F53445F535441F4
:100BF0005455530050524F4D50545F535550504F21
:100C0000525400454D455247454E43595F5041525D
:100C100053455200434153455F4C494748545F4256
:100C200052494748544E45535300544F47474C454B
:100C30005F4C494748545300534F4654574152451F
:100C40005F504F574552004255494C445F50455202
:100C500043454E54004C4556454C494E475F444130
:100C60005441005A5F50524F4245004155544F4C39
:100C70004556454C005052494E545F4A4F42005031
:100C8000524F4752455353004155544F5245504FD0
:100C900052545F54454D5000564F4C554D4554529B
:100CA000494300454550524F4D0042494E4152592B
:100CB0005F46494C455F5452414E5346455200539E
:100CC000455249414C5F584F4E5F584F464600468B
:100CD00049524D574152455F4E414D453A4D617223
:100CE0006C696E2076322E33202D2035383635371C
:100CF00020287072696E7420455441202B206E6547
:100D00006761746976652076616C756520737570AE
:100D1000706F72742920534F555243455F434F44BF
:100D2000455F55524C3A68747470733A2F2F676957
:100D3000746875622E636F6D2F4D61726C696E46BB
:100D400069726D776172652F4D61726C696E2050AA
:100D5000524F544F434F4C5F56455253494F4E3AB2
:100D6000312E30204D414348494E455F545950453E
:100D70003A43522D32302050726F2045585452550C
:100D80004445525F434F554E543A312055554944DE
:100D90003A63656465326132662D343161322D34D7
:100DA0003734382D396231322D633535633632664A
:100DB00033363766660A002F2F20004D3134352038
:100DC000533C696E6465783E206F7574206F6620B1
:100DD00072616E67652028302D31290A0020540089
:100DE000205200416363656C65726174696F6E3A8D
:100DF000205000205A00205900580020204D6178D2
:100E00003A2000205A00205900580020204D696ED9
:100E10003A2000536F667420656E6473746F70734C
:100E20003A200020466C6F773A200050726F74654C
:100E3000637465642050696E0A003A20002053658F
:100E400072766F2000206F7574206F662072616E5D
:100E500067650A00536572766F200050726F626595
:100E6000205A204F66667365743A200020643A0069
:100E700020693A0020703A00496E76616C696420FE
:100E800065787472756465720A0064697300656ED2
:100E90000043290A0061626C656420286D696E2038
:100EA00074656D702000436F6C6420657874727592
:100EB0006465732061726520004D65736820706FF2
:100EC000696E742063616E6E6F7420626520726556
:100ED000736F6C7665640A004D34323120696E633D
:100EE0006F727265637420706172616D6574657292
:100EF0002075736167650A004F66667365747320B9
:100F00006170706C696564004572723A20546F6F4D
:100F1000206661722100546F6F20666172206672D4
:100F20006F6D207265666572656E636520706F69AE
:100F30006E740A00454550524F4D204F4B0A003FFA
:100F40005A206F7574206F662072616E6765202865
:100F50002D323020746F203230290A0050726F62B7
:100F600065205A204F66667365743A20003F4B2017
:100F700076616C7565206F7574206F662072616E86
:100F800067652028302D3130292E0A0041647661B2
:100F90006E6365204B3D0043617365206C69676833
:100FA000743A200043617365206C696768743A2065
:100FB0006F66660A004F4646004F4E00506F7765D9
:100FC000722D6C6F7373207265636F766572792012
:100FD00000496E76616C6964206578747275646529
:100FE000720A004361703A0047322F473320626132
:100FF0006420706172616D65746572730A00220A03
:1010000000656E7175657565696E672022006F6B8E
:1010100000526573656E643A200053544F5050453A
:10102000442E20005072696E7465722073746F7064
:101030007065642064756520746F206572726F72CC
:10104000732E2046697820746865206572726F720D
:1010500020616E6420757365204D39393920746FB5
:1010600020726573746172742E202854656D7065EA
:101070007261747572652069732072657365742E70
:1010800020536574206974206166746572207265EE
:101090007374617274696E67290A004E6F20436829
:1010A00065636B73756D2077697468206C696E6514
:1010B000206E756D6265722C204C617374204C69D2
:1010C0006E653A20004E6F20436865636B73756DE3
:1010D0002077697468206C696E65206E756D626535
:1010E000722C204C617374204C696E653A20006349
:1010F0006865636B73756D206D69736D617463688A
:101100002C204C617374204C696E653A20004C6948
:101110006E65204E756D626572206973206E6F7406
:10112000204C617374204C696E65204E756D62654C
:10113000722B312C204C617374204C696E653A20FF
:10114000004D313130004D333100446F6E652070F9
:1011500072696E74696E672066696C650A00534433
:101160002072656164206572726F720A002569736E
:101170000025696D20256973002569682025696D42
:101180002025697300256964202569682025696D1B
:1011900020256973002569792025696420256968FF
:1011A0002025696D202569730020573A0042656447
:1011B00020636F6F6C696E672E2E2E00426564206F
:1011C00068656174696E672E2E2E002364656669FA
:1011D0006E652044454641554C545F004B642000E9
:1011E0004B6920004B702000504944204175746FBA
:1011F00074756E652066696E697368656421205038
:10120000757420746865206C617374204B702C2099
:101210004B6920616E64204B6420636F6E73746150
:101220006E74732066726F6D2062656C6F772069D3
:101230006E746F20436F6E66696775726174696F53
:101240006E2E680A00504944204175746F74756EA3
:1012500065206661696C6564212074696D656F75D0
:10126000740A00453120544845524D414C20525596
:101270004E4157415900546865726D616C2052753A
:101280006E617761790045312048656174696E67E8
:10129000206661696C65640048656174696E6720E9
:1012A0006661696C656400504944204175746F74CF
:1012B000756E65206661696C6564212054656D708A
:1012C0006572617475726520746F6F2068696768F4
:1012D0000A00204B643A2000204B693A2000204B42
:1012E000703A20000A20436C61737369632050498F
:1012F00044200A002054753A2000204B753A200003
:10130000206D61783A2000206D696E3A20002064DB
:101310003A200020626961733A200050494420411C
:1013200075746F74756E652073746172740A005001
:101330004944204175746F74756E65206661696CEF
:101340006564212054656D706572617475726520E5
:10135000746F6F20686967680A00504944204175BE
:10136000746F74756E65206661696C6564212042D6
:101370006164206578747275646572206E756D6243
:1013800065720A004572723A207574663820666F7D
:101390006E74206E6F7420696E697469616C697A0D
:1013A00065642E004572723A207574663820666F47
:1013B0006E74206E6F7420696E697469616C697AED
:1013C00065642E004572723A207574663820666F27
:1013D0006E74206E6F7420696E697469616C697ACD
:1013E00065642E0050726F6265205A204F666673E6
:1013F00065740000060C00FE07022603BC017FFE98
:1014000008FE08FE05080806000040F0C888889815
:101410007810050808060000C0F88888888888F8D1
:101420000505050600012030F830200508080600F3
:10143000002070F820202020E00509090600FF2088
:1014400070A8A8B888887020050606060001E08C00
:10145000EA8C8A0A0509090600FFF8A888888888A6
:1014600088A8F8050A0A0600FE205050505088A8A7
:10147000A8887003030306000340A040FFFFFFFF9E
:10148000FFFFFFFFFFFFFFFFFFFFFFFFFFFFFFFF6C
:10149000FFFF0000000605FF01070706020080802D
:1014A0008080800080030303060105A0A0A005063C
:1014B0000606000050F85050F8500509090600FFD4
:1014C0002070A8A07028A87020050707060000C893
:1014D000C8102040989805070706000040A0A040CB
:1014E000A8906801030306020580808003090906AD
:1014F00001FF204040808080404020030909060110
:10150000FF80404020202040408005070706000063
:1015100020A8702070A8200505050600012020F8ED
:1015200020200203030601FFC040800501010600E0
:1015300003F8020202060100C0C00507070600000A
:1015400008101020404080050707060000708898AA
:10155000A8C8887003070706010040C0404040400B
:10156000E0050707060000708808102040F805070E
:1015700007060000F8081030088870050707060005
:101580000010305090F81010050707060000F88092
:10159000F008088870050707060000304080F088D2
:1015A0008870050707060000F808101020202005A5
:1015B000070706000070888870888870050707068E
:1015C000000070888878081060020505060100C0D8
:1015D000C000C0C00206060601FFC0C000C04080B7
:1015E0000305050601012040804020050303060095
:1015F00002F800F80305050601018040204080053F
:101600000707060000708810202000200507070645
:1016100000007088B8A8B880700507070600007041
:101620008888F8888888050707060000F048487011
:101630004848F005070706000070888080808870A1
:10164000050707060000F04848484848F005070726
:10165000060000F88080F08080F80507070600008B
:10166000F88080F080808005070706000070888081
:1016700080988870050707060000888888F88888A1
:1016800088030707060100E04040404040E00507AE
:1016900007060000381010101090600507070600BC
:1016A000008890A0C0A090880507070600008080F1
:1016B00080808080F805070706000088D8A8888801
:1016C00088880507070600008888C8A898888805C4
:1016D0000707060000708888888888700507070655
:1016E0000000F08888F08080800507070600007001
:1016F000888888A89068050707060000F08888F0A9
:10170000A090880507070600007088807008887020
:10171000050707060000F8202020202020050707E5
:1017200006000088888888888870050707060000FA
:101730008888888850502005070706000088888818
:1017400088A8A85005070706000088885020508800
:1017500088050707060000888850202020200507FC
:1017600007060000F80810204080F8030909060168
:10177000FFE080808080808080E005070706000011
:10178000804040201010080309090601FFE02020D6
:101790002020202020E005030306000520508805B6
:1017A00001010600FEF80303030601058040200541
:1017B0000505060000700878887805070706000010
:1017C0008080F0888888F00505050600007080801C
:1017D000887005070706000008087888888878055B
:1017E00005050600007088F08070050707060000F8
:1017F000304840E04040400507070600FE708888FA
:10180000887808700507070600008080F0888888BF
:10181000880307070601004000C0404040E004097B
:10182000090601FE10003010101010906005070727
:1018300006000080808890E090880307070601007A
:10184000C04040404040E0050505060000D0A8A883
:10185000A8A8050505060000B0C888888805050504
:1018600006000070888888700507070600FEF0886B
:101870008888F080800507070600FE7888888878C9
:101880000808050505060000B0C88080800505052C
:1018900006000078807008F0050707060000202089
:1018A000F82020201805050506000088888898681B
:1018B00005050506000088888850200505050600F6
:1018C000008888A8A850050505060000885020500B
:1018D000880507070600FE88888850204080050597
:1018E00005060000F8102040F80309090601FF2052
:1018F00040404080404040200109090602FF8080AE
:10190000808080808080800309090601FF8040403C
:1019100040204040408005030306000248A890FF95
:1019200000060900FE06018902FE20FFFE07FE06F2
:10193000FE00000006000701060606020080808007
:10194000800080030303060103A0A0A0050707068B
:1019500000FF5050F850F850500509090600FE20CD
:1019600070A8A07028A870200608080600FF40A8EC
:101970004810204854080507070600FF6090906053
:10198000989068010303060203808080020707061F
:1019900002FF408080808080400207070602FF80AF
:1019A0004040404040800505050600008850F85042
:1019B000880505050600002020F820200204040602
:1019C00002FEC0404080050101060002F80202024A
:1019D000060200C0C0040606060100101020408068
:1019E0008004060606010060909090906003060651
:1019F00006010040C0404040E004060606010060C9
:101A000090102040F0040606060100F0206010103F
:101A1000E005060606000010305090F81004060697
:101A2000060100F080E01010E004060606010060E8
:101A300080E0909060040606060100F0101020403F
:101A4000400406060601006090609090600406065F
:101A5000060100609090701060020505060200C04B
:101A6000C000C0C00207070602FEC0C000C0404060
:101A70008005050506000018608060180503030650
:101A80000001F800F8050505060000C0300830C068
:101A9000040707060100609010604000400506063C
:101AA0000600007090A8B0807005060606000020B1
:101AB0005088F88888050606060000F088F08888B7
:101AC000F00406060601006090808090600406061F
:101AD000060100E090909090E0040606060100F0F8
:101AE00080E08080F0040606060100F080E080803F
:101AF00080040606060100609080B090600406062F
:101B00000601009090F0909090030606060100E018
:101B100040404040E00506060600003810101090D6
:101B20006004060606010090A0C0A090900406067E
:101B30000601008080808080F0050606060000888F
:101B4000D8A8A8888804060606010090D0B0909016
:101B500090050606060000708888888870040606CE
:101B6000060100E09090E080800407070601FF6016
:101B70009090D0B06010040606060100E09090E05E
:101B800090900406060601006090402090600506D3
:101B900006060000F820202020200406060601008A
:101BA000909090909060040606060100909090F04E
:101BB00060600506060600008888A8A8D888050683
:101BC0000606000088502020508805060606000002
:101BD000888850202020040606060100F0102040CE
:101BE00080F0030606060100E080808080E00406A5
:101BF0000606010080804020101003060606010042
:101C0000E020202020E00503030600032050880583
:101C100001010600FEF802020206020480400404EC
:101C20000406010070909070040606060100808092
:101C3000E09090E0040404060100708080700406C7
:101C40000606010010107090907004040406010054
:101C500060B0C070040606060100205040E040401D
:101C60000406060601FE60909070106004060606E9
:101C700001008080E090909003060606010040007D
:101C8000C04040E00308080601FE2000602020203C
:101C9000A0400406060601008080A0C0A0900306B4
:101CA00006060100C040404040E005040406000074
:101CB000D0A8A888040404060100E09090900404D1
:101CC00004060100609090600406060601FEE090A4
:101CD00090E080800406060601FE7090907010105F
:101CE000040404060100A0D080800404040601005E
:101CF00070C030E00406060601004040E04050207D
:101D0000040404060100909090700404040601008D
:101D10009090606005040406000088A8A8500404A0
:101D200004060100906060900406060601FE909093
:101D300090709060040404060100F02040F0030756
:101D400007060100204040804040200107070602AE
:101D5000FF8080808080808003070706010080402C
:101D6000402040408004020206010350A0FFFFFF14
:101D7000FFFFFFFFFFFFFFFFFFFFFFFFFFFFFFFF73
:101D8000FFFFFFFFFFFFFFFFFFFFFFFFFFFF000061
:101D900000060007010606060200800080808080A1
:101DA0000406060601FF2070A0A0702005070706A4
:101DB00000FF304840F04040F8050505060000A847
:101DC000508850A80506060600008850F820F82024
:101DD0000107070602FF80808000808080040707DB
:101DE0000601FF708060906010E0030101060105AC
:101DF000A0060707060000788494A494847803055D
:101E00000506010160A06000E00505050600002848
:101E100050A05028040303060100F0101004010133
:101E2000060102F00607070600007884B4A4A48423
:101E300078040101060105F0040303060102609025
:101E4000600507070600FF2020F8202000F80305A2
:101E50000506010140A02040E0030505060101C080
:101E6000204020C00202020602044080040505064C
:101E700001FF9090B0D08005060606000078E8E8E3
:101E8000682828010101060202800202020602FE01
:101E9000408003050506010140C04040E003050500
:101EA00006010140A04000E0050505060000A05025
:101EB0002850A00508080600FF40C0405070307848
:101EC000100508080600FF40C0405068081038059B
:101ED00008080600FFC0204030F0307810040707E3
:101EE00006010020002060809060050707060000C2
:101EF0004020205070888805070706000010202029
:101F00005070888805070706000020502050708810
:101F100088050707060000285020507088880507AC
:101F2000070600005000205070888805070706004B
:101F3000002050205070888805060606000078A012
:101F4000F0A0A0B80408080601FE609080809060B0
:101F500020400407070601004020F080E080F004E4
:101F600007070601002040F080E080F00407070624
:101F700001002050F080E080F004070706010050C7
:101F800000F080E080F00307070601008040E04099
:101F90004040E00307070601002040E0404040E0E9
:101FA00003070706010040A0E0404040E0030707A8
:101FB000060100A000E0404040E0050606060000E3
:101FC0007048E848487004070706010050A090D008
:101FD000B090900407070601004020609090906048
:101FE00004070706010020406090909060040707F6
:101FF00006010020506090909060040707060100E1
:1020000050A06090909060040707060100500060A7
:1020100090909060050505060000885020508804C7
:1020200008080601FF1070B0B0D0D0E080040707A8
:102030000601004020909090906004070706010080
:102040002040909090906004070706010020509077
:1020500090909060040707060100500090909090C7
:102060006005070706000010208850202020040685
:102070000606010080E09090E0800406060601005C
:102080006090A0A090A00407070601004020007007
:102090009090700407070601002040007090907037
:1020A0000407070601002050007090907004070795
:1020B00006010050A0007090907004060606010012
:1020C00050007090907004070706010020502070A7
:1020D00090907005040406000070A8B0780406060D
:1020E0000601FE7080807020400407070601004052
:1020F000200060B0C07004070706010020400060A7
:10210000B0C07004070706010020500060B0C07026
:10211000040606060100500060B0C0700307070601
:102120000100804000C04040E00307070601002096
:102130004000C04040E003070706010040A000C087
:102140004040E0030606060100A000C04040E00455
:1021500007070601003060107090906004070706C2
:10216000010050A000E09090900407070601004095
:102170002000609090600407070601002040006086
:102180009090600407070601002050006090906066
:1021900004070706010050A0006090906004060646
:1021A00006010050006090906005050506000020C3
:1021B00000F8002004040406010070B0D0E0040719
:1021C0000706010040200090909070040707060168
:1021D00000204000909090700407070601002050F6
:1021E00000909090700406060601005000909090B8
:1021F000700409090601FE204000909090709060E4
:102200000408080601FE8080E09090E080800408C9
:10221000080601FE50009090907090604C6F6164D1
:10222000206D6D004C6F6164206D6D00556E6C6F9C
:102230006164206D6D00556E6C6F6164206D6D0082
:1022400046696C2E204469612E0046696C2E20443C
:1022500069612E004F6666004F6E004520696E2052
:102260006D6D5E3300416476616E6365204B0041A5
:102270006476616E6365204B00416476616E6365D0
:10228000642053657474696E6773004D3330332076
:102290005531204525692053256900504944204186
:1022A00075746F74756E6500504944204175746F84
:1022B00074756E65005049442D44005049442D44C6
:1022C000005049442D49005049442D49005049448B
:1022D0002D50005049442D50002008204661637461
:1022E0000020082046616374002008204D617800BA
:1022F0002008204D6178002008204D696E002008DC
:10230000204D696E004F6666004F6E004175746F18
:1023100074656D7000416476616E63656420536519
:102320007474696E6773005654726176206D696EBD
:10233000005654726176206D696E00566D696E00AC
:10234000566D696E00566D6178204500566D617856
:10235000204500566D6178205A00566D6178205AEC
:1023600000566D6178205900566D617820590056ED
:102370006D6178205800566D617820580041647670
:10238000616E6365642053657474696E67730041A0
:102390006D6178204500416D6178204500416D6197
:1023A00078205A00416D6178205A00416D61782093
:1023B0005900416D6178205900416D6178205800C5
:1023C000416D6178205800412D74726176656C0012
:1023D000412D74726176656C00412D726574726175
:1023E000637400412D7265747261637400416363AC
:1023F000656C00416363656C00416476616E636582
:10240000642053657474696E67730056652D6A6540
:10241000726B0056652D6A65726B00567A2D6A657F
:10242000726B00567A2D6A65726B0056792D6A655B
:10243000726B0056792D6A65726B0056782D6A654D
:10244000726B0056782D6A65726B00416476616E1E
:102450006365642053657474696E677300457374B3
:102460006570732F6D6D004573746570732F6D6D9E
:10247000005A73746570732F6D6D005A73746570B4
:10248000732F6D6D005973746570732F6D6D0059E6
:1024900073746570732F6D6D005873746570732F4E
:1024A0006D6D005873746570732F6D6D00416476A7
:1024B000616E6365642053657474696E6773003F71
:1024C00000496E697469616C697A652045455052AE
:1024D0004F4D0043616E63656C00496E6974004D39
:1024E00034323800496E697469616C697A652045D7
:1024F0004550524F4D0046696C616D656E740054D5
:10250000656D706572617475726500537465707382
:102510002F6D6D004A65726B00416363656C657277
:102520006174696F6E0056656C6F636974790053EE
:10253000657420686F6D65206F66667365747300DF
:102540004F6666004F6E00416C6C6F77204E65677A
:10255000617469766500436F6E6669677572617450
:10256000696F6E00436D643A2053746F7700436D5A
:10257000643A204465706C6F7900436D643A20536F
:10258000656C662D5465737400436D643A2053572F
:102590002D4D6F646500436D643A20526573657418
:1025A00000436F6E66696775726174696F6E004F84
:1025B0006666004F6E0043617365206C69676874DE
:1025C000004C69676874204272696768746E65734D
:1025D00073004C69676874204272696768746E653D
:1025E000737300436F6E66696775726174696F6EAD
:1025F0000053746F72652073657474696E6773003D
:1026000042656400426564004E6F7A7A6C65004EE4
:102610006F7A7A6C650046616E2073706565640040
:1026200046616E20737065656400436F6E6669670E
:1026300075726174696F6E004C6F616420736574AC
:1026400074696E67730053746F7265207365747478
:10265000696E677300526573746F72652066616995
:102660006C736166650050726568656174205045E1
:10267000544720636F6E6600507265686561742010
:10268000504C4120636F6E66004F6666004F6E00CF
:102690004F7574616765205265636F766572790066
:1026A00043617365206C6967687400424C546F75B0
:1026B00063680050726F6265205A204F66667365CA
:1026C0007400416476616E63656420536574746957
:1026D0006E6773004D61696E004D373032205425AE
:1026E00064004D36303020423020542564004D3790
:1026F0003032203B2564004D3730312054256400B2
:102700004368616E67652066696C616D656E740013
:102710005072656865617420437573746F6D005005
:102720007265686561742050455447005072656851
:1027300065617420504C4100507265686561742079
:10274000437573746F6D004261636B00436F6E7409
:10275000696E7565005075726765206D6F726500F2
:10276000524553554D45204F5054494F4E533A0012
:102770005052494E542050415553454400554E4CFB
:102780004F41442046494C414D454E54004C4F4129
:10279000442046494C414D454E540020204E6F7A0E
:1027A0007A6C653A200020005061726B696E672E6A
:1027B0002E2E00746F2073746172740066696C61F0
:1027C0006D656E74206368616E676500576169743A
:1027D00020666F720066696C616D656E7420756E3F
:1027E0006C6F6164005761697420666F7200506C91
:1027F0006561736520776169742E2E2E004E6F7AA5
:102800007A6C652068656174696E6700746F206812
:10281000656174206E6F7A7A6C65005072657373AF
:1028200020627574746F6E00746F20636F6E7469CC
:102830006E756500616E64207072657373206275D9
:1028400074746F6E00496E736572742066696C6192
:102850006D656E740066696C616D656E74206C6F79
:102860006164005761697420666F7200746F207232
:102870006573756D65207072696E74005072657352
:102880007320627574746F6E00746F207265737557
:102890006D652E2E2E005761697420666F72207050
:1028A00072696E740066696C616D656E7420707516
:1028B000726765005761697420666F72003E200080
:1028C000457874727564656420746F74616C3A0045
:1028D000256C642E25696D003E20004C6F6E676587
:1028E0007374206A6F622074696D653A003E20003F
:1028F000546F74616C207072696E742074696D65B8
:102900003A00436F6D706C657465643A20005072D4
:10291000696E7420436F756E743A20004D617820A3
:1029200054656D703A20313230004D696E20546527
:102930006D703A203500544265643A4550434F5318
:10294000203130304B004D61782054656D703A2055
:10295000333030004D696E2054656D703A2035007B
:1029600054303A204550434F53203130304B0050C3
:1029700053553A2047656E657269630050726F74F3
:102980006F636F6C3A20312E3000426175643A20DB
:102990003235303030300052414D505320312E33DB
:1029A0000042696C696E656172204C6576656C6980
:1029B0006E67004578747275646572733A203100F1
:1029C000687474703A2F2F6D61726C696E66772E21
:1029D0006F72670043522D32302050726F003230D8
:1029E00032362D30372D31330052656473746F6E7B
:1029F000654D617374657230310076322E33206913
:102A00007320637265617465642062790076322E8A
:102A100033202D203538363537004D61726C696EA4
:102A2000005072696E74657220537461747300543F
:102A30006865726D6973746F727300426F6172645E
:102A400020496E666F005072696E74657220496E1F
:102A5000666F004D61696E004D3130303000537447
:102A60006F70207072696E7400526573756D6520A9
:102A70007072696E74004F7574616765205265638A
:102A80006F76657279003F0053746F7020707269C1
:102A90006E74004261636B0053746F70004D323589
:102AA000005072696E7420706175736564005061C6
:102AB000757365207072696E74004D323400507207
:102AC000696E742066726F6D205344004368616EB6
:102AD00067652053442063617264004D32310041C8
:102AE000626F7574205072696E746572004368611C
:102AF0006E67652066696C616D656E740043686120
:102B00006E67652066696C616D656E74004D363068
:102B10003020423000436F6E666967757261746978
:102B20006F6E0054656D7065726174757265004DED
:102B30006F74696F6E00526573756D652070726990
:102B40006E74004E6F2053442063617264005475AC
:102B50006E650053746F70207072696E74005061FE
:102B6000757365207072696E7400496E666F2073AC
:102B7000637265656E004D6F76652058004D6F7607
:102B8000652059004D6F7665205A0045787472753E
:102B9000646572004578747275646572004D6F7675
:102BA00065205A004D6F76652059004D6F7665207F
:102BB00058004D6F74696F6E0044697361626C6593
:102BC000207374657070657273004D38340046610F
:102BD00064652048656967687400466164652048DB
:102BE0006569676874004F6666004F6E00426564F1
:102BF000204C6576656C696E67004C6576656C2067
:102C0000626564004732380A47323900486F6D65A3
:102C1000205A00473238205A00486F6D652059000D
:102C2000473238205900486F6D65205800473238C8
:102C30002058004175746F20686F6D650047323809
:102C4000004D6F76652061786973004D61696E0093
:102C50003F005374617274207072696E7420004377
:102C6000616E63656C005072696E740043616E6ED4
:102C70006F7420656E746572207375626469723A50
:102C80002000022E2E004D61696E0050726568654D
:102C9000617420504C4120456E6400507265686537
:102CA000617420504C412042656400507265686533
:102CB000617420504C410054656D7065726174758B
:102CC00072650050726568656174205045544720F4
:102CD000456E6400507265686561742050455447C4
:102CE00020426564005072656865617420504554E7
:102CF000470054656D706572617475726500436F4D
:102D00006F6C646F776E00507265686561742050F7
:102D1000455447005072656865617420504C41000D
:102D200046616E2073706565640046616E20737045
:102D30006565640042656400426564004E6F7A7A9E
:102D40006C65004E6F7A7A6C65004F7665727269B9
:102D5000646520536C6963657220426564004F7638
:102D600065727269646520536C696365722042659F
:102D700064004F7665727269646520536C6963659F
:102D800072204E6F7A7A6C65004F76657272696454
:102D90006520536C69636572204E6F7A7A6C6500AA
:102DA0004F6666004F6E004F7665727269646520EB
:102DB000536C696365722054656D7073004F66666D
:102DC000004F6E0042657474657220426564004D68
:102DD00061696E0050726F6265205A204F6666739B
:102DE000657400466C6F7700466C6F770046616EC5
:102DF0002073706565640046616E2073706565645C
:102E00000042656400426564004E6F7A7A6C65002A
:102E10004E6F7A7A6C650053706565640053706517
:102E20006564004D61696E0043616C632E0043610F
:102E30006C632E001FE020102010201010201020A6
:102E40002010201030300840048003001FE03FF0C5
:102E50003FF03FF01FE01FE03FF03FF03FF00FC0BA
:102E6000078003003FFFF038007030FC3020FC107A
:102E70002078102030102C00D02E31D02F7BD02F76
:102E80007BD02E31D02C00D020301020781020FCA8
:102E90001030FC303800703FFFF03FFFF03800701A
:102EA0003186302387102787902F87D02F03D0209B
:102EB00030102078102078102030102F03D02F876A
:102EC000D02787902387103186303800703FFFF07D
:102ED0001FFFF81FFFF8041040020820020820041A
:102EE000104008208010410010410008208004108C
:102EF000400000001FFFF81FFFF84361726420725A
:102F0000656D6F766564004361726420696E7365F8
:102F1000727465640043522D32302050726F20521B
:102F2000656164792E005072696E74696E672E2E29
:102F30002E005072696E7420706175736564005064
:102F400072696E742061626F727465640000006B58
:102F50004300006B430000A043000000000000009D
:102F60000000000000454550524F4D2064617461DF
:102F700073697A65206572726F722E0A00290A00E1
:102F80002062797465733B2063726320005365741B
:102F900074696E67732053746F7265642028004DE6
:102FA0006967726174696E6720454550524F4D20C4
:102FB00073657474696E677320746F205637300AB6
:102FC00000290A002062797465733B2063726320D4
:102FD000002073746F7265642073657474696E6722
:102FE00073207265747269657665642028002028F4
:102FF00063616C63756C6174656429210A0020212A
:103000003D2000454550524F4D20435243206D69AD
:10301000736D61746368202D202873746F7265640A
:103020002920002053697A653A2000496E6465784A
:103030003A2000204D61726C696E3D563730290A86
:1030400000454550524F4D2076657273696F6E2072
:103050006D69736D617463682028454550524F4D0A
:103060003D0048617264636F646564204465666115
:10307000756C742053657474696E6773204C6F614E
:103080006465640A00F4010000F4010000640000BB
:1030900000E803000000007A4300007A430000A02B
:1030A000400000C8410000A0420000A0420000C84B
:1030B000430000BA423A0A0020204D363033200047
:1030C0002055004C0046696C616D656E74206C6F14
:1030D00061642F756E6C6F6164206C656E677468D7
:1030E000733A0A0020204D393030204B004C696E75
:1030F00065617220416476616E63653A0A00202042
:103100004D383531205A005A2D50726F6265204F6C
:1031100066667365740020204D34313320530050AF
:103120006F7765722D4C6F7373205265636F766590
:1031300072793A0A0020440020490020204D3330A3
:10314000312050005049442073657474696E677370
:103150003A0A0020460020420020480020204D313D
:1031600034352053004D6174657269616C20686567
:103170006174757020706172616D65746572733A07
:103180000A00204A002020473239205720490020D9
:103190005A0020204D3432302053004175746F2086
:1031A000426564204C6576656C696E673A0A00205A
:1031B0005A0020590020204D323036205800486FE8
:1031C0006D65206F66667365743A0A0020450020BD
:1031D0005A0020590020580020540020530020207D
:1031E0004D32303520420020453C6D61785F655F8F
:1031F0006A65726B3E0020583C6D61785F785F6A4B
:1032000065726B3E20593C6D61785F795F6A6572CB
:103210006B3E205A3C6D61785F7A5F6A65726B3EE7
:1032200000416476616E6365643A20423C6D696E6C
:103230005F7365676D656E745F74696D655F7573E7
:103240003E20533C6D696E5F6665656472617465AE
:103250003E20543C6D696E5F74726176656C5F668A
:10326000656564726174653E002054002052002040
:10327000204D323034205000416363656C657261CB
:1032800074696F6E2028756E6974732F7332293AD2
:1032900020503C7072696E745F616363656C3E20A0
:1032A000523C726574726163745F616363656C3E06
:1032B00020543C74726176656C5F616363656C3E3B
:1032C0000A00204500205A0020590020204D3230AD
:1032D000312058004D6178696D756D2041636365DB
:1032E0006C65726174696F6E2028756E6974732FD6
:1032F0007332293A0A00204500205A002059002044
:10330000204D3230332058004D6178696D756D2045
:103310006665656472617465732028756E6974737F
:103320002F73293A0A0053746570732070657220F8
:10333000756E69743A0A0020204D323030204430D6
:103340000A0020204D32303020440020446973614F
:10335000626C65640A0046696C616D656E74207309
:10336000657474696E67733A0020204D31343920DA
:1033700043203B20556E69747320696E2043656C51
:10338000736975730A0020286D6D2900202047326B
:1033900031202020203B20556E69747320696E20F7
:1033A0006D6D00486F6D696E67206661696C65645C
:1033B000006F70656E0054524947474552454400BE
:1033C0003A20007A5F6D696E00795F6D696E0078F2
:1033D0005F6D696E005265706F7274696E6720650B
:1033E0006E6473746F70207374617475730A002057
:1033F0005A3A0020593A0020436F756E7420583AAB
:103400000020453A00205A3A0020593A00583A0024
:1034100020746F6F206C6F6E67206578747275739F
:10342000696F6E2070726576656E7465640A00203F
:10343000636F6C6420657874727573696F6E207049
:10344000726576656E7465640A0000000000000015
:103450000000000000000000484200004842000058
:1034600000415761726E696E673A20486F6D696EF0
:10347000672042756D702044697669736F72203CD5
:1034800020310A000202040000A0400000A0400019
:1034900000004000006B4300006B430000A043FFAE
:1034A000FFFF24F4D43050C38E20C2A24017828B79
:1034B0007011127A910D816CD90AA861E108C75880
:1034C0006607615143061E4B5D05C145A7041A41BD
:1034D0001104093D9803713931034036DB0265332D
:1034E0009102D4305402802E1D02632CEE01752A05
:1034F000C501B028A001102781018F2564012B246C
:103500004B01E0223401AC211F018D200D01801FF1
:10351000FC00841EED00971DDF00B81CD200E61BE6
:10352000C600201BBC00641AB200B219A8000A1918
:10353000A0006A189900D117910040178B00B516AA
:10354000840031167E00B31579003A157300C71454
:103550006F0058146A00EE13660088136300251389
:103560005E00C7125B006C12570015125400C111A7
:10357000510070114F0021114B00D61049008D10E1
:1035800047004610440002104200C00F4000800F68
:103590003E00420F3C00060F3B00CB0E3800930E5E
:1035A00037005C0E3500270E3400F30D3200C10DDC
:1035B0003100900D3000600D2E00320D2D00050DF4
:1035C0002C00D90C2B00AE0C2900850C29005C0CBA
:1035D0002700350C27000E0C2600E80B2400C40B36
:1035E0002400A00B23007D0B23005A0B2100390B74
:1035F0002100180B2000F80A1F00D90A1E00BB0A80
:103600001E009D0A1D00800A1D00630A1C00470A57
:103610001B002C0A1B00110A1A00F7091A00DD0909
:103620001900C4091900AB091900920917007B0998
:103630001800630917004C09160036091600200906
:1036400016000A091500F5081500E0081400CC085A
:103650001400B8081400A4081400900813007D0892
:1036600012006B08130058081200460812003408B4
:103670001100230811001208110001081100F007C1
:103680001000E0071000D0071000C0071000B007BE
:103690000F00A107100091070E0083070F007407A9
:1036A0000F0065070E0057070E0049070E003B0785
:1036B0000D002E070E0020070D0013070D00060752
:1036C0000D00F9060C00ED060D00E0060C00D40616
:1036D0000C00C8060C00BC060C00B0060C00A406CA
:1036E0000B0099060C008D060B0082060B00770676
:1036F0000B006C060B0061060A0057060B004C0617
:103700000A0042060A0038060A002E060A002406AD
:103710000A001A060A001006090007060A00FD053D
:103720000900F4050900EB050900E2050900D905C7
:103730000900D0050900C7050900BE050900B50547
:103740000800AD050800A50509009C0508009405C2
:1037500008008C050800840508007C050800740535
:1037600008006C050700650508005D0507005605A3
:1037700008004E050700470507004005080038050A
:103780000700310507002A050700230507001C056F
:103790000600160507000F050700080506000205CC
:1037A0000700FB040600F5040700EE040600E80429
:1037B0000600E2040700DB040600D5040600CF047F
:1037C0000600C9040600C3040600BD040600B704D1
:1037D0000600B1040500AC040600A6040600A0041F
:1037E00005009B04060095040500900406008A0469
:1037F000050085040500800406007A0405007504B0
:103800000500700405006B040500660405006104F2
:1038100005005C04050057040500520405004D0432
:10382000050048040500430405003E0404003A0472
:10383000050035040500300404002C0405002704AD
:103840000400230405001E0404001A0404001604E6
:103850000500110404000D0404000904050004041B
:10386000040000040400FC030400F8030400F40353
:103870000400F0030400EC030400E8030400E40384
:103880000400E0030400DC030400D8030400D403B4
:103890000400D0030400CC030400C8030300C503E4
:1038A000030024F404D9201BC40C5C0E9804C40942
:1038B0005F0265077101F405F900FB04B3004804D9
:1038C0008700C10369005803550003034500BE0289
:1038D0003A008402310053022A0029022500040222
:1038E0002000E4011C00C8011900AF011700980175
:1038F00014008401130071011000610110005101D6
:103900000E0043010D0036010B002B010B002001BE
:103910000B00150109000C01090003010800FB0060
:103920000800F3000800EB000700E4000600DE00DA
:103930000600D8000600D2000600CC000500C70033
:103940000500C2000500BD000400B9000400B50078
:103950000400B1000400AD000400A9000400A500AB
:103960000300A20003009F0004009B0003009800D6
:1039700003009500020093000300900003008D00F7
:1039800002008B0003008800020086000200840011
:103990000300810002007F0002007D0002007B0026
:1039A0000200790002007700010076000200740036
:1039B000020072000100710002006F0002006D0041
:1039C00001006C0002006A0001006900020067004B
:1039D0000100660001006500010064000200620051
:1039E000010061000100600001005F0002005D0055
:1039F00001005C0001005B0001005A000100590059
:103A00000100580001005700010056000100550058
:103A10000100540001005300000053000100520057
:103A2000010051000100500001004F0001004E0054
:103A300000004E0001004D0001004C0001004B0051
:103A400000004B0001004A0001004900010048004D
:103A50000000480001004700010046000000460049
:103A60000100450000004500010044000100430042
:103A7000000043000100420000004200010041003C
:103A8000000041000100400001003F0000003F0035
:103A900001003E0000003E0001003D0000003D002E
:103AA00001003C0000003C0000003C0001003B0025
:103AB00000003B0001003A0000003A00010039001C
:103AC0000000390001003800000038000000380014
:103AD000010037000000370001003600000036000A
:103AE0000000360001003500000035000000350000
:103AF00001003400000034000000340001003300F5
:103B000000003300000033000100320000003200EA
:103B100000003200010031000000310000003100DF
:103B200001003000000030000000300001002F00D4
:103B300000002F0000002F0000002F0001002E00C9
:103B400000002E0000002E0001002D0000002D00BE
:103B500000002D0000002D0001002C0000002C00B2
:103B600000002C0000002C0001002B0000002B00A6
:103B700000002B0000002B0001002A0000002A009A
:103B800000002A0000002A0001002900000029008E
:103B90000000290000002900000029000100280081
:103BA0000000280000002800000028000000280075
:103BB0000100270000002700000027000000270068
:103BC000000027000100260000002600000026005B
:103BD000000026000000260001002500000025004E
:103BE0000000250000002500000025000000250041
:103BF0000100240000002400000024000000240034
:103C00000000240001002300000023000000230026
:103C10000000230000002300000023000000230018
:103C2000010022000000220000002200000022000B
:103C300000002200000022000100210000002100FD
:103C400000002100000021000000210000002100F0
:103C500000002100010020000000200000002000E2
:103C600000002000000020000000200000002000D4
:103C70000000200001001F0000001F0000001F00C6
:103C800000001F0000001F0000001F0000001F00B8
:103C900001001E0000001E0000001E0000001E00AB
:103CA0000000C23100001C260000F4190000D80FEB
:103CB0000000EB080000C004000075020000400195
:103CC0000000626564002C2073797374656D207345
:103CD000746F7070656421204865617465725F4916
:103CE000443A20004265642068656174696E67200B
:103CF0006661696C65640048656174696E67206619
:103D000061696C65640042454420544845524D4108
:103D10004C2052554E4157415900546865726D61AF
:103D20006C2052756E61776179004531204865617C
:103D300074696E67206661696C65640048656174CA
:103D4000696E67206661696C65640045312054487E
:103D500045524D414C2052554E41574159005468EF
:103D600065726D616C2052756E61776179004531C5
:103D700020544845524D414C2052554E41574159CF
:103D80000042454420544845524D414C2052554E26
:103D90004157415900546865726D616C2052756ECF
:103DA00061776179004531204572723A204D415862
:103DB00054454D50004572723A204D415854454D7E
:103DC0005020424544004D415854454D5020747296
:103DD00069676765726564004531204572723A20F3
:103DE0004D494E54454D50004572723A204D494E52
:103DF00054454D5020424544004D494E54454D5088
:103E000020747269676765726564004D38342058A4
:103E1000302059323030205A204500202F002042D7
:103E2000403A0020403A0020573A007C3C3E5E2B4E
:103E30003D3F2F5B5D3B2C2A225C0043616E6E6F21
:103E400074206F70656E2073756264697220005310
:103E5000442063617264206F6B0A006F70656E525C
:103E60006F6F74206661696C65640A00766F6C75AB
:103E70006D652E696E6974206661696C65640A00FF
:103E8000534420696E6974206661696C0A004D3282
:103E900034004D32332025730070012C019001272E
:103EA00001B0012201C0011D01F00118011002132F
:103EB0000130020E016002090190020401C002FFFC
:103EC000000003FA004003F5008003F000D003EB8C
:103ED000002004E6007004E100E004DC004005D7A7
:103EE00000C005D2004006CD00D006C8008007C340
:103EF000003008BE00F008B900C009B400B00AAF35
:103F000000B00BAA00D00CA500000EA000500F9B23
:103F100000C01096005012910000148C00C015874C
:103F200000B0178200B0197D00D01B7800001E730E
:103F30000040206E0090226900F024640040275F5A
:103F40000090295A00E02B5500102E500020304BD5
:103F50000010324600E033410090353C0010373706
:103F60000070383200A0392D00B03A2800A03B2361
:103F700000603C1E00103D1900903D1400103E0FE3
:103F800000703E0A00C03E0500003F0000403FFBBD
:103F9000FF803FF6FFC03FF1FF57726974696E679B
:103FA00020746F2066696C653A20002E0A006F70DD
:103FB000656E206661696C65642C2046696C653AA3
:103FC00020002E0A006F70656E206661696C656462
:103FD0002C2046696C653A200046696C6520736543
:103FE0006C65637465640A002053697A653A200041
:103FF00046696C65206F70656E65643A2000667274
:1040000065736800646F696E67002066696C653A65
:1040100020004E6F772000454E4420535542524FAA
:104020005554494E450A002220706F7300222070BB
:104030006172656E743A2200535542524F5554498D
:104040004E452043414C4C207461726765743A229E
:1040500000747279696E6720746F2063616C6C20E4
:104060007375622D67636F64652066696C65732084
:104070007769746820746F6F206D616E79206C654C
:1040800076656C732E204D4158206C6576656C20EA
:1040900069733A310A002E0A0044656C6574696FD1
:1040A0006E206661696C65642C2046696C653A20F7
:1040B0000046696C652064656C657465643A0057F8
:1040C000726974696E6720746F2066696C653A2046
:1040D000002E0A006F70656E206661696C65642C45
:1040E0002046696C653A2000FFE0FFD11000FFFE1A
:1040F000FFD0FFE0FFC1FFD1E240A0C8A6A22FF889
:1041000000238127AC00AFFF64A5FF64FF64A4FF18
:10411000D0FFFE4D313030302053002020506C61F4
:104120006E6E657242756666657242797465733A41
:1041300020002046726565204D656D6F72793A20CA
:1041400000436F6D70696C65643A204A756C20316C
:104150003620323032360A00207C20417574686F78
:10416000723A202852656473746F6E654D61737482
:1041700065723031290A00323032362D30372D3118
:104180003300204C61737420557064617465643A27
:10419000200076322E33202D2035383635370A0070
:1041A0004D61726C696E0020536F66747761726541
:1041B0002052657365740A00205761746368646FE8
:1041C000672052657365740A002042726F776E2013
:1041D0006F75742052657365740A002045787465A4
:1041E000726E616C2052657365740A00506F77655A
:1041F0007255700A0073746172740A006175746F8D
:1042000025632E67004C6F6164696E672073657467
:1042100074696E67732066726F6D2053440A00657F
:1042200072726F722077726974696E6720746F2082
:1042300066696C650A00446F6E6520736176696E0D
:10424000672066696C652E0A004D323900456E6440
:1042500073746F70732025632025632025632025E8
:104260006300205A3A0020593A0020583A00656EFF
:104270006473746F7073206869743A200047323732
:104280000000002100240027002A002D0030003308
:104290000001010000040107010A010000220025BD
:1042A0000028002B002E0031003400020100000520
:1042B0000108010B01000020002300260029002C2A
:1042C000002F003200000100000301060109010572
:1042D000050505070508080808020202020A0A087F
:1042E00008040404040101010101010101030303A5
:1042F0000303030303040707070C0C0C0C0C0C0C42
:104300000C0202020206060606060606060B0B0B48
:104310000B0B0B0B0B010210202008081020401083
:104320002040800201020108040201010204081079
:104330002040808040201008040201800402018097
:1043400040201008040201080402010102040810C0
:10435000204080010204081020408000000A0B0267
:10436000090C0D0E08070304010000000000000006
:10437000000000000000000000000000000000003D
:1043800000000000000000121110000000000000FA
:10439000000000000000000000000000000000001D
:1043A000004D6F766520302E3032356D6D004D6FCB
:1043B000766520302E316D6D004D6F766520316D44
:1043C0006D004D6F76652031306D6D004D6F7665F7
:1043D000206178697300486F74656E6420746F6F34
:1043E00020636F6C64004578747275646572004D6B
:1043F0006F7665205A004D6F76652059004D6F76B7
:104400006520580050726F62696E67206661696C42
:1044100065640A0050726F62696E67206661696C3C
:10442000656400486F6D65202573257325732066CC
:1044300069727374002066697273740A00486F6D44
:10444000652000220A00556E6B6E6F776E20636FD9
:104450006D6D616E643A20220020746F6F206C6F66
:104460006E6720657874727573696F6E20707265FF
:1044700076656E7465640A0020636F6C64206578ED
:1044800074727573696F6E2070726576656E74658F
:10449000640A00204500205A00205900204D39327E
:1044A0002058002E0A006F70656E206661696C6589
:1044B000642C2046696C653A2000FC00D60111246A
:1044C0001FBECFEFD1E2DEBFCDBF00E00CBF13E0D7
:1044D000A0E0B2E0EAE8F6E802E00BBF02C0079015
:1044E0000D92AC3DB107D9F729E1ACEDB3E001C0C5
:1044F0001D92A938B207E1F712E2CEE5D2E200E060
:1045000006C021970109802FFE010F947F3FCD3512
:10451000D10780E00807A9F70F94AB2E0D94334321
:104520000C940000CF93DF93EC01CB01BA010F9400
:10453000AB3820E030E048EC51E40F940A390F9496
:10454000FB40688379838A839B83DF91CF910895B1
:10455000CF93DF93EC01CB01BA010F94AB3820E08D
:1045600030E048EC52E40F940A390F94FB40688322
:1045700079838A839B83DF91CF910895CF93DF93D3
:10458000EC01CB01BA010F94AB382AE037ED43E2DE
:104590005CE30F940A39688379838A839B83DF9174
:1045A000CF910895CF93DF93EC01CB01BA010F9423
:1045B000AB382AE037ED43E25CE30F940A396883B5
:1045C00079838A839B83DF91CF910895CF93DF9383
:1045D000EC01CB01BA010F94AB382DEC3CEC4CEC68
:1045E0005DE30F940A39688379838A839B83DF9123
:1045F000CF910895CF93DF93EC01CB01BA010F94D3
:10460000AB3820E030E048EC51E40F940A3968837D
:1046100079838A839B83DF91CF910895CF93DF9332
:10462000EC01CB01BA010F94AB3820E030E048EC4C
:1046300052E40F940A39688379838A839B83DF91DC
:10464000CF910895CF93DF93EC01CB01BA010F9482
:10465000AB382FE632E143E85AE30F940A39688316
:1046600079838A839B83DF91CF910895CF93DF93E2
:10467000EC01CB01BA010F94AB38688379838A834C
:104680009B83DF91CF910895CF93DF93EC01CB0112
:10469000BA010F94AB380F94FB406883DF91CF9140
:1046A0000895CF93DF93EC01CB01BA010F94AB389F
:1046B0000F94F44079836883DF91CF910895FC01D2
:1046C00084910895FC0180810895089590E080E030
:1046D000089590914E0A292F30E0F901E652FA4EE2
:1046E0008083220F331FF901EE52FA4E20916B02A4
:1046F00030916C02318320832FEF3FEF30936C02B7
:1047000020936B029F5F943040F490934E0A809107
:10471000D30B8F5F8093D30B089510924E0AF7CF7F
:104720004F925F926F927F928F929F92AF92BF92C1
:10473000CF92DF92EF92FF92CF934B015C01690120
:104740007A0120E030E040E251E4C701B6010F9465
:10475000883F2B013C0127E137EB41ED58EB0F94EB
:10476000E84187FD50C027E030E04BE653E4C30149
:10477000B2010F94A43818160CF445C020E030E0C4
:1047800040E252E4C501B4010F94883F2B013C0183
:1047900027E137EB41ED58EB0F94E84187FD33C03B
:1047A00027E030E04BE653E4C301B2010F94A43894
:1047B00018164CF127E93FEF4FE151E4C501B40170
:1047C0000F94E84187FD1FC027E030E043E453E445
:1047D000C501B4010F94A4381816ACF027E93FEFD7
:1047E0004FE151E4C701B6010F94E84187FD0BC0CA
:1047F000C1E027E030E040E653E4C701B6010F9482
:10480000A43818160CF4C0E08C2FCF91FF90EF90D5
:10481000DF90CF90BF90AF909F908F907F906F90E0
:104820005F904F9008950F94F4408091FF05882386
:1048300079F01616170664F480918507811104C07B
:104840008091EC1582FF04C06091160270911702EE
:10485000CB0108952F923F924F925F926F927F9279
:104860008F929F92AF92BF92CF92DF92EF92FF9280
:104870000F931F93CF93DF93CDB7DEB72E970FB66D
:10488000F894DEBF0FBECDBF8A83162F4983822ED8
:10489000262F30E03A872987E4E08E9FC00111245B
:1048A0009C878B87FC01E20FF31FEE0FFF1FEE0FBB
:1048B000FF1FE65EF94F60817181828193819B01C8
:1048C000AC010F947A42882309F42EC19A81E981C0
:1048D0009E0F882D810F24E0929FF0011124A9855D
:1048E000BA85AE0FBF1FAA0FBB1FAA0FBB1FA65EC4
:1048F000B94FAC901196BC9011971296CC9012972C
:104900001396DC903981930F24E0929FA00111242B
:10491000A985BA85A40FB51FAA0FBB1FAA0FBB1F7D
:10492000A65EB94FEC901196FC90119712960C91DF
:10493000129713961C91282F30E0AB85BC85A20FEF
:10494000B31FAA0FBB1FAA0FBB1FA65EB94F9C9037
:1049500011967C90119712966C90129713965C901A
:10496000880D90E0AB85BC85A80FB91FAA0FBB1FAF
:10497000AA0FBB1FA65EB94F8C9011964C90119751
:1049800012963C90129713962C90E20FF31FEE0FA5
:10499000FF1FEE0FFF1FE65EF94F30813983218143
:1049A0002A8332813B8323812C83FA01E80FF91F8C
:1049B000EE0FFF1FEE0FFF1FE65EF94F30813D83C4
:1049C00081818E8392819F83238128879701A8010B
:1049D000B701C8010F947A42882321F0E12CF12C11
:1049E00000E010E09501A601B501C6010F947A42DE
:1049F000882311F057016801282D342D432D522DA5
:104A0000682D742D832D922D0F947A42882321F0E6
:104A1000812C412C312C212C292D372D462D552D23
:104A2000692D772D862D952D0F947A42882321F0BC
:104A3000982C742C632C522C2D813E814F815885EB
:104A40006D817E818F8198850F947A42882321F031
:104A50001D821E821F82188629813A814B815C81CA
:104A600069817A818B819C810F947A42882341F0FD
:104A70003D8139838E818A839F819B83E885EC8386
:104A80002B853C8589859A85280F391F220F331F76
:104A9000220F331F265E394F3A8729879501A601D9
:104AA000B501C6010F94883F9701A8010F94873F75
:104AB0006B017C01292D372D462D552D692D772D24
:104AC000862D952D0F94883F282D342D432D522D62
:104AD0000F94873F9B01AC01C701B6010F94883F3B
:104AE0006B017C0129813A814B815C8169817A81EA
:104AF0008B819C810F94883F2D813E814F81588509
:104B00000F94873F9B01AC01C701B6010F94883F0A
:104B100020E030E040E450E40F948240E985FA85DB
:104B200060837183828393832E960FB6F894DEBFE1
:104B30000FBECDBFDF91CF911F910F91FF90EF90EE
:104B4000DF90CF90BF90AF909F908F907F906F90AD
:104B50005F904F903F902F900895CF93DF9300D0B8
:104B60001F92CDB7DEB70F94AB382FE632E143E8A2
:104B70005AE30F940A3969837A838B839C83CE012D
:104B800001960F94F5190F900F900F900F90DF91F1
:104B9000CF910895CF92DF92EF92FF920F931F93E0
:104BA000CF9390911302913009F461C0662351F0C4
:104BB00010922B04109227041092280410922904BA
:104BC00010922A04C82F0F949A20C0902704D090E6
:104BD0002804E0902904F0902A049B01AC012C19D0
:104BE0003D094E095F0969017A01F7FC40C0209137
:104BF0002B04C7FD15C04C2F0C2E000C550B4C5F21
:104C00005F4FE22F022E000CFF0B4E175F077CF167
:104C100044EFC42EDD24D394E12CF12C2C1734F472
:104C200038EEC32E33E0D32EE12CF12CC60ED71E66
:104C3000E81EF91EC0922704D0922804E0922904AD
:104C4000F0922A04022F017010E084E2809FB001EC
:104C5000819F700D701B112460597C4F82E390E09E
:104C60000E947D9F80912B048F5F80932B04CF91B6
:104C70001F910F91FF90EF90DF90CF900895CF9309
:104C8000DF9300D01F92CDB7DEB70F94AB382AE088
:104C900037ED43E25CE30F940A3969837A838B83AF
:104CA0009C83CE0101960E9414890F900F900F9063
:104CB0000F90DF91CF910895CF93DF9300D01F9293
:104CC000CDB7DEB70F94AB382DEC3CEC4CEC5DE38C
:104CD0000F940A3969837A838B839C83CE01019672
:104CE0000E9414870F900F900F900F90DF91CF913B
:104CF0000895CF93DF9300D01F92CDB7DEB70F9406
:104D0000AB3820E030E048EC51E40F940A39698375
:104D10007A838B839C83CE0101960E946B8B0F90CC
:104D20000F900F900F90DF91CF910895CF93DF9365
:104D300000D01F92CDB7DEB70F94AB3820E030E043
:104D400048EC52E40F940A3969837A838B839C83FD
:104D5000CE0101960E946B8B0F900F900F900F90D9
:104D6000DF91CF910895CF93DF9300D01F92CDB7FD
:104D7000DEB70F94AB382AE037ED43E25CE30F94E3
:104D80000A3969837A838B839C83CE0101960E94C2
:104D9000F18B0F900F900F900F90DF91CF910895AE
:104DA0000F94AB380F94FB40862F0C94629C0F94A9
:104DB000AB380F94F440CB010C946A8FDF92EF92E2
:104DC000FF920F931F93CF93DF93EC01D62E1CAD70
:104DD0000BAD7C0184E0E80EF11CE98DFA8DC70172
:104DE0001995412F480F2D2D602FC7010F94822553
:104DF0009BAD890F8BAF81E090E0DF91CF911F9148
:104E00000F91FF90EF90DF9008958F929F92AF9255
:104E1000BF92CF92DF92EF92FF920F931F93CF93A7
:104E2000DF93EC018B017A018A859B8586179707B2
:104E300031F0888199810F945C241B870A878885CB
:104E40009985019641F50C81DA808E81D80EA88073
:104E5000B980D5015596ED91FC91C5011995080FC2
:104E600010E0F70121917F0121114FC08E819F81B8
:104E7000810F911D9F838E8390E080E0DF91CF9121
:104E80001F910F91FF90EF90DF90CF90BF90AF9068
:104E90009F908F900895CE80DF80F701008110E011
:104EA000002321F1A880B980602FC5010F94B4249C
:104EB000D50151961C9111954701BFEF8B1A9B0AA2
:104EC000F40181914F01882351F0D50150969C91B6
:104ED000190F082F682FC5010F94B424F1CF0032A9
:104EE00081F0F50183899189890F180FC10ED11CBA
:104EF000288539852C153D0508F0A5CF81E090E087
:104F0000BDCFD50150968C91F0CF402F6D2DC501AE
:104F10000F948225D80E180FA4CF80915104909140
:104F20005204009731F04AE050E070E060E00D94E8
:104F3000A33560E070E0CB0108950E948D2797FDB6
:104F40000CC00E948D276F3F71058105910509F006
:104F500034F40E948D27862F089580E008958FEF06
:104F600008958091510490915204892B41F00E9440
:104F70009D2791E0811101C090E0892F089591E073
:104F8000FCCF0E948D27CB010895CF92DF92EF9244
:104F9000FF920F931F93CF93DF938B01CBE6DCE05F
:104FA0002091790230917A0240917B0250917C02EB
:104FB000FC0160817181828193810F9482402C85F4
:104FC0003D854E855F850F94883F6C877D878E87F2
:104FD0009F87C12CD12C760127E73CE043E75CE0BA
:104FE0006FE67CE0CE010F94E715DF91CF911F9122
:104FF0000F91FF90EF90DF90CF900C945ED0CF9206
:10500000DF92EF92FF920F931F93CF93DF936B0189
:105010007A01EC01C152DC4F28813CE0389F8001CD
:10502000399F100D112427FF24C0FB01118210822B
:1050300088818F5F888388819801280F311D87FDC3
:105040003A95C90120914D15F6012817190629F046
:1050500024F088818C300CF43CC0808191810496CE
:1050600080349C4908F475C0F601808191810496D2
:1050700072C088819801280F311D87FD3A95C901BA
:1050800020914D152817190699F294F28881A801EC
:10509000480F511D87FD5A95FA01EE0FFF1FE40FCF
:1050A000F51FEF51FB4E808186FFC2CF8881F8014A
:1050B000E80FF11D87FDFA95CF01EE0FFF1FE80FF6
:1050C000F91FEF51FB4E808160E08F730F94A01E9B
:1050D000AFCF808191812881A801420F511D27FD0A
:1050E0005A959A01FA01EE0FFF1FE20FF31FEF51DD
:1050F000FB4E21813281820F931FF70191838083C0
:1051000088819801280F311D87FD3A95F901EE0F2E
:10511000FF1FE20FF31FEF51FB4E808186FF20C07F
:105120008881080F111D87FD1A95F801EE0FFF1FEA
:10513000E00FF11FEF51FB4E808161E08F73DF9133
:10514000CF911F910F91FF90EF90DF90CF900D9432
:10515000A01E80E49CE9F701918380838FEF888310
:10516000DF91CF911F910F91FF90EF90DF90CF9043
:1051700008959091530480911102992321F0811197
:1051800002C060E00AC06091120260932504992376
:1051900011F08823B1F38823A1F370E088E00D9427
:1051A000901F8091510490915204009731F04AE091
:1051B00050E070E060E00D94D13660E070E0CB012B
:1051C000089563E972E084E690E00E947D9F6AEBB7
:1051D00072E084E690E00C947D9F81110C94E128AC
:1051E00068EB71E084E190E00C947D9F282F109291
:1051F000ED0B8091F30B9091F40B8130904820F0EF
:105200001092F40B1092F30B8091A705882331F0D4
:105210008091F30B8093E50B1092E00B8091DF0BF4
:105220001816BCF4082E000C990B821B91092091D2
:10523000E50B022E000C330B2817390754F097FFAB
:1052400002C090E080E08093E50B9093F40B809394
:10525000F30B8091E50B6623A9F09091E60B89177B
:1052600014F48093E60B2091E60B022E000C330B16
:105270002C5F3F4F482F082E000C550B2417350785
:105280001CF484508093E60B08958F929F92AF9206
:10529000BF92EF92FF920F931F93CF93DF93EC0196
:1052A0008B01E42EF22E80919215909193158C171C
:1052B0009D0709F442C04091840650918506609193
:1052C0008606709187064093A0055093A1056093D0
:1052D000A2057093A30524EAC13AD207C9F58F59F4
:1052E0009F4871F40F949A206E517B4F8F4F9F4FC0
:1052F00060939705709398058093990590939A050C
:10530000D0939315C09392151093F40B0093F30B65
:10531000E092E60BF092DF0BCF59DF4821F41092B8
:10532000A6051092960582E080937F0281E080932B
:10533000E00B1092A8051092EF0BDF91CF911F9117
:105340000F91FF90EF90BF90AF909F908F90089536
:105350002FE8CF39D207A1F6815A944A19F0CFE944
:10536000DFE8CECF0F949A20809097059090980513
:10537000A0909905B0909A05681979098A099B0946
:1053800097FFEDCFCEECDEE2BBCFCF92DF92EF9274
:10539000FF921092860710928507C0905D02D09010
:1053A0005E02E0905F02F090600220E030E0A90130
:1053B000C701B6010F94E84187FF28C02AED3FE0FE
:1053C00049E450E460915A0670915B0680915C0656
:1053D00090915D060F940A3920E030E040E65FE3EB
:1053E0000F940A3920E030E040E65FE30F940A3979
:1053F00022E538EB4EE95FE30F940A392FE632E1FC
:1054000043E85AE30F940A396B017C01C0923004DF
:10541000D0923104E0923204F09233040E94B286BA
:1054200060932C0470932D0480932E0490932F048A
:105430001092EE0B20E040E070E060E087E994E33A
:105440000E94452981E08093A605FF90EF90DF90B0
:10545000CF9008958091541590915515891B8F70A8
:1054600071F49091EC1592FB882780F992FD08C0A9
:1054700081E090919D06913019F080E0089581E0DF
:105480000895E0919605E63000F581E08E0F809357
:1054900096058091F30B9091F40BB0E0A0E0309171
:1054A000E60B2091DF0B48E0E49FF0011124EA595C
:1054B000FA4F409192155091931551834083828306
:1054C0009383A483B58336832783089520E040E047
:1054D00070E060E08FE99FE80C944529E091960523
:1054E000EE2389F0E150E093960588E0E89FF00113
:1054F0001124EA59FA4F62817381278146818081A4
:1055000091810C9445290C94662ACF93DF9300D0A7
:105510001F92CDB7DEB70F94FB400F94A938698373
:105520007A838B839C83CE0101960E946B8B0F90B4
:105530000F900F900F90DF91CF9108950F94AB389B
:1055400020E030E048EC51E40F940A390C94852AAD
:105550000F94AB3820E030E048EC52E40F940A3965
:105560000C94852ACF92DF92EF92FF926B017C011F
:1055700020E030E0A9010F94A43820E030E040E0C2
:105580005FE387FF04C020E030E040E05FEBC7014D
:10559000B6010F94883F0F94F440CB01FF90EF9039
:1055A000DF90CF900C946A8F0F94AB380C94B22A92
:1055B000AF92BF92CF92DF92EF92FF920F931F9321
:1055C000CF93DF93EC015B018A01FB01199587FD05
:1055D00016C0C82ED12CF12CE12C2196F801C082E6
:1055E000D182E282F382CE01DF91CF911F910F91A0
:1055F000FF90EF90DF90CF90BF90AF900895982FDD
:10560000907E903CA9F48F7190E0B0E0A0E06C0136
:105610007D0126E0CC0CDD1CEE1CFF1C2A95D1F789
:10562000CE010196F50119958F73C82A2296D6CF1F
:10563000982F907F903E11F58F7090E0B0E0A0E041
:105640006C017D0186E0CC0CDD1CEE1CFF1C8A95F4
:10565000D1F7CE010196F50119958F73C82A96E00E
:10566000CC0CDD1CEE1CFF1C9A95D1F7CE010296E6
:10567000F50119958F73C82A2396B0CF982F987F7C
:10568000903F79F5877090E0B0E0A0E06C017D017B
:10569000F6E0CC0CDD1CEE1CFF1CFA95D1F7CE0118
:1056A0000196F50119958F73C82AA6E0CC0CDD1C74
:1056B000EE1CFF1CAA95D1F7CE010296F5011995B3
:1056C0008F73C82AB6E0CC0CDD1CEE1CFF1CBA950B
:1056D000D1F7CE010396F50119958F73C82A249648
:1056E0007DCF982F9C7F983FE1F5837090E0B0E0EC
:1056F000A0E06C017D0156E0CC0CDD1CEE1CFF1C13
:105700005A95D1F7CE010196F50119958F73C82AE4
:1057100066E0CC0CDD1CEE1CFF1C6A95D1F7CE01B7
:105720000296F50119958F73C82A76E0CC0CDD1C22
:10573000EE1CFF1C7A95D1F7CE010396F501199561
:105740008F73C82AE6E0CC0CDD1CEE1CFF1CEA952A
:10575000D1F7CE010496F50119958F73C82A2596C5
:105760003DCF982F9E7F9C3F09F049C0817090E00B
:10577000B0E0A0E06C017D0186E0CC0CDD1CEE1CED
:10578000FF1C8A95D1F7CE010196F50119958F730B
:10579000C82A96E0CC0CDD1CEE1CFF1C9A95D1F7B4
:1057A000CE010296F50119958F73C82A26E0CC0C1C
:1057B000DD1CEE1CFF1C2A95D1F7CE010396F501E6
:1057C00019958F73C82A36E0CC0CDD1CEE1CFF1C2B
:1057D0003A95D1F7CE010496F50119958F73C82A31
:1057E00046E0CC0CDD1CEE1CFF1C4A95D1F7CE0127
:1057F0000596F50119958F73C82A2696EFCE982F36
:10580000907C903841F4807C803869F42196CE01F8
:10581000F5011995F8CF8E7F8D3F28F02196CE01A6
:10582000F5011995F8CFC12CD12C7601D7CE1F9355
:10583000CF93DF9300D01F92CDB7DEB710E0AE015B
:105840004F5F5F4F6FE573E20E94D82A49815A810A
:105850006B817C81452B462B472B11F01F5FEFCFCF
:10586000812F0F900F900F900F90DF91CF911F918C
:1058700008951F93CF93DF9300D01F92CDB7DEB76B
:1058800010E0AE014F5F5F4F62E673E20E94D82ADC
:1058900049815A816B817C81452B462B472B11F026
:1058A0001F5FEFCF812F0F900F900F900F90DF9120
:1058B000CF911F9108950F934CE0849F402D1124A8
:1058C00021E0240F20939B058CE0840F8093310C02
:1058D00090E002963091CC153817190621F01CF093
:1058E00080E00F9108958091CE152817C8F781E0C8
:1058F0008093B815662351F04D5F0BE020E860E01F
:1059000088E995E10F9421231092B8158091310C0C
:105910009091CC15891720F32091CE1590919B057D
:105920002917F0F21092CF158093D01581E0D9CFCE
:1059300020916505022E000C330B8217130661F0CF
:105940008093650560E279E1813011F063EF73E1E6
:1059500088E995E10D945C240895EF92FF920F93EE
:105960001F93CF93DF93CDB7DEB72C970FB6F89484
:10597000DEBF0FBECDBF6F3F71058105910509F0F8
:10598000C0F484E995E10E94DE26E0919C15F09137
:105990009D153196849190E02C960FB6F894DEBF59
:1059A0000FBECDBFDF91CF911F910F91FF90EF9070
:1059B00008951091CF150091D0152091A5052111C2
:1059C0000FC044EC53E1602F812F0F94EE2520E0AF
:1059D00030E0120F1093CF150093D015C901DCCF22
:1059E000E0909C15F0909D1528E935E13A832983D4
:1059F000212F30E03C832B83202F30E03E832D830A
:105A000018861F822FEF3FEF3A8729871C861B8657
:105A10009E012F5F3F4FAB01BC01C7010F942A01CC
:105A2000B70188E995E10F945C242F813885D1CFA7
:105A3000EF92FF920F931F93CF93DF93CDB7DEB713
:105A40002C970FB6F894DEBF0FBECDBF1091CF15C7
:105A50000091D0152091A50521111AC044EA53E107
:105A6000602F812F0F94EE2580E090E0180F1093A7
:105A7000CF150093D0152C960FB6F894DEBF0FBE4D
:105A8000CDBFDF91CF911F910F91FF90EF900895BF
:105A9000E0909C15F0909D1528E935E13A83298323
:105AA000212F30E03C832B83202F30E03E832D8359
:105AB00018861F827A8769871C861B869E012F5F46
:105AC0003F4F4FE553E2BC01C7010F94EA01B70114
:105AD00088E995E10F945C248F819885C7CF6FEF9B
:105AE0007FEF0C94182DEF92FF920F931F93CF939B
:105AF000DF93CDB7DEB72C970FB6F894DEBF0FBE9D
:105B0000CDBF1091CF150091D0152091A505211181
:105B10001AC044E853E1602F812F0F94EE2580E0F6
:105B200090E0180F1093CF150093D0152C960FB658
:105B3000F894DEBF0FBECDBFDF91CF911F910F91C3
:105B4000FF90EF900895E0909C15F0909D1528E946
:105B500035E13A832983212F30E03C832B83202FAA
:105B600030E03E832D8318861F827A8769871C86E2
:105B70001B869E012F5F3F4F42E653E2BC01C701E7
:105B80000F94EA01B70188E995E10F945C248F81B5
:105B90009885C7CFEF92FF920F931F93CF93DF9318
:105BA0007B01C42F622F0E945B2C8823D1F1CC2370
:105BB000F9F001151105E1F4C7010E94172C25E148
:105BC00030E0A901481B5109CA0157FD019695957E
:105BD0008795C0E8DFE7D80F8D2F8C0F87FD09C0B0
:105BE00060E270E080E090E00E94AD2CC150F4CF04
:105BF000C0E86C2F70E0C7010E94182DC81B01156A
:105C0000110531F06C2F70E0C8010E94732DC81B84
:105C1000C73038F060E270E080E090E00E94AD2C88
:105C2000F6CFDF91CF911F910F91FF90EF900895E4
:105C30000F931F93CF93DF9380917F02882359F0B6
:105C400060919E0570919F0510E000E020E041E02A
:105C500081E00E94CA2D8091A90581111EC081E0BA
:105C60008093A905C0919215D091931520E040E052
:105C700070E060E088E19EE20E9445290E945ED0CB
:105C80001092A90520E040E070E060E0CE01DF91D5
:105C9000CF911F910F910C944529DF91CF911F91C6
:105CA0000F9108956FEF7FEF0C94732DAF92BF9219
:105CB000CF92DF92EF92FF920F931F93CF93DF93D8
:105CC0005C016B010E94172CE82EC6010E94392C42
:105CD000F12C03E110E0081B1109C5E20E151F05A8
:105CE0000CF4CFE18C2F90E09C012E5F3F4F409150
:105CF000CC154217130609F094F509972091CE159B
:105D00002817190664F11092CF15C093D015C5015C
:105D10000E946F2DD1E0C114D104B1F06AE370E0AC
:105D200080E090E00E94AD2C0E151F05D4F4C45FF6
:105D30008091CC15C81740F02091CE154C2F4950BA
:105D4000550B241715067CF4DF91CF911F910F910D
:105D5000FF90EF90DF90CF90BF90AF900895D0E08C
:105D6000DACFDD2389F3802F880F080F000F00930F
:105D7000CF15C093D01560E270E080E090E00E9403
:105D8000AD2CC601DF91CF911F910F91FF90EF9045
:105D9000DF90CF90BF90AF900C94522ECF92DF92B5
:105DA000EF92FF92CF93DF938091EE0B1092EE0B68
:105DB000882351F01092A605DF91CF91FF90EF90CC
:105DC000DF90CF900C946E2A81E08093A605C0915D
:105DD000F30BD091F40B209709F441C01092F40B0F
:105DE0001092F30BBE010D2E000C880B990B0F9433
:105DF000AB382091AD0C3091AE0C4091AF0C50916E
:105E0000B00C0F940A3920913E0C30913F0C409118
:105E1000400C5091410C0F94883F6B017C0120E0B5
:105E200030E040EA51EC0F94E84187FD18C020E0D3
:105E300030E040EA51E4C701B6010F94A4381816C7
:105E400074F0CE010F941521C0923E0CD0923F0CFD
:105E5000E092400CF092410C82E080937F028091AE
:105E60007F02882379F08EE39CE00F94F519BC0142
:105E700084EE93E1DF91CF91FF90EF90DF90CF9090
:105E80000C94562EDF91CF91FF90EF90DF90CF9042
:105E90000895CF93DF93FC01EB018091F30B909178
:105EA000F40B97FF04C01092F40B1092F30B409187
:105EB000F50B5091F60B6091F70B7091F80B8091F8
:105EC000F30B9091F40B092E000CAA0BBB0B481797
:105ED00059076A077B0724F45093F40B4093F30BA4
:105EE00080917F028823C1F02091F30B3091F40B55
:105EF0006091F90B7091FA0B8091FB0B9091FC0B68
:105F0000620F731F811D911D1995BC018091FF0BBC
:105F10009091000C0E94562E8091EE0B811108C0CA
:105F20008091F00B8823A1F180917F02882381F179
:105F30008091FD0B9091FE0B009791F02091F30B57
:105F40003091F40B4091F90B5091FA0B6091FB0BDF
:105F50007091FC0B420F531F611D711DFE011995BD
:105F6000E091F10BF091F20B309741F08091F00B42
:105F7000811103C08091EE0B811119958091EE0B78
:105F80001092EE0B882321F0DF91CF910C946E2AB2
:105F9000DF91CF91089562E972E28EE99AE20C9462
:105FA000492F68EA72E288EA9AE20C94492F62ED7E
:105FB00072E28FE396E20C94492F66EE72E28CE572
:105FC00096E20C94492F6AEF72E289E796E20C940C
:105FD000492F6EE073E286E996E20C94492F62E263
:105FE00073E28DEA95E20C94492F6EEB72E283EB3B
:105FF00096E20C94492F66E373E284ED9AE20C94E6
:10600000492F64E473E280ED96E20C94492F61E538
:1060100073E287ED96E20C94492FCF92DF92EF92D4
:10602000FF920F93CF93DF93982F862F6A01790108
:10603000692F0E945B2C882309F448C0C701002304
:1060400009F10E94172CC82F83E190E08C1B910965
:10605000D82FDD0FD80FDD0F6D2F70E0C6010E9425
:10606000182DD81B6AE370E080E090E00E94AD2C10
:10607000D73058F060E270E080E090E00E94AD2CF4
:10608000D81BF6CF0E94392CDECF8091310C9C2F8B
:10609000990F990FC91BCC0FC058C093CF1580938F
:1060A000D015C701002349F0DF91CF910F91FF90E8
:1060B000EF90DF90CF900C946F2DDF91CF910F91E7
:1060C000FF90EF90DF90CF900C94522EDF91CF9104
:1060D0000F91FF90EF90DF90CF9008952F923F9215
:1060E0004F925F926F927F928F929F92AF92BF92E8
:1060F000CF92DF92EF92FF920F931F93CF93DF9394
:10610000EB01FC0180809180A280B380C501B401C5
:1061100020E831E541E050E00F94E83EC9016DE62A
:1061200071E00F94573F6B017C01C501B40120E180
:106130003EE040E050E00F94E83ECA01B90128E19A
:1061400030E040E050E00F94E83E362E272E062F38
:10615000172F8CE3482E512C612C712CC501B401F2
:10616000A30192010F94E83EB62EA72ECA01B901F1
:10617000A30192010F94E83ECB01C114D10469F14F
:10618000AF92BF927F936F932F923F92FF92EF92C5
:10619000DF92CF9285E991E19F938F93DF93CF9325
:1061A0000F943B388DB79EB70E960FB6F8949EBFEE
:1061B0000FBE8DBFDF91CF911F910F91FF90EF9098
:1061C000DF90CF90BF90AF909F908F907F906F9017
:1061D0005F904F903F902F900895E114F104C9F023
:1061E000AF92BF927F936F932F923F92FF92EF9265
:1061F00085E891E19F938F93DF93CF930F943B3882
:10620000EDB7FEB73C960FB6F894FEBF0FBEEDBFDC
:10621000D1CF012BB9F0AF92BF927F936F932F92A2
:106220003F9289E791E19F938F93DF93CF930F94F0
:106230003B388DB79EB70A960FB6F8949EBF0FBE37
:106240008DBFB8CF892BA9F0AF92BF927F936F9388
:1062500081E791E19F938F93DF93CF930F943B3826
:10626000EDB7FEB738960FB6F894FEBF0FBEEDBF80
:10627000A1CFAF92BF928DE691E19F938F93DF9371
:10628000CF930F943B380F900F900F900F900F907B
:106290000F9090CF4F925F926F927F928F929F92CA
:1062A000AF92BF92CF92DF92EF92FF920F931F9324
:1062B000CF9310927504109274042FE32093790405
:1062C0001092780410927704109276041092700461
:1062D0001092710410927204109273049C01F901DF
:1062E00090812F5F3F4F9032D1F39E34C9F481816A
:1062F00090ED980F9A3020F08D3211F08B3281F4AE
:1063000032969F012F5F3F4F808180538A3008F47F
:106310007FC09F012F5F3F4F8081803209F47AC098
:10632000F0934B0CE0934A0C8F010F5F1F4FC0811D
:106330006AE270E0C8010F94D642009731F0FC0188
:10634000319780818032E1F31182CD3429F0C43558
:1063500019F0C73409F04CC0F80180810F5F1F4F5E
:106360008032D1F380538A3008F042C0C093790460
:1063700090E080E06AE0DF0111962081022E000C9F
:10638000330B20533109689FA001699F500D1124E0
:10639000C901840F951F218130ED320F3A30E0F1B1
:1063A00090937804809377042E3261F4329630E033
:1063B0004AE0DF012081319650ED520F5A3070F1E2
:1063C000309376049D011196F90140814032D1F35A
:1063D000CD34A1F58E31910539F034F58731910531
:1063E00019F08C31910551F53093750420937404A4
:1063F000CF911F910F91FF90EF90DF90CF90BF90C2
:10640000AF909F908F907F906F905F904F90089586
:10641000F90177CFF9017DCFFD01ADCF2053349F36
:10642000200D1124322FC5CF853791053CF08737D9
:106430009105D4F2803AF3E09F07B1F250914A0CF3
:10644000C12CD12C760170E060E0812C912C54019C
:10645000839401C09F01F9013196D9014C914423E5
:1064600009F481C04132E1F4CD34D1F48032910598
:10647000B9F4C0927004D0927104E0927204F09268
:106480007304F0937504E093740463E270E0CF0149
:106490000F94D642009709F4ABCFFC011082A8CF2D
:1064A00041544A3108F05AC0DF012D91203291F059
:1064B00030ED320F3A30E8F02E3271F42181205362
:1064C0002A30B8F06115710519F4BF0161507109E6
:1064D00010E013C0FD01E8CF2D3211F02B3291F7FF
:1064E000218130ED320F3A3020F02E3259F72281DF
:1064F000E6CF1E2F151B309759F3242F30E02401CF
:10650000350104C0440C551C661C771C4A95D2F713
:10651000C428D528E628F7282A5A3B4FD9011C93CE
:10652000208121542A3108F495CFDF01FD012D91FE
:10653000222309F48FCF30ED320F3A30B8F333ED28
:10654000320F323098F32B3289F39F012F5F3F4F88
:106550004081403209F07ECFF901F7CF6115710516
:10656000F9F6B901DDCF7093750460937404C0929D
:106570007004D0927104E0927204F092730438CFE8
:106580000F931F93CF9380915104909152040097E1
:10659000E9F0FC018F01C1912C2F2F7D81F0C534D2
:1065A00011F0C536B9F7F801108270E060E00F9481
:1065B0004534F801C083CF911F910F91089570E089
:1065C00060E0CF911F910F910D94453460E070E031
:1065D000CB01F1CF2FEB280F2A3108F042C0E22F78
:1065E000F0E08091700490917104A0917204B091D8
:1065F000730404C0B695A795979587952A95D2F709
:1066000080FD02C081700895EA5AFB4FE081EE23BD
:1066100029F180914A0C90914B0CE80FF92FF11D54
:10662000808190ED980F9A3030F08E3251F4818154
:1066300080538A3098F4F0935204E093510481E03F
:1066400008958D3211F08B3249F4818190ED980FCD
:106650009A3088F38E3211F48281EACFF0E0E0E0E4
:10666000EACF80E008950E94EA32882341F081E079
:106670002091510430915204232B09F480E00895B5
:10668000CF92DF92EF92FF926A017B010E94333337
:10669000882331F0FF90EF90DF90CF900C94C032C0
:1066A000C701B601FF90EF90DF90CF900895CF9390
:1066B000DF93EB010E943333882319F00E948D276A
:1066C000EB01CE01DF91CF910895CF93DF93EB01E2
:1066D0000E943333882321F0DF91CF910C94C1279E
:1066E000CE01DF91CF910895CF93C62F0E9433330F
:1066F000882319F0CF910C949D278C2FCF9108956A
:10670000CF93DF93C82FD62F0E943333882321F0F5
:10671000DF91CF910C94B1278C2F0E94EA32811126
:1067200001C08D2FDF91CF91089581E0809385077F
:1067300010925A0610925B0610925C0610925D064B
:1067400040E050E060E87FEB40935D0250935E02D2
:1067500060935F02709360029091670C911118C072
:106760008093670C10926A0C1092690C1092680C5E
:106770008FEF9FEF9093620C8093610C9093600C6D
:1067800080935F0C10925D0C8091A40C80935E0C42
:1067900008958091EC1582FD09C081E08093860701
:1067A00080918507811102C00C9495330895AB0147
:1067B000BC014093E8155093E9156093EA15709376
:1067C000EB158DE497E10C942EC19091EC1593FBA1
:1067D000882780F993FF06C081E0909150179111AE
:1067E00001C080E008952F923F924F925F927F9276
:1067F0008F929F92AF92BF92CF92DF92EF92FF92D1
:106800000F931F93CF93DF93D62EC72E742EFC01C8
:1068100080809180A280B380C501B40120E13EE078
:1068200040E050E00F94E83E122F032FC22FD32FE9
:106830008CE3282E312C412C512CC501B401A2012E
:1068400091010F94E83ECA01B901A20191010F9490
:10685000E83EF62EE72E772051F1C501B40120E87D
:1068600031E541E050E00F94E83E8901EF92FF925C
:10687000CE0168E170E00F94573F9F938F933F9351
:106880002F9383EB97E09F938F93CF92DF920F9498
:106890003B38EDB7FEB73A960FB6F894FEBF0FBE81
:1068A000EDBF88E00A301105D0F089E018C0C43689
:1068B000D10538F57F936F930F931F9389EA97E083
:1068C0009F938F93CF92DF920F943B388DB79EB7F3
:1068D00008960FB6F8949EBF0FBE8DBF85E0DF917E
:1068E000CF911F910F91FF90EF90DF90CF90BF90CD
:1068F000AF909F908F907F905F904F903F902F90A0
:1069000008957F936F930F931F9381EA97E09F936E
:106910008F93CF92DF920F943B38EDB7FEB7389646
:106920000FB6F894FEBF0FBEEDBF86E0D8CFEF9252
:10693000FF920F931F93CF93DF93CDB7DEB764978A
:106940000FB6F894DEBF0FBECDBF8091EE0B109254
:10695000EE0B882389F01092A6050E94662A6496A1
:106960000FB6F894DEBF0FBECDBFDF91CF911F9160
:106970000F91FF90EF90089580912C0490912D0439
:10698000A0912E04B0912F0489839A83AB83BC839A
:1069900041E080389145A140B10508F440E0BE01D6
:1069A000655F7F4FCE0101960E94F33380E394E050
:1069B0000E94F18BBC010196FB0120812032D1F3B2
:1069C0008EE7898301900020E9F731978F01061B3C
:1069D000170B0730110510F007E010E0A801CE01F9
:1069E00002960F94AF42E2E0F0E0EC0FFD1FE00FE3
:1069F000F11F87E68083FE01E00FF11F138260E044
:106A000085E00E94F628E090E60BF12CE11016C01C
:106A100080917F02882349F010E000E021E041E00E
:106A200066ED77E08F2D0E94CA2DE394F39485E004
:106A3000F812ECCF83E08093DF0B91CFF1E0EF12FF
:106A40000CC080917F02882381F38E01055F1F4F68
:106A500020E040E06CEC77E0E5CF22E0E212E5CF09
:106A600080917F02882309F38E010F5F1F4F20E082
:106A700040E061EC77E0D6CFCF93C82F8091160825
:106A80008F5F09F4AFC08093160880911608809339
:106A9000400A80E1EBE6FCE0A7E1B8E001900D924E
:106AA0008A95E1F78CE0E2E4FAE0A7E2B8E0019031
:106AB0000D928A95E1F78CE0EFE5F6E0A3E3B8E00C
:106AC00001900D928A95E1F720E030E040E752E432
:106AD00060917202709173028091740290917502BC
:106AE0000F940A390F94FB407093400860933F085D
:106AF0008091A3149091A41490934208809341082C
:106B00008091DC0B9091DD0B9093440880934308B7
:106B10008091A40C8093450880917B0C809346085B
:106B20008091840690918506A0918606B091870693
:106B30008093470890934808A0934908B0934A0867
:106B40008091540480934B0880914C0480934C08AE
:106B50008091D30BC11101C080E080934D088091DA
:106B6000D10B80934E0880E891E0E1E5FAE0AFE4D4
:106B7000B8E001900D920197E1F70E94B286609310
:106B80003C0A70933D0A80933E0A90933F0A8FEC33
:106B900099E00F94EA288091E8159091E915A09169
:106BA000EA15B091EB158093380A9093390AA093B7
:106BB0003A0AB0933B0A80E00F94B02840E050E0DE
:106BC000BA018EEE95E10E942EC14BE252E066E1E1
:106BD00078E08EEE95E10E9440C38EEE95E1CF9174
:106BE0000C94BFC481E04FCF8F929F92AF92BF921F
:106BF000CF92DF92EF92FF920F931F93CF93DF9389
:106C000000D01F92CDB7DEB719821A821B821C8278
:106C100032E9A32E32E0B32ECE0101964C014CE6B0
:106C2000C42E46E0D42E5BE6E52E5CE0F52E10E0A7
:106C300000E0F50181915F010E943333F4018193FB
:106C40004F01882309F4BFC00E94C032F801E75BFE
:106C5000FB4F2081211105C020915404222309F407
:106C6000A1C0F70120813181428153810F94883F77
:106C7000F60160837183828393830F5F1F4FF4E07B
:106C8000CF0ED11C84E0E80EF11C0430110589F60A
:106C90008091410A882361F18091EC1582FF28C020
:106CA0008C81882329F18981811103C08A818823FD
:106CB000F9F02DEC3CEC4CE45DE360911F08709121
:106CC000200880912108909122080F94883F9B0111
:106CD000AC016091730C7091740C8091750C909163
:106CE000760C0F94E84118161CF481E00E943C35A4
:106CF00040E050E0BA0186E40E94403320E030E0FA
:106D0000A9010F94E841181684F40E94C03220E0D3
:106D100030E040E752E40F94824060937202709337
:106D20007302809374029093750280911C1283FD0C
:106D300028C080910108882321F12091770C30919F
:106D4000780C4091790C50917A0C60917806709192
:106D5000790680917A0690917B060F94873F209167
:106D60000E0830910F0840911008509111080F94AF
:106D7000883F60930E0870930F08809310089093DB
:106D800011080F900F900F900F90DF91CF911F91EE
:106D90000F91FF90EF90DF90CF90BF90AF909F90BA
:106DA0008F900895033009F463CFF801EE0FFF1FB1
:106DB000EE0FFF1FEE5CF34F208131814281538142
:106DC0000F94873F55CFF70180819181A281B381D4
:106DD000F60180839183A283B3834FCF8091410AD0
:106DE00081110CC0E6E1F8E08BE292E0DF019C014A
:106DF0001D9221503040E1F70D94672B8091EC15E6
:106E000082FF03C081E00C943C35089590911608F0
:106E1000992321F081E02091400A291380E0089510
:106E2000FC01238121110C94BFC40895DF92EF92DD
:106E3000FF920F931F93CF93DF93EC011092F9070A
:106E40001092F80710927714109279140F94152667
:106E50008DE49FEF9093FB078093FA078EE49FEFFA
:106E60009093FD078093FC078091260481110BC04D
:106E700081E08093260461E080E00F943B2765E188
:106E800081E00F943B27D88060E0D11062E0E98078
:106E900010E0E11018E0162BFA8000E0F11000E29B
:106EA00081E08093761480E68093781410927714B2
:106EB0001092791462EA82EB94E10E94A6FF6D2D94
:106EC00082EB94E10E94A6FF6E2D82EB94E10E947A
:106ED000A6FF6F2D82EB94E10E94A6FF0F9454262B
:106EE000612F602B88E00F943B2788819981482F80
:106EF000490F5527551F8A81840F952F911D21E039
:106F0000833091050CF420E02093A30603976CF0E6
:106F100055E1CE3DD50749F088819981AA818093BA
:106F2000DE159093DF15A093E015DF91CF911F91AF
:106F30000F91FF90EF90DF9008954F925F926F92C4
:106F40007F928F929F92AF92BF92CF92DF92EF92F9
:106F5000FF92CF93DF9300D000D000D01F921F92FA
:106F6000CDB7DEB77C016B01DA018D919D910D905B
:106F7000BC91A02D8C839D83AE83BF83BC01CD01CA
:106F80000F94F440688779878A879B87F701408050
:106F9000518062807380C301B2010F94F4404B01B1
:106FA0005C01D601CD90DD90ED90FC90A70196019B
:106FB000C301B2010F94E84118160CF446C0A701B2
:106FC00096016C817D818E819F810F94A43887FD0D
:106FD0003FC0C701B6010F94F4409B01AC012819D2
:106FE00039094A095B09AFEFB0E00F94293F2885C2
:106FF00039854A855B85281939094A095B090F9447
:107000000A3F8091B006821759F02093B0068FEFA7
:1070100089831A8220952B83CE0101960E94163710
:107020002B960FB6F894DEBF0FBECDBFDF91CF9188
:10703000FF90EF90DF90CF90BF90AF909F908F9098
:107040007F906F905F904F900895C501B401C5CFB8
:10705000688579858A859B85C0CF4F925F926F92B4
:107060007F928F929F92AF92BF92CF92DF92EF92D8
:10707000FF920F931F93CF93DF93EC016091FA057A
:107080007091FB05072E000C880B990B0F94AB3801
:107090009B01AC01688179818A819B810F94873F34
:1070A0006B017C016091FC057091FD05072E000CC1
:1070B000880B990B0F94AB389B01AC016C817D81DF
:1070C0008E819F810F94873F4B015C01A701960140
:1070D0006091060270910702809108029091090266
:1070E0000F94A438882309F459C0C0920602D092A4
:1070F0000702E0920802F092090220911D043091EB
:107100001E0440911F0450912004C701B6010F9442
:107110000A392B013C010F942A416B017C0120E0CC
:1071200030E0A9010F94A43887FD79C020E030E059
:1071300040E450E4C701B6010F94E84118162CF45E
:10714000C12CD12CA0E4EA2EFE2CA7019601C3018C
:10715000B2010F94873F2B013C0120E030E0A901F0
:107160000F94A43887FD5FC04092190450921A040E
:1071700060921B0470921C04C701B6010F94F44086
:1071800060931804062E000C770B6F5F7F4F6330FF
:10719000710514F063E070E060931704D091010270
:1071A000C0911804A501940160910202709103023C
:1071B00080910402909105020F94A43881113CC083
:1071C000DC1393C02091F9033091FA034091FB0343
:1071D0005091FC036091190470911A0480911B0472
:1071E00090911C040F940A392091FD033091FE0305
:1071F0004091FF03509100040F94883FDF91CF919D
:107200001F910F91FF90EF90DF90CF90BF90AF90C4
:107210009F908F907F906F905F904F900895C12CBA
:10722000D12C760192CF1092190410921A04109268
:107230001B0410921C04A0CF8092020290920302C1
:10724000A0920402B0920502209121043091220400
:107250004091230450912404C501B4010F940A39CC
:107260004B015C010F942A416B017C0120E030E06E
:10727000A9010F94A43887FDF9C020E030E040E474
:1072800050E4C701B6010F94E84118162CF4C12C44
:10729000D12CF0E4EF2EFE2CA7019601C501B4011C
:1072A0000F94873F4B015C0120E030E0A9010F946F
:1072B000A43887FDDFC08092130490921404A0923A
:1072C0001504B0921604C701B6010F94F440609300
:1072D0001204062E000C770B6F5F7F4F6330710531
:1072E00014F063E070E06093110400911204DC1369
:1072F00005C080910002801709F46DC0C09301029F
:1073000000930002002E000C110B24E0C202C00109
:107310001124FC01E00FF11FEE0FFF1FEE0FFF1F06
:10732000E65EF94F208131814281538120930D0423
:1073300030930E0440930F0450931004C091110435
:107340000C2E000CDD0BFC01EC0FFD1FEE0FFF1FE0
:10735000EE0FFF1FE65EF94F60817181828193819C
:107360000F94873F6093090470930A0480930B0481
:1073700090930C048091170424E08202C001112430
:10738000FC01E00FF11FEE0FFF1FEE0FFF1FE65E87
:10739000F94F20813181428153812093050430933C
:1073A00006044093070450930804C80FD91FCC0F5C
:1073B000DD1FCC0FDD1FC65ED94F688179818A81C0
:1073C0009B810F94873F6093010470930204809324
:1073D0000304909304048090130490901404A090EC
:1073E0001504B09016042091090430910A044091CC
:1073F0000B0450910C04C501B4010F940A3920917B
:107400000D0430910E0440910F04509110040F941C
:10741000883F6B017C01C092FD03D092FE03E09295
:10742000FF03F09200042091010430910204409186
:10743000030450910404C501B4010F940A3920914A
:1074400005043091060440910704509108040F94FC
:10745000883FA70196010F94873F6093F9037093CB
:10746000FA038093FB039093FC03ACCEC12CD12C88
:10747000760112CF10921304109214041092150486
:107480001092160420CFCF93DF93CDB7DEB72C97A1
:107490000FB6F894DEBF0FBECDBF882331F0209128
:1074A000040630910506232B19F190917B0C981757
:1074B000F9F00E945ED08CE0E6E8F2E0DE01119681
:1074C00001900D928A95E1F7CE0101960E942D3828
:1074D00080917B0C8823A9F043E75CE06FE67CE0B9
:1074E0008BE69CE00E9473CF10927B0C0E9442E2DC
:1074F0002C960FB6F894DEBF0FBECDBFDF91CF91B3
:10750000089581E080937B0C8BE69CE00E9441CF44
:10751000EDCF90917B0C81E089270C94433A80E079
:107520000E94433A10920706109206061092050632
:10753000109204061092FD051092FC051092FB05B6
:107540001092FA05EAE1F6E080E090E0A0ECBFE7F7
:1075500080839183A283B38384839583A683B78337
:1075600080879187A287B38784879587A687B78707
:10757000709626E0EA35F20759F70895CF92DF9228
:10758000EF92FF920F931F93CF93DF93CDB7DEB7A8
:107590002C970FB6F894DEBF0FBECDBF6B017C01F8
:1075A000142FAC019B016091840670918506809137
:1075B0008606909187060F94A438882309F494C016
:1075C00000917B0C80E00E94433A20E030E0A9016A
:1075D000C701B6010F94E84118161CF0C12CD12C3C
:1075E0007601C0928406D0928506E0928606F092DB
:1075F00087062DEB37E346E855EBC701B6010F943C
:10760000E84187FD0BC02DEB37E346E855E3C701A2
:10761000B6010F94A43818160CF062C0A7019601A9
:1076200060E070E080E89FE30F94824060937C0606
:1076300070937D0680937E0690937F0680EF9FEF88
:10764000A9E7B4EC8093800690938106A09382060C
:10765000B0938306002309F447C080916B0C90918E
:107660006C0CA0916D0CB0916E0C89839A83AB83E6
:10767000BC8380916F0C9091700CA091710CB091B3
:10768000720C8D839E83AF83B8878091730C909129
:10769000740CA091750CB091760C89879A87AB8792
:1076A000BC8781E00E94433A1123F1F04CE050E0A6
:1076B0006BE67CE0CE0101960F94A242892BA1F0EB
:1076C0002C960FB6F894DEBF0FBECDBFDF91CF91E1
:1076D0001F910F91FF90EF90DF90CF900C94BFEF30
:1076E00060E070E0CB01A2CF2C960FB6F894DEBF1D
:1076F0000FBECDBFDF91CF911F910F91FF90EF9003
:10770000DF90CF9008956091A0057091A1058091C0
:10771000A2059091A30541E00C94BE3ACF92DF926E
:10772000EF92FF926091040670910506072E000CFF
:10773000880B990B0F94AB386B017C012DEB37E371
:1077400046E855EB0F94E84187FD0BC02DEB37E37E
:1077500046E855E3C701B6010F94A43818160CF09B
:1077600043C0A701960160E070E080E89FE30F94BA
:10777000824060931D0470931E0480931F049093B5
:1077800020046091060670910706072E000C880BF6
:10779000990B0F94AB386B017C012DEB37E346E876
:1077A00055EB0F94E84187FD0AC02DEB37E346E81F
:1077B00055E3C701B6010F94A4381816CCF4A701FD
:1077C000960160E070E080E89FE30F948240609350
:1077D0002104709322048093230490932404FF9047
:1077E000EF90DF90CF90089560E070E0CB01C1CFC3
:1077F00060E070E0CB01EBCFCF92DF92EF92FF928F
:107800006B017C0183E3C816D104E104F10470F03C
:1078100082E3C81AD108E108F10862E370E080E071
:1078200090E00F9467200E94AACAECCFC701B6016E
:107830000F946720FF90EF90DF90CF900C94AACA2E
:10784000CF9380916F00C82FC27081FF05C08091D7
:107850006F008D7F80936F00809155158093541534
:10786000809353158093521584E6809351150E949E
:1078700008D488EE93E090931B1280931A12CC23C5
:1078800029F080916F00826080936F0081E0809387
:10789000A2060E945ED08EEF0E94B5E1CF910C94BB
:1078A00042E21092A40C10924C0C0895DC01EC9171
:1078B0008E2F90E0FC01EE0FFF1FE80FF91FEF5134
:1078C000FB4E80818F7B80830895009781F4109216
:1078D000900082E0809391001092950010929400A5
:1078E000C19A809171008260809371000895813007
:1078F000910569F41092A00082E08093A10010929B
:10790000A5001092A40089BB80937200089502978D
:1079100061F41092200182E08093210110922501F0
:10792000109224018ABB8093730008957F928F92F6
:107930009F92AF92BF92CF92DF92EF92FF920F93FE
:107940001F93CF93DF93EC017B018881843208F091
:10795000C4C090E0FC01EE0FFF1FE80FF91FEF51CC
:10796000FB4E808161E08F730F94D81E19821A82BA
:1079700088812CE0622F0F944B3F829FB00111242D
:1079800030E020E0AB01420F531FFA01EE0FFF1F62
:10799000E40FF51FEF51FB4E908196FD08C02F5F5D
:1079A0003F4F2C30310571F790E00E94653C7880A4
:1079B000072D10E06801CC0CDD1CF601E00FF11F73
:1079C000EF51FB4E80818064808377FC86C080E22B
:1079D000E81682E0F8060CF03FC08A8128E532E024
:1079E000281B310987FD3395220F331F220F331FC8
:1079F000032E000C440B550B898178E8872E912CBF
:107A0000881A910887FD9394880C991C880C991CFE
:107A1000092C000CAA08BB0860E070E0CB01F7FC61
:107A20000AC0B701653B710514F064EB70E0072EE6
:107A3000000C880B990B281939094A095B090F9426
:107A4000D83E24EB30E040E050E00F940A3F820E35
:107A5000931EA41EB51E740183E28715D8F02981F8
:107A600088E890E0821B910927FD9395880F991F64
:107A7000880F991FE816F90604F502972FB7F894B6
:107A8000E601C00FD11FCF51DB4E880F991F9A839B
:107A900089832FBF62E370E080E090E0DF91CF91B7
:107AA0001F910F91FF90EF90DF90CF90BF90AF901C
:107AB0009F908F907F900C94FC3B2A8188E592E008
:107AC000821B910927FD9395880F991F880F991F95
:107AD000E816F90694F6C701D0CFDF91CF911F9138
:107AE0000F91FF90EF90DF90CF90BF90AF909F905D
:107AF0008F907F900895CF93DF93EB01682F70E014
:107B00008EE495E10E94963C688179818A819B810F
:107B1000643F21E072078105910520F464EF71E074
:107B200080E090E00E94FC3B89B183FB882780F9CC
:107B3000DF91CF9108958F929F92AF92BF92CF9293
:107B4000DF92EF92FF92CF93DF9300D01F92CDB7D9
:107B5000DEB7B82E84EF91E0A0E0B0E089839A838D
:107B6000AB83BC83BE016F5F7F4F80EA0E947B3D89
:107B70009EEEC92E92E0D92EE12CF12CC982DA8238
:107B8000EB82FC82BE016F5F7F4F8AE50E947B3DE6
:107B90008091F90581113CC0BB20D1F1C982DA8204
:107BA000EB82FC82BE016F5F7F4F8AE00E947B3DCB
:107BB00086E9882E912CA12CB12C89829A82AB82E5
:107BC000BC82BE016F5F7F4F8CE80E947B3D898243
:107BD0009A82AB82BC82BE016F5F7F4F82E80E94B7
:107BE0007B3D89829A82AB82BC82BE016F5F7F4FF0
:107BF0008CE80E947B3DC982DA82EB82FC82BE0166
:107C00006F5F7F4F8AE50E947B3D81E08093F9059D
:107C10000F900F900F900F90DF91CF91FF90EF900A
:107C2000DF90CF90BF90AF909F908F9008951F925C
:107C30000F920FB60F9211240BB60F922F933F9312
:107C40004F935F936F937F938F939F93AF93BF9364
:107C5000EF93FF9348E251E064E271E082E090E04C
:107C60000E94FF27FF91EF91BF91AF919F918F915C
:107C70007F916F915F914F913F912F910F900BBE2C
:107C80000F900FBE0F901F9018951F920F920FB676
:107C90000F9211240BB60F922F933F934F935F9344
:107CA0006F937F938F939F93AF93BF93EF93FF93C4
:107CB00048EA50E064EA70E081E090E00E94FF272B
:107CC000FF91EF91BF91AF919F918F917F916F91B4
:107CD0005F914F913F912F910F900BBE0F900FBE70
:107CE0000F901F9018951F920F920FB60F921124AC
:107CF0000BB60F922F933F934F935F936F937F93A6
:107D00008F939F93AF93BF93EF93FF9348E950E016
:107D100064E970E090E080E00E94FF27FF91EF911E
:107D2000BF91AF919F918F917F916F915F914F9193
:107D30003F912F910F900BBE0F900FBE0F901F9091
:107D400018958F929F92AF92BF92CF92DF92EF924F
:107D5000FF920F93CF93DF931F92CDB7DEB75C01F5
:107D60007B0149016B01C40ED51EF5018081918113
:107D70000F94C23E8983002311F0F7018083BE0176
:107D80006F5F7F4FC4010F941401F50180819181D1
:107D9000019691838083FFEFEF1AFF0AEC14FD0434
:107DA00021F780E00F90DF91CF910F91FF90EF903E
:107DB000DF90CF90BF90AF909F908F90089590915B
:107DC000C00095FFFCCF8093C6000895CF93DF934A
:107DD000EC01FE0184912196882319F00E94DF3E78
:107DE000F8CFDF91CF910895E091D10BF0E0E6520A
:107DF000FA4E8081882339F08EE090E10E94E63EC1
:107E00008AE00C94DF3E089580917004827149F4F9
:107E1000809172048C7829F480917304837009F442
:107E200075C082E40E94EA32882351F00E94D12872
:107E3000609338147093391480933A1490933B14E0
:107E400083E50E94EA32882351F00E94C032609399
:107E500068147093691480936A1490936B1484E58A
:107E60000E94EA32882351F00E94C03260936C1461
:107E700070936D1480936E1490936F1488E50E9434
:107E8000EA32882351F00E94C0326093900C7093C4
:107E9000910C8093920C9093930C89E50E94EA32A6
:107EA000882351F00E94C0326093940C7093950C1B
:107EB0008093960C9093970C8AE50E94EA3288236F
:107EC000B1F00E94C0326093980C7093990C80932B
:107ED0009A0C90939B0C2DEC3CEC4CEC5DE30F94D6
:107EE000A438181624F086EB98E00E94E63E85E45C
:107EF0000E94EA32882351F00E94C03260939C0CA9
:107F000070939D0C80939E0C90939F0C08950F93FB
:107F10001F93CF93DF938B010E94E63EE801899186
:107F2000882319F00E94DF3EFACFDF91CF911F9195
:107F30000F9108958CEF96E00C94E63E6F927F923D
:107F40008F929F92AF92BF92CF92DF92EF92FF9269
:107F50000F931F93CF93DF9300D0CDB7DEB78091FF
:107F6000EC1582FBAA24A0F882FD1AC010926405C9
:107F70008FEF9FEF90936C0280936B020F900F90A6
:107F80000F90DF91CF911F910F91FF90EF90DF90B5
:107F9000CF90BF90AF909F908F907F906F900895FB
:107FA0008091D30B90916405992309F45BC08111F2
:107FB000E5CF109264050E945ED08DE497E10E94A7
:107FC000BFC48091E315882389F181508093E31524
:107FD00029E6829FC001112441E061E08457984F57
:107FE0000F94B22BE091E31584E0E89FF001112497
:107FF000E857F84F60817181828193810E94D73365
:108000000F9458298091EC1582FDB8CF8AE491E154
:108010000E94E63E19828FEF8A831B82CE01019671
:108020000E94163781E080936105A8CF0F942D2917
:108030000F94672B0E94DCD10E94A4CE0E94B286CE
:108040006D3371058105910530F086E491E19093DF
:10805000500A80934F0A1092A4050E94F69F0E9436
:10806000C529D0CF811102C010926305BB24B394FF
:108070004091E8155091E9156091EA157091EB1562
:108080008091E4159091E515A091E615B091E71562
:10809000481759076A077B0708F4B12C10E000E085
:1080A00080E6982E882483949AE0792E8091D30BD1
:1080B000843008F063CFB11061CFB0906305B11088
:1080C0005DCF8091551790915617A0915717B09199
:1080D00058178093E8159093E915A093EA15B0938B
:1080E000EB158DE497E10E94DAC26C01E82E409115
:1080F000E8155091E9156091EA157091EB158091A2
:10810000E4159091E515A091E615B091E715481793
:1081100059076A077B0750F4F12C2FEFC216D206DD
:1081200031F4FA2C14C010E000E0C0CFFA2C8AE041
:10813000E81669F02DE0E21651F083E2E81619F036
:108140002AE3E212B7C0809162058111B3C0809129
:108150006205882309F481C060905D0CE62DF0E093
:10816000E35BF34F108246E050E069E673E08DE494
:108170009CE00F94F142009709F05AC0E3E5FCE05F
:1081800030E026E0261508F048C0619140ED460F2A
:108190004A3008F042C0789EA001799E500D11240B
:1081A000CA01860F911D67FD9A95C0972F5F3A2DE2
:1081B000E9CF8BE3E81207C08092620510925D0C54
:1081C000F110CACF73CF80916205882369F0E091E6
:1081D0005D0CEF30A8F781E08E0F80935D0CF0E02E
:1081E000E35BF34FC082ECCF0F35110560F4809153
:1081F0004E0AF801989EE00DF11D1124EF5AF54F3B
:10820000C0820F5F1F4FFF2009F450CF83E2E816B2
:1082100009F44AC01092620530C03323F1F0909304
:10822000620C8093610C90936C0280936B0215C07A
:108230004CE050E060E773E08DE49CE00F94F14285
:10824000892B59F48091610C9091620C0196909366
:10825000620C8093610C97FFE6CFCD20C09409F5A6
:10826000F11006C00E949A3F8EE591E10E94E63E21
:108270001092620501151105D1F080914E0A989E69
:10828000000D111D1124F801EF5AF54F108280E006
:108290000E946923FF2009F446CF81E080936405A2
:1082A0006DCE83E2E812E4CF80926305E1CF0E94B5
:1082B000AACAF0CF2FEFC216D20609F07ACFFF205C
:1082C00009F4F4CE44CF86EF96E00C94E63E90910C
:1082D0001C1293FD0FC09091B50C91110BC04091F1
:1082E000A3145091A41420917D0230917E02421774
:1082F00053074CF040E0682F8BE00E9449A461E0F6
:1083000080E00C9424EE0E94634180E997E00E9493
:10831000E63E80E008950E94F8C60E94A4CE8091B7
:108320005102882399F00E949A3F8FE796E00E94BD
:10833000E63E60E085E796E00E94AA9F6EE571E068
:1083400080E090E00E94FC3B109251020895CF9291
:10835000DF92EF92FF921F93CF93DF9300D01F9293
:10836000CDB7DEB78EEEC82E82E0D82EE12CF12CF0
:10837000C982DA82EB82FC82BE016F5F7F4F8AE5A1
:108380000E947B3D81110EC010E0812F0F900F9055
:108390000F900F90DF91CF911F91FF90EF90DF90A2
:1083A000CF90089584EF91E0A0E0B0E089839A83B4
:1083B000AB83BC83BE016F5F7F4F80EA0E947B3D31
:1083C000C982DA82EB82FC82BE016F5F7F4F8AE551
:1083D0000E947B3D182F8823B9F20E949A3F86E5C0
:1083E00097E00E94E63E0E948B41CFCFCF92DF9272
:1083F000EF92FF92CF93DF9300D01F92CDB7DEB7FD
:108400008EEEC82E82E0D82EE12CF12CC982DA82C1
:10841000EB82FC82BE016F5F7F4F8AE00E947B3D52
:1084200081110DC0F12C8F2D0F900F900F900F9098
:10843000DF91CF91FF90EF90DF90CF90089584EF80
:1084400091E0A0E0B0E089839A83AB83BC83BE0156
:108450006F5F7F4F80EA0E947B3DC982DA82EB82A8
:10846000FC82BE016F5F7F4F8AE50E947B3DC9821F
:10847000DA82EB82FC82BE016F5F7F4F8AE00E944E
:108480007B3DC982DA82EB82FC82BE016F5F7F4F47
:108490008AE50E947B3DC982DA82EB82FC82BE01C2
:1084A0006F5F7F4F8AE00E947B3DF82E882309F49E
:1084B000B9CF0E949A3F8CE197E00E94E63E0E946D
:1084C0008B41B1CF1F93CF93DF93EC010E94F8C68D
:1084D0000E949A3F85E596E00E94E63E209711F4BF
:1084E000CCE4D6E00E9455A361E0CE010E94AA9F91
:1084F0000E94662AC0919915C695C6958091D1159E
:10850000811105C081E08093D1150F94AE21809137
:108510009A1590919B150F948721DC2FDD0F1D2F4D
:108520001C0F83E00E94982C1092CF15C093D01599
:108530008AE794E10E94522E1092CF15D093D01565
:108540008DE396E00E946F2D1092CF151093D015F9
:1085500080E396E00E946F2D88E995E10F942A242C
:108560008111DFCF89EE93E030E6019729F0232FC8
:108570002A950000E9F7F9CFF89489EE93E038EEF8
:10858000019729F0232F2A950000E9F7F9CF0E94DF
:10859000F8C68091060182FD02C0A895FACF8091AD
:1085A000060182FF02C0A895FACFF0E0E0E0DF917B
:1085B000CF911F9119947F928F929F92AF92BF9209
:1085C000CF92DF92EF92FF920F931F93CF93DF939F
:1085D0001F92CDB7DEB77C0159018B016B01C40E30
:1085E000D51E0C151D05C9F1F70180809180F80199
:1085F00071908F017982C4010F94C23E781601F107
:10860000672DC4010F94CA3EC4010F94C23E9981E4
:108610008917B1F00E94634183E695E00E94E63E2F
:1086200081E00F90DF91CF911F910F91FF90EF901C
:10863000DF90CF90BF90AF909F908F907F900895E4
:10864000BE016F5F7F4FC5010F941401F701808158
:108650009181019691838083C4CF80E0E2CFCF9255
:10866000DF92EF92FF920F931F93CF93DF93CDB7DB
:10867000DEB7A0970FB6F894DEBF0FBECDBF611571
:1086800071058105910579F100E0C42ED12CF12C02
:10869000E12CA70196010F94E83E11E0100FE1E0F4
:1086A000F0E0EC0FFD1FE00FF11D07FDFA95608370
:1086B000B901CA01012F611571058105910549F7BD
:1086C000115010F1E1E0F0E0EC0FFD1FE10FF11DA2
:1086D00017FDFA95908187E39A3008F480E3890FBB
:1086E0000E94DF3EEDCF80E3A0960FB6F894DEBF88
:1086F0000FBECDBFDF91CF911F910F91FF90EF90F3
:10870000DF90CF900C94DF3EA0960FB6F894DEBFBA
:108710000FBECDBFDF91CF911F910F91FF90EF90D2
:10872000DF90CF900895CF92DF92EF92FF926A018F
:108730007B010E94E63E4AE0C701B601FF90EF9040
:10874000DF90CF900C942F43CF93DF93EB010E94E7
:10875000E63EBE0190E080E04AE0DF91CF910C94CC
:108760002F43CF92DF92EF92FF926B017C01F7FED5
:108770000BC08DE20E94DF3EF094E094D094C09450
:10878000C11CD11CE11CF11C4AE0C701B601FF90DD
:10879000EF90DF90CF900C942F43CF93DF93EB01BA
:1087A0000E94E63EBE01DD0F880B990BDF91CF9151
:1087B0000C94B143CF9384E50E943333C0E0882307
:1087C000F9F00E949D27C82F1816D4F40E94634127
:1087D0008DE40E94DF3E6091770470917804072E4B
:1087E000000C880B990B0E94B1436C2FCC0F770BB8
:1087F0008EE09AE00E94CD438AE00E94DF3ECFEFF8
:108800008C2FCF9108958F929F92AF92BF92CF926B
:10881000DF92EF92FF92CF936B017C01B42E20E0A8
:1088200030E0A9010F94A43887FF07C08DE20E94B1
:10883000DF3EF7FAF094F7F8F094C0E060E070E003
:1088400080E09FE3CB1541F02DEC3CEC4CEC5DE37C
:108850000F940A39CF5FF6CF9B01AC01C701B60177
:108860000F94883F6B017C010F94FB404B015C012E
:108870004AE00E942F43CC2391F1C501B4010F942B
:10888000A9389B01AC01C701B6010F94873F6B016A
:108890007C018EE20E94DF3EC15008F120E030E012
:1088A00040E251E4C701B6010F940A394B015C0163
:1088B0000F94F4406B01770FEE08FF08C701B60173
:1088C0000E94B143C701B6010F94AB389B01AC01C4
:1088D000C501B4010F94873F6B017C01DDCFCF91BF
:1088E000FF90EF90DF90CF90BF90AF909F908F90D0
:1088F00008957F928F929F92AF92BF92CF92DF9214
:10890000EF92FF920F931F93CF93DF9383E097E053
:108910000E94E63EC12CD12C7601C7E0C15021F067
:1089200080E20E94DF3EFACFC701B6010E94B14348
:108930008FEFC81AD80AE80AF80AE4E0CE16D10484
:10894000E104F10451F78AE00E94DF3ECAE1D6E07B
:10895000C12CD12C760180E20E94DF3EC701B60116
:108960000E94B1438E0184E0782E80E20E94DF3EB7
:10897000F80180809180A280B380A5019401C50197
:10898000B4010F947A428823B9F180E20E94DF3E5D
:108990008DE30E94DF3E8DE30E94DF3E8DE30E9467
:1089A000DF3E8DE30E94DF3E8DE30E94DF3E7A943E
:1089B000005F1F4F7110D9CF8AE00E94DF3EFFEFAA
:1089C000CF1ADF0AEF0AFF0A249684E0C816D10402
:1089D000E104F10409F0BFCF8AE0DF91CF911F914C
:1089E0000F91FF90EF90DF90CF90BF90AF909F904E
:1089F0008F907F900C94DF3E20E030E0A901C5010C
:108A0000B4010F94E84187FD03C08BE20E94DF3E72
:108A100043E0C501B4010E940344C9CFCF92DF9265
:108A2000EF92FF926A017B010E94E63E42E0C7019D
:108A3000B601FF90EF90DF90CF900C9403442F92FB
:108A40003F924F925F926F927F928F929F92AF92DE
:108A5000BF92CF92DF92EF92FF920F931F93CF932B
:108A6000DF93CDB7DEB7C255D1090FB6F894DEBF9C
:108A70000FBECDBF70E060E085E40E9465338823BF
:108A8000F1F08AE593E10E94E63ECE5ADF4F0FB641
:108A9000F894DEBF0FBECDBFDF91CF911F910F9134
:108AA000FF90EF90DF90CF90BF90AF909F908F900E
:108AB0007F906F905F904F903F902F90089565E06A
:108AC00070E083E40E946533B82E60E085E50E9483
:108AD00080332F968FAF2F9740E050E066E173E42C
:108AE00083E50E9440330F94F440072E000C880B5E
:108AF000990B0F94AB3869877A878B879C871D8287
:108B00001E821F8218860F949A206F8F78A389A3E4
:108B10009AA309851A852B853C8509AF1AAF2BAF1F
:108B20003CAF6091690270916A026F507109072E23
:108B3000000C880B990B0F94AB389B01AC0169AD0D
:108B40007AAD8BAD9CAD0F94E84118161CF48FE202
:108B500093E199CF2F8D38A149A15AA1205C3346CA
:108B60004F4F5F4F2B962CAF3DAF4EAF5FAF2B9764
:108B70008BE193E10E94E63E0E94F8C68FE7809366
:108B8000A51481E080936D0280919F149091A014B0
:108B9000A091A114B091A21489839A83AB83BC8362
:108BA0001092B0060E94B9CD2E966DAF7EAF8FAFFA
:108BB0002E978F8D98A1A9A1BAA189AB9AABABAB27
:108BC000BCAB22968CAF9DAFAEAFBFAF22971DA6B8
:108BD0001EA61FA618AA19A61AA61BA61CA61B8AA3
:108BE0001C8A1D8A1E8A62961FAE629700E40B8F54
:108BF0001CE11BA306E463960FAF63971CA21DA2A2
:108C00001EA21FA223961FAE239727961CAE1DAE51
:108C10001EAE1FAE27972FE730E040E050E02F8BCD
:108C2000388F498F5A8FFFE74F2E512C612C712CB2
:108C30001DAA1EAA1FAA18AE01E008A7312C212CDC
:108C40000B2DBB0C110B61961FAF0EAF619780917E
:108C50006D02882309F4F1C10F949A206B017C0105
:108C60001091AF061DAF112309F4D1C10E94C3C7F3
:108C700080909F149090A014A090A114B090A21482
:108C8000C401D5018D839E83AF83B8872CA13DA1FC
:108C90004EA15FA1B401C5010F94E841181624F458
:108CA0008CA29DA2AEA2BFA262962FAD62973B8D11
:108CB0004BA163965FAD6397B401C5010F94A438CF
:108CC00087FF08C062968FAE62979B8EABA26396B9
:108CD000BFAE6397AE01475F5F4FBE016B5F7F4FD3
:108CE000CE0101960E949D3708A50023E1F18984F9
:108CF0009A84AB84BC842D813E814F815885B40118
:108D0000C5010F94A43887FF82C1B701A60189A9C4
:108D10009AA9ABA9BCA9481B590B6A0B7B0BDB01B9
:108D2000CA0188589341A109B109B7FD70C1D301A7
:108D3000C2010F89188D298D3A8D801B910BA20BD2
:108D4000B30BB595A795979587958093A5144DABD3
:108D50005EAB6FAB78AF8CA29DA2AEA2BFA2CF8E4E
:108D6000D8A2E9A2FAA22D813E814F81588569855A
:108D70007A858B859C850F94E841181614F018A607
:108D800046C1D701C6012F8D38A149A15AA1821B26
:108D9000930BA40BB50BAC01BD01485853416109BD
:108DA000710977FDECCF2114310409F40DC18DA8B0
:108DB0009EA8AFA8B8AC880E991EAA1EBB1E2DA9EE
:108DC0003EA94FA958AD281B390B4A0B5B0B6F8985
:108DD000788D898D9A8D0F94D83EA50194010F94BA
:108DE0000A3FDA01C901840D951DA61DB71D843106
:108DF0009105A105B1050CF42DC12C013D013CEEFE
:108E000043165104610471042CF05BEE452E512C85
:108E1000612C712C80389105A105B1050CF428C195
:108E20008EEF90E0A0E0B0E084199509A609B7099B
:108E30008F8B988FA98FBA8F83E193E10E94E63ED2
:108E4000C301B2010E94B1438EE093E10E94E63E6D
:108E50006F89788D898D9A8D0E94B14362964FAD4E
:108E600062975B8D6BA163967FAD639787E093E11B
:108E70000E940E454CA15DA16EA17FA180E093E10F
:108E80000E940E4513E0211631040CF49DC06F8939
:108E9000788D898D9A8D0F94AB3820E030E040E8D2
:108EA00050E40F940A396B8B7C8B8D8B9E8B629672
:108EB0002FAD62973B8D4BA163965FAD63976CA11D
:108EC0007DA18EA19FA10F94873F2BED3FE049E448
:108ED00050E40F940A3920E030E040E05FE30F9463
:108EE0000A399B01AC016B897C898D899E890F941D
:108EF00082406B8F7C8F8D8F9E8FC501B4010F9444
:108F0000AB382FE632E143E85AE30F940A394B01BC
:108F10005C012AE939E949E15FE36B8D7C8D8D8D38
:108F20009E8D0F940A396B8B7C8B8D8B9E8B9B0156
:108F3000AC01C501B4010F940A3920E030E040E0F3
:108F40005EE30F940A396DA77EA78FA798AB2B8994
:108F50003C894D895E89CA01B9010F94883FA501FA
:108F600094010F94824069A77AA78BA79CA74B8D89
:108F70005C8D6D8D7E8D8AEF92E10E940E45B5016C
:108F8000A40184EF92E10E940E4584EE92E10E94DA
:108F9000E63E4B895C896D897E898EED92E10E9467
:108FA0000E4549A55AA56BA57CA588ED92E10E94C6
:108FB0000E454DA55EA56FA578A982ED92E10E94B0
:108FC0000E458AE00E94DF3E8F89988DA98DBA8D6B
:108FD000840D951DA61DB71DB595A79597958795E9
:108FE0008093A5142FEF221A320A098562960FAFDB
:108FF00062971A851B8F0B850BA31C8563961FAF89
:109000006397C9AADAAAEBAAFCAA0DAD08A720E0CB
:1090100030E040EA51E469857A858B859C850F9420
:10902000883F2D813E814F8158850F94A43887FF5A
:1090300024C087EA92E10E94E63E0E94F8C62E967E
:109040000DAD1EAD2FAD2E97088B198B2A8BCE013F
:10905000409640C144E1442E512C612C712C04E116
:1090600010E020E030E00F8B188F298F3A8FE4CE8C
:109070004F8A588E698E7A8EDFCED701C60122962E
:109080002CAD3DAD4EAD5FAD2297821B930BA40B73
:10909000B50BB7FD56C080E00E94B5ED8AE00E9496
:1090A000DF3ED701C6018053984FAF4FBF4F229686
:1090B0008CAF9DAFAEAFBFAF229723960FAD239776
:1090C000011173C08D809E80AF80B88427962CAD2F
:1090D0003DAD4EAD5FAD2797C501B4010F94E8419A
:1090E00018160CF04CC020E030E040E050E4C50120
:1090F000B4010F94883F27966CAF7DAF8EAF9FAFC2
:109100002797A7019601205C33464F4F5F4F2B9660
:109110002CAF3DAF4EAF5FAF2B9720E030E040EC7F
:1091200050E469AD7AAD8BAD9CAD0F94873FA5013E
:1091300094010F94A438881F8827881F23968FAF27
:109140002397D701C601880F991FAA1FBB1F4F8DF8
:1091500058A169A17AA109A91AA92BA93CA9400F74
:10916000511F621F731F841B950BA60BB70B813811
:109170009F44A241B10588F185E492E15CCFD7011B
:10918000C6012B960CAD1DAD2EAD3FAD2B97801BB0
:10919000910BA20BB30B46E852E168E972E1B7FD0F
:1091A000D0CF80E00E94DFC7CCCF20E030E040EAA3
:1091B00051E469857A858B859C850F94873F2D8145
:1091C0003E814F8158850F94E84118160CF0B9CFB5
:1091D00043E652E166E772E1E4CF61960EAD1FAD62
:1091E0006197021513050CF078C013E021163104C5
:1091F0000CF473C088EE91E10E94E63E8BEC91E1A5
:109200000E94E63E4B895C896D897E8984EE91E1FE
:109210000E940E458AE00E94DF3E8BEC91E10E94A5
:10922000E63E49A55AA56BA57CA580EE91E10E947A
:109230000E458AE00E94DF3E8BEC91E10E94E63E03
:109240004DA55EA56FA578A98CED91E10E940E4514
:109250008AE00E94DF3E2F960FAD2F97002381F109
:109260002B893C894D895E892093A6143093A714DD
:109270004093A8145093A9142CEA35EC47E25EE31E
:1092800069A57AA58BA59CA50F940A396093AA14A9
:109290007093AB148093AC149093AD142CEA35EC1E
:1092A00047E25EE36DA57EA58FA598A90F94824045
:1092B0006093AE147093AF148093B0149093B11474
:1092C0002E968DAD9EADAFAD2E978D879E87AF87C5
:1092D000CE010D960E941637D8CB0E946FA0B7CC56
:1092E0008DE00E94DF3E8AE00C94DF3EEAE7F4E086
:1092F0008081818381E190E10E94E63E6091721459
:109300007091731480917414909175146F5F7F4FF6
:109310008F4F9F4F0E94B1430E9470490C94F43EBE
:109320000F931F93CF938C01C62F83EE9FE00E9473
:10933000E63EC8010E94E63E8AE30E94DF3E6C2FB3
:1093400070E090E080E00E94B143CF911F910F91B7
:109350000C9470492F923F924F925F926F927F923E
:109360008F929F92AF92BF92CF92DF92EF92FF9235
:109370000F931F93CF93DF93CDB7DEB762970FB6EE
:10938000F894DEBF0FBECDBF83E50E94EA32109194
:109390007B0C882341F00E94B127182F811103C054
:1093A00080E00E94433A80916B0C90916C0CA091EC
:1093B0006D0CB0916E0C89839A83AB83BC838091D2
:1093C0006F0C9091700CA091710CB091720C8D8308
:1093D0009E83AF83B8878091730C9091740CA09199
:1093E000750CB091760C89879A87AB87BC8786E528
:1093F0000E94EA32682E8091040690910506892B1E
:1094000009F4AAC083E40E94EA32882309F40FC158
:109410000E94C0321B012C01712CA12C88EC898B7D
:1094200092EC9A8BB12CC12CE8ECEF87F2E4F88B2C
:1094300084E08D879D8591509D879F3FC9F1E4E031
:10944000EE87F4E09F9F400111248E8581508E8726
:109450008F3F81F3F401E80FF11DEE0FFF1FEE0FB8
:10946000FF1FE65EF94FD080E180F28003812B2D53
:109470003C2D4F8558896D2D7E2D8F2D902F0F946B
:10948000A43887FF04C0BD2CCE2CFF86088B272D67
:109490003A2D49895A896D2D7E2D8F2D902F0F944D
:1094A000E841181694F67D2CAE2CF98A0A8BCDCFA4
:1094B000272D3A2D49895A896B2D7C2D8F859889C6
:1094C0000F94883F20E030E040E05FE30F940A39DA
:1094D000A20191010F94883F1B012C012DEB37E372
:1094E00046E855EB0F94E84187FD0BC02DEB37E3C1
:1094F00046E855E3C201B1010F94A43818160CF0E8
:1095000096C080E00E94433A94E0D92EDA94EFEFBF
:10951000DE1609F48CC004E0F4E0DF9E5001112453
:109520000150A0F37501E00EF11CEE0CFF1CEE0CD7
:10953000FF1CC701865E994F7C01A2019101FC01CD
:1095400060817181828193810F94873FF7016083ED
:10955000718382839383E4CF111103C0662009F4E1
:1095600070C00E94634184E298E00E94E63E1123AD
:1095700051F080917B0C811106C00E949A3F85E0DA
:1095800098E00E94E63E0E94634187EF97E00E94C8
:10959000E63E80917B0C811162C085EB9FE00E94CA
:1095A000E63E8AE00E94DF3E0E9463418AEE97E039
:1095B0000E94E63EC0908406D0908506E090860624
:1095C000F090870620E030E0A901C701B6010F94B2
:1095D000E84118160CF046C042E0C701B6010E94EF
:1095E00003440E9470494CE050E06BE67CE0CE0101
:1095F00001960F94A242892BD1F162960FB6F8948E
:10960000DEBF0FBECDBFDF91CF911F910F91FF90B5
:10961000EF90DF90CF90BF90AF909F908F907F9012
:109620006F905F904F903F902F900C94BFEF66200B
:1096300041F08091040690910506892B11F00E945B
:1096400079448AE50E94EA32882329F00E94C032D8
:1096500040E00E94BE3A812F0E94433A88CF89EBB6
:109660009FE09DCF85EE97E00E94E63EBCCF6296DC
:109670000FB6F894DEBF0FBECDBFDF91CF911F9123
:109680000F91FF90EF90DF90CF90BF90AF909F90A1
:109690008F907F906F905F904F903F902F900895A4
:1096A000CF93DF93EC018991882319F00E94DF3E6C
:1096B000FACFDF91CF910C94704980917A04909108
:1096C0007B042FEF3FEF981751F0E92FF0E0E658B9
:1096D000FB4F228130E09F5F9F7790937B04C9010D
:1096E0000895CF92DF92EF92FF920F931F93CF9343
:1096F000DF9300E68091D30B843008F04CC1809159
:109700007A0490917B04891B8F7709F444C10E94ED
:109710005D4BAC0197FDEECF209170143091711428
:109720008A3019F08D3009F003C1109260052115BF
:10973000310519F40E94AACADDCF20503B4FF90130
:1097400010821092711410927014C0E0D5E0FE01E6
:109750008191803209F443C08E3409F0D5C061E4B0
:1097600071E1CE010F9421387C01892B41F06EE428
:1097700070E0CE0104960F94D642009709F4CE0112
:109780004AE050E070E060E001960F94A335AB0131
:10979000BC014093FC045093FD046093FE0470935D
:1097A000FF048091721490917314A0917414B0917D
:1097B00075140196A11DB11D481759076A077B074B
:1097C00081F0EF2871F48EE091E1DF91CF911F914C
:1097D0000F91FF90EF90DF90CF900D947303EF0106
:1097E000B6CF6AE270E0CE010F940E439C01009761
:1097F00001F1982F9C1B10E0992339F09150FE0144
:10980000E90FF11D80811827F7CF4AE050E070E0A2
:1098100060E0C90101960F94A335C12ED12CF12C23
:10982000E12C6C157D058E059F0531F08FEE90E1E2
:10983000CCCF85EC90E1C9CF8091FC049091FD04E0
:10984000A091FE04B091FF0480937214909373145E
:10985000A0937414B09375148091510281111CC0AF
:1098600067E470E0CE010F94D6420097A9F04AE079
:1098700050E070E060E001960F94A335643071050C
:109880008105910548F484E290E10E94E63E60E0A3
:109890008AE190E10E94AA9F6DE773E0CE010F94E8
:1098A000E142892B21F410926D021092AA0562E820
:1098B00073E0CE010F94E142892B21F490E080E027
:1098C0000E94624267E873E0CE010F94E142892B67
:1098D00011F40E94203C809100058B3309F40ACFDB
:1098E0008091D30B843008F005CF80914E0A809F81
:1098F000C001112460E075E08F5A954F0F94EA4241
:1099000081E00E946923F6CE8091EC1580FFA4CF00
:1099100069E472E4CE010F942138009731F0FC0124
:10992000838180538A3008F097CF8BE990E14DCF47
:109930002F3531050CF0DECE8C35C1F40E945D4B25
:1099400097FDD8CE209160052111D4CE20917014BE
:1099500030917114A9014F5F5F4F50937114409380
:10996000701420503B4FF9018083C4CE8B3321F417
:1099700081E080936005BECE809160058111BACEF2
:10998000C9010196909371148093701420503B4F3D
:10999000F9014083AFCEDF91CF911F910F91FF90DE
:1099A000EF90DF90CF9008952F923F924F925F9269
:1099B0006F927F928F929F92AF92BF92CF92DF92DF
:1099C000EF92FF920F931F93CF93DF9300D000D0BD
:1099D0001F92CDB7DEB789830E946FA00F949A20A3
:1099E0006B017C0100910A020A830023F1F080914F
:1099F00055048823D1F04091E2035091E303609134
:109A0000E4037091E50397018601041B150B260BF7
:109A1000370BB901A80177FD1BC0833009F4CFC013
:109A20000CF0BEC081300CF0C3C01A81212F30E091
:109A3000A8EEB3E00F943C3FC60ED71EE81EF91EF9
:109A4000C092E203D092E303E092E403F092E503D4
:109A50008091D30B843020F40E94714B0E949E3F72
:109A60000F949A206B017C0180914D0490914E04DB
:109A7000A0914F04B09150040097A105B10539F1B0
:109A80004091420C5091430C6091440C7091450CF4
:109A9000840F951FA61FB71FA7019601281B390B1E
:109AA0004A0B5B0BDA01C901B7FD11C00E949A3F56
:109AB00060914A0C70914B0C86EF95E00E94873FB5
:109AC0008AE00E94DF3E90E080E00E946242809146
:109AD0000B0290910C02A0910D02B0910E02009722
:109AE000A105B10589F03091541520915515321713
:109AF00009F46AC00F949A206093420C7093430C4F
:109B00008093440C9093450C209106018091EE03C4
:109B10009091EF0322FD98C001969093EF038093FC
:109B2000EE038091EE039091EF038E3E924054F04D
:109B30000E949A3F86ED95E00E94E63E90E080E02C
:109B40000E9462428091EA039091EB03A091EC03A2
:109B5000B091ED0397018601081B190B2A0B3B0BF3
:109B6000D901C801B7FD88C1909154158091551550
:109B70006091A40C981709F46DC0E091551516E595
:109B8000E19FF0011124E55FF24F6081809155154E
:109B900090915415981709F45DC08F5F8F70F8CFBE
:109BA000843009F042CF0E94634185E995E004C00A
:109BB0000E94634184EC95E00E94E63E36CF0E940D
:109BC00063418DEA95E0F8CF20918707211139C0D4
:109BD0000981011136C04091420C5091430C6091B3
:109BE000440C7091450C840F951FA61FB71FA70149
:109BF0009601281B390B4A0B5B0BDA01C901B7FD33
:109C000020C08091F00381117FCF81E08093F00329
:109C10005F9A8091480C8E7F8093480C8A9A80913D
:109C2000480C8D7F8093480C80910801809581704D
:109C3000809306018091480C8B7F8093480C129A88
:109C400063CF1092F00360CF181619060CF069CF9D
:109C5000019763CF70E089E00F94901F8091AE066A
:109C6000882309F4FCC020903D0230903E02009110
:109C70003F020F83109140021E836091A3147091E4
:109C8000A4146E5F7F4F072E000C880B990B0F9466
:109C9000AB389101A8010F94A43887FDE0C0009172
:109CA000551509831A821B821C821D8280915415CE
:109CB0001981811709F460C0812F90E026E5289F63
:109CC000F001299FF00D1124E654F34F4589568980
:109CD0006789708D452B462B472B81F4418D528D22
:109CE000638D748D452B462B472B41F4458D568D46
:109CF000678D70A1452B462B472BC9F136E5389F60
:109D00008001399F100D11240654134FF801618111
:109D10007281838194810F9436424B015C01F8017A
:109D200061A172A183A194A10F94A9382B013C01D8
:109D3000F80165A176A187A190A50F94A9389B0190
:109D4000AC01C301B2010F948240A50194010F94AC
:109D50000A395B018C012A813B814C815D810F9422
:109D6000E841181624F4AA82BB820C831D838981E2
:109D70008F5F8F7089839ACF209141023091420288
:109D800040914302509144026A817B818C819D8184
:109D90000F940A3991014F815E810F94883F5B01D6
:109DA0008C019B01AC01B1018F819E810F94E84130
:109DB0001816B4F02090390230903A02F0913B022C
:109DC000FF8320913C022E8391014F2F5E81B501CC
:109DD000C8010F94E84118161CF015010F831E836B
:109DE0008090E6039090E703A090E803B090E90329
:109DF00091014F815E81C501B4010F94E8411816AD
:109E0000E4F420E037ED43EA5CE3B1018F819E8109
:109E10000F940A392B013C0128E431EE4AE75FE355
:109E2000C501B4010F940A399B01AC01C301B20111
:109E30000F94883F1B018F839E83C101AF81BE8138
:109E40008093E6039093E703A093E803B093E903BC
:109E5000B101CD010F94F440CB010E94DCCF34E678
:109E6000C30ED11CE11CF11CC092EA03D092EB039B
:109E7000E092EC03F092ED030E94AACA80919D0645
:109E8000813009F072C00F949A206B017C0180919F
:109E9000F5039091F603A091F703B091F8039701B1
:109EA0008601081B190B2A0B3B0BD901C801B7FD12
:109EB0003AC080909E0690909F06A090A006B09019
:109EC000A1060E94B286AB01BC0140939E0650934E
:109ED0009F066093A0067093A1068091060890915A
:109EE0000708A0910808B091090888199909AA09DA
:109EF000BB09840F951FA61FB71F80930608909378
:109F00000708A0930808B0930908D701C601805F2D
:109F1000984DAF4FBF4F8093F5039093F603A093F6
:109F2000F703B093F8038091F1039091F203A091AD
:109F3000F303B091F403A7019601281B390B4A0BD8
:109F40005B0BDA01C901B7FD10C030E8C30E3EEE6D
:109F5000D31EE11CF11CC092F103D092F203E092F7
:109F6000F303F092F4030E9482CE0E94219F80911D
:109F70004804882309F445C00F949A2000914404B2
:109F8000109145042091460430914704601B710BE9
:109F9000820B930B97FD35C00F949A206B017C01C7
:109FA0002091480430E0A8EEB3E00F943C3FC60E89
:109FB000D71EE81EF91EC0924404D0924504E092D8
:109FC0004604F092470480E00E94B5ED8AE02796AF
:109FD0000FB6F894DEBF0FBECDBFDF91CF911F91BA
:109FE0000F91FF90EF90DF90CF90BF90AF909F9038
:109FF0008F907F906F905F904F903F902F900C9438
:10A00000DF3E27960FB6F894DEBF0FBECDBFDF91BF
:10A01000CF911F910F91FF90EF90DF90CF90BF9065
:10A02000AF909F908F907F906F905F904F903F90F8
:10A030002F9008952F923F924F925F926F927F924E
:10A040008F929F92AF92BF92CF92DF92EF92FF9248
:10A050000F931F93CF93DF93CDB7DEB76E970FB6F5
:10A06000F894DEBF0FBECDBF80911C1283FDC9C125
:10A0700083E50E9433338D87882309F4BDC10E9494
:10A08000C0326B017C0120E030E040EA50E40F94E4
:10A09000E84118160CF4CEC1C701B6010E94132482
:10A0A0008C019EE680E00E36110514F4902F812F6E
:10A0B0009093DC0B8093DD0B0E945ABB0630110598
:10A0C00014F00E944ACE6091DC0B7091DD0B072EDC
:10A0D000000C880B990B0F94AB382091D80B309162
:10A0E000D90B4091DA0B5091DB0B0F94E841181615
:10A0F0000CF4A7C18DEA91E160E00E94AA9F81E083
:10A1000080936D022091D80B3091D90B4091DA0BDE
:10A110005091DB0B2E873F87488B598B8FE78093BD
:10A12000B006212C312C30E83E834FEB4F8319864B
:10A130001A861B861C861A8A1B8A1C8A1D8A188608
:10A140001B8E5CE35C8F8CE18D8F96E49E8FA1E08B
:10A15000AE8B812C912C54016091DC0B7091DD0B46
:10A16000072E000C880B990B0F94AB387B018C01E8
:10A1700091014E815F810F94A4388823B1F0209122
:10A18000D80B3091D90B4091DA0B5091DB0BBD8588
:10A19000B701C801B11158C10F94A438881F88278E
:10A1A000881F888717010E831F830F949A206B01E5
:10A1B0007C01DC01CB012A893B894C895D89821BAA
:10A1C000930BA40BB50BB7FD2EC0D701C601885168
:10A1D0009C4FAF4FBF4F8A8B9B8BAC8BBD8B80E06E
:10A1E0000E94B5ED89EA91E10E94E63E8114910456
:10A1F000A104B10409F438C1C501B401605F784D10
:10A200008F4F9F4F6C197D098E099F0928EE33E00F
:10A2100040E050E00F94E83ECA01B9010E94B1430A
:10A220008AE00E94DF3E80E00E94D44C0F949A2086
:10A230006093420C7093430C8093440C9093450CB4
:10A240009091D80B9C83A091D90BAD830091DA0B30
:10A250001091DB0BB885B1114FC0B1018E819F8188
:10A260000F94F4406F8B788F898F9A8F6E857F85DE
:10A27000888999890F94F4402B013C012C813D8100
:10A28000A8016E857F85888999890F94E841181601
:10A290000CF4EEC091014E815F816C817D81C8011B
:10A2A0000F94E84118160CF4E6C06C817D81C8015A
:10A2B0000F94F4409B01AC01241935094609570954
:10A2C000AFEFB0E00F94293F2F89388D498D5A8D1B
:10A2D00024193509460957090F940A3F8091B006A1
:10A2E000821751F02093B00629831A822FEF2B8317
:10A2F000CE0101960E9416372C813D81A801B10143
:10A300008E819F810F94873F2B013C0120E030E03C
:10A31000A9010F94E84187FF04C077FA709477F899
:10A32000709481149104A104B10409F0A9C020E043
:10A3300030E040E85FE3C301B2010F94A43887FF27
:10A340000BC03E8946015701332331F040E1840EB2
:10A3500047E2941EA11CB11C58855523A9F189859B
:10A360009A85AB85BC85892B8A2B8B2B61F0D70115
:10A37000C60129853A854B855C85821B930BA40B0E
:10A38000B50BB7FD21C02C813D81A8016B8D7C8D63
:10A390008D8D9E8D0F94873F20E030E040EC5FE391
:10A3A0000F94A43887FD54C0D701C601805A954147
:10A3B000AF4FBF4F89879A87AB87BC879C819B8FA4
:10A3C000AD81AC8F0D8F1E8F80916D02882309F4B3
:10A3D0003FC081149104A104B10461F0B0E1CB1A33
:10A3E000B7E2DB0AE108F108C818D908EA08FB0857
:10A3F000F7FE2EC01E8AB0CE82E50E943333811153
:10A400003ECE6E960FB6F894DEBF0FBECDBFDF9185
:10A41000CF911F910F91FF90EF90DF90CF90BF9061
:10A42000AF909F908F907F906F905F904F903F90F4
:10A430002F9008958091EC1582FD2ECE0E94C93395
:10A440002BCE8CEB91E158CE0F94A43887FF07C038
:10A4500080916D028823A9F20E94F69FD2CF170146
:10A460000E831F831886A1CE8FE30E94DF3ED8CED5
:10A47000C301B2011FCF6F89788D898D9A8D1ACF54
:10A4800020E030E040E450E4C301B2010F94E84121
:10A4900018160CF061CF460157015ECFCF93DF93C2
:10A4A000EC018881882349F18A3039F18D3029F116
:10A4B0008B33F9F08091D30B8430D8F480914E0A1D
:10A4C00020E6829FC0011124BE018F5A954F0F9440
:10A4D000EA4280E00E9469230E946341BE0181E05C
:10A4E00090E10E94873F8EEF9FE0DF91CF910C9427
:10A4F000E63E80E00E94D44CD4CFDF91CF91089506
:10A500002F923F924F925F926F927F928F929F9283
:10A51000AF92BF92CF92DF92EF92FF920F931F9371
:10A52000CF93DF93CDB7DEB7C854D1090FB6F894F7
:10A53000DEBF0FBECDBF382E0E94F43582E50E94EB
:10A540003333882309F44AC10E94C0326B017C0175
:10A5500020E030E0A9010F94A438882309F42EC12B
:10A5600040906B0C50906C0C60906D0C70906E0C69
:10A5700020916F0C3091700C4091710C5091720CC5
:10A580002D8B3E8B4F8B588F80916C0690916D0672
:10A59000A0916E06B0916F068D8F9E8FAF8FB8A37E
:10A5A00020917006309171064091720650917306A9
:10A5B0002DA33EA34FA358A79C01AD01C301B20137
:10A5C0000F94A43881110DC02DA13EA14FA158A513
:10A5D0006D897E898F89988D0F94A438882309F41A
:10A5E000EDC020E030E0A901C701B6010F94A43806
:10A5F000881F8827881F8311E8C080E090E0A0E8CA
:10A60000BFE389A79AA7ABA7BCA7A30192016D8D51
:10A610007E8D8F8D98A10F94873F69A37AA38BA31A
:10A620009CA32D893E894F89588D6DA17EA18FA154
:10A6300098A50F94873F698F7A8F8B8F9C8F29A164
:10A640003AA14BA15CA1CA01B9010F940A394B018F
:10A650005C01298D3A8D4B8D5C8DCA01B9010F9437
:10A660000A399B01AC01C501B4010F94883F0F94D6
:10A6700036424B015C01AC019B0160E070E080E878
:10A680009FE30F9482406DA77EA78FA798AB20E031
:10A6900030E040E05FE3C501B4010F940A394B019B
:10A6A0005C01A7019601C701B6010F940A396B013D
:10A6B0007C01A5019401C501B4010F940A399B01E5
:10A6C000AC01C701B6010F94873F0F94364229A50C
:10A6D0003AA54BA55CA50F940A394B015C01698D25
:10A6E0007A8D8B8D9C8D90582DA53EA54FA558A990
:10A6F0000F940A39A50194010F940A396B017C016A
:10A700002D8D3E8D4F8D58A1C301B2010F94883F0E
:10A7100020E030E040E05FE30F940A399B01AC0198
:10A72000C701B6010F94883FA30192010F94873FA0
:10A730006B017C012DA13EA14FA158A56D897E8999
:10A740008F89988D0F94883F20E030E040E05FE3F0
:10A750000F940A392B013C012DA53EA54FA558A900
:10A7600069A17AA18BA19CA10F940A39A50194013A
:10A770000F940A399B01AC01C301B2010F94883FC9
:10A780002D893E894F89588D0F94873F6D8B7E8B25
:10A790008F8B988F20E030E0A901C701B6010F949C
:10A7A000A4388111E8C020E030E0A9016D897E89DC
:10A7B0008F89988D0F94A4388111DDC00E949A3F33
:10A7C00088EE9FE00E94E63EAEC020E030E040E828
:10A7D0005FEB29A73AA74BA75CA717CF89E40E9494
:10A7E0003333C12CD12C7601882321F00E94C03252
:10A7F0006B017C018AE40E943333882309F4ADC0E5
:10A800000E94C032C3CF20E030E0A901C501B401ED
:10A810000F94E84187FF22C2B7FAB094B7F8B0941A
:10A820001DC2498D5A8DBA0190E080E00F94A9387D
:10A8300029A13AA14BA15CA10F940A394B015C01FB
:10A840000F947D406B017C01C501B4010F94284237
:10A850004B015C01A70196016D8D7E8D8F8D98A1B6
:10A860000F940A392B013C012D893E894F89588D5F
:10A87000C501B4010F940A39A30192010F94883FD6
:10A880002B013C01A50194016D8D7E8D8F8D98A1CA
:10A890000F940A394B015C012D893E894F89588DEF
:10A8A000C701B6010F940A399B01AC01C501B4017F
:10A8B0000F94873F6DA37EA38FA398A759E159A753
:10A8C000E0C280E1ECE6F6E0DE01119601900D9227
:10A8D0008A95E1F7C12CD12C80E8E82E8FE3F82E81
:10A8E0008E010F5E1F4F9E01235F3F4FAE01475FFA
:10A8F0005F4FBE016B5F7F4FCE0101960F94E7154E
:10A9000080E1FE013196ABE6BCE001900D928A95A4
:10A91000E1F70F949A206093420C7093430C80935C
:10A92000440C9093450CC85BDF4F0FB6F894DEBF24
:10A930000FBECDBFDF91CF911F910F91FF90EF9090
:10A94000DF90CF90BF90AF909F908F907F906F904F
:10A950005F904F903F902F90089520E030E0A90144
:10A96000C701B6010F94A438882309F427CF1D8AA4
:10A970001E8A1F8A188ED701C601B0588D8F9E8FF0
:10A98000AF8FB8A32D893E894F89588D50582DA37C
:10A990003EA34FA358A7A7019601C701B6010F9484
:10A9A0000A394B015C012D893E894F89588DCA01B6
:10A9B000B9010F940A399B01AC01C501B4010F9490
:10A9C000883F0F94364269AF7AAF8BAF9CAF8091CE
:10A9D0006B0C90916C0CA0916D0CB0916E0C89A3D6
:10A9E0009AA3ABA3BCA39C01AD01C701B6010F9410
:10A9F000883F6DA77EA78FA798AB20916F0C3091F1
:10AA0000700C4091710C5091720C29A73AA74BA77A
:10AA10005CA72D893E894F89588D69A57AA58BA59C
:10AA20009CA50F94883F21966CAF7DAF8EAF9FAFF2
:10AA3000219780916C0690916D06A0916E06B09161
:10AA40006F0689AB9AABABABBCAB2DA53EA54FA5B2
:10AA500058A9BC01CD010F94873F6B017C01209167
:10AA600070063091710640917206509173062DABBD
:10AA70003EAB4FAB58AF21962CAD3DAD4EAD5FAD6B
:10AA800021976DA97EA98FA998AD0F94873F4B019F
:10AA90005C018091730C9091740CA091750CB09135
:10AAA000760C25968CAF9DAFAEAFBFAF25979C01BE
:10AAB000AD01609174067091750680917606909153
:10AAC00077060F94873F698F7A8F8B8F9C8FA701B2
:10AAD00096016D8D7E8D8F8D98A10F940A392B0173
:10AAE0003C01A50194016DA17EA18FA198A50F94B1
:10AAF0000A399B01AC01C301B2010F94883F2B01BD
:10AB00003C01A50194016D8D7E8D8F8D98A10F94D0
:10AB10000A394B015C01A70196016DA17EA18FA1AD
:10AB200098A50F940A399B01AC01C501B4010F949B
:10AB3000873FA30192010F9407406B017C0120E045
:10AB400030E0A9010F94A43887FF0AC02BED3FE045
:10AB500049EC50E4C701B6010F94883F6B017C01BA
:10AB60002BED3FE049EC50E4C701B6010F94824061
:10AB700020E030E040EC51E40F940A390F94664035
:10AB80000F94FB408B01672B11F401E010E03320A0
:10AB900051F02BED3FE049EC50E4C701B6010F94B2
:10ABA000873F6B017C0120E030E0A901C701B601BD
:10ABB0000F94A438811122C029A93AA94BA95CA9F4
:10ABC00069A17AA18BA19CA10F94A438811116C010
:10ABD0002DA93EA94FA958AD69A57AA58BA59CA51D
:10ABE0000F94A43881110AC008E110E02BEDC22EA9
:10ABF0002FE0D22E29ECE22E20E4F22EA7019601BE
:10AC000069AD7AAD8BAD9CAD0F940A394B015C01F7
:10AC100020E030E0A901698D7A8D8B8D9C8D0F9499
:10AC2000A438882309F4EFCDA5019401C501B4012E
:10AC30000F940A394B015C01298D3A8D4B8D5C8D47
:10AC4000CA01B9010F940A399B01AC01C501B401D5
:10AC50000F94883F0F9436424B015C012FE632E19E
:10AC600043E85AE3C501B4010F94A43887FD51CEDF
:10AC70004090770C5090780C6090790C70907A0C22
:10AC8000C501B4010F942A410F94FB401B016017CA
:10AC9000710708F41801B10190E080E00F94A93821
:10ACA0004B015C01AC019B01C701B6010F948240CE
:10ACB00069A37AA38BA39CA3A5019401698D7A8DC6
:10ACC0008B8D9C8D0F94824069AF7AAF8BAF9CAF18
:10ACD000A3019201609178067091790680917A06BD
:10ACE00090917B060F94873FA50194010F948240B9
:10ACF00029966CAF7DAF8EAF9FAF299729A13AA15E
:10AD00004BA15CA1CA01B9010F940A3920E030E0DF
:10AD100040E05FE30F940A399B01AC0160E070E012
:10AD200080E89FE30F94873F69AB7AAB8BAB9CAB1A
:10AD300025962CAD3DAD4EAD5FAD259729873A8761
:10AD40004B875C874D865E866F86788A6091760237
:10AD500070917702072E000C880B990B0F94AB387B
:10AD600020917202309173024091740250917502E9
:10AD70000F940A392AE037ED43E25CE30F940A3975
:10AD8000698B7A8B8B8B9C8B0F949A209B01AC01E7
:10AD900028533F4F4F4F5F4F2DAB3EAB4FAB58AF9C
:10ADA0004D8C5E8C6F8C78A041E050E05A8F498FBB
:10ADB00059E159A7898D9A8D8215930508F081CDA7
:10ADC0000E94AACA0F949A202DA93EA94FA958AD56
:10ADD000621B730B840B950B97FD0FC00F949A2089
:10ADE0009B01AC0128533F4F4F4F5F4F2DAB3EAB04
:10ADF0004FAB58AF80E00E94D44C39A5315039A7F1
:10AE0000332309F40ECD9201A30169A17AA18BA18C
:10AE10009CA10F940A396B017C012DA13EA14FA189
:10AE200058A569A97AA98BA99CA90F940A399B01F5
:10AE3000AC01C701B6010F94883F6B017C01920100
:10AE4000A30169A97AA98BA99CA90F940A394B017E
:10AE50005C012DA13EA14FA158A569A17AA18BA1AA
:10AE60009CA10F940A399B01AC01C501B4010F9458
:10AE7000873F2B013C01C601D7018DA39EA3AFA341
:10AE8000B8A79201A3016DA57EA58FA598A90F94DF
:10AE9000883F69837A838B839C832DA13EA14FA138
:10AEA00058A521966CAD7DAD8EAD9FAD21970F94C9
:10AEB000883F6D837E838F83988729AD3AAD4BADF4
:10AEC0005CAD69857A858B859C850F94883F698701
:10AED0007A878B879C8729962CAD3DAD4EAD5FADB3
:10AEE00029976D857E858F8598890F94883F6D871A
:10AEF0007E878F87988B80911A02882321F0CE015C
:10AF000001960E94CEDCC12CD12C90E8E92E9FE363
:10AF1000F92E8E010F5E1F4F9E01235F3F4FAE0142
:10AF2000475F5F4FBE016B5F7F4FCE0101960F946D
:10AF3000E715882309F4C5CC898D9A8D01969A8FDF
:10AF4000898F38CF8F929F92AF92BF92CF92DF922C
:10AF5000EF92FF920F931F93CF93DF93CDB7DEB79E
:10AF6000A0970FB6F894DEBF0FBECDBF80E090E093
:10AF7000A0E2B1E489839A83AB83BC8380E090E054
:10AF8000A1E6B3E48D839E83AF83B88780E090E031
:10AF9000A0EAB1E489879A87AB87BC870E94DA432D
:10AFA00087FDF9C1482F61E081E00E9449A485E452
:10AFB0000E94EA32C12CD12CE12C90E4F92E882396
:10AFC00079F00E94C0326B017C0120E030E0A901E1
:10AFD0000F94E84187FF04C0F7FAF094F7F8F09473
:10AFE000F7FAF094F7F8F094CD8ADE8AEF8AF88EBB
:10AFF0008AE50E943333882351F040E050E0BA01E3
:10B000008AE50E94403369877A878B879C8788E529
:10B010000E943333882351F040E050E0BA0188E5C4
:10B020000E94403369837A838B839C8389E50E94E5
:10B030003333882351F040E050E0BA0189E50E94A3
:10B0400040336D837E838F83988785E50E94EA3243
:10B05000882309F407C10E94C0326B017C0120E003
:10B0600030E0A901C701B6010F94E84187FF04C091
:10B07000F7FAF094F7F8F094198E1A8E1B8E1C8E46
:10B080008CE40E94EA32882309F4F5C00E94C032A1
:10B090004B015C0120E030E0A901C501B4010F942F
:10B0A000E84187FF04C0B7FAB094B7F8B0948D8E2A
:10B0B0009E8EAF8EB8A26AE070E082E40E94653393
:10B0C000182F80918707811166C180911C1283FD22
:10B0D00019C020E030E0A901C701B6010F94A438DF
:10B0E000882381F08091B50C81110CC02091A314AC
:10B0F0003091A41480917D0290917E022817390727
:10B100000CF43AC181E0809387078091EC1582FFAF
:10B1100006C08B7F8093EC1582E0809387070E94A6
:10B12000FF8680E1EBE6FCE0A4E3B4E001900D9241
:10B130008A95E1F70E945ED020E030E0A9016D8998
:10B140007E898F89988D0F94A438882321F180916E
:10B15000B50C811111C060919F147091A014809161
:10B16000A1149091A2140F94F44020917D0230918B
:10B170007E02621773077CF080E090E0A0E7B2E403
:10B180008D879E87AF87B88BBE01635F7F4FCE01EF
:10B1900045960E94C5270F94FE16811106C0BE0178
:10B1A0006F5F7F4F82E00E948B9E20E030E0A9011C
:10B1B000C701B6010F94A438882349F081E00E94AA
:10B1C0006741811161C010929D050E94662A40E08E
:10B1D00060E084E00E9449A40E94634188E099E015
:10B1E0000E94E63E61E0812F0E94CA250F949A20BA
:10B1F000685370458F4F9F4F6093A9067093AA06BE
:10B200008093AB069093AC061092AD060091550466
:10B2100083E08093550481E08093AA05FF24F39492
:10B220008091AA05882309F4FDC060E0812F0E9467
:10B23000CA258091AD06882309F4F0C040E060E0A3
:10B240008AE00E9449A40E9463418AE299E00E9438
:10B25000E63E8091AA05882309F4B0C081E00E94EF
:10B26000D44CF7CFC0900806D0900906E0900A06AB
:10B27000F0900B06F4CE80900C0690900D06A090F6
:10B280000E06B0900F0606CF40E061E083E00E941A
:10B2900049A480E090E0A0E7B2E48D879E87AF8765
:10B2A000B88B80E090E0A0E5B1EC898B9A8BAB8BFA
:10B2B000BC8BBE01635F7F4FCE0141960E94C527C4
:10B2C00068E873E180E090E00E94FC3B80915814B4
:10B2D00090915914A0915A14B0915B148D879E8758
:10B2E000AF87B88B80E090E0A8EAB1E4898B9A8BB5
:10B2F000AB8BBC8BBE01635F7F4FCE0141960E943A
:10B30000C5278090601490906114A0906214B09052
:10B31000631480E090E0A8ECB1E480936014909313
:10B320006114A0936214B093631480E090E0A0E2F3
:10B33000B1E48D879E87AF87B88BF7FAF094F7F862
:10B34000F094C98ADA8AEB8AFC8ABE01635F7F4F78
:10B35000CE0141960E94C52780926014909261149C
:10B36000A0926214B0926314129A64E670E080E0D6
:10B3700090E00E94FC3B2BCF0E94634187EF98E056
:10B380000E94E63E10929D050E94662A60E088EECB
:10B3900098E00E94AA9FA0960FB6F894DEBF0FBE59
:10B3A000CDBFDF91CF911F910F91FF90EF90DF9074
:10B3B000CF90BF90AF909F908F9008951092A90664
:10B3C0001092AA061092AB061092AC061092AD062F
:10B3D0000F94A62080E00E94674140E060E084E096
:10B3E0000E9449A40E94634188E099E00E94E63EE1
:10B3F0000F949A20685370458F4F9F4F6093A90612
:10B400007093AA068093AB069093AC061092AD069B
:10B41000F092AA0561E0812F0E94CA2581E00E9476
:10B42000D44CFECE0093550480E090E0A8E4B2E452
:10B43000898B9A8BAB8BBC8B80918707882309F40F
:10B44000AACFF090AD061092A9061092AA0610920B
:10B45000AB061092AC061092AD060F94A620F11028
:10B4600015C08091B50C811111C060919F1470912D
:10B47000A0148091A1149091A2140F94F4402091F3
:10B480007D0230917E026217730764F081E00E94B2
:10B490006741811183C081E08093130210929D0562
:10B4A0000E94662A40E060E088E00E9449A420E013
:10B4B00030E0A90160914004709141048091420400
:10B4C000909143040F94A43887FF0FC080E090E070
:10B4D000A0E7B2E48D879E87AF87B88BBE01635F1C
:10B4E0007F4F80E494E00E94C52780E090E0A8ECC4
:10B4F000B2E48D879E87AF87B88BAE01435F5F4F05
:10B5000068E374E084E394E00E9474E180E090E0FA
:10B51000A0EAB0E48D879E87AF87B88BBE01635FDA
:10B520007F4F8CE394E00E9496E1809140049091DB
:10B530004104A0914204B09143048093770C90930E
:10B54000780CA093790CB0937A0C80937806909342
:10B550007906A0937A06B0937B0688E796E00E946E
:10B560006FD010929D050E94662A809187078150B6
:10B5700080938707882339F00F9458298091870793
:10B5800081508093870780919D06823011F40E943C
:10B590004ACE0E94F69F0E94662AFDCEFF2029F126
:10B5A00040E061E084E00E9449A40E94634187E496
:10B5B00099E00E94E63E61E0812F0E94CA25009139
:10B5C000550483E08093550481E08093AA0580911F
:10B5D000AA05882341F060E0812F0E94CA2581E0FE
:10B5E0000E94D44CF4CF0093550440E061E085E024
:10B5F0000E9449A420E030E0A901698D7A8D8B8DED
:10B600009C8D0F94A438882379F080E090E0A0EC22
:10B61000B0E48D879E87AF87B88BBE01635F7F4F95
:10B62000CE0149960E94C52720E030E0A9016D8D2A
:10B630007E8D8F8D98A10F94A438882359F1C090E6
:10B640006014D0906114E0906214F090631480E074
:10B6500090E0A8ECB1E48093601490936114A093FF
:10B660006214B093631480E090E0A0ECB0E48D87A6
:10B670009E87AF87B88BBE01635F7F4FCE014D962B
:10B680000E94C527C0926014D0926114E0926214A7
:10B69000F0926314C12CD12C80E4E82EFE2C03E040
:10B6A00020E030E0A90169897A898B899C890F940F
:10B6B000E841181684F440E060E086E00E9449A466
:10B6C000CD86DE86EF86F88ABE01635F7F4FCE01AE
:10B6D00041960E94C527109155040093550410927D
:10B6E000AA0540E060E087E00E9449A480919C05A3
:10B6F000811104C081E00E94D44CF8CF109355040E
:10B70000813071F2CFCE2F923F924F925F926F9223
:10B710007F928F929F92AF92BF92CF92DF92EF92E1
:10B72000FF920F931F93CF93DF93CDB7DEB7A6970A
:10B730000FB6F894DEBF0FBECDBF0F94FE16811179
:10B7400024C080917B0C81111AC080917B0C898769
:10B7500087E50E94EA32811131C08AE40E94EA3210
:10B7600081111CC170E060E086E50E9465339B8713
:10B770008A87059708F415C18FE698E029C060E034
:10B780008FE40E948033882301F3A6960FB6F894C5
:10B79000DEBF0FBECDBFDF91CF911F910F91FF9004
:10B7A000EF90DF90CF90BF90AF909F908F907F9061
:10B7B0006F905F904F903F902F9008958091040676
:10B7C00090910506892B39F40E949A3F84EA98E00B
:10B7D0000E94E63EDACF8AE50E943333882339F1AE
:10B7E0000E94C03220913A0C30913B0C40913C0CAD
:10B7F00050913D0C0F94873F4B015C0120E030E0FD
:10B8000040E251ECC501B4010F94E84187FD0AC044
:10B8100020E030E040E251E4C501B4010F94A438C7
:10B82000181674F40E949A3F87E998E0D1CF80906F
:10B83000730C9090740CA090750CB090760CDECFC9
:10B8400040E050E060EC7FE788E50E9440332091C3
:10B85000320C3091330C4091340C5091350C0F94D4
:10B86000873F6B017C0140E050E060EC7FE789E5B9
:10B870000E9440332091360C3091370C4091380CA7
:10B880005091390C0F94873F2B013C016FEF89E4F5
:10B890000E947433182F6FEF8AE40E947433082FCC
:10B8A000A7019601C701B6010F947A42811149C0E0
:10B8B000A3019201C301B2010F947A42811141C0E8
:10B8C0006091FA057091FB05072E000C880B990B0F
:10B8D0000F94AB389B01AC01C701B6010F94873FB1
:10B8E00020E030E0A9010F94883F20E030E0A9017A
:10B8F0000F9482400F94F440162F64300CF446C02D
:10B9000013E06091FC057091FD05072E000C880B7B
:10B91000990B0F94AB389B01AC01C301B2010F949A
:10B92000873F20E030E0A9010F94883F20E030E01D
:10B93000A9010F9482400F94F440062F643054F113
:10B9400003E0143008F021CF053008F01ECF80E06E
:10B950000E94433A94E01902F0011124E00FF11D16
:10B9600007FDFA95EE0FFF1FEE0FFF1FE65EF94F82
:10B9700080829182A282B38289850E94433AA985FE
:10B98000AA2309F402CF0E94BFEFFFCE67FFB9CF11
:10B9900010E0B7CF67FFD5CF00E0D3CF0E948F3A3A
:10B9A000F4CE60E084E40E948033C82E40E050E092
:10B9B000BA018AE50E9440336F8F78A389A39AA3C6
:10B9C00040E050E06AEF75E483E50E94403320E0F8
:10B9D00030E040E752E40F94824060936E0270932F
:10B9E0006F02809370029093710288E40E94EA32A1
:10B9F000882341F10E94C0320F94F4408B0177FFFD
:10BA000002C00F5F1F4F15950795119501951109FC
:10BA10000B581F4F0A30110514F40AE010E07801AA
:10BA2000E60EF71E38015701B3ECEB16F1040CF4E7
:10BA300064C0E0EEEE16F1040CF0B3C063ECA62E89
:10BA4000B12C5BC08CE40E9433330AE010E0882301
:10BA500079F00E94C0322091320C3091330C409129
:10BA6000340C5091350C0F94873F0F94F4408B01A8
:10BA700082E50E943333F3ECAF2EB12C882379F0AA
:10BA80000E94C0322091320C3091330C4091340C22
:10BA90005091350C0F94873F0F94F4405B0186E47E
:10BAA0000E943333EAE06E2E712C882379F00E94D5
:10BAB000C0322091360C3091370C4091380C5091A7
:10BAC000390C0F94873F0F94F4403B0182E40E94AD
:10BAD000333350EEE52EF12C882379F00E94C032EA
:10BAE0002091360C3091370C4091380C5091390C24
:10BAF0000F94873F0F94F4407B01B301072C000C97
:10BB0000880B990B0F94AB386D877E878F87988B46
:10BB1000B801012E000C880B990B0F94AB38698B80
:10BB20007A8B8B8B9C8B2D853E854F8558890E9407
:10BB300090238823D1F1B7010F2C000C880B990BAF
:10BB40000F94AB381B012C01B5010B2C000C880B9A
:10BB5000990B0F94AB38A20191010E9490238D8B19
:10BB6000882319F18A859B85892B69F08DE398E0FC
:10BB70000E94E63ECC2021F083E398E00E94E63E5E
:10BB80008AE00E94DF3E0E945ED080E00E94433A3D
:10BB900081E00E94E1E2882359F089850E94433ABE
:10BBA000F4CD70EEE72EF12C49CF83E598E010CE6E
:10BBB000C501801B910B43E0A42EB12CB5010F945D
:10BBC0006B3F2B01072E000C880B990B0F94AB38A1
:10BBD0006E8B7F8B888F998FC70186199709B50166
:10BBE0000F946B3F7B01072E000C880B990B0F9471
:10BBF000AB384B015C010E9494E0609104067091A7
:10BC00000506072E000C880B990B0F94AB389B018F
:10BC1000AC016E897F89888D998D0F94A43881112C
:10BC200020C06091060670910706072E000C880B55
:10BC3000990B0F94AB389B01AC01C501B4010F9473
:10BC4000A43881110EC08091FA059091FB05081768
:10BC5000190739F48091FC059091FD056816790665
:10BC600099F00E948F3A5092050640920406F09295
:10BC70000706E09206061093FB050093FA05709202
:10BC8000FD056092FC05198660E085E40E94803322
:10BC9000882309F4AEC091E09E8F212CF12CE12C79
:10BCA000412C512C3201DD24DA94BFEFBC8733E004
:10BCB000332EC7010F2C000CAA0BBB0B8BA39CA32C
:10BCC000ADA3BEA39C85931509F4B4C0632D032CCA
:10BCD000000C770B880B990B0F94AB382E893F899A
:10BCE000488D598D0F940A3929893A894B895C8985
:10BCF0000F94883F6A8F7B8F8C8F9D8F6BA17CA167
:10BD00008DA19EA10F94AB38A50194010F940A391F
:10BD10002D853E854F8558890F94883F2B013C0126
:10BD200020E030E0A9016A8D7B8D8C8D9D8D0F9474
:10BD3000A43820E030E0A90187FD04C020E030E015
:10BD400040E05FE36A8D7B8D8C8D9D8D0F94883FE5
:10BD50000F942A416D837E838F83988720E030E0A3
:10BD6000A901C301B2010F94A43820E030E0A90179
:10BD700087FD04C020E030E040E05FE3C301B20192
:10BD80000F94883F0F942A4169837A838B839C8325
:10BD90002A854E8DBE016F5F7F4FCE0105960F94B1
:10BDA00055172B013C01AC019B010F947A42811184
:10BDB0003EC0A32DB4E0AB02800111240E0D1F1D67
:10BDC000000F111F000F111F065E194FA3019201F2
:10BDD0006F8D78A189A19AA10F94883FF8016083A3
:10BDE00071838283938380E00E94D44C3D0C19863A
:10BDF00069CFA2E0AE8F51CFA3019201C301B2017E
:10BE00000F947A4281111AC0E1E02E2649F0DD2418
:10BE1000D394F4E0FC87312C9FEFE91AF90A49CF5B
:10BE2000DD24DA948FEF8C8723E0322EF5CF8985DD
:10BE30000E94433AF3E0EF16F104F1F680E00E942D
:10BE4000E1E2882369F089850E94433A0E947BE001
:10BE500080917B0C882309F496CD0E9442E293CD19
:10BE6000A3019201C301B2010F947A428111EECF76
:10BE700011E083E0F82ECC2029F10E9479440E9441
:10BE80008E3BC1101AC08BE69CE00E942D389B01AE
:10BE9000AC016091730C7091740C8091750C909151
:10BEA000760C0F94873F6093730C7093740C80939F
:10BEB000750C9093760C8D898987998590937B0C6E
:10BEC000C5CF10E001E0EF2CE11ABF2CB01A21E041
:10BED00041E0602F812F0E942A2421E04FEF602F44
:10BEE0008E2D0E942A242FEF41E06B2D812F0E947E
:10BEF0002A242FEF4FEF6B2D8E2D0E942A24011143
:10BF000003C01111DECFB9CF00E0DFCF2F923F92F7
:10BF10004F925F926F927F928F929F92AF92BF9259
:10BF2000CF92DF92EF92FF920F931F93CF93DF9305
:10BF3000CDB7DEB7AC970FB6F894DEBF0FBECDBF5E
:10BF40008BA7209155042AA741E040935504809186
:10BF500079048D3409F4ECC4843511F40C945875CB
:10BF6000873491F420917704309178042B31310596
:10BF700009F4A4C1ECF4243031054CF4223031052D
:10BF80000CF055C137FFE6C00F94F01607C02430FF
:10BF9000310509F459C125313105B1F7FBA5F1117E
:10BFA00002C00E94F43E2AA5209355040C940A6E08
:10BFB0002A32310509F4F1C30CF0BDC02D31310531
:10BFC00009F44AC30CF4A1C12E313105E9F620E091
:10BFD00030E040E252E460916B0C70916C0C809107
:10BFE0006D0C90916E0C0F94873FAB01BC0188E5FE
:10BFF0000E9440336C8F7D8F8E8F9F8F20E030E0CA
:10C0000040E251E460916F0C7091700C8091710C62
:10C010009091720C0F94873FAB01BC0189E50E949F
:10C0200040339B01AC0129833A834B835C836C8D45
:10C030007D8D8E8D9F8D0E949023882309F4AECF35
:10C0400080E00E94433A0E9494E061E085E40E940F
:10C05000803321E0482FBE016F5F7F4FCE014C96A9
:10C060000F9455176B017C01AC019B010F947A4230
:10C0700081115CC08C8C9D8CAE8CBF8C20E030E03C
:10C08000A901C501B4010F94A43827E137EB41E5BC
:10C0900058EB87FD04C027E137EB41E558E3C501C4
:10C0A000B4010F94883FAB01BC0181E59AE00E9486
:10C0B0000E4589809A80AB80BC8020E030E0A901E9
:10C0C000C501B4010F94A43827E137EB41E558EBE3
:10C0D00087FD04C027E137EB41E558E3C501B40112
:10C0E0000F94883FAB01BC018CE49AE00E940E459E
:10C0F00020E030E0A901C701B6010F94A43827E180
:10C1000037EB41E558EB87FD04C027E137EB41E50C
:10C1100058E3C701B6010F94883FAB01BC0187E427
:10C120009AE00E940E458AE00E94DF3E0E947BE07A
:10C130000E94BFEF33CF2B35310509F490C22C3567
:10C14000310509F48FC22A35310509F01DCF10924F
:10C15000540424CF80915102882309F41FCF0E94F8
:10C16000F4352091770C3091780C4091790C5091F6
:10C170007A0C609178067091790680917A06909198
:10C180007B060F94E84118163CF58091670C8823D4
:10C1900019F18091690C81111FC0C0907406D09074
:10C1A0007506E0907606F090770680916A0C811112
:10C1B00016C081E080936A0CC092630CD092640C2C
:10C1C000E092650CF092660C1092600C10925F0C7D
:10C1D00090E080E00F94B1160E948ADDDFCE2DEC56
:10C1E0003CEC4CE45DE36091630C7091640C8091D5
:10C1F000650C9091660C0F94883F9B01AC01C701C0
:10C20000B6010F94E84118163CF7C092630CD09227
:10C21000640CE092650CF092660C80915F0C90913A
:10C22000600C01969093600C80935F0CD3CF80914B
:10C230005102882309F4B2CE81E02230310509F0A1
:10C2400080E00E948052AACE80E50E943333C12C48
:10C25000D12C7601882321F00E94D1286B017C012A
:10C2600083E50E943333882361F00E94C03220E0CE
:10C2700030E04AE754E40F940A390F94FB406B0115
:10C280007C010E945ED080917A14811105C060E02B
:10C2900081E29AE00E94AA9F0F949A20C60ED71EB0
:10C2A000E81EF91E0F949A206C197D098E099F09CA
:10C2B00097FF74CE80E00E94D44CF4CF0F94FE160A
:10C2C00081116CCE80E090E0A0E2B1E489839A8392
:10C2D000AB83BC8380E090E0A1E6B3E48D839E83D2
:10C2E000AF83B88780E090E0A0EAB1E489879A87BD
:10C2F000AB87BC8770E060E080E50E945733BE01E9
:10C300006F5F7F4F0E948B9E49CE8091480C877053
:10C31000873009F459C10E945ED080E00E94433A00
:10C320000E9494E081E0809313080E94D2E288E5A5
:10C330000E94EA32F82E89E50E94EA32182F8AE537
:10C340000E94EA32082FF11207C01F2DF81204C014
:10C35000FF24F39411E001E080E1EBE6FCE0ACE6C1
:10C36000B6E001900D928A95E1F782E50E943333A1
:10C37000812C912C40E8A42E40E4B42E882359F05F
:10C380000E94C0324B015C0120E030E0A9010F9413
:10C39000A438882331F1F11003C0112309F4F1C04E
:10C3A0008092740690927506A0927606B0927706F7
:10C3B000A50194016091730C7091740C8091750CBF
:10C3C0009091760C0F94A43887FF0BC019821A82C3
:10C3D0001B821C82BE016F5F7F4F84E796E00E9444
:10C3E00096E1FF2009F4C8C0112309F4C2C01092DD
:10C3F0006F0C1092700C1092710C1092720C1092C3
:10C400006B0C10926C0C10926D0C10926E0C0E94C2
:10C4100042E2EFE9F4E334913CA7E3E9F4E3C590A9
:10C42000D590E590F490E7E9F4E385909590A59098
:10C43000B490A5019401C701B6010F94E841181604
:10C440000CF0CAC0A7019601C501B4010F94824047
:10C450001B012C01EAE5F4E385919591A591B49136
:10C460003C01A8A7B9A7E6E5F4E385919591A591CC
:10C47000B4918CA39DA3AEA3BFA39C01AD01B30156
:10C4800088A599A50F94E841181634F46CA07DA0F6
:10C490009EA198A7AFA1A9A7A2019101C201B101D4
:10C4A0000F940A3920E030E040E85FE30F94883FC2
:10C4B0000F943642930148A559A50F940A3968A3F1
:10C4C00079A38AA39BA3E0EAF4E3749020E030E030
:10C4D00040EC5FE3C501B4010F940A394B015C01E4
:10C4E000672D770C770B880B990B0F94AB389B015A
:10C4F000AC01C501B4010F940A3969837A838B8337
:10C500009C8320E030E040EC5FE3C701B6010F946C
:10C510000A396B017C01BCA56B2FBB0F770B880B15
:10C52000990B0F94AB389B01AC01C701B6010F9476
:10C530000A396C8F7D8F8E8F9F8FAE01405E5F4F6B
:10C54000BE016F5F7F4FCE014C960E9474E10E9446
:10C5500080E310926F0C1092700C1092710C10927C
:10C56000720C10926B0C10926C0C10926D0C10925D
:10C570006E0C80E00E944BE4112319F081E00E94D0
:10C580004BE4002399F080E00E949B3D8091480C91
:10C590008370833031F160E089E39AE00E94AA9FC2
:10C5A0000E9463418AE29AE00E94E63E0E9442E2D3
:10C5B00080911208809313080E947BE083E08093AF
:10C5C0007F020E94BFEFEACC60E08FE40E948033DC
:10C5D000882309F4A0CEE2CCA5019401C701B601DD
:10C5E00035CF0E9442E28091730C9091740CA0911F
:10C5F000750CB091760C8093740690937506A09399
:10C600007606B093770680E090E0ADE1B3E48093E6
:10C610006C0690936D06A0936E06B0936F0680E053
:10C6200090E0AEEFB2E48093700690937106A09311
:10C630007206B093730619821A821B821C82AE01A5
:10C640004F5F5F4F60E776E08CE696E00E9474E112
:10C6500082E00E944BE4AACF0E94835B9FCC409370
:10C6600054049CCC80917604882371F1893049F57B
:10C6700022E9C22E22E0D22E3BE6E32E3CE0F32E4E
:10C6800000E010E0F60181916F010E943333B82E73
:10C69000882359F00E94C032D7016D937D938D930A
:10C6A0009C931397133009F40B2D1F5FB4E0EB0E2E
:10C6B000F11C143039F7002321F087E79CE00E9439
:10C6C0006FD00E94BFEF6ACC92E9C92E92E0D92EBA
:10C6D000F12CE12C00E010E0F60181916F010E9445
:10C6E0003333382E8823D9F10E94C0324B015C01CC
:10C6F000133059F0F701EE5CF34F20813181428114
:10C7000053810F94873F4B015C01F701E559F34FCB
:10C710002081318142815381C501B4010F94873F4B
:10C720002B013C012DEB37E346E855EB0F94E84134
:10C7300087FD0AC02DEB37E346E855E3C301B2019C
:10C740000F94A43818165CF4133089F48092770C97
:10C750009092780CA092790CB0927A0C032D1F5F06
:10C76000F4E0EF0EF11C143009F0B6CFA4CF97011E
:10C77000215A394F5901A3019201D5016D917D9143
:10C780008D919C910F94883FF50160837183828322
:10C790009383812F0E946ADDE2CF8091510288232A
:10C7A00009F4FCCB89E40E943333182FE12C882351
:10C7B00019F00E94C127E82E8AE40E943333082F23
:10C7C000882349F00E94C127F82E111107C033E0D9
:10C7D0003F1570F406C0F12C112351F023E02E1503
:10C7E00028F489E59AE00E94E63ED8CB0111EFCF0C
:10C7F00080E1EBE6FCE0ACE6B6E001900D928A95B4
:10C80000E1F71123F1F020910406309105064E2D39
:10C810004203B001439F700D11248091FA0590915D
:10C82000FB05680F791F072E000C880B990B0F94DE
:10C83000AB3860936C0670936D0680936E06909390
:10C840006F060023F1F020910606309107064F2D68
:10C850004203B001439F700D11248091FC0590911B
:10C86000FD05680F791F072E000C880B990B0F949C
:10C87000AB38609370067093710680937206909344
:10C88000730660E080E50E948033882381F11123E4
:10C89000B1F020E030E040E252E460916C0670912B
:10C8A0006D0680916E0690916F060F94883F60939D
:10C8B0006C0670936D0680936E0690936F0600234E
:10C8C000B1F020E030E040E251E4609170067091F8
:10C8D000710680917206909173060F94883F609361
:10C8E000700670937106809372069093730640E011
:10C8F00050E0BA0186E40E9440336B017C0120E0E5
:10C9000030E0A9010F94E84118160CF065CC20E046
:10C9100030E040E752E4C701B6010F9482406093D3
:10C92000720270937302809374029093750254CCD8
:10C9300080917704909178048837910511F40C94D4
:10C940003B6F0CF02DC38D34910509F4D1C70CF069
:10C950001EC18A31910509F4C6C60CF0BDC08431F0
:10C96000910509F453C60CF090C08131910509F48A
:10C970003EC60CF06DC0029708F006CBA090740480
:10C98000B090750480E50E943333182FC12CD12C50
:10C990007601882359F00E94D1286B017C0111E0B7
:10C9A000C114D104E104F10409F410E083E50E940C
:10C9B0003333882311F40C9476750E94C03220E042
:10C9C00030E04AE754E40F940A390F94FB406B01BE
:10C9D0007C0111110C947A75C114D104E104F104A5
:10C9E00011F00C947A75A114B10411F40C947A75B9
:10C9F000F5018081882311F40C947A750E945ED031
:10CA0000C5010F944D031091550483E080935504A4
:10CA100081E08093AA05C114D104E104F10409F472
:10CA2000C9C50F949A20C60ED71EE81EF91E0F9492
:10CA30009A206C197D098E099F0997FFC3C58091C3
:10CA4000AA05882309F4BEC580E00E94D44CEFCF2C
:10CA5000429709F099CA83E50E943333882311F481
:10CA60000C94866E0E94C03220E030E04AE754E425
:10CA70000F940A390F94FB4060930B0270930C02E1
:10CA800080930D0290930E0289CA8731910509F4B3
:10CA9000E7C57CF48531910509F4DEC5469709F0B8
:10CAA00073CA0F942D298091EC15877F8093EC1524
:10CAB00075CA8831910509F4E7C5499709F064CA38
:10CAC0008091EC1582FF03C08B7F8093EC150E9450
:10CAD000FF860E94F69F62CA8F31910509F4B4C6A1
:10CAE000D4F48C31910509F464C60CF40FC68D3171
:10CAF000910509F468C64E9709F046CA8091EC1575
:10CB000083FF4CCA0F94D9168091740490917504D8
:10CB10000F94012B43CA8934910509F4C9C664F501
:10CB20008032910509F456C68A9709F02DCA83E52B
:10CB30000E943333882309F431CA0E949D27F82EBE
:10CB40006FEF7FEF80E50E9465338C0197FD26CA69
:10CB5000E82E60E089E40E948033811194C6802F22
:10CB60000F94FF2C882309F48EC60E949A3F8BE213
:10CB70009EE00E94E63E12CA8B34910509F4B1C6CC
:10CB80008C34910509F000CA0E94FF8607CA8B36D3
:10CB9000910511F40C944A6E0CF001C18435910595
:10CBA00009F459CF2CF58135910511F40C946D6E73
:10CBB00094F48E34910509F0E7C970E060E083E5F4
:10CBC0000E9465338E34910509F0A7C60E9412CFEA
:10CBD0000E94F69FE3C98235910511F40C94826E90
:10CBE0008335910509F0D0C981E080934C04D6C902
:10CBF0008836910509F415C70CF09CC08535910560
:10CC000011F40C94D06E8C35910509F0BDC90E94C9
:10CC1000DA4387FDC3C98091700484FD0AC0809106
:10CC2000720487FD06C080917304837011F40C9424
:10CC3000F46E12E9C12E12E0D12E08E2E02E04E1DA
:10CC4000F02E10E0D6018D916D010E9433338823C0
:10CC500009F466C0133011F00C94EB6E0E94C032E0
:10CC60004B015C0120E030E040EA51E40F94A4382D
:10CC700087FF4EC0A501940160914814709149143A
:10CC800080914A1490914B140F9482402B013C01E7
:10CC9000AC019B0160919C0C70919D0C80919E0C4D
:10CCA00090919F0C0F940A3960939C0C70939D0C8B
:10CCB00080939E0C90939F0CA30192016091581455
:10CCC0007091591480915A1490915B140F940A3901
:10CCD000609358147093591480935A1490935B1472
:10CCE0006091880C7091890C80918A0C90918B0CCA
:10CCF0000F94A938A30192010F940A390F94FB40B5
:10CD00006093880C7093890C80938A0C90938B0CA1
:10CD10008092481490924914A0924A14B0924B14F5
:10CD20001F5FF4E0EF0EF11C143009F08BCF0E946E
:10CD30003AD034C98936910509F45AC78A36910523
:10CD400009F022C960E080E50E947433811126C990
:10CD500081E40E94EA326091A40C70E0811102C06B
:10CD60006FEF70E083E50E9457338F3F910519F014
:10CD700010F08FEF90E0282F3091670C332351F0A3
:10CD800080935E0C80917802882321F08091680C5A
:10CD900081112FEF2093A40C20934C0CFFC88137F6
:10CDA000910509F4E1C60CF076C08E36910509F4C0
:10CDB0007CC60CF063C08C36910509F4CBC68D3669
:10CDC000910509F0E1C880911C1283FDE7C80E941B
:10CDD000DA43082F87FDE2C883E50E943333182F1A
:10CDE000882309F44CC60E94C0326B017C0120E00C
:10CDF00030E04AEA52E40F94E84118160CF445C6B4
:10CE0000C701B6010F94CB2C7C010E94DCCFE6E574
:10CE1000EE16F1040CF040C6F0908607F1100E9467
:10CE20005ED00E94A4CE0E94F69FFF2021F00F94B6
:10CE3000E22C0E94C5296091A3147091A414072EBE
:10CE4000000C880B990B0F94AB3820919F143091F4
:10CE5000A0144091A1145091A2140F94E841181607
:10CE60000CF41DC683E69BE0112309F41AC60F9447
:10CE7000242D612F802F0E9424EE90C88F369105BB
:10CE800009F426C68037910509F07EC890E080E05D
:10CE90000E94624283C88537910509F4B0C70CF03F
:10CEA00072C08237910509F4A4C78337910509F050
:10CEB0006BC88FEC9CE00E94E63E60E08FEB9CE04C
:10CEC0000E94904960E08AEA9CE00E94904961E0FB
:10CED00083EA9CE00E94904961E088E99CE00E941E
:10CEE000904961E088E89CE00E94904960E08FE70B
:10CEF0009CE00E94904961E085E79CE00E94904997
:10CF000061E08BE69CE00E94904961E083E69CE052
:10CF10000E94904961E085E59CE00E94904961E0B3
:10CF200087E49CE00E94904960E088E39CE00E94D6
:10CF3000904961E08AE29CE00E94904961E084E1CE
:10CF40009CE00E94904960E083E09CE00E94904950
:10CF500060E084EF9BE00E94904960E08FED9BE0F1
:10CF60000E94904961E08CEC9BE00E94904960E057
:10CF70008FEB9BE00E94904960E08BEA9BE00E946F
:10CF800090490C94CE5F8637910509F440C78737E6
:10CF9000910511F00C94C45F0E9482E20C94CE5F64
:10CFA0008F32A1E09A0711F40C94E5720CF016C2CE
:10CFB0008D3C910511F40C9443700CF0E1C08B3959
:10CFC000910509F440C60CF053C08C38910509F462
:10CFD000EDC56CF48937910511F00C94C45F109283
:10CFE0001308109212080E94D2E20C94CE5F81398D
:10CFF000910509F448C78639910511F00C94C45F76
:10D0000082E40E94EA3210E0882351F080915104BA
:10D01000909152041FEF892B19F00E949D27182F21
:10D0200085E50E94EA3200E0882351F080915104A6
:10D03000909152040FEF892B19F00E949D27082F21
:10D0400082E50E94EA32882309F47AC7809151046C
:10D0500090915204892B09F475C70E949D278983FA
:10D060000A831B83CE0101960E9416370C94CE5F73
:10D07000893C910509F475C70CF047C08E3B9105BA
:10D0800009F4B2C5883C910511F00C94C45F0E946C
:10D09000DA43182F87FF02C00C94CE5F84E40E940D
:10D0A000EA32882371F10E94C0326B017C0101E0F9
:10D0B00020E030E0A9010F94A438811101C000E004
:10D0C0000093880620E030E0A901C701B6010F9463
:10D0D000A4388823B1F00E94C0326B017C0120E0AB
:10D0E00030E0A9010F94A438882309F42DC734E057
:10D0F0001302F0011124E357F94FC082D182E2827A
:10D10000F3820E94F7B90C94CE5F8B3C910509F431
:10D110004FC78C3C910511F00C94C45F8091710451
:10D1200087FD69C7809172048E7009F064C74091D1
:10D130005C1450915D1460915E1470915F1483EEE5
:10D140009DE00E940E4540916014509161146091E1
:10D1500062147091631480EE9DE00E940E45409130
:10D1600064145091651460916614709167148DED8C
:10D170009DE00E940E458AE00E94DF3E0C94CE5F47
:10D18000823E910511F40C9436710CF07BC0833D06
:10D19000910509F47CC754F542E9C42E42E0D42E2F
:10D1A00052E4E52E5AE0F52E10E08E3C910511F088
:10D1B0000C94C45FF60181916F010E94EA328823CA
:10D1C00059F00E94C032D7016D937D938D939C934B
:10D1D0001397812F0E946ADD1F5FB4E0EB0EF11CF4
:10D1E000133041F70E94BFEF0C94CE5F8C3D910548
:10D1F00011F40C94FF708D3D910511F00C94C45FF7
:10D200000E94DA43D82E87FF02C00C94CE5F83E5DC
:10D210000E943333ED2C0D2C000CFF088701000F0A
:10D22000111F882311F40C941C710E94C127F8016E
:10D23000E95CFD4F918380838701000F111F000F70
:10D24000111FF801E758FD4F7F01BC01990F880BB2
:10D25000990B0F94AB382AE037ED43E25CE30F946F
:10D260000A39F801E757F94F208131814281538112
:10D270000F940A39D7016D937D938D939C931397E7
:10D280000C94CE5F8C32E1E09E0711F40C942B726B
:10D290000CF072C0883121E0920711F40C94807177
:10D2A0008232914011F00C94C45F8AE50E943333BE
:10D2B000882311F40C941C720E94C03220E030E0EC
:10D2C00040E050EC0F94A438C12CD12CE12C40EC60
:10D2D000F42E87FD13C00E94C03220E030E040E011
:10D2E00050E40F94E841C12CD12CE12C30E4F32E12
:10D2F000181624F00E94C0326B017C012091441466
:10D30000309145144091461450914714C701B6011D
:10D310000F940A390F94F440CB010F94152180E546
:10D320000E94EA3281110C942472A7019601609147
:10D330003E0C70913F0C8091400C9091410C0F94E9
:10D34000883F60933E0C70933F0C8093400C909309
:10D35000410C0E94634140913E0C50913F0C609102
:10D36000400C7091410C8BE59EE00E940E458AE0D6
:10D370000E94DF3E0C94CE5F8D3241E0940711F4A1
:10D380000C9441728E32914011F00C94C45F83E58D
:10D390000E94EA32182F882371F00E94C0320F9445
:10D3A000F44070937E0260937D0221E0672B09F0C8
:10D3B00020E02093B50C80E50E94EA32882311F426
:10D3C0000C94C37220917D0230917E02232B11F0C8
:10D3D0000E94B1278093B50C0C94CE5F853FB1E0DD
:10D3E0009B0711F40C940B740CF068C08A39F1E0BF
:10D3F0009F0709F4B5C3ECF5803931E0930711F4C8
:10D400000C94E97224F58336914011F00C94C45FBA
:10D4100080E50E94333310E0882339F00E949D2775
:10D42000809312021092530411E083E50E9433337B
:10D43000882311F40C940A750E94B127809311027D
:10D4400081E0809353040E94B9280C940D758139B2
:10D45000B1E09B0711F40C94ED728239914011F008
:10D460000C94C45F80E00E94E1E20E94BFEF0C9444
:10D47000CE5F853AF1E09F0711F40C94F4727CF4CE
:10D480008D3931E0930711F40C943575843A91404D
:10D4900011F00C94C45F0E94AA490C94CE5F8C3AA0
:10D4A000A1E09A0711F40C945673843F914011F057
:10D4B0000C94C45F0E94CEE60C94CE5F8B35E2E004
:10D4C0009E0711F40C9471744CF5883F21E092078B
:10D4D00011F40C9413749CF4863F41E0940711F40A
:10D4E0000C940F74873F914011F00C94C45F61E07D
:10D4F00083E50E9480330E9470F00C94CE5F8C30E4
:10D50000B2E09B0711F40C9426748835924011F018
:10D510000C94C45F0E94A2570C94CE5F803AF3E053
:10D520009F0709F481C1BCF5833533E0930711F4FB
:10D530000C9431748438934011F00C94C45F8BE4E4
:10D540000E943333882311F40C94F7740E94C03284
:10D550006B017C0120E030E0A9010F94E84187FFD6
:10D5600002C00C94F17420E030E040E251E4C701C5
:10D57000B6010F94A438181614F40C94F1740E9498
:10D580005ED0C092B60CD092B70CE092B80CF0927C
:10D59000B90C0C94CE5F873EA3E09A0711F40C946B
:10D5A0002575883E934011F00C94C45F0E941E764E
:10D5B0000C94CE5F8091AA05882321F080E00E9420
:10D5C000D44CF8CF80916105882349F019821A82E2
:10D5D0001B82CE0101960E941637109261050E94AF
:10D5E000F69F1092AA05109355040C94CE5F60E04C
:10D5F0008BE89AE00E94AA9F5F988A988091080120
:10D6000081708093060112980C94CE5F83EA9AE0B1
:10D610000E94E63E1092F70789E096E10E9402C55B
:10D620008BE1E9E0F6E1DE01119601900D928A9519
:10D63000E1F750E040E0BE016F5F7F4F90E080E097
:10D640000E94D2EBCE0101960E94103784E99AE045
:10D650000E94E63E0C94CE5F0E94F0FA0C94CE5FDE
:10D660008091740490917504FC012191222331F082
:10D670002032D9F7DF0111971C92F7CF40E061E02B
:10D680000F94B22B0C94CE5F83E50E943333882332
:10D6900021F00E948D270E94D73384E50E94333306
:10D6A0008823A9F00E948D276B017C010E94E486EB
:10D6B000C0929506D0929606E0929706F092980650
:10D6C000CD28CE28CF2819F081E080939D060E94B6
:10D6D000E533882321F00F9458290E944ACE0E94F6
:10D6E000F69F0C94CE5F8091EC1583FD02C00C94E4
:10D6F000CE5F83E50E943333882311F40C94CE5F10
:10D700000E948D270E94D7330C94CE5F83E40E9441
:10D71000EA32882319F18EEB9AE00E94E63E80916E
:10D720005017882391F0BE016F5F7F4F8DE497E122
:10D730000E94C8C48E010F5F1F4FD8018D918D01CB
:10D74000882339F00E94DF3EF8CF84EB9AE00E94F4
:10D75000E63E8AE00E94DF3E0C94CE5F8091EC159D
:10D7600082FF21C08DEC9AE00E94E63E6091E815B0
:10D770007091E9158091EA159091EB154AE00E94AD
:10D780002F438FE20E94DF3E6091E4157091E51512
:10D790008091E6159091E7154AE00E942F430E9480
:10D7A00070490C94CE5F8FED9AE00E94E63E0C9497
:10D7B000CE5F40E060E080917404909175040F9416
:10D7C000B22B0C94CE5F8091EC158E7F8093EC157C
:10D7D0000C94CE5F8091EC1582FD0E945ED080910A
:10D7E000EC1583FD02C00C94CE5F60E080E50E94E2
:10D7F0008033182F482F61E0809174049091750454
:10D800000F94B22B83E50E943333882321F00E94CA
:10D810008D270E94D7330F94582911110C94CE5F95
:10D820000E944ACE0C94CE5F20917404309175040E
:10D830009091EC1592609093EC1540E060E0C90186
:10D840000F94B22B0C94CE5F0E94B2866C8F7D8FAA
:10D850008E8F9F8FBE016F5F7F4FCE014C960E94CF
:10D860006E30CE0101960F944D030E946341BE01BC
:10D870006F5F7F4F80EF9AE00E94873F8AE00E94AF
:10D88000DF3E0C94CE5F61E0802F0F94D81E6F2D89
:10D89000802F0F94A01E6F2D70E0802F0F94901F8B
:10D8A000B9E0EB120C94CE5FF092A40C0C94CE5F16
:10D8B00080E50E94EA32882311F40C94CE5F8091B7
:10D8C000EC1582FF02C00C94CE5F0E949D2790E071
:10D8D0008536910514F084E690E08093A4050C94BD
:10D8E000CE5F8091EC1582FD9BCF0E94C93398CF0B
:10D8F0001091860711110E945ED00E94A4CE1123C0
:10D9000011F40C94CE5F0F94E22C1092A4050E94A7
:10D91000F69F0E94C5290C94CE5F8BE59BE00E9488
:10D92000E63E609102087091030882E59BE00E9448
:10D93000A443609104087091050885E49BE00E946F
:10D94000A4436091020870910308809104089091AB
:10D950000508681B790B80919D06815021E030E01D
:10D96000823010F030E020E0621B730B8AE39BE012
:10D970000E94A4438AE00E94DF3E82E39BE00E9473
:10D98000E63E8091060890910708A0910808B091A2
:10D9900009088C8F9D8FAE8FBF8FBE016F5F7F4F49
:10D9A000CE014C960E946E30BE016F5F7F4F85E2C4
:10D9B0009BE00E94873F80910A0890910B08A091FC
:10D9C0000C08B0910D088C8F9D8FAE8FBF8FBE015C
:10D9D0006F5F7F4FCE014C960E946E30BE016F5F2D
:10D9E0007F4F85E19BE00E94873F20E030E04AE7DF
:10D9F00054E460910E0870910F0880911008909186
:10DA000011080F948240AB01BC018DEF9AE00E9497
:10DA10000E458DE60E94DF3E8AE00E94DF3E0C94B8
:10DA2000CE5F80911C1283FF02C00C94CE5F0E94D7
:10DA3000DA4387FF02C00C94CE5F83E50E94333344
:10DA40008823C9F00E94C0320F94CB2C8C010E9415
:10DA5000DCCF063511057CF41091860711110E9468
:10DA60005ED00E94A4CE0E94F69F112321F00F9455
:10DA7000E22C0E94C5290F94242D0C94CE5F82E5E0
:10DA80000E9433338111AFC9F6CF8091EC1582FD2E
:10DA9000B7C90E94C933B4C90E944ACECCC980E735
:10DAA0009BE060E00E94AA9FE2C98EE40E943333AB
:10DAB000882311F40C94CE5F0E948D27609372141A
:10DAC0007093731480937414909375140C94CE5FB8
:10DAD00083E50E94EA32882331F060E083E50E940A
:10DAE000743380931C120E9463418BE89BE00E9478
:10DAF000E63E80911C12882351F110E000E020E006
:10DB000080911C1290E0B0E0A0E0002E04C0B69519
:10DB1000A795979587950A94D2F780FF12C0FF24A6
:10DB2000F394F20E222319F08CE20E94DF3EF801FA
:10DB3000EE0FFF1FEF57F44F859194910E94E63E40
:10DB40002F2D0F5F1F4F05301105D1F602CE8DE747
:10DB50009BE0FDCD1092AA0510926D020C94CE5F51
:10DB60000E94203C0C94CE5F83E50E9433338823CF
:10DB700069F00E949D278D3320F480930A020C9453
:10DB8000CE5F8CE380930A020C94CE5F0E946341C7
:10DB900040910A0250E070E060E082E99BE00E9460
:10DBA00093438AE00E94DF3E0C94CE5F80911C126A
:10DBB00083FF02C00C94CE5F83E50E943333882339
:10DBC00011F40C94CE5F0E94C0320E9413248E3652
:10DBD000910514F08EE690E09093DD0B8093DC0BC2
:10DBE0000E945ABB0C94CE5F0E941A500C94CE5FD8
:10DBF0000E94DA43182F87FD0AC089E99BE00E9442
:10DC0000E63E812F0E94B5ED8AE00E94DF3EFAA534
:10DC1000F0935504AC960FB6F894DEBF0FBECDBF9F
:10DC2000DF91CF911F910F91FF90EF90DF90CF90F8
:10DC3000BF90AF909F908F907F906F905F904F902C
:10DC40003F902F90089583E50E943333882311F489
:10DC50000C94CE5F0E949D27182F8D3308F01CE393
:10DC6000109348040F949A206B017C01212F30E01F
:10DC7000A8EEB3E00F943C3FC60ED71EE81EF91E77
:10DC8000C0924404D0924504E0924604F0924704C6
:10DC90000C94CE5F60E080E50E9474339091670C35
:10DCA00091110AC090E081110C94CE5F9093A40C66
:10DCB00090934C0C0C94CE5F811102C010925E0CBC
:10DCC00090917802992371F39091680C992351F304
:10DCD00091E0811190E09195E6CF0E94F8C60E94F4
:10DCE000A4CE0E94DCD10E94513C68EE73E080E03B
:10DCF00090E00E94FC3B60E08CE99BE00E94AA9FC0
:10DD00000C94CE5F10924C040C94CE5F88E50E9478
:10DD1000EA32811113C089E50E94EA3281110EC0F6
:10DD20008AE50E94EA32811109C085E40E94EA3244
:10DD3000811104C00E94DCD10C94CE5F0E945ED0A1
:10DD400088E50E94EA32882331F05F9A8091480C7E
:10DD50008E7F8093480C89E50E94EA32882331F057
:10DD60008A9A8091480C8D7F8093480C8AE50E94A6
:10DD7000EA32882359F08091080180958170809360
:10DD800006018091480C8B7F8093480C85E40E94AB
:10DD9000EA32882311F40C94CE5F129A0C94CE5F71
:10DDA00083E50E94EA32882311F40C94CE5F0E942E
:10DDB000C03220E030E04AE754E40F940A390F946F
:10DDC000FB4060934D0470934E0480934F049093F6
:10DDD00050040C94CE5F0E94C032F701648B758BA7
:10DDE000868B978B0C94906681E00F9494030C942F
:10DDF000CE5F0E945ED00E94BFEF0C94CE5F8091F8
:10DE00007404909175040F944D030C94CE5F0091AF
:10DE100074041091750483E0F12C40E08150E9F026
:10DE2000D8019C91292F2B7F2134C1F711962C9179
:10DE30002133A1F7913421F0953421F441E002C05F
:10DE4000FF24F39498012E5F3F4F89012F5F3F4FCE
:10DE5000F80190819032C9F3E1CF41110E946341F2
:10DE6000FF2021F087EB9DE00E94E63EC8010E9462
:10DE7000504B0C94CE5F40931308409312080E94BD
:10DE8000D2E20C94CE5F70E060E083E50E946533DF
:10DE90008C01823040F00E949A3F8BEB9DE00E9403
:10DEA000E63E0C94CE5F88E40E9433338823A9F0C9
:10DEB0000E94C127F801FF27EE0FFF1FEA5EF94F0E
:10DEC0008E3121E0920714F08DE191E08A3A9105BC
:10DED00014F48AEA90E09183808386E40E943333CD
:10DEE000882379F00E94C12797FD28C08F3F9105B4
:10DEF00019F014F08FEF90E0F801FF27E05FF94F81
:10DF0000808382E40E943333882311F40C94CE5F23
:10DF10000E94C127F801FF27EE0FFF1FEE5EF94FA9
:10DF20008F36910514F08EE690E08530910514F45B
:10DF300085E090E0918380830C94CE5F80E0DCCF1D
:10DF400080E08DC88FEF8BC880E090E0A0EEBFE34B
:10DF500080938D0690938E06A0938F06B0939006C3
:10DF6000D0C80E94DA4387FF02C00C94CE5F02E95A
:10DF700012E078E2E72E74E1F72ED8018D918D0141
:10DF80000E94EA32882349F00E94C0320F94FB407D
:10DF9000F7016083718382839383F4E0EF0EF11CB9
:10DFA00022E00639120749F70E94ECCF0C94CE5FAD
:10DFB0000E94DA4387FF02C00C94CE5F62E9E62E2E
:10DFC00062E0F62E10E000E0D7018D917D010E9405
:10DFD000EA32882349F00E94C032F801E85DFB4E26
:10DFE00064A375A386A397A30C5F1F4F003111058F
:10DFF00059F70C94CE5F83E50E943333882391F068
:10E000000E94C03260935C1470935D1480935E1420
:10E0100090935F14609364147093651480936614F6
:10E020009093671480E50E943333882351F00E9457
:10E03000C03260935C1470935D1480935E1490936F
:10E040005F1482E50E943333882351F00E94C0326E
:10E0500060936014709361148093621490936314BE
:10E0600084E50E943333882311F40C94CE5F0E9420
:10E07000C032609364147093651480936614909317
:10E0800067140C94CE5F0E94043F0C94CE5F0E94F4
:10E09000634183E19EE00E94E63E83E50E94EA320E
:10E0A000882321F00E94B12780931A0280911A02DE
:10E0B000882309F4A1C089EB9FE00E94E63E8BE033
:10E0C0009EE00E94E63E2091320C3091330C40914C
:10E0D000340C5091350C60911B0270911C028091A0
:10E0E0001D0290911E020F94883FAB01BC0189E094
:10E0F0009EE00E940E452091360C3091370C4091E5
:10E10000380C5091390C6091230270912402809157
:10E110002502909126020F94883FAB01BC0186E056
:10E120009EE00E940E4520913A0C30913B0C4091AC
:10E130003C0C50913D0C60912B0270912C0280910F
:10E140002D0290912E020F94883FAB01BC0183E019
:10E150009EE00E940E458BEF9DE00E94E63E2091DE
:10E16000320C3091330C4091340C5091350C60914D
:10E170001F027091200280912102909122020F943F
:10E18000883FAB01BC0189EF9DE00E940E452091C4
:10E19000360C3091370C4091380C5091390C60910D
:10E1A0002702709128028091290290912A020F94EF
:10E1B000883FAB01BC0186EF9DE00E940E45209197
:10E1C0003A0C30913B0C40913C0C50913D0C6091CD
:10E1D0002F027091300280913102909132020F949F
:10E1E000883FAB01BC0183EF9DE00E940E458AE0B1
:10E1F0000E94DF3E0C94CE5F85EB9FE05ECF83E50F
:10E200000E943333882311F40C94CE5F0E94C127FF
:10E210002091670C222351F020917802222331F0C3
:10E220002091680C222311F086E490E0909377020D
:10E23000809376020C94CE5F0E94634185E40E9435
:10E24000DF3E80E38D0D0E94DF3EF801E95CFD4F6B
:10E250006081718183E29EE00E94CD4385E20E944D
:10E26000DF3E8AE00E94DF3E0C94CE5F80E50E9494
:10E27000EA32882311F40C94CE5F70E060E080E510
:10E280000E946533F82E6FEF7FEF83E50E946533C0
:10E290008C010196039710F00C94CE5FF7FE02C03C
:10E2A0000C94CE5F8F2D0F94FF2C81110C94B565CB
:10E2B0000E945ED060E08F2D0F94D81E0F3F100794
:10E2C00089F001301105C9F010E000E08F2D0F94A6
:10E2D000FE338017910711F40C94CE5F80E00E940A
:10E2E000D44CF4CF8F2D0F94FE3331E020E0892BF6
:10E2F00009F030E0032F122FE9CF01E010E0E6CF64
:10E3000080E50E94EA32882311F40C94CE5F0E94CB
:10E31000C1278C01892B09F082C083E50E94EA3273
:10E32000882391F00E94C1278F3F980731F48EE433
:10E3300095E10E94563C0C94CE5FBC018EE495E1C1
:10E340000E94963C0C94CE5F0E94634170E060E0B6
:10E350008DE39EE00E94CD4380915015E8E5CE2EDE
:10E36000E2E0DE2EC81AD10887FDD394CC0CDD1C68
:10E37000CC0CDD1C0D2C000CEE08FF0880914F1515
:10E38000A8E88A2E912C881A910887FD9394880C0E
:10E39000991C880C991C092C000CAA08BB088091B8
:10E3A0004E1590E08F3FC9F1FC01EE0FFF1FE80F03
:10E3B000F91FEF51FB4E8181928163E0880F991F15
:10E3C0006A95E1F7B0E0A0E074E0B595A795979560
:10E3D00087957A95D1F702969C012F5F3F4F032EC8
:10E3E000000C440B550B281939094A095B09A4EBA9
:10E3F000B0E00F94293FA7019601281939094A096D
:10E400005B090F940A3FB9018AE39EE00E94CD4365
:10E410008AE00E94DF3E0C94CE5F80E0DDCF0E9458
:10E420009A3FB80184E59EE00E94CD4385E49EE0DA
:10E430000E94E63E0C94CE5F83E50E943333811147
:10E440000C945C690C94CE5F0E94B12781110C94EE
:10E4500095690C94CE5F64E071E083E50E945733C8
:10E460008C0168EE73E080E50E9457338938F3E150
:10E470009F0710F088E893E1B8010E947D9F0C94FB
:10E48000CE5F60E085E40E947433811174C080E542
:10E490000E94EA32882351F00E94C0326093A61491
:10E4A0007093A7148093A8149093A91489E40E94F0
:10E4B000EA32882381F00E94C0322CEA35EC47E230
:10E4C0005EE30F940A396093AA147093AB1480939F
:10E4D000AC149093AD1484E40E94EA32882381F056
:10E4E0000E94C0322CEA35EC47E25EE30F94824092
:10E4F0006093AE147093AF148093B0149093B114E2
:10E500000E9463414091A6145091A7146091A814F1
:10E510007091A91484E79EE00E940E452CEA35EC28
:10E5200047E25EE36091AA147091AB148091AC1441
:10E530009091AD140F948240AB01BC0180E79EE046
:10E540000E940E452CEA35EC47E25EE36091AE1482
:10E550007091AF148091B0149091B1140F940A3956
:10E56000AB01BC018CE69EE00E940E458AE00E9451
:10E57000DF3E0C94CE5F0E949A3F88E79EE00E94A7
:10E58000E63E0C94CE5F11110C94CE5F0E94634165
:10E5900086EA9EE00E94E63E8091B50C882391F0C9
:10E5A0008EE89EE00E94E63E60917D0270917E02C0
:10E5B00085E99EE00E94CD4381E99EE00E94E63E0F
:10E5C0000C94CE5F8AE89EE0EDCF0E941F450C942C
:10E5D000CE5F0E945ED00C94CE5F81E00E94E1E2AB
:10E5E0000E94BFEF0C94CE5F6FEF7FEF89E40E9433
:10E5F0006533E82E6FEF7FEF8AE40E946533082FC2
:10E600008AE50E94EA32182FF12C811104C081E5BD
:10E610000E94EA32F82EE7FC06C007FD04C0111183
:10E620000AC0F11008C00E949A3F88ED9EE00E9447
:10E63000E63E0C94CE5F23E02E1510F0043040F03F
:10E640000E949A3F89EB9EE00E94E63E0C94CE5FCA
:10E650000E94C032002E000C110B3E2D44E034020B
:10E66000D001112420E030E0A901FF2069F0FD0174
:10E67000E00FF11FEE0FFF1FEE0FFF1FE65EF94FD9
:10E6800020813181428153810A0F1B1F000F111F0E
:10E69000000F111F065E194F0F94883FD8016D932C
:10E6A0007D938D939C9313970C94CE5F0F94FE16DD
:10E6B00081110C94CE5F6AE4C62E64E3D62EEBE69D
:10E6C000FCE0FDA3ECA39E012F5F3F4F19018901E0
:10E6D000F12CE12CF6016591759185919491ACA195
:10E6E000BDA18D909D90AD90BD90BDA3ACA3A501A3
:10E6F00094010F94873F2B013C01F8014082518225
:10E700006282738220E030E040EA51EC0F94E841ED
:10E7100087FD0AC020E030E040EA51E4C301B201C5
:10E720000F94A438181684F4F701E156FB4CE491D9
:10E730001E1654F4B7FAB094B7F8B094D8018D927D
:10E740009D92AD92BC921397F80180809180A28037
:10E75000B38020E030E040EA51ECC501B4010F94F1
:10E76000E84187FD0AC020E030E040EA51E4C501FD
:10E77000B4010F94A4381816ACF40E949A3F86E1B5
:10E780009FE00E94E63E61E088E09FE00E94AA9F31
:10E790000E94662A68E270E088EC90E00E947D9F0B
:10E7A0000C94CE5FFFEFEF1AFF0A24E0C20ED11CDB
:10E7B0000C5F1F4F33E0E316F10409F08BCF52E4F6
:10E7C000E52E5AE0F52E10E0F10181919191A19191
:10E7D000B1911F01F70181939193A193B1937F01AF
:10E7E000812F0E946ADD1F5F133071F70E94BFEF17
:10E7F00060E088EF9EE00E94AA9F63E972E084E6F1
:10E8000090E00E947D9F6AEB72E084E690E00E94B7
:10E810007D9F0C94CE5F0E94E2FA0C94CE5F0E9422
:10E820008AE50C94CE5F81E08093FE050E949CF304
:10E830001092FE05882311F40C94CE5F0E94634170
:10E8400084E39FE00E94E63E0C94CE5F8091EC153D
:10E8500082FD02C00C94CE5F80628093EC150C9414
:10E86000CE5F8AE50E943333882341F10E94C03293
:10E870006B017C0120E030E040EA51EC0F94E8416C
:10E8800087FD14C020E030E040EA51E4C701B60142
:10E890000F94A438181654F0C0923E0CD0923F0C3E
:10E8A000E092400CF092410C0C94CE5F0E949A3F93
:10E8B0008FE39FE00E94E63E0C94CE5F0E9463418E
:10E8C00040913E0C50913F0C6091400C7091410C76
:10E8D0008CE59FE00E940E458AE00E94DF3E0C948A
:10E8E000CE5F0E94DA43082F87FF02C00C94CE5FF0
:10E8F00085E50E94EA32882359F10E94C0324B011B
:10E900005C01E02E002E000CFF0820E030E0A901A1
:10E910000F94E84187FF04C0B7FAB094B7F8B094F9
:10E9200020E030E048E453E4C501B4010F94E8412D
:10E93000970143E0220F331F4A95E1F7285F394FD3
:10E940001816D4F1D9018D929D92AD92BC92139775
:10E950008CE40E94EA32882311F40C94CE5F0E946A
:10E96000C0326B017C01002E000C110B20E030E066
:10E97000A9010F94E84187FF04C0F7FAF094F7F873
:10E98000F09420E030E048E453E4C701B6010F946E
:10E99000E841980193E0220F331F9A95E1F7285F31
:10E9A000394F18169CF0D9011496CD92DD92ED9254
:10E9B000FC9217970C94CE5F80E090E0A8E4B3E45B
:10E9C000F90180839183A283B383C2CF80E090E07A
:10E9D000A8E4B3E4F90184839583A683B7830C94F8
:10E9E000CE5F8DE69FE00E94E63E0C94CE5F0E94D3
:10E9F00063414091B60C5091B70C6091B80C709186
:10EA0000B90C8CE89FE00E940E458AE00E94DF3E30
:10EA10000C94CE5F11110C94236A0E946341809183
:10EA20001102811106C084EA9FE00E94E63E0C9428
:10EA3000CE5F6091120270E087E99FE00E94CD43B3
:10EA40008AE00E94DF3E0C94CE5F81E08093510209
:10EA50001092901460E083E50E94803381110C9441
:10EA6000CE5F0E9476490C94CE5F83E50E94EA3225
:10EA7000882341F00E94B1278093410A0E94EE361C
:10EA80000C94CE5F0E9463418CEB9FE00E94E63EB7
:10EA90008091410A882349F089EB9FE00E94E63E7D
:10EAA0008AE00E94DF3E0C94CE5F85EB9FE0F6CFBC
:10EAB0000091770410917804002311F40C94CE5F38
:10EAC0000E94634184E50E94DF3EB8017727072E4C
:10EAD000000C880B990B0E94B14380E20E94DF3E3C
:10EAE00081ED9FE00E94E63E0C94CE5F112311F46D
:10EAF0000C94F3640E945ED060E088E79AE00E9484
:10EB0000AA9F0C940365EF92FF920F931F93CF93EC
:10EB1000DF938C01E0904A0CF0904B0C6AE070E0BF
:10EB2000C8010F94D642EC01892B09F01882C80164
:10EB30000E944A3181E00E94865F209721F08E0179
:10EB40000F5F1F4FEBCFC701DF91CF911F910F9147
:10EB5000FF90EF900C944A314F925F926F927F92A8
:10EB60008F929F92AF92BF92CF92DF92EF92FF92DD
:10EB70000F931F93CF93DF93CDB7DEB77C014DB6D4
:10EB80005EB660904A0C70904B0C8DB69EB66AE0F3
:10EB900070E0C7010F94E6376C018C010E191F0954
:10EBA000892B21F4C7010F94F1378C01C80101961C
:10EBB0002DB73EB7281B390B0FB6F8943EBF0FBEDA
:10EBC0002DBF8DB79EB701965C01A801B7010F94C8
:10EBD0001238F501E00FF11F1082C5010E944A3181
:10EBE00081E00E94865FC114D10451F076019FEF4D
:10EBF000E91AF90A0FB6F8949EBE0FBE8DBEC5CFB6
:10EC00000FB6F8949EBE0FBE8DBEC3010E944A315E
:10EC10000FB6F8945EBE0FBE4DBEDF91CF911F912F
:10EC20000F91FF90EF90DF90CF90BF90AF909F90AB
:10EC30008F907F906F905F904F9008958F929F92EA
:10EC4000AF92BF92CF92DF92EF92FF920F931F93FA
:10EC5000CF93DF93CDB7DEB7C059D1090FB6F89483
:10EC6000DEBF0FBECDBF0E940637882369F083E563
:10EC70000E94EA328823E1F020E040E070E060E0AA
:10EC80008EE893E80E944529C057DF4F0FB6F894ED
:10EC9000DEBF0FBECDBFDF91CF911F910F91FF90CF
:10ECA000EF90DF90CF90BF90AF909F908F9008959E
:10ECB00083E09AE00E94AC758BEE99E00E94AC75FF
:10ECC00087E08093480C80936B0680914308909175
:10ECD00044089E012F5F3F4F7901009799F09F9361
:10ECE0008F9382EE99E09F938F933F932F930F948E
:10ECF0003B38C7010E9483750F900F900F900F90C3
:10ED00000F900F908091410890914208009709F070
:10ED1000F8C080914508811108C180904708909003
:10ED20004808A0904908B0904A0820E030E0A901C6
:10ED3000C501B4010F94A438FE01EF57FF4F6F01D6
:10ED4000811104C0809146088823E9F0860121E002
:10ED500041E0C501B4010F942734DF92CF92809136
:10ED600046081F928F938FEB99E09F938F93FF92AA
:10ED7000EF920F943B38C7010E9483750FB6F89449
:10ED8000DEBF0FBECDBF609117087091180880914B
:10ED9000190890911A08860123E041E00F94273466
:10EDA0005E0131E7A30EB11C60911B0870911C0835
:10EDB00080911D0890911E08850123E041E00F9489
:10EDC0002734BF92AF92DF92CF928EEA99E09F9361
:10EDD0008F93FF92EF920F943B38C7010E94837587
:10EDE00060911F087091200880912108909122085D
:10EDF000860123E041E00F94273483EA99E00E94E2
:10EE0000AC75DF92CF9289E999E09F938F93FF923F
:10EE1000EF920F943B38C7010E94837580914008A0
:10EE20008F9380913F088F9382E999E09F938F930E
:10EE3000FF92EF920F943B38C7010E948375609157
:10EE4000230870912408809125089091260823E0DA
:10EE500041E00F942734DF92CF9288E899E09F93A6
:10EE60008F93FF92EF920F943B38C7010E948375F6
:10EE700080914B088093540480914C0880934C04FB
:10EE800097E2C92E98E0D92E22E4822E2AE0922E13
:10EE90003FE5A32E36E0B32E0FB6F894DEBF0FBECB
:10EEA000CDBF10E0F60181919191A191B1916F01D7
:10EEB000F40181939193A193B1934F01F601808561
:10EEC0009185A285B385F50181939193A193B19327
:10EED0005F01812F0E946ADD1F5F133019F70091D7
:10EEE0004D0810914E0880E6D82E015098F11D9DD6
:10EEF000C0011124815B974F0E9483751F5F1370BF
:10EF0000F4CF9F938F9389ED99E09F938F93FF9216
:10EF1000EF920F943B38C7010E9483750F900F90BA
:10EF20000F900F900F900F90F4CE1F928F931F921F
:10EF30001F928CEC99E09F938F93FF92EF920F9426
:10EF40003B38C7010E9483750FB6F894DEBF0FBE31
:10EF5000CDBFE3CE8FEC99E09F938F9381E899E04A
:10EF60009F938F93FF92EF920F943B38C7010E94BB
:10EF7000837580913F0A8F9380913E0A8F93809191
:10EF80003D0A8F9380913C0A8F9380913B0A8F9327
:10EF900080913A0A8F938091390A8F938091380A31
:10EFA0008F9383E799E09F938F93FF92EF920F9453
:10EFB0003B38C7010E9483750FB6F894DEBF0FBEC1
:10EFC000CDBF62CECF93DF93C091D10B80E6C89FB7
:10EFD000E0011124CF5AD54F80911C1280FF05C04B
:10EFE0000E946341CE010E94504BCE010E944A31E3
:10EFF00080E0DF91CF910C94865F1F920F920FB645
:10F000000F9211240F900FBE0F901F9018951F9212
:10F010000F920FB60F9211240BB60F922F938F936E
:10F020009F93EF93FF9320917B04E0917A0481E01A
:10F030008E0F8F779091C600281729F0F0E0E658E0
:10F04000FB4F9283E82FE0937A04FF91EF919F9119
:10F050008F912F910F900BBE0F900FBE0F901F90AE
:10F0600018958EBD0DB407FEFDCF08958FEF8EBDB0
:10F070000DB407FEFDCF8EB50895909164009B7F7F
:10F0800090936400982F906A96959CBD80FD03C074
:10F0900091E0863009F490E09DBD08958F929F9293
:10F0A000AF92BF92CF92DF92EF92FF92FC01C080AD
:10F0B000D180E280F38020E030E048EC52E4C701E8
:10F0C000B6010F940A394B015C0120E030E0A90140
:10F0D000C701B6010F94A43820E030E040EA50E4C4
:10F0E00087FF04C020E030E040EA50ECC501B401E5
:10F0F0000F94883F20E030E040E251E40F948240DA
:10F100000F94F4409B018BE237FF05C02227332781
:10F11000261B370B8DE28093020CC90168EE73E069
:10F120000F946B3FCB01EAE0F0E0BF010F946B3F1F
:10F13000805D8093030CC90164E670E00F946B3F1F
:10F14000CB01BF010F946B3F805D8093040CC9011C
:10F15000BF010F946B3F282FCB01BF010F946B3F72
:10F16000805D8093050C8EE28093060C205D2093D9
:10F17000070C82E09CE0FF90EF90DF90CF90BF9073
:10F18000AF909F908F9008959C0197FF26C0EE2727
:10F19000FF27E81BF90B2D398FEF38070CF05DC006
:10F1A0008DE28093040CCF0164E670E00F946B3F16
:10F1B000CB012AE030E0B9010F946B3F805D809372
:10F1C000050CCF01B9010F946B3FCB01B9010F942E
:10F1D0006B3F805D8093060C2AC0283E83E0380791
:10F1E000B4F1C90168EE73E00F946B3FCB01EAE024
:10F1F000F0E0BF010F946B3F805D8093040CC90168
:10F2000064E670E00F946B3FCB01BF010F946B3F3E
:10F21000805D8093050CC901BF010F946B3FCB014A
:10F22000BF010F946B3F805D8093060CF901CF0105
:10F230006AE070E00F946B3F805D8093070C84E080
:10F240009CE008958DE237FDC5CF80E2C3CFF90180
:10F2500080E2243631050CF0A4CF80E28093040CC8
:10F260008093050CEA30F1056CF38DE237FF80E204
:10F270008093050CCF016AE070E00F946B3F605DF6
:10F280006093060CD4CF9C01EAE0F0E0BF010F943C
:10F290006B3F805D8093070C2A303105CCF0CB01A9
:10F2A000BF010F946B3F805D8093060C24363105BF
:10F2B00094F0C90164E670E00F946B3FCB01BF018D
:10F2C0000F946B3F805D8093050C85E09CE0089572
:10F2D00087E09CE0089586E09CE0089524E6829F04
:10F2E000C001112481589F4F6FEF70E00F946B3F66
:10F2F000262F81E3643609F080E28093040C90E2CB
:10F300002A3040F03AE0822F632F0F944B3F0F9446
:10F310004B3F905D9093050C822F6AE00F944B3F1A
:10F32000905D9093060C85E28093070C84E09CE04E
:10F330000895FC01A081B1811C92A281B3818C91BE
:10F340008F5F8C930280F381E02D90818CE0989FF9
:10F35000800D1124E4E9F5E113AE84AF08958091A6
:10F360004C0C8093A40C0895609137027091380280
:10F37000072E000C880B990B0F94AB382AE037ED61
:10F3800043E25CE30F940A392091890630918A06A2
:10F3900040918B0650918C060F940A396093790244
:10F3A00070937A0280937B0290937C020895CF93AE
:10F3B000DF93EC01CB01BA010F94AB380F94FB4003
:10F3C0006883DF91CF9108950F94AB380F94FB4081
:10F3D000862F0C946E792CEA35EC47E25EE360915F
:10F3E000AB057091AC058091AD059091AE050F9481
:10F3F00082406093AE147093AF148093B0149093D6
:10F40000B11408952CEA35EC47E25EE36091AF0554
:10F410007091B0058091B1059091B2050F940A39B1
:10F420006093AA147093AB148093AC149093AD14B2
:10F4300008950C943AD00C94ECCFCF92DF92EF92D7
:10F44000FF920F931F930F949A200091BA05109189
:10F45000BB052091BC053091BD056B017C01C01A34
:10F46000D10AE20AF30A9701860137FD11C0209103
:10F47000B90520952093B9056A547C4F8F4F9F4F53
:10F480006093BA057093BB058093BC059093BD054E
:10F4900081E09091B905911101C080E01F910F9119
:10F4A000FF90EF90DF90CF900895CF92DF92EF9290
:10F4B000FF92CF93C82F0F949A206B017C0124EA0E
:10F4C00030E74DE75FE36091B5057091B605809137
:10F4D000B7059091B8050F94A43887FD18C08AEF3E
:10F4E00090E0A0E0B0E08C0D9D1DAE1DBF1D80938F
:10F4F000E2059093E305A093E405B093E505C0937E
:10F500001402CF91FF90EF90DF90CF90089580E0AC
:10F5100090E0DC01E8CF21E02093A6056093B505DB
:10F520007093B6058093B7059093B80520E040E04E
:10F5300070E060E08091E70B9091E80B0C94452916
:10F540006DEC7CEC8CEC9CE30C948B7A6DEC7CEC9D
:10F550008CEC9DE30C948B7A60E070E080E89FE394
:10F560000C948B7A60E070E080E291E40C948B7AEA
:10F570002F923F924F925F926F927F928F929F92C3
:10F58000AF92BF92CF92DF92EF92FF920F931F93B1
:10F59000CF93DF9300D01F92CDB7DEB761E081E05B
:10F5A0000E94F6281091E60B212E85E0382E310EB0
:10F5B00094EFC92EDD24D394E12CF12C05E0011B3E
:10F5C0002EEE422E22E0522E612C712C84E0B82EB9
:10F5D000B11A83E0A82EA11A82E0982E911A81E038
:10F5E000882E811A11113EC08091E50B8823B9F055
:10F5F00080917F02882361F0622D619581E0909176
:10F60000E50B911180E024E041EA55E20F948E1958
:10F610001F5F3112E7CF86E08093DF0B0CC0809133
:10F62000EE0B1092EE0B882319F30E946E2A809144
:10F63000E00B8823E9F20F900F900F900F90DF916D
:10F64000CF911F910F91FF90EF90DF90CF90BF90DF
:10F65000AF909F908F907F906F905F904F903F9072
:10F660002F900895113041F58091E50B813079F0AC
:10F6700080917F02882361F281E09091E50B9130C7
:10F6800009F080E020E246E955E2682DBFCF809185
:10F69000EE0B1092EE0B882359F3C982DA82EB82CB
:10F6A000FC82BE016F5F7F4F80EA0E947B3D8091AC
:10F6B000E00B8823E9F2BFCF123009F090C08091AF
:10F6C000E50B823081F080917F02882309F4A0CF7E
:10F6D00081E09091E50B923009F080E020E24AE76A
:10F6E00055E2692D93CF8091EE0B1092EE0B88239B
:10F6F00051F3C982DA82EB82FC82BE016F5F7F4FD9
:10F7000088E70E947B3D8091E00B8823E1F293CF54
:10F710008091E50B833081F080917F02882309F48A
:10F7200077CF81E09091E50B933009F080E020E203
:10F730004EE655E26A2D6ACF8091EE0B1092EE0BE9
:10F74000882351F349825A826B827C82BE016F5FAB
:10F750007F4F8AE00E947B3D8091E00B8823E1F29D
:10F760006ACF8091E50B843081F080917F028823FD
:10F7700009F44ECF81E09091E50B943009F080E0E0
:10F7800020E244E655E26B2D41CF8091EE0B1092C2
:10F79000EE0B882351F349825A826B827C82BE0130
:10F7A0006F5F7F4F8AE50E947B3D8091E00B88234D
:10F7B000E1F241CF8091EE0B1092EE0B8823E1F045
:10F7C000C982DA82EB82FC82BE016F5F7F4F8CE3DD
:10F7D0000E947B3D8091E00B882371F02CCF133089
:10F7E00009F496CF143009F4BCCF153009F010CFCE
:10F7F0008091E50B8530F1F280917F02882309F436
:10F8000007CF81E09091E50B953009F080E020E290
:10F8100049E855E2602FFACE0D94A62067ED79E70E
:10F8200084EE99E70C94492FEF92FF920F931F9368
:10F83000CF93DF9361E081E00E94F628C091E60B50
:10F8400085E0F82EFC0ED3E0DC1B12E01C1B01E06F
:10F850000C1BEC2EE194C1112DC08091E50B882387
:10F86000B1F080917F02882359F081E09091E50BFF
:10F87000911180E024E042EF5CE26E2D0F948E192E
:10F88000CF5FFC12E8CF84E08093DF0B0CC0809147
:10F89000EE0B1092EE0B882321F30E946E2A8091CA
:10F8A000E00B8823F1F2DF91CF911F910F91FF9030
:10F8B000EF900895C13051F58091E50B813079F0DA
:10F8C00080917F028823E1F281E09091E50B9130F5
:10F8D00009F080E020E245EE5CE2602FCFCF80911E
:10F8E000EE0B1092EE0B882359F360911406709181
:10F8F00015064091110680911806909119060F94F3
:10F900007A1E8091E00B8823D9F2CDCFC230F1F579
:10F910008091E50B823081F080917F02882309F489
:10F92000AFCF81E09091E50B923009F080E020E2CA
:10F9300043EC5CE2612FA2CF8091EE0B1092EE0BB4
:10F94000882351F3409111066FEF7FEF80911806E5
:10F95000909119060F947A1E8091E00B8823E1F2B2
:10F96000A2CF8091EE0B1092EE0B8823B1F0609144
:10F970001406709115064091110690E080E00F94F6
:10F980007A1E8091E00B882341F08DCFC33009F0BF
:10F9900077CF8091E50B833021F380917F0288231C
:10F9A00009F46ECF81E09091E50B933009F080E08F
:10F9B00020E244ED5CE26D2F61CFEF92FF920F9356
:10F9C0001F93CF93DF9361E081E00E94F628C091FE
:10F9D000E60B85E0F82EFC0ED3E0DC1B12E01C1BCE
:10F9E00001E00C1BEC2EE194C1112DC08091E50BC0
:10F9F0008823B1F080917F02882359F081E09091B3
:10FA0000E50B911180E024E047EB5CE26E2D0F9452
:10FA10008E19CF5FFC12E8CF84E08093DF0B0CC01F
:10FA20008091EE0B1092EE0B882321F30E946E2A38
:10FA30008091E00B8823F1F2DF91CF911F910F911C
:10FA4000FF90EF900895C13051F58091E50B813022
:10FA500079F080917F028823E1F281E09091E50BBB
:10FA6000913009F080E020E24BEA5CE2602FCFCFDA
:10FA70008091EE0B1092EE0B882359F360911206E1
:10FA8000709113064091100680911606909117060A
:10FA90000F947A1E8091E00B8823D9F2CDCFC2302B
:10FAA000F1F58091E50B823081F080917F0288230F
:10FAB00009F4AFCF81E09091E50B923009F080E03E
:10FAC00020E24BE85CE2612FA2CF8091EE0B109216
:10FAD000EE0B882351F3409110066FEF7FEF80917A
:10FAE0001606909117060F947A1E8091E00B8823DA
:10FAF000E1F2A2CF8091EE0B1092EE0B8823B1F0D1
:10FB000060911206709113064091100690E080E01B
:10FB10000F947A1E8091E00B882341F08DCFC33083
:10FB200009F077CF8091E50B833021F380917F023C
:10FB3000882309F46ECF81E09091E50B933009F0B2
:10FB400080E020E24BE95CE26D2F61CFEF92FF9203
:10FB50000F931F938091160C09E01CE0882311F08D
:10FB600006E11CE080E5E82E8CE2F82E22E53CE27E
:10FB700046E150EA6FE57CE286E69CE20F9476234C
:10FB80001F910F91FF90EF900895EF92FF920F93C6
:10FB90001F9386E8E82E8AE2F82E10E000E028E8BD
:10FBA0003AE244EE5FE963E97AE288E99AE20F9487
:10FBB00076231F910F91FF90EF900895EF92FF929F
:10FBC0000F931F938FEBE82E84E2F82E10E000E0F5
:10FBD00021EC34E249E955E863ED74E28AED94E200
:10FBE0000F9476231F910F91FF90EF9008955F92ED
:10FBF0006F927F928F929F92AF92BF92CF92DF923D
:10FC0000EF92FF920F931F93CF93DF9361E081E018
:10FC10000E94F628C091E60B65E0662E6C0ED6E0D9
:10FC2000DC1B85E0B82EBC1A84E0A82EAC1A83E059
:10FC3000982E9C1A82E0882E8C1A81E0782E7C1AED
:10FC40005C2E5194C11136C08091E50B8823B1F030
:10FC500080917F02882359F081E09091E50B91110A
:10FC600080E024E04DE753E2652D0F948E19CF5FBD
:10FC70006C12E8CF87E08093DF0B0CC08091EE0B15
:10FC80001092EE0B882321F30E946E2A8091E00BE4
:10FC90008823F1F2DF91CF911F910F91FF90EF90A8
:10FCA000DF90CF90BF90AF909F908F907F906F909C
:10FCB0005F900895C13009F03FC08091E50B81301D
:10FCC000E9F080917F02882391F211E08091E50BA9
:10FCD000813009F010E060914C1470914D148091C6
:10FCE0004E1490914F140E94B22A00E09C014FE6FE
:10FCF00053E2672D812F0E940D30B9CF8091EE0B1A
:10FD00001092EE0B8823E9F20F94861CD12CC12CA3
:10FD1000E12C10ECF12E09E714E420E030E040E89B
:10FD20005FE36CE474E186E793E20F947D1B8091BE
:10FD3000E00B882331F2AECFC23009F010C18091C0
:10FD4000E50B8230D9F080917F02882309F48FCFB0
:10FD500011E08091E50B823009F010E060915014C1
:10FD60007091511480915214909153140E94B22AB0
:10FD700000E09C0141E653E2682DBCCF8091EE0B80
:10FD80001092EE0B8823F9F20F94861CD12CC12C13
:10FD9000E12C10ECF12E09E714E420E030E040E81B
:10FDA0005FE360E574E188E693E20F947D1B809148
:10FDB000E00B882341F26ECF8091E50B8330D9F0C0
:10FDC00080917F02882309F452CF11E08091E50BE6
:10FDD000833009F010E060915414709155148091B3
:10FDE0005614909157140E94B22A00E09C0143E5FA
:10FDF00053E2692D7FCF8091EE0B1092EE0B88239A
:10FE0000F9F20F94861CD12CC12CE12C10ECF12EB0
:10FE100009E714E420E030E040E85FE364E574E1E2
:10FE20008AE593E20F947D1B8091E00B882341F2D9
:10FE300031CF8091E50B8430D9F080917F02882307
:10FE400009F415CF11E08091E50B843009F010E042
:10FE5000609158147091591480915A1490915B14C8
:10FE60000E94B22A00E09C0145E453E26A2D42CF91
:10FE70008091EE0B1092EE0B8823F9F20F94861C02
:10FE8000D12CC12CE12C10ECF12E09E714E420E078
:10FE900030E040E85FE368E574E18CE493E20F94BE
:10FEA0007D1B8091E00B882341F2F4CE8091E50B1D
:10FEB0008530D9F080917F02882309F4D8CE11E0F3
:10FEC0008091E50B853009F010E060916814709125
:10FED000691480916A1490916B140E94B22A00E018
:10FEE0009C014BE353E26B2D05CF8091EE0B1092FA
:10FEF000EE0B8823F9F20F94861CD12CC12CE12C37
:10FF000010ECF12E09E714E420E030E0A90168E6E6
:10FF100074E180E493E20F947D1B8091E00B8823D1
:10FF200049F2B8CE8091EE0B1092EE0B882339F196
:10FF30000F94861CD12CC12CE12C10ECF12E09E77A
:10FF400014E420E030E0A9016CE674E181E393E27F
:10FF50000F947D1B8091E00B882389F09BCEC330EA
:10FF600009F42ACFC43009F464CFC53009F49ECF18
:10FF7000C63009F07CCE8091E50B863099F28091F5
:10FF80007F02882309F473CE11E08091E50B86305F
:10FF900009F010E060916C1470916D1480916E14F2
:10FFA00090916F140E94B22A00E09C0147E253E254
:10FFB0006D2FA0CE61E971E880E00D94921C6CE891
:10FFC00071E881E00D94921C67E871E882E00D947D
:10FFD000921C6EEE7FE783E00D94921CCF93DF932B
:10FFE00000D01F92CDB7DEB78091EE0B1092EE0BD2
:10FFF000882359F01092A6050E946E2A0F900F9048
:020000021000EC
:100000000F900F90DF91CF9108956091F30B709155
:10001000F40B6115710561F1072E000C880B990B2B
:100020000F94AB382091B5053091B6054091B705D6
:100030005091B8050F940A392091770C3091780CC3
:100040004091790C50917A0C0F94883F6093770C13
:100050007093780C8093790C90937A0C83E00E94D3
:10006000557A81E080937F021092F40B1092F30B8B
:1000700080917F02882311F22091E10B3091E20BF5
:100080004091E30B5091E40B6091770C7091780CE8
:100090008091790C90917A0C0F94873F69837A83D1
:1000A0008B839C83CE0101960E944E78BC018BE825
:1000B0009BE20E94562EA2CF2F923F924F925F92C8
:1000C0006F927F928F929F92AF92BF92CF92DF9268
:1000D000EF92FF921F93CF93DF9300D000D01F9237
:1000E0001F92CDB7DEB71C01162F8091EE0B109238
:1000F000EE0B8823E1F01092A6050E946E2A289646
:100100000FB6F894DEBF0FBECDBFDF91CF911F9128
:10011000FF90EF90DF90CF90BF90AF909F908F9027
:100120007F906F905F904F903F902F900895209117
:10013000F30B3091F40B3E832D83232B09F45CC029
:10014000A4E06A9FC001112498878F83FC01E559C0
:10015000F34F80809180A280B38020E030E04AE7B6
:1001600054E4C501B4010F94873F2B013C018091F9
:100170001A0281117BC020E030E04AE754E4C50157
:10018000B4010F94883F6B017C01ED81FE81BF01BA
:10019000FF0F880B990B0F94AB382091B505309168
:1001A000B6054091B7055091B8050F940A39A501DD
:1001B00094010F94883F2F8138852559334F590179
:1001C000D9016D937D938D939C931397ED81FE815F
:1001D000F7FF8BC0A30192010F94A43887FF06C0DC
:1001E000D5014D925D926D927C921397812F0E9462
:1001F000557A81E080937F021092F40B1092F30BFA
:1002000080917F02882309F47ACFF4E01F9FC00118
:100210001124FC01E559F34F8E5C934FDC012D91C5
:100220003D914D915C9160817181828193810F94A8
:10023000883F69837A838B839C832DEC3CEC4CEC68
:100240005DE36091B5057091B6058091B705909119
:10025000B8050F94E84187FD55C0CE0101960E9474
:100260004E78BC01C1010E94562E49CF80915E0696
:100270001130A9F0123031F1811108C040901B02F9
:1002800050901C0260901D0270901E02C0901F02D0
:10029000D0902002E0902102F090220276CF8111CE
:1002A00008C0409023025090240260902502709074
:1002B0002602C0902702D0902802E0902902F090F8
:1002C0002A0263CF811108C040902B0250902C026B
:1002D00060902D0270902E02C0902F02D0903002BC
:1002E000E0903102F090320250CFA70196010F94B6
:1002F000E84118160CF07ACFF501C082D182E28273
:10030000F38274CFCE0101960F94F519AACF62E063
:1003100084E89BE20C945C8061E08DE79BE20C94A6
:100320005C8060E086E79BE20C945C800F931F93F7
:10033000CF93DF938091EE0B1092EE0B882331F078
:10034000DF91CF911F910F910C946E2A60E085E0B0
:100350000E94F628D091E60BC0E0D11119C080911F
:100360007F02882349F010E000E021E041E06AE1EB
:100370007AE28C2F0E94CA2DDF5FCF5FC53069F70C
:1003800089E08093DF0BDF91CF911F910F9108954A
:10039000D13059F480917F02882371F310E000E09E
:1003A00020E041E06DE07AE2E4CFD23009F045C0D0
:1003B00080917F02882301F310E000E020E041E01B
:1003C0006AEF79E2D6CF80917F028823A9F210E00C
:1003D00000E020E041E069EE79E2CBCF80917F023E
:1003E000882351F210E000E020E041E06EED79E278
:1003F000C0CF80917F02882309F4BECF10E000E0D7
:1004000020E041E064ED79E2B4CF80917F0288235F
:1004100009F4B2CF10E000E020E041E060EC79E2C6
:10042000A8CF80917F02882309F4A6CF10E000E0D6
:1004300020E041E063EB79E29CCFD33021F2D4306D
:1004400069F2D530B1F2D63001F3D73051F3D8305C
:1004500009F092CF80917F02882309F48DCF10E0BC
:1004600000E020E041E061EA79E283CF0F931F933F
:10047000CF93DF938091EE0B1092EE0B882331F037
:10048000DF91CF911F910F910C946E2A60E085E06F
:100490000E94F628D091E60BC0E0D11119C08091DE
:1004A0007F02882349F010E000E021E041E067E9A5
:1004B00079E28C2F0E94CA2DDF5FCF5FC53069F7CC
:1004C00084E08093DF0BDF91CF911F910F9108950E
:1004D000D13059F480917F02882371F310E000E05D
:1004E00020E041E06AE879E2E4CFD23059F480912B
:1004F0007F02882309F310E000E020E041E06CE790
:1005000079E2D7CFD330C1F680917F028823A1F260
:1005100010E000E020E041E06FE679E2CACF0F93FF
:100520001F93CF93DF938091EE0B1092EE0B8823F5
:1005300031F0DF91CF911F910F910C946E2A60E002
:1005400085E00E94F628D091E60BC0E0D11119C0D9
:1005500080917F02882349F010E000E021E040E034
:1005600060E679E28C2F0E94CA2DDF5FCF5FC53035
:1005700069F786E08093DF0BDF91CF911F910F9198
:100580000895D13059F480917F02882371F310E0EF
:1005900000E020E040E064E579E2E4CFD23009F504
:1005A00080917F02882309F310E000E020E040E022
:1005B00066E479E2D7CF80917F028823B1F210E020
:1005C00000E021E040E066E379E2CCCF80917F0259
:1005D000882359F210E000E020E040E06AE279E28E
:1005E000C1CFD33041F3D43089F3D53009F0BDCF3A
:1005F00080917F02882309F4B8CF10E000E020E06A
:1006000040E06CE179E2AECFDF92EF92FF920F9380
:100610001F93CF93DF9361E081E00E94F628C091A1
:10062000E60B85E0F82EFC0E81E0D2E0DC1BE82E24
:10063000EC1ADC2ED194C11128C0882389F0809156
:10064000E50B18166CF02091F30B3091F40B2F5F33
:100650003F4F3093F40B2093F30B8F5F8093E50BA8
:1006600080917F02882349F010E000E020E041E023
:1006700060E677E28D2D0E94CA2D80E0CF5FFC12EC
:10068000DACF83E08093DF0B21C0C13039F5909140
:10069000E50B913079F080917F02882371F381E03E
:1006A000913009F080E020E245E557E26E2D0F948D
:1006B0008E19E3CF8091EE0B1092EE0B882359F345
:1006C000C0939C058091E00B882329F3DF91CF91A3
:1006D0001F910F91FF90EF90DF900895C23069F65F
:1006E0009091E50B923069F080917F02882329F286
:1006F00081E0923009F080E020E24CE457E26D2F77
:10070000D6CF8091EE0B1092EE0B882369F3C09345
:100710009C058091E00B882339F3D8CFBF92CF920C
:10072000DF92EF92FF920F931F93CF93DF9381E0BD
:100730008093A60561E00E94F628C091E60B85E053
:10074000D82EDC0E81E0D2E0DC1B98E5E92E9AE29F
:10075000F92EC82ECC1ABC2EB194C11128C0882302
:1007600089F08091E50B18166CF02091F30B309115
:10077000F40B2F5F3F4F3093F40B2093F30B8F5FFD
:100780008093E50B80917F02882349F010E000E020
:1007900020E041E066E77AE28B2D0E94CA2D80E0DE
:1007A000CF5FCD11DACF83E08093DF0B27C0C1305C
:1007B00079F58091E50B813089F080917F02882363
:1007C00071F381E09091E50B913009F080E020E237
:1007D00049E65AE26C2D0F948E19E1CF8091EE0B11
:1007E0001092EE0B882349F30E94662AF092500A79
:1007F000E0924F0A8091E00B8823F9F2DF91CF91CC
:100800001F910F91FF90EF90DF90CF90BF900895D0
:10081000C23029F68091E50B823081F080917F0211
:10082000882309F4BCCF81E09091E50B923009F068
:1008300080E020E24EE55AE26D2FCDCF8091EE0BA5
:100840001092EE0B882351F30F94672B1092E11551
:100850000E94662A8091E00B882301F3CFCF2F926C
:100860003F924F925F926F927F928F929F92AF9240
:10087000BF92CF92DF92EF92FF920F931F93CF938D
:10088000DF93CDB7DEB76F970FB6F894DEBF0FBE1C
:10089000CDBF8091EE0B1092EE0B8823D9F00E9411
:1008A0006E2A6F960FB6F894DEBF0FBECDBFDF91F4
:1008B000CF911F910F91FF90EF90DF90CF90BF905D
:1008C000AF909F908F907F906F905F904F903F90F0
:1008D0002F90089580910208909103089B8F8A8F32
:1008E0002090040830900508809106089091070830
:1008F000A0910808B09109088C8F9D8FAE8FBF8F93
:1009000040900A0850900B0860900C0870900D08F9
:1009100080900E0890900F08A0901008B0901108D9
:1009200060E085E00E94F628E090E60BF12CDE0105
:1009300011966D01E1108BC080917F02882361F0D8
:100940008A8D9B8D0E9443798C0120E040E06EE00F
:1009500079E28F2D0E94CA2D8C8D9D8DAE8DBF8D1D
:100960008E8B9F8BA88FB98FB601CE0146960E94C1
:100970006E3092E0E9127CC080917F02882349F0BA
:1009800010E000E020E040E060EF78E28F2D0E9470
:10099000CA2D4E8A5F8A688E798EB601CE01469640
:1009A0000E946E30B4E0EB1271C080917F02882308
:1009B00049F010E000E020E040E06BED78E28F2DA0
:1009C0000E94CA2D20E030E048EC52E4C501B40199
:1009D0000F9482400F94F440CB016AE070E00F94D2
:1009E0006B3F9F938F9320E030E04AE754E4C501CA
:1009F000B4010F9482400F94F4409F938F937F93A0
:100A00006F9380ED98E29F938F93DF92CF920F9434
:100A10003B380FB6F894DEBF0FBECDBF96E0E912AB
:100A200043C080917F02882349F010E000E020E07D
:100A300040E060EC78E28F2D0E94CA2DE394F3949D
:100A4000B5E0FB1277CF88E08093DF0B2ACFB1E0CF
:100A5000EB1282CF80917F02882309F47DCFC10100
:100A60000E9443798C0120E040E062E079E271CF9E
:100A7000A3E0EA128ECF80917F02882309F489CF08
:100A8000860120E040E06DEE78E280CF25E0E212C2
:100A900099CF80917F02882309F494CF860120E0CA
:100AA00040E068ED78E28BCFA7E0EA12C7CF8091F3
:100AB0007F02882309F4C2CF860120E040E06DEB7D
:100AC00078E2B9CF0F931F93CF93DF93CDB7DEB703
:100AD0006E970FB6F894DEBF0FBECDBF80911002A7
:100AE0008F9380910F028F931F921F928BE892E257
:100AF0009F938F938E010F5F1F4F1F930F930F9440
:100B00003B3881E08093A905C8010E944E521092A3
:100B1000A9050FB6F894DEBF0FBECDBF6E960FB617
:100B2000F894DEBF0FBECDBFDF91CF911F910F9123
:100B30000895CF930E948AE50E94CEE6C82F8823AD
:100B400019F080E00E9470F08C2FCF910C94ED286A
:100B5000EF92FF920F931F93CF93DF9300D000D0BB
:100B600000D01F921F92CDB7DEB77C012091B30554
:100B7000422F022E000C550B8091B4058230A1F15A
:100B8000833059F182EE96E25F932F939F938F9378
:100B90008E010F5F1F4F1F930F930F943B38C701B8
:100BA0000E94DCCF81E08093A905C8010E944E52CB
:100BB0001092A9050F900F900F900F900F900F902B
:100BC0002B960FB6F894DEBF0FBECDBFDF91CF914D
:100BD0001F910F91FF90EF9008958EEE96E227FD02
:100BE000D3CF89ED96E2D0CF87EF96E2CDCFE091DB
:100BF000B30587E1E802F0011124E556FB4E80853C
:100C000091850C94A885AF92BF92CF92DF92EF921C
:100C1000FF921F93CF93DF93CDB7DEB760970FB6E8
:100C2000F894DEBF0FBECDBF80916B0C90916C0C21
:100C3000A0916D0CB0916E0C89839A83AB83BC83B9
:100C400080916F0C9091700CA091710CB091720C0E
:100C50008D839E83AF83B8878091730C9091740CC1
:100C6000A091750CB091760C89879A87AB87BC8769
:100C70008091770C9091780CA091790CB0917A0CBE
:100C80008D879E87AF87B88B0E94ECCF0E94F7B903
:100C900089E5A82E8FE2B82E9BE1E92E92E0F92E8D
:100CA0002DE4C22E2FE2D22E10E0812F0E946ADDA9
:100CB000F50185919591A591B491F7018083918378
:100CC000A283B383F60185919591A591B491F70123
:100CD00084839583A683B7831F5FF4E0AF0EB11CB6
:100CE00088E0E80EF11CE4E0CE0ED11C1330E9F6EA
:100CF00060910006709101068091020690910306B2
:100D000040E00E94BE3A0E948E3B0E943AD040E1F1
:100D100050E06BE67CE0CE0101960F94A242892B55
:100D200089F060960FB6F894DEBF0FBECDBFDF919D
:100D3000CF911F91FF90EF90DF90CF90BF90AF9039
:100D40000C94BFEF60960FB6F894DEBF0FBECDBF18
:100D5000DF91CF911F91FF90EF90DF90CF90BF90E8
:100D6000AF9008950F931F9380919D06813019F5E0
:100D70000F949A200091910610919206209193066B
:100D800030919406601B710B820B930B28EE33E0BD
:100D900040E050E00F94E83E609195067091960611
:100DA0008091970690919806620F731F841F951F7C
:100DB0001F910F9108956091990670919A06809104
:100DC0009B0690919C06D6CF10929D06109291069C
:100DD0001092920610929306109294061092990621
:100DE00010929A0610929B0610929C0610929506FD
:100DF0001092960610929706109298060895809188
:100E00009D06813079F482E080939D060F949A20AC
:100E10006093990670939A0680939B0690939C0624
:100E200081E0089580E008958F929F92AF92BF92E3
:100E3000CF92DF92EF92FF92CF93FC01C080D180DE
:100E4000E280F38020E030E0A901C701B6010F94F1
:100E5000A43887FF93C0C701B601905820E030E066
:100E600048EC52E40F940A3920E030E040EA50E4C4
:100E70000F94883F20E030E040E251E40F9482403C
:100E80000F94F4406B017C0180E28093010C60E2DE
:100E9000F0E1CF16F7E2DF06E104F1048CF0C701C0
:100EA000B60120E137E240E050E00F940A3FCA016A
:100EB000B9012AE030E040E050E00F940A3F605D65
:100EC0006093020C60E288EEC81683E0D806E10465
:100ED000F1048CF0C701B60128EE33E040E050E0A9
:100EE0000F940A3FCA01B9012AE030E040E050E027
:100EF0000F940A3F605D6093030C60E2E4E6CE1657
:100F0000D104E104F1048CF0C701B60124E630E01D
:100F100040E050E00F940A3FCA01B9012AE030E0F6
:100F200040E050E00F940A3F605D6093040C8AE05B
:100F3000882E912CA12CB12CC701B601A5019401DA
:100F40000F940A3FC62FCA01B901A50194010F945D
:100F50000A3F605D6093050C8EE28093060CC05DD5
:100F6000C093070C81E09CE0CF91FF90EF90DF9061
:100F7000CF90BF90AF909F908F90089520E030E089
:100F800048EC52E4C701B6016DCF9F92AF92BF9279
:100F9000CF92DF92EF92FF920F931F93CF93DF9345
:100FA00000D01F92CDB7DEB761E081E00E94F62845
:100FB0001091E60B85E0A82EA10E84E0F82EF11A20
:100FC00083E0E82EE11A82E0D82ED11A81E0C82E03
:100FD000C11A912E9194111136C08091E50B88238E
:100FE000B1F080917F02882359F081E09091E50B68
:100FF000911180E024E04DEA54E2692D0F948E199E
:101000001F5FA112E8CF85E08093DF0B0CC08091B9
:10101000EE0B1092EE0B882321F30E946E2A809132
:10102000E00B8823F1F20F900F900F900F90DF915B
:10103000CF911F910F91FF90EF90DF90CF90BF90D5
:10104000AF909F9008951130D9F58091E50B8130D4
:1010500021F180917F02882399F2BB24B39480917F
:10106000E50B813009F0B12C80913C1490913D1436
:10107000A0913E14B0913F1489839A83AB83BC83C3
:10108000CE0101960E94148700E09C0149E954E2D8
:101090006C2D8B2D0E940D30B3CF8091EE0B1092F2
:1010A000EE0B8823B1F20F94861C6CE374E183EAA3
:1010B00094E20F94291C8091E00B882351F2B3CF66
:1010C000123009F085C08091E50B823011F18091DA
:1010D0007F02882309F494CFBB24B3948091E50B5D
:1010E000823009F0B12C8091401490914114A0916C
:1010F0004214B091431489839A83AB83BC83CE019D
:1011000001960E94148700E09C0145E854E26D2D91
:10111000C0CF8091EE0B1092EE0B8823C1F20F949A
:10112000861C60E474E18FE894E20F94291C80919E
:10113000E00B882361F277CF8091E50B833011F1CA
:1011400080917F02882309F45BCFBB24B394809104
:10115000E50B833009F0B12C809144149091451433
:10116000A0914614B091471489839A83AB83BC83C2
:10117000CE0101960E94148700E09C0141E754E2F1
:101180006E2D87CF8091EE0B1092EE0B8823C1F26B
:101190000F94861C64E474E18BE794E20F94291C9D
:1011A0008091E00B882361F23ECF8091EE0B10928C
:1011B000EE0B8823B9F00F94861C68E474E187E68F
:1011C00094E20F94291C8091E00B882359F02BCFD7
:1011D000133009F4B1CF143009F012CF8091E50B30
:1011E000843019F380917F02882309F409CFBB244E
:1011F000B3948091E50B843009F0B12C80914814B0
:1012000090914914A0914A14B0914B1489839A8308
:10121000AB83BC83CE0101960E94148700E09C0141
:101220004DE554E26F2D35CF8F929F92AF92BF92D2
:10123000CF92DF92EF92FF92CF93FC01C080D180DA
:10124000E280F38020E030E04AE754E4C701B601D1
:101250000F940A394B015C0120E030E0A901C7017D
:10126000B6010F94A43820E030E040EA50E487FF54
:1012700004C020E030E040EA50ECC501B4010F9416
:10128000883F20E030E040E251E40F9482400F9428
:10129000F4406B017C018BE2F7FE09C0F094E0940E
:1012A000D094C094C11CD11CE11CF11C8DE2809330
:1012B000010CC701B60120E137E240E050E00F9495
:1012C0000A3F8AE0882E912CA12CB12CCA01B901C9
:1012D000A50194010F940A3F605D6093020CC70161
:1012E000B60128EE33E040E050E00F940A3FCA0117
:1012F000B901A50194010F940A3F605D6093030C4E
:10130000C701B60124E630E040E050E00F940A3F08
:10131000CA01B901A50194010F940A3F605D609371
:10132000040C8EE28093050CC701B601A50194015F
:101330000F940A3FC62FCA01B901A50194010F9469
:101340000A3F605D6093060CC05DC093070C81E0AE
:101350009CE0CF91FF90EF90DF90CF90BF90AF9047
:101360009F908F9008952F923F924F925F926F922D
:101370007F928F929F92AF92BF92CF92DF92EF9225
:10138000FF920F931F93CF93DF9300D01F921F9272
:10139000CDB7DEB761E081E00E94F628B090E60BA1
:1013A0002B2C85E08B0D8D8384E0382E3B183AE0A2
:1013B000432E512C612C712C83E0882E8B1882E0F7
:1013C000982E9B1881E0A82EAB18B11040C08091D8
:1013D000E50B8823C1F080917F02882361F0622DA4
:1013E000619581E09091E50B911180E024E04BE460
:1013F00054E20F948E19B3949D819B11E6CF85E042
:101400008093DF0B0CC08091EE0B1092EE0B8823C3
:1014100011F30E946E2A8091E00B8823E1F20F9075
:101420000F900F900F900F90DF91CF911F910F9120
:10143000FF90EF90DF90CF90BF90AF909F908F90F4
:101440007F906F905F904F903F902F90089591E024
:10145000B9123FC08091E50B8130E9F080917F02A5
:10146000882349F211E08091E50B813009F010E00A
:101470006091900C7091910C8091920C9091930CD2
:101480000E94B22A00E09C014BE354E26A2D812FB6
:101490000E940D30B0CF8091EE0B1092EE0B88239E
:1014A000E9F20F94861CD12CC12CE12C10E8F12E0E
:1014B00007E714E420E030E040E85FE360E97CE027
:1014C00083E494E20F947D1B8091E00B882331F23A
:1014D000A6CFA2E0BA12D9C08091E50B8230D9F034
:1014E00080917F02882309F486CF11E08091E50B7B
:1014F000823009F010E06091940C7091950C80910D
:10150000960C9091970C0E94B22A00E09C014BE24D
:1015100054E2692DBCCF8091EE0B1092EE0B882324
:10152000F9F20F94861CD12CC12CE12C10E8F12E7D
:1015300007E714E420E030E040E85FE364E97CE0A2
:1015400083E394E20F947D1B8091E00B882341F2AA
:1015500066CF8091E50B833009F180917F0288236B
:1015600009F449CF11E08091E50B833009F010E0D8
:101570008091980C9091990CA0919A0CB0919B0C31
:1015800089839A83AB83BC83CE0101960E94148920
:1015900000E09C014BE154E2682D79CF8091EE0B85
:1015A0001092EE0B8823C9F20F94861C20E030E0E5
:1015B00048EC52E46091980C7091990C80919A0CCF
:1015C00090919B0C0F940A3920E030E040E251E406
:1015D0000F94873F0F94FB406B010E94412AB09209
:1015E0007F0283E294E29093000C8093FF0BA8E9C2
:1015F000BCE0B093FE0BA093FD0B4092F90B509210
:10160000FA0B6092FB0B7092FC0B85EF9FE7A0E05A
:10161000B0E08093F50B9093F60BA093F70BB0938B
:10162000F80BD092F40BC092F30B87ED9FE29093EE
:101630009315809392151092F20B1092F10B109269
:10164000F00B8091E00B882309F487CFE8CE8091DE
:10165000EE0B1092EE0B882319F10F94861CD12CFF
:10166000C12CE12C10E8F12E07E714E420E030E073
:1016700040E85FE36CE97CE083E194E20F947D1B3A
:101680008091E00B882361F0CACEA3E0BA1609F47A
:1016900060CFB4E0BB12AFCE8091E50B8430B9F2DD
:1016A00080917F02882309F4A6CE11E08091E50B9A
:1016B000843009F010E060919C0C70919D0C809139
:1016C0009E0C90919F0C0E94B22A00E09C014BE07E
:1016D00054E2632DDCCECF92DF92EF92FF92FC01B9
:1016E000C080D180E280F38020E030E0A901C70112
:1016F000B6010F94A43887FF69C0C701B60190589E
:1017000020E030E040E251E40F940A3920E030E07C
:1017100040EA50E40F94883F20E030E040E251E49A
:101720000F9482400F94F440FB01E03187E2F80708
:1017300008F453C0CF0160E177E20F94573F80E394
:10174000860F8093030CE83E83E0F80708F447C057
:10175000CF0168EE73E00F94573FCB016AE070E071
:101760000F94573F805D8093040C80E2E436F105CE
:1017700058F0CF0164E670E00F94573FCB016AE068
:1017800070E00F94573F805D8093050C80E2EA3053
:10179000F10558F02AE030E0CF01B9010F94573F2E
:1017A000CB01B9010F94573F805D8093060CCF01A8
:1017B0006AE070E00F94573F805D8093070C83E0F0
:1017C0009CE0FF90EF90DF90CF90089520E030E014
:1017D00040E251E4C701B60197CF80E2B2CF80E288
:1017E000C2CF8F929F92AF92BF92CF92DF92EF9231
:1017F000FF92CF93FC01C080D180E280F38020E093
:1018000030E04AE754E4C701B6010F940A394B01AE
:101810005C0120E030E040E251ECC701B6010F94DA
:10182000A438181654F420E030E048EC52E4C70124
:10183000B6010F94E84187FD86C020E030E0A901A1
:10184000C701B6010F94A43887FF6EC060E070E056
:1018500080EA90ECA50194010F94883F20E030E0ED
:1018600040E251E40F9482400F94F4406B017C01FC
:10187000F7FC5FC020E137E240E050E00F940A3F00
:10188000CA01B9012AE030E040E050E00F940A3F7D
:10189000605D6093020CC701B60128EE33E040E0C2
:1018A00050E00F940A3F9AE0892E912CA12CB12C84
:1018B000CA01B901A50194010F940A3F605D6093CC
:1018C000030CC701B60124E630E040E050E00F947D
:1018D0000A3FCA01B901A50194010F940A3F605D56
:1018E0006093040C8EE28093050CC701B601A5013C
:1018F00094010F940A3FC62FCA01B901A5019401B2
:101900000F940A3F605D6093060CC05DC093070CA6
:1019100082E09CE0CF91FF90EF90DF90CF90BF905E
:10192000AF909F908F90089560E070E080EA90E41F
:1019300091CFF094E094D094C094C11CD11CE11CD0
:10194000F11C6DE2A6CF20E030E0A901C701B6018D
:101950000F94A43887FF6AC060E070E080EA90ECE2
:10196000A50194010F94883F20E030E040E251E46B
:101970000F9482400F94F4404B015C0120E030E072
:10198000A901C701B6010F94E84187FD0BC020E013
:1019900030E040E251E4C701B6010F94A43860E2A0
:1019A00087FD13C0B7FC47C0C501B40128EE33E082
:1019B00040E050E00F940A3FCA01B9012AE030E04C
:1019C00040E050E00F940A3F605D6093030CC50156
:1019D000B40124E630E040E050E00F940A3F8AE092
:1019E000C82ED12CE12CF12CCA01B901A701960116
:1019F0000F940A3F605D6093040C8EE28093050CA7
:101A0000C501B401A70196010F940A3FC62FCA0170
:101A1000B901A70196010F940A3F605D6093060C1F
:101A2000C05DC093070C83E09CE074CF60E070E081
:101A300080EA90E495CFB094A09490948094811C17
:101A4000911CA11CB11C6DE2C0CF2F923F924F920E
:101A50005F926F927F928F929F92AF92BF92CF923E
:101A6000DF92EF92FF920F931F93CF93DF9300D0FB
:101A700000D01F921F92CDB7DEB761E081E00E94D7
:101A8000F628B090E60B9B2C85E08B0D8D8353E000
:101A9000852E67EF262E69EB362E82E08B198E831A
:101AA00091E09B199F8376ED472E76E0572E612CAF
:101AB000712CA82DAB19A887B1107FC08091E50BC0
:101AC000882309F453C080917F02882361F0692D37
:101AD000619581E09091E50B911180E024E049E768
:101AE00052E20F948E1980918806882309F491C1DF
:101AF000B3E024E0A22EBB128EC18091E50B8330AF
:101B000009F40EC180917F02811164C144E0A42ECA
:101B100081E08A0DB81221C08091E50B8B1509F484
:101B2000BBC180917F028823C1F011E08091E50B59
:101B30008B1110E060910C0670910D0680910E06DD
:101B400090910F060E94B22A00E09C014CE152E203
:101B50006B2D6919812F0E940D30B3949D819B11CB
:101B6000ABCFA394A394A092DF0B0EC08091EE0B99
:101B70001092EE0B882309F4A6CF0E946E2A809162
:101B8000E00B882309F49FCF28960FB6F894DEBFA8
:101B90000FBECDBFDF91CF911F910F91FF90EF90BE
:101BA000DF90CF90BF90AF909F908F907F906F907D
:101BB0005F904F903F902F900895B1E0BB1279C095
:101BC0008091E50B813021F180917F02882309F417
:101BD0008ACF11E08091E50B813009F010E080910F
:101BE000B60C9091B70CA091B80CB091B90C898348
:101BF0009A83AB83BC83CE0101960E94F18B00E0F7
:101C00009C0145E652E26F81812F0E940D306BCF1F
:101C10008091EE0B1092EE0B8823B1F220E030E0C1
:101C200048EC52E46091B60C7091B70C8091B80CFE
:101C30009091B90C0F940A390F94FB406B010E94EC
:101C4000412A80927F028FE692E29093000C80936B
:101C5000FF0B86EB9CE09093FE0B8093FD0B1092A4
:101C6000F90B1092FA0B1092FB0B1092FC0B8FEFFA
:101C70009FE7A0E0B0E08093F50B9093F60BA09364
:101C8000F70BB093F80BD092F40BC092F30B85EFE7
:101C90009FE290939315809392151092F20B1092FD
:101CA000F10B1092F00B8091E00B882309F48CCF9C
:101CB0006BCF92E0B91217CF8091E50B8230C1F063
:101CC00080917F02882309F40ECF8091880628E551
:101CD00032E2811102C024E532E281E09091E50B0D
:101CE000923009F080E001E04BE552E26E818DCF49
:101CF000809188069091EE0B1092EE0B992301F3E0
:101D0000A1E08A278093880680927F022114310403
:101D100011F00E94F7B98091E00B882389F234CF4B
:101D20008091EE0B1092EE0B882309F4EBCE0F940A
:101D3000861C20E030E04AE754E460918D06709103
:101D40008E0680918F06909190060F940A3920E0BC
:101D500030E84BEB54E40F94873F0F94FB406B014A
:101D60000E94412AB0927F028AE492E29093000C92
:101D70008093FF0B8DE896E09093FE0B8093FD0B14
:101D80008CED95E0A0E0B0E08093F90B9093FA0B16
:101D9000A093FB0BB093FC0B4092F50B5092F60B0B
:101DA0006092F70B7092F80BD092F40BC092F30B89
:101DB0008FEE9FE290939315809392153092F20BE1
:101DC0002092F10B1092F00B8091E00B882309F424
:101DD00099CEDACE11E08091E50B833009F010E066
:101DE00080918D0690918E06A0918F06B0919006FD
:101DF00089839A83AB83BC83CE0101960F94F51936
:101E000000E09C0140E452E26885812F0E940D3081
:101E10007DCE33E0A32EAB107BCE8091E50B8A15EF
:101E2000F9F080917F02882309F472CEFB2CF91817
:101E300011E08091E50B8B1110E060910806709124
:101E4000090680910A0690910B060E94B22A00E0D2
:101E50009C014CE252E26F2D812F0E940D3058CE32
:101E60008091EE0B1092EE0B8823D9F20F94861C12
:101E7000D12CC12CE12CF12C08E413E420E030E05B
:101E8000A90168E076E086E392E20F947D1B8091E1
:101E9000E00B882331F278CE8091EE0B1092EE0B9E
:101EA000882309F43ECE0F94861CD12CC12CE12C42
:101EB000F12C08E413E420E030E0A9016CE076E0C6
:101EC00084E292E20F947D1B8091E00B882309F459
:101ED00028CE5ACE9C0197FD2DC080E224363105D4
:101EE0005CF0C90164E670E00F946B3FCB016AE0DF
:101EF00070E00F946B3F805D8093050C80E22A3088
:101F000031055CF0EAE0F0E0C901BF010F946B3FDE
:101F1000CB01BF010F946B3F805D8093060CC9011C
:101F20006AE070E00F946B3F805D8093070C85E062
:101F30009CE008953195219531098DE2DDCF2F92F6
:101F40003F924F925F926F927F928F929F92AF9249
:101F5000BF92CF92DF92EF92FF920F931F93CF9396
:101F6000DF93CDB7DEB7A6970FB6F894DEBF0FBEEE
:101F7000CDBF1092ED0B8091EE0B1092EE0B8823EB
:101F800071F120E040E070E060E081EA94EA0E94B4
:101F9000452981E08093A5058AEF9EE290939214F3
:101FA000809391141092941410929314A6960FB6E5
:101FB000F894DEBF0FBECDBFDF91CF911F910F917F
:101FC000FF90EF90DF90CF90BF90AF909F908F9059
:101FD0007F906F905F904F903F902F900895209149
:101FE0007602309177024091F30B5091F40BCA01C5
:101FF000820F931F2436310589F4473051053CF098
:1020000006978A309105CCF48AE090E01FC00696CE
:102010004A3F5F4FB4F384E690E00FC024363105A9
:102020004CF485369105BCF78A30910534F48AE08A
:1020300090E009C08436910574F3883EE3E09E0782
:1020400014F087EE93E08217930741F090937702A4
:10205000809376021092F40B1092F30B8091A705F7
:10206000882309F447C16091A3147091A414072E2A
:10207000000C880B990B0F94AB3811E020919F1442
:102080003091A0144091A1145091A2140F94E841F2
:1020900018160CF010E06091DC0B7091DD0B072E30
:1020A000000C880B990B0F94AB382091D80B309112
:1020B000D90B4091DA0B5091DB0B0F94E8411816C5
:1020C0000CF410681093E1052091320C3091330C20
:1020D0004091340C5091350C60916B0C70916C0CEC
:1020E00080916D0C90916E0C0F94883F6B017C0178
:1020F00020E030E0A9010F94A43820E030E040E077
:102100005FEB87FD04C020E030E040E05FE3C70103
:10211000B6010F94883F0F94F440CB010E94C4781D
:10212000BC018CED95E00F94EA422091360C309181
:10213000370C4091380C5091390C60916F0C7091B4
:10214000700C8091710C9091720C0F94883F6B0110
:102150007C0120E030E0A9010F94A43820E030E0B9
:1021600040E05FEB87FD04C020E030E040E05FE34B
:10217000C701B6010F94883F0F94F440CB010E9431
:10218000C478BC0187ED95E00F94EA4220913A0CA7
:1021900030913B0C40913C0C50913D0C6091730C84
:1021A0007091740C8091750C9091760C0F94883F0F
:1021B0006B017C0120E030E04AE754E40F940A39D7
:1021C0004B015C0120E030E0A901C701B6010F948A
:1021D000A43820E030E040EA50EC87FD04C020E065
:1021E00030E040EA50E4C501B4010F94883F20E09C
:1021F00030E040E251E40F9482400F94F4406B01D0
:102200007C0180E2F7FE09C0F094E094D094C09481
:10221000C11CD11CE11CF11C8DE28093010C60E219
:10222000F0E1CF16F7E2DF06E104F1048CF0C7011C
:10223000B60120E137E240E050E00F940A3FCA01C6
:10224000B9012AE030E040E050E00F940A3F605DC1
:102250006093020C60E228EEC21623E0D206E1048D
:10226000F1048CF0C701B60128EE33E040E050E005
:102270000F940A3FCA01B9012AE030E040E050E083
:102280000F940A3F605D6093030CC701B60124E61A
:1022900030E040E050E00F940A3F6AE0862E912C37
:1022A000A12CB12CCA01B901A50194010F940A3FD8
:1022B000605D6093040CC701B601A50194010F9401
:1022C0000A3F162FCA01B901A50194010F940A3FD4
:1022D000112309F423C48EE28093050C605D6093A2
:1022E000060C105D1093070C61E07CE08FEC95E02C
:1022F0000F94EA420E941D7A382E81E00E94982CA9
:102300008091E10562E122E087FF02C068E02CE0F5
:102310009091CC15943170F49091CE15961750F0A1
:1023200006ED1EE287FD02C000ED1EE243E080E5FF
:102330000F9426228091CC158431A0F48091CE1583
:10234000823080F0332031F08091A40C0AE91EE243
:10235000811102C004E61EE222E143E062E088E669
:102360000F9426228091CC158C3108F048C1C09082
:102370009F14D090A014E090A114F090A214A0900B
:10238000A314B090A414843190F48091CE158830B9
:1023900070F08091E1050CE41EE280FD02C004E3D0
:1023A0001EE22CE042E068E088E00F942622809153
:1023B000CC158830E0F5311004C08091AD06811154
:1023C00036C0B501BB0C880B990B0F94AB3820E0DD
:1023D00030E040E05FE30F94883F0F94F440CB017E
:1023E0000E946A8FFC01808193E0803229F4818110
:1023F00092E0803209F491E0892F880F880F392FFD
:10240000381B832F815F8093CF1587E08093D01591
:1024100023E030E0291B3109CF01820F931F0E9476
:10242000522E69E070E080E090E00E94AD2C809137
:10243000CC158C31B0F58091CE15853190F120E02E
:1024400030E040E05FE3C701B6010F94883F0F948E
:10245000F440CB010E946A8FFC01808193E08032BE
:1024600029F4818192E0803209F491E0892F880F6C
:10247000880F492F481B842F815F8093CF158CE1F3
:102480008093D01523E030E0291B3109CF01820F62
:10249000931F0E94522E69E070E080E090E00E945D
:1024A000AD2CC090D80BD090D90BE090DA0BF09007
:1024B000DB0B8091CC15883008F040C0311004C08F
:1024C0008091A80681113AC06091DC0B7091DD0B00
:1024D000072E000C880B990B0F94AB3820E030E0EE
:1024E00040E05FE30F94883F0F94F440CB010E94DB
:1024F0006A8FFC01808193E0803229F4818192E02F
:10250000803209F491E0892F880F880F592F581BCA
:10251000852F845A8093CF1587E08093D01523E0D0
:1025200030E0291B3109CF01820F931F0E94522EE8
:1025300069E070E080E090E00E94AD2C8091CC15C5
:102540008C31B0F58091CE15853190F120E030E0EE
:1025500040E05FE3C701B6010F94883F0F94F44059
:10256000CB010E946A8FFC01808193E0803229F4C4
:10257000818192E0803209F491E0892F880F880FE1
:10258000692F681B862F845A8093CF158CE1809326
:10259000D01523E030E0291B3109CF01820F931FB2
:1025A0000E94522E69E070E080E090E00E94AD2C25
:1025B0008091CC158C3118F58091CE158531F8F0CD
:1025C0008091A40C8823D9F097E69093CF159CE1D5
:1025D0009093D015E4E68E9FC001112481589F4F3F
:1025E0006FEF70E00F946B3FCB010E946A8F0E94E7
:1025F000522E65E270E080E090E00E94AD2C0E94D7
:10260000E533882369F18091CC15843348F58091B6
:10261000CE158A3228F107E028E04AE26AE288E92A
:1026200095E10F94212305E022E04CE262E388E982
:1026300095E10F9421236AE08AE20F94DA226091F7
:102640009A1570919B1582E38093B4158BE2809369
:10265000B51524EB35E142E388E995E10F94832138
:102660008091CC15853340F48091CE15813320F0D4
:102670006AE486E30F94DA228091EC1582FF2AC087
:102680000E94E533882309F45BC28091E4159091A0
:10269000E515A091E615B091E7150097A105B105E4
:1026A00009F44EC2BC01CD016D597F4F8F4F9F4F32
:1026B00024E630E040E050E00F94E83E6091E815F9
:1026C0007091E9158091EA159091EB150F94E83E11
:1026D0002093A4052090A405F1E0F21510F5809157
:1026E000CC158433F0F48091CE158233D0F028E4F9
:1026F000229EB0011124072E000C880B990B0F9419
:10270000AB382AE037ED43E25CE30F940A390F94CB
:10271000FB40262F02E042E367E388E995E10F944E
:1027200021238091CC158F3208F03DC18091CE15C8
:10273000883208F438C10E94B2866F8F78A389A3CB
:102740009AA341E0603871458140910508F440E06A
:10275000BE01625F7F4FCE014F960E94F33386E346
:102760008093CF158FE28093D015CE010E960E94F4
:10277000522E1B8E1C8E1D8E1E8E10919D0611508A
:1027800001E0123008F000E00E94E533882319F0E0
:10279000982F123028F0809186078111D3C190E0E4
:1027A0004F8C58A069A07AA0992309F4CDC1C0909C
:1027B000E815D090E915E090EA15F090EB158090BF
:1027C000E4159090E515A090E615B090E7158823E4
:1027D000F1F04091CB055091CC056091CD05709101
:1027E000CE05441655066606770688F04091C70563
:1027F0005091C8056091C9057091CA05C416D506E7
:10280000E606F70620F02091C605921781F0109297
:10281000C2051092C3051092C4051092C50510920E
:10282000BE051092BF051092C0051092C1054092DE
:10283000CB055092CC056092CD057092CE05C0922A
:10284000C705D092C805E092C905F092CA059093D9
:10285000C605882309F486C1222009F483C1C11466
:10286000D104E104F10409F47DC181149104A104AF
:10287000B10409F477C18091C2059091C305A0917C
:10288000C405B091C505892B8A2B8B2BA9F08091AB
:10289000BE059091BF05A091C005B091C105A301EF
:1028A0009201281B390B4A0B5B0BDA01C901CC974B
:1028B000A105B10508F43FC0C301B2010F94A938C6
:1028C0006BA37CA38DA39EA3C501B4010F94A9386B
:1028D0009B01AC016BA17CA18DA19EA10F940A3933
:1028E0004B015C01C701B6010F94A9389B01AC01F3
:1028F000C501B4010F94824020E030E040E05FE386
:102900000F94883F0F94FB40641575058605970565
:1029100010F4C301B2016093C2057093C3058093A4
:10292000C4059093C5054092BE055092BF056092C4
:10293000C0057092C1058091C2059091C305A09118
:10294000C405B091C5050097A105B10509F40AC1F8
:10295000481659066A067B0608F000C184199509D5
:10296000A609B7098B8F9C8FAD8FBE8F41E0803851
:102970009145A140B10508F440E0BE016F5F7F4F73
:10298000CE014B960E94F333982F990F990F891B14
:10299000880F80588093CF158FE28093D015CE0199
:1029A00001960E94522E8091CC15863208F064C0A8
:1029B0008091CE158E3108F45FC008E020E84EE12A
:1029C00060E088E995E10F9421238091CC1586324F
:1029D00008F052C08091CE158F3108F44DC010928E
:1029E000B81583E08093CF1515E21093D01568E5F4
:1029F00070E080E090E00E94AD2C8BE08093CF15DA
:102A00001093D015332009F4C9C08CED95E00E94D5
:102A1000522E88E28093CF1515E21093D01569E508
:102A200070E080E090E00E94AD2C80E38093CF15B1
:102A30001093D015332009F4C8C087ED95E00E94AB
:102A4000522E8DE48093CF1515E21093D0156AE5D0
:102A500070E080E090E00E94AD2C85E58093CF157A
:102A60001093D015332009F4C8C08FEC95E00E9474
:102A7000522E81E08093B8158091CC15823348F5B1
:102A80008091CE158B3228F183E00E94982C83E050
:102A90008093CF1512E31093D01566E070E080E0CC
:102AA00090E00E94AD2C81E00E94982C8CE08093F5
:102AB000CF151093D01580917602909177020E94E5
:102AC0006A8F0E94522E65E270E080E090E00E94E2
:102AD000AD2C8091CC15813408F068CA8091CE1558
:102AE000873308F463CA1092CF158EE38093D01514
:102AF0008AE794E10E94392C182F60E870E08AE799
:102B000094E10E94732D153108F050CA60E270E024
:102B100080E090E00E94AD2C1F5FF5CF662351F05E
:102B20008EE28093050C605D6093060C80E28093DA
:102B3000070CDACB80E28093060C8093050CF6CF6D
:102B400020E0C6CD802F2BCEC22CD12CF12CE12C35
:102B500024E6822E912CA12CB12C39CE80E090E07D
:102B6000DC0100CF0E94E533882309F41CCF12302A
:102B700008F019CF8EE29EE20E94172C982F990F31
:102B8000990F891B880F80588093CF158FE280930F
:102B9000D01588E29EE20E946F2D05CF80916B06D2
:102BA00080FD33CF0CED15E0F80161918F016623B4
:102BB00009F42FCF6F320CF06FE3062E000C770B69
:102BC000880B990B0E94AD2CEFCF80916B068695F8
:102BD00080FD33CF07ED15E0F80161918F01662389
:102BE00009F42FCF6F320CF06FE3062E000C770B39
:102BF000880B990B0E94AD2CEFCF80916B068695C8
:102C0000869580FD32CF0FEC15E0F80161918F01C0
:102C1000662309F42ECF6F320CF06FE3062E000C02
:102C2000770B880B990B0E94AD2CEFCF2F923F9220
:102C30004F925F926F927F928F929F92AF92BF92CC
:102C4000CF92DF92EF92FF920F931F93CF93DF9378
:102C50004C016B015A0160E085E00E94F62850901B
:102C6000E60B53E0652EC114D10411F442E0642E4A
:102C7000D52D8EE0E82EF12C92E0292E2EE3322E77
:102C800035E0432E7D2E7518D111D6C080917F027C
:102C9000882399F0809113026DE877E2823031F059
:102CA0006DE777E2833011F060E777E210E000E053
:102CB00021E041E0872D0E94CA2DC62DA114B10448
:102CC00011F16D120CC080917F02882341F010E059
:102CD00000E020E041E0B501872D0E94CA2DC62DFD
:102CE000CF5F81E090E0C114D10411F490E080E066
:102CF00021E030E0A114B10411F430E020E0820FB3
:102D0000931F029781F0CD130DC080917F0288231D
:102D100049F010E000E020E041E066EA77E2872D2C
:102D20000E94CA2DCF5FCD1368C080917F02882397
:102D300009F461C010E000E021E040E06BE977E2D7
:102D4000872D0E94CA2D10919D0593EF9E0D9093A3
:102D50009B058EEF8E0D8093310C2091CC152E1596
:102D60001F0411F00CF047C02091CE15921708F007
:102D700042C03092CF158093D01565E470E080E0BA
:102D800090E00E94AD2C61E3610F062E000C770BE2
:102D9000880B990B0E94AD2C60E270E080E090E01F
:102DA0000E94AD2C60919F147091A0148091A11489
:102DB0009091A2140F94F440CB010E946A8F0E945C
:102DC000522E6FE270E080E090E00E94AD2C0E94F5
:102DD0001D7A811108C0419EF0011124E755F94F79
:102DE0008481811108C08091A3149091A4140E9441
:102DF0006A8F0E94522E20927F028CE0E80EF11C16
:102E0000DF5F8AE4E816F10409F03CCFCF5FC0939E
:102E1000DF0BDF91CF911F910F91FF90EF90DF902B
:102E2000CF90BF90AF909F908F907F906F905F906A
:102E30004F903F902F900895D13059F480917F02A8
:102E4000882309F43ACF10E000E020E041E0B4012B
:102E500031CFC114D10409F430CFD23009F02DCFD5
:102E600080917F02882341F010E000E020E041E003
:102E7000B601872D0E94CA2DC3E0A114B10409F048
:102E80002FCF2FCF50E040E070E060E088EA97E27B
:102E90000C94169643EB57E26CEB77E28CEC97E2DE
:102EA0000C94169650E040E065ED77E285EE97E2EF
:102EB0000C94169650E040E06CE678E28CE798E2DD
:102EC0000C94169648E258E264E378E285E498E2CE
:102ED0000C94169650E040E065E578E283E698E2CF
:102EE0000C94169650E040E065EA78E284EB98E2B4
:102EF0000C94169650E040E069E878E286E998E2A2
:102F00000C94169650E040E06CE078E28BE198E299
:102F10000C94169650E040E06EEE77E28DEF97E26B
:102F20000C941696BF92CF92DF92EF92FF920F937E
:102F30001F93CF93DF9381E08093B4051092B30584
:102F400061E00E94F628C091E60B85E0D82EDC0EE9
:102F500081E0D4E0DC1B93E0F92EFC1A92E0E92E2C
:102F6000EC1AC82ECC1ABC2EB194C11128C08823EB
:102F700089F08091E50B18166CF02091F30B3091DD
:102F8000F40B2F5F3F4F3093F40B2093F30B8F5FC5
:102F90008093E50B80917F02882349F010E000E0E8
:102FA00021E041E060E077E28B2D0E94CA2DCF5FE7
:102FB00080E0DC12DACF85E08093DF0B23C0C130E4
:102FC00059F58091E50B813089F080917F0288234B
:102FD00071F381E09091E50B913009F080E024E0FD
:102FE00047E457E26C2D0F948E19E1CF8091EE0BE0
:102FF0001092EE0B882349F30E946E2A8091E00B19
:10300000882319F3DF91CF911F910F91FF90EF90DB
:10301000DF90CF90BF900895C23009F069C08091D1
:10302000E50B823081F080917F02882309F4BFCFC5
:1030300081E09091E50B923009F080E020E24CE2D3
:1030400057E26E2DD0CF8091EE0B1092EE0B8823BD
:1030500051F380911606909117060E94A8858091E1
:10306000E00B882301F3CECF8091E50B833081F014
:1030700080917F02882309F49ACF81E09091E50B3B
:10308000933009F080E020E24FE157E26F2DABCFA3
:103090008091EE0B1092EE0B882351F3809118066D
:1030A000909119060E94A8858091E00B882301F376
:1030B000A9CF8091EE0B1092EE0B882319F10F949B
:1030C000861C6091B30537E16302B00111246D5590
:1030D0007B4E07EF15E82DE131E04AEA50E080E150
:1030E00097E20F948A1A8091E00B882359F08ACFD7
:1030F000C33009F4B9CFC43009F059CF8091E50B42
:103100008430B9F280917F02882309F450CF11E016
:103110008091E50B843009F010E02091B30537E190
:103120002303F0011124E556FB4E808591850E9412
:103130006A8F00E09C0148E357E26D2F812F0E94C7
:103140000D3035CF2F923F924F925F926F927F92C8
:103150008F929F92AF92BF92CF92DF92EF92FF92A7
:103160000F931F93CF93DF9300D000D01F921F9235
:10317000CDB7DEB761E081E00E94F628B090E60BA3
:10318000AB2C25E0222E2B0C88E0382E3B183BE997
:10319000432E3FE7532E612C712C87E0882E8B182D
:1031A00086E0982E9B18B110A0C08091E50B882373
:1031B00009F474C080917F02882361F06A2D6195C3
:1031C00081E09091E50B911180E024E045E153E22C
:1031D0000F948E192CEA35EC47E25EE36091AA1455
:1031E0007091AB148091AC149091AD140F94824007
:1031F0006D837E838F8398876093AF057093B0054E
:103200008093B1059093B2052CEA35EC47E25EE37A
:103210006091AE147091AF148091B0149091B1147C
:103220000F940A396B017C01C092AB05D092AC05BA
:10323000E092AD05F092AE0595E0B912FEC1809125
:10324000E50B853009F4A0C180917F028823F9F055
:1032500011E08091E50B853009F010E08091A61413
:103260009091A714A091A814B091A91489839A836E
:10327000AB83BC83CE0101960E94148965E06A1974
:1032800000E09C014DEC52E2812F0E940D30B3947E
:10329000B21089CF89E08093DF0B0EC08091EE0BD6
:1032A0001092EE0B882309F485CF0E946E2A80913C
:1032B000E00B882309F47ECF28960FB6F894DEBF82
:1032C0000FBECDBFDF91CF911F910F91FF90EF9077
:1032D000DF90CF90BF90AF909F908F907F906F9036
:1032E0005F904F903F902F90089581E0B81230C0CA
:1032F0009091E50B9130C9F080917F02882309F409
:1033000069CF8091AE0629E033E2811102C025E049
:1033100033E261E06A1981E0913009F080E001E078
:103320004CE053E20E940D3055CF8091EE0B10928D
:10333000EE0B882309F38091AE068B258093AE06B1
:1033400083E080937F028091E00B8823A9F2B4CFC1
:1033500092E0B91289C28091E50B823009F468C00D
:1033600080917F028823C9F011E08091E50B8230C3
:1033700009F010E060913D0270913E0280913F02A1
:10338000909140020E94B22A62E06A1900E09C011A
:1033900047EF52E2812F0E940D302CEA35EC47E2D4
:1033A0005EE36091AA147091AB148091AC1490917B
:1033B000AD140F9482406093AF057093B005809375
:1033C000B1059093B2052CEA35EC47E25EE36091DB
:1033D000AE147091AF148091B0149091B1140F9409
:1033E0000A396093AB057093AC058093AD0590935B
:1033F000AE05B8E0BB124BCF8091E50B883009F4E5
:1034000018C280917F02882309F441CF11E0809196
:10341000E50B883009F010E080910F0290911002C6
:103420000E946A8F00E09C014BE952E2632D2CCF91
:103430008091EE0B1092EE0B882309F491CFD12CE2
:10344000C12CE12C10E8F12E0EE813E420E030E06E
:10345000A9016DE372E08EEF92E20F947D1B8091E3
:10346000E00B882309F47CCF27CF8091E50B8330D4
:10347000E9F080917F02882309F48FCF11E08091D9
:10348000E50B833009F010E06091390270913A0247
:1034900080913B0290913C020E94B22A63E06A193B
:1034A00000E09C0149EE52E2812F3CCF8091EE0B6F
:1034B0001092EE0B8823E9F2D12CC12CE12C10E8FC
:1034C000F12E0EE813E420E030E0A90169E372E098
:1034D00080EF92E20F947D1B8091E00B882349F2EC
:1034E000EBCE8091EE0B1092EE0B882309F4C8C14D
:1034F00020E030E048EC52E46091410270914202D9
:1035000080914302909144020F940A390F94FB403A
:103510006B010E94412A83E080937F0281EE92E258
:103520009093000C8093FF0B81E492E09093FE0B4C
:103530008093FD0B1092F90B1092FA0B1092FB0B7B
:103540001092FC0B88EE93E0A0E0B0E08093F50BC6
:103550009093F60BA093F70BB093F80BD092F40B6B
:10356000C092F30B85EF9FE2909393158093921591
:103570001092F20B1092F10B1092F00B8091E00B75
:10358000882309F47DC198CE8091EE0B1092EE0B4A
:10359000882309F459CE20E030E048EC52E46091F1
:1035A000A6147091A7148091A8149091A9140F9457
:1035B0000A3920E030E048EC52E40F94873F0F9442
:1035C000FB406B010E94412A83E080937F0283EDE0
:1035D00092E29093000C8093FF0B86EA94E1909323
:1035E000FE0B8093FD0B84E690E0A0E0B0E08093BA
:1035F000F90B9093FA0BA093FB0BB093FC0B40924A
:10360000F50B5092F60B6092F70B7092F80BD0927C
:10361000F40BC092F30B87ED9FE290939315809388
:1036200092151092F20B1092F10B1092F00B809108
:10363000E00B882309F408CE3FCE96E0B9127EC095
:103640008091E50B863009F180917F02882309F48F
:103650001ECE11E08091E50B863009F010E08091DC
:10366000AF059091B005A091B105B091B2058983E5
:103670009A83AB83BC83CE0101960E94148900E03B
:103680009C0141EC52E2692DFFCD8091EE0B10922E
:10369000EE0B8823C9F20E94412A83E080937F02C7
:1036A00087EC92E29093000C8093FF0B8FEA95E0F9
:1036B0009093FE0B8093FD0B81E090E0A0E0B0E0E2
:1036C0008093F90B9093FA0BA093FB0BB093FC0B38
:1036D0008EEF9FE7A0E0B0E08093F50B9093F60BA0
:1036E000A093F70BB093F80B20E030E048EC52E4E5
:1036F0006D817E818F8198850F940A3920E030E0BA
:1037000040E85FE30F94873F0F94FB407093F40B06
:103710006093F30B87ED9FE290939315809392153E
:1037200082E09AE79093F20B8093F10B1092F00BEA
:103730008091E00B882309F487CFBECD97E0B912C2
:1037400058CE8091E50B873009F180917F02882364
:1037500009F49DCD11E08091E50B873009F010E070
:103760008091AB059091AC05A091AD05B091AE05EF
:1037700089839A83AB83BC83CE0101960E9414890E
:1037800000E09C0145EB52E2682D7ECD8091EE0B6E
:103790001092EE0B8823C9F20E94412A83E08093A5
:1037A0007F02ABEBB2E2B093000CA093FF0B8BEA6D
:1037B00095E09093FE0B8093FD0B84E690E0A0E0F3
:1037C000B0E08093F90B9093FA0BA093FB0BB093AE
:1037D000FC0B4092F50B5092F60B6092F70B709237
:1037E000F80B20E030E048EC52E4C701B6010F943A
:1037F0000A3920E030E048EC52E40F94873F0F9400
:10380000FB407093F40B6093F30B87ED9FE2909372
:103810009315809392158BEE99E79093F20B80931A
:10382000F10B1092F00B8091E00B882309F48DCFFF
:1038300043CD8091EE0B1092EE0B882309F4E1CD7D
:103840000F94861C02E615E82DE131E046E950E0D0
:103850006FE072E088EA92E20F948A1A8091E00B9E
:10386000882309F4CECD28CD93E0B91609F4FDCD17
:10387000A4E0BA12AFCC8091E50B843009F431CECC
:1038800080917F02882309F488CD11E08091E50BB7
:10389000843009F010E08091410290914202A091A1
:1038A0004302B091440289839A83AB83BC83CE01E7
:1038B00001960E94F18B64E06A1900E09C0149EDD9
:1038C00052E2F2CD282F80E2243628F0822F64E6DF
:1038D0000F944B3F805D8093050C90E22A3040F0BE
:1038E0003AE0822F632F0F944B3F0F944B3F905D34
:1038F0009093060C822F6AE00F944B3F905D90935B
:10390000070C85E09CE008959F92AF92BF92CF9202
:10391000DF92EF92FF920F931F93CF93DF9361E0BB
:1039200081E00E94F628C091E60B85E0C82ECC0EFF
:1039300011E093E0B92E29EBE22E28E2F22ED2E03C
:10394000DC1BA12EAC1A9C2E9194C11132C0809127
:10395000E50B8823B1F080917F02882359F081E044
:103960009091E50B911180E024E043EE55E2692D42
:103970000F948E19CF5FCC12E8CF83E08093DF0BDA
:103980000CC08091EE0B1092EE0B882321F30E9465
:103990006E2A8091E00B8823F1F2DF91CF911F9185
:1039A0000F91FF90EF90DF90CF90BF90AF909F90DE
:1039B0000895C13081F58091E50B8130C1F080918F
:1039C0007F028823B9F2DD24D3948091E50B813006
:1039D00009F0D12C809112020E94629C00E09C01AF
:1039E00041EC55E26A2D8D2D0E940D30C3CF8091A0
:1039F000EE0B1092EE0B882311F321E049EB58E215
:103A000062E172E082ED95E20F94321B8091E00B4F
:103A10008823A9F2C2CFC23009F0ACCF8091E50B68
:103A20008230C1F080917F02882309F4A3CF809176
:103A3000110223EB35E2811102C02FEA35E281E069
:103A40009091E50B923009F080E001E046EB55E201
:103A50006D2FCACF8091EE0B1092EE0B882311F3DD
:103A600080911102812780931102B0927F02E114AC
:103A7000F10411F00E94B9288091E00B882391F2A3
:103A80008CCF2F923F924F925F926F927F928F9244
:103A90009F92AF92BF92CF92DF92EF92FF920F93DD
:103AA0001F93CF93DF9300D0CDB7DEB7898361E05A
:103AB00081E00E94F6287090E60B3981232F30E0D8
:103AC0003B832A83C901880F991FFC01EA5EF94FE5
:103AD0006F019C012E5E394F790135E0370D398336
:103AE00084E0682E6718570183E0582E57184F015D
:103AF00082E0482E47188A819B81805F994F9B8383
:103B00008A8381E0382E3718272C2194711037C012
:103B10008091E50B882389F080917F02882309F446
:103B20004CC081E09091E50B911180E024E04AE2E5
:103B300056E2622D0F948E1940C08091EE0B1092C8
:103B4000EE0B882349F30E946E2A8091E00B8823B4
:103B500019F30F900F900F90DF91CF911F910F915C
:103B6000FF90EF90DF90CF90BF90AF909F908F909D
:103B70007F906F905F904F903F902F90089591E0CD
:103B8000791237C08091E50B8130F9F080917F0286
:103B9000882399F011E08091E50B813009F010E065
:103BA000EA81FB8180810E94629C00E09C0146E1E9
:103BB00056E2632D812F0E940D307394F9817F129C
:103BC000A5CF85E08093DF0BC4CF8091EE0B1092E0
:103BD000EE0B8823D9F220E050E040E06A817B813F
:103BE00080E296E20F94321B8091E00B882371F201
:103BF000B0CFF2E07F126EC08091E50B8230A9F069
:103C000080917F028823C9F211E08091E50B823018
:103C100009F010E0F401808191810E946A8F00E038
:103C20009C0148E056E2642DC5CF8091EE0B1092C6
:103C3000EE0B882329F310E000E02DE131E045E0B0
:103C400050E0B6018FE096E20F948A1A8091E00B63
:103C50008823B1F27ECF8091E50B8330B1F0809163
:103C60007F02882309F4A9CF11E08091E50B83300E
:103C700009F010E0F501808191810E946A8F00E0D7
:103C80009C0140E056E2652D95CF8091EE0B10929D
:103C9000EE0B882321F310E000E02EE630E045E053
:103CA00050E0B70184E096E20F948A1A8091E00B0D
:103CB0008823A9F24ECF8091EE0B1092EE0B882351
:103CC000A1F00E94CEE60E94ED288091E00B8823AF
:103CD00061F03FCF23E0721609F4BDCF34E07312D8
:103CE0006CCF8091E50B843031F380917F02882383
:103CF00009F463CF81E09091E50B943009F080E006
:103D000020E241EF55E2662D15CF80E00C94419DF5
:103D100081E00C94419D8F929F92AF92BF92CF927F
:103D2000DF92EF92FF920F931F93CF93DF93CDB764
:103D3000DEB72C970FB6F894DEBF0FBECDBF8B0158
:103D400040E050E068EC72E44D835E836F837887D7
:103D500040E050E060EA70E449875A876B877C87CF
:103D6000813009F1823009F443C08090730C909047
:103D7000740CA090750CB090760CF801C084D184BE
:103D8000E284F3849601A701B401C5010F94A4381D
:103D900087FD02C064017501C601D70189839A833A
:103DA000AB83BC8348C0BE01675F7F4FC8010896E4
:103DB0000E9496E1B8016C5F7F4FAE014B5F5F4F91
:103DC000C8010E9474E10E94BFEF2C960FB6F894D0
:103DD000DEBF0FBECDBFDF91CF911F910F91FF903E
:103DE000EF90DF90CF90BF90AF909F908F9008950D
:103DF000F80120853185428553856091730C70915F
:103E0000740C8091750C9091760C0F94883F6B0127
:103E10007C0120E030E040EA53E40F94A43887FDB1
:103E200006C0C12CD12C80EAE82E83E4F82EC9828A
:103E3000DA82EB82FC82BE01675F7F4FCE01019682
:103E4000B7CF0F931F930F949A2000917A1510917A
:103E50007B1520917C1530917D15011511052105EB
:103E60003105D9F5209180152223A1F1E0917E152D
:103E700021502093801521E02E0F20937E15309144
:103E80008115231302C010927E1524E0E29FF001F9
:103E90001124EE57FA4E0081118122813381009363
:103EA0007615109377152093781530937915600F58
:103EB000711F811D911D60937A1570937B158093FE
:103EC0007C1590937D158091781590917915892BAB
:103ED00009F0409A1F910F910895601B710B820B9E
:103EE000930B97FDF7CF409810927A1510927B159F
:103EF00010927C1510927D15EDCF0F931F93CF93E9
:103F0000DF938C01EB019091801520918115921324
:103F100005C00E94219F0E94AACAF5CF80917F15FB
:103F200034E0839FF0011124EE57FA4E1183008391
:103F3000D383C2839F5F909380158F5F281739F0DA
:103F400080937F15DF91CF911F910F91089510926B
:103F50007F15F8CF0F931F93CF93DF938C016F3FA3
:103F600019F41092901460E020919014862F062E80
:103F7000000C990B2817190609F00CF560939014A2
:103F8000C8010F94F137800F911FEC01C01BD10BBA
:103F9000C631D1053CF00197FC012491207C2038EA
:103FA000D1F3F3CFDD27AE01B8018AE794E10F9496
:103FB0001238C658DB4E188283E080937F02DF916F
:103FC000CF911F910F9108951092AA0510926D0242
:103FD0008091EC1580628093EC150E94A4CE60E085
:103FE0008FE39FE20E94AA9F0C94662A8091EC15B1
:103FF00082FD07C080919D06823071F482E39FE2CA
:104000000FC08091160C811104C089E09CE00D94D2
:104010004D0386E19CE0FBCF813029F085E19FE2F2
:104020006FEF0C94AA9F86E29FE2FACF89E09CE0B2
:104030000E944CBD0E94662A0C94F69F0F931F931A
:104040000F949A200091F5051091F6052091F7053F
:104050003091F805601B710B820B930B97FD0CC020
:1040600086B186FB882780F991E08927349B82609E
:10407000329B84608093F4058091F4058170909167
:10408000F40591FD82609091F305981749F0813015
:1040900009F148F0823079F0833091F08093F30594
:1040A0001F910F910895913079F09230B9F7909166
:1040B000F20591500CC0992339F09330C1F3EECF43
:1040C0009130A9F3923051F79091F2059F5F909350
:1040D000F205E4CF992359F3933001F7F5CF4F92CE
:1040E0005F926F927F928F929F92AF92BF92CF9288
:1040F000DF92EF92FF920F931F93CF93DF9300D045
:104100001F92CDB7DEB70F949A204B015C018091CE
:1041100014028F3F09F441C00F949A200091E205E8
:104120001091E3052091E4053091E505601B710BCA
:10413000820B930B97FD31C08091541590915515CA
:104140008F5F8F70891749F1E091140224E0E20239
:10415000F0011124EA56FD4F20E030E040E752E440
:1041600060817181828193810F94824069837A8317
:104170008B839C83C12CD12C76018E010F5F1F4F46
:1041800027E73CE043E75CE06FE67CE08BE69CE001
:104190000F94E7158FEF809314020E941EA0809168
:1041A000F40582FF37C08091F105811135C091E09F
:1041B0009093F1052091AA05211103C08091A905D2
:1041C00089278093EE0B1092AA0583E080937F02EB
:1041D0001092F4050F949A206C507E4F8F4F9F4F92
:1041E0006093F5057093F6058093F7059093F805B5
:1041F00068E873E182E090E00E947D9F16E0115034
:1042000059F00E94219F62E070E080E090E00F94FE
:104210006720F5CF1092F10590910901892F8095C3
:1042200081701091F0051817A9F18093F00590FDA9
:10423000DBC064EF71E080E090E00E94FC3B0E94F4
:10424000F0FA123009F0CAC01092E1150F94E0287C
:1042500081E08093A5058AEF9EE29093921480936B
:104260009114109294141092931483E080937F021F
:104270000F949A204B015C01DC01CB018C599F4FBC
:10428000AF4FBF4F8093EC059093ED05A093EE05E3
:10429000B093EF058091EC059091ED05A091EE05AE
:1042A000B091EF05A5019401281B390B4A0B5B0B5C
:1042B000DA01C901B7FF05C08091A805882309F478
:1042C000C2C1D501C4018C599F4FAF4FBF4F8093DE
:1042D000EC059093ED05A093EE05B093EF0560918A
:1042E000F205062E000C770B77FF03C071956195E0
:1042F0007109062E000C770B880B990B0F94AB38C5
:104300002B013C0120E030E040EA50E40F94E8410A
:1043100087FF84C08091EE0B8111F5C080919215CA
:10432000909193158F599F4841F4809115028823ED
:1043300009F4FBC081508093150280916F00282FF3
:10434000227081FF05C080916F008D7F80936F0088
:104350008091A00C9091A10CA091A20CB091A30C03
:10436000222329F020916F00226020936F003AE011
:10437000B695A795979587953A95D1F7009741E01F
:10438000A407B10520F08FEF9FEFA0E0B0E0969575
:10439000879520917F022111D8C03091A805311155
:1043A00080C180919215909193158F599F4809F47F
:1043B0005FC18091A60581115BC18091E805909154
:1043C000E905A091EA05B091EB05881A990AAA0AB5
:1043D000BB0AB7FC5BC10E94662A58C160E087E057
:1043E0009FE20E94AA9F34CF0F942D298091EC1553
:1043F000877F8093EC15123009F42ACF60E08AEFB2
:104400009EE20E94AA9F80919215909193158F59D8
:104410009F4809F41DCF0E94662A1ACF8091ED0BA8
:1044200021E030E040E050E0882309F453C0C09020
:10443000E90BD090EA0BE090EB0BF090EC0BC11481
:10444000D104E104F104D1F120E030E040EA50E48D
:10445000C301B2010F9482402B013C01C501B4019C
:104460006C197D098E099F090F94A9389B01AC0135
:10447000C301B2010F94824020E030E04AE754E4E7
:104480000F940A396B017C0120E030E040EA52E4ED
:104490000F94E84124E630E040E050E087FF12C08E
:1044A00020E030E040EF51E4C701B6010F94E8414D
:1044B0002AE030E040E050E087FF04C021E030E037
:1044C00040E050E08092E90B9092EA0BA092EB0B57
:1044D000B092EC0BA091F2050A2E000CBB0B0F94CE
:1044E000343F25E030E040E050E00F940A3F8091F7
:1044F000F30B9091F40B280F391F3093F40B20939A
:10450000F30B1092F205D501C401805A9541AF4FCB
:10451000BF4F8093E8059093E905A093EA05B09317
:10452000EB0581E080937F02F9CE8CE08093150249
:104530008091E6059091E70501979093E7058093B8
:10454000E60581E080937F02F8CE009741F040912C
:10455000E6055091E7054817590708F022CF8091EA
:10456000A80581111DC0223038F0243008F444C061
:10457000243011F410927F028091D115811105C071
:1045800081E08093D1150F94AE2180919A1590917E
:104590009B150F94872181E08093A7058093A80540
:1045A00083E00E94982C81E08093B815E0919215E9
:1045B000F091931519951092A7058091A805811186
:1045C0001FC01092EE0B0F949A20DC01CB018819CA
:1045D0009909AA09BB090091E6051091E70530E0A9
:1045E00020E0081719072A073B0708F0DACE909356
:1045F000E7058093E605D5CE81E080937F02BCCFAE
:1046000088E995E10F942A2491E0811101C090E09E
:104610009093A8058823A9F20F949A20DC01CB017E
:1046200088199909AA09BB098090E6059090E705C9
:10463000B12CA12C88169906AA06BB0620F49093EB
:10464000E7058093E6050F900F900F900F90DF9194
:10465000CF911F910F91FF90EF90DF90CF90BF907F
:10466000AF909F908F907F906F905F904F90089544
:1046700080E6880E8AEE981EA11CB11C8092E80587
:104680009092E905A092EA05B092EB058091A80509
:104690008111D9CF80917F028130A9F610927F02DB
:1046A000D2CF009709F47CCF52CF81E08093A5054B
:1046B000E1E9F4E18AEF9EE2918380831382128222
:1046C0003E98469A3C98449A3A98429AEAE0F1E039
:1046D00080818E7F808380910B0180958170809393
:1046E000090182E08093F0050E941EA01092F2055D
:1046F00008954F925F926F927F928F929F92BF9296
:10470000CF92DF92EF92FF920F931F93CF93DF939D
:1047100000D000D01F921F92CDB7DEB77C016A0196
:104720004901FB0190818CE0989F800D1124982F06
:10473000F7012081822F880F820F880F8093CF1579
:104740009093D0154115510571F1FA82E9827C836D
:104750006B83011121C0AE014B5F5F4FB401C601F5
:104760000E94D82A6C016D817E818F8198856115A8
:10477000710581059105B9F00E94AD2CF70180818A
:104780008F5F8083853138F3CE0101960E9499793D
:10479000E2CFB12C860129C08A01B12C26C0452860
:1047A00046284728B1F728960FB6F894DEBF0FBE0B
:1047B000CDBFDF91CF911F910F91FF90EF90DF90D0
:1047C000CF90BF909F908F907F906F905F904F9011
:1047D0000895B39407C0B1102EC001151105C9F298
:1047E0000F5F1F4F01151105A9F2AE014B5F5F4F1F
:1047F000B401C6010E94D82A6C014D805E806F8092
:1048000078844114510461047104A9F0F0E24F1658
:10481000510461047104F9F2D301C2018D97A10919
:10482000B1090297A105B10530F04BE244165104DD
:104830006104710471F6F7018081482F4B0D5527F3
:10484000551F4631510534F0853020F0CE010196D8
:104850000E94997981E0411451046104710409F4C2
:1048600080E0B80EF70180818B0D8083BB2009F4B6
:1048700096CFBA94AE014B5F5F4FB401C8010E945E
:10488000D82A8C016D817E818F8198850E94AD2C04
:10489000EDCFE82F662319F081E080931302409357
:1048A0009D05E150EB3008F036C00E2E000CFF0BDA
:1048B0008827E25AFB458F4F0D947F3F8DA490A42B
:1048C00069A474A477A47AA486A47DA48BA480A4EC
:1048D00083A482E597E921E02093A60520E040E04B
:1048E00070E060E00C94452982E697E9F4CF8AE60F
:1048F00097E9F1CF82E797E9EECF8AE797E9EBCF27
:1049000082E897E9E8CF8AE897E9E5CF10929C051D
:1049100084E093E8E0CF0C94662A8AE497E9DBCF41
:104920008AE597E9D8CFCF93DF93EC010E94412A23
:1049300020E040E070E060E0CE01DF91CF910C9488
:1049400045292F923F924F925F926F927F928F9262
:104950009F92AF92BF92CF92DF92EF92FF920F930E
:104960001F93CF93DF9300D01F921F92CDB7DEB776
:1049700061E081E00E94F6282091E60B2C832D83D4
:10498000822F8B5F8A83922F91959B830AEB1AE289
:1049900081E0782E721A83E0682E621A82E0582E27
:1049A000521A5EEAE52E5AE2F52E6DE9C62E6AE24B
:1049B000D62E7DE0A72E7BE2B72EEBED8E2EEAE21F
:1049C0009E2E8C81811114C08091E50B882309F4FF
:1049D00046C080917F02882359F081E09091E50BD9
:1049E000911180E024E04AE65BE26B810F948E191E
:1049F0008091EC1582FB222420F8422C82FD07C016
:104A00004424439490919D06913009F0412C83FBFE
:104A1000992790F99983312C83FF03C00E94E533D5
:104A2000382E442009F4B4C02C81213009F05FC035
:104A30008091E50B8130C9F180917F02882361F07C
:104A400081E09091E50B913009F080E020E24EE5A5
:104A50005BE2672D0F948E1994E0492ED0C08091AF
:104A6000EE0B1092EE0B882309F4B3CF0E946E2A4E
:104A70008091E00B882309F4ACCF0F900F900F903A
:104A80000F900F90DF91CF911F910F91FF90EF90BA
:104A9000DF90CF90BF90AF909F908F907F906F905E
:104AA0005F904F903F902F9008958091EE0B109261
:104AB000EE0B882309F2F0929F05E0929E050E947A
:104AC000182E8091410A882319F080E00E943C351D
:104AD00060E081EA9AE20E94AA9FD092500AC092B6
:104AE0004F0A8091E00B882309F4A6CFC6CF8C81B2
:104AF000823031F58091E50B823099F080917F0210
:104B0000882361F081E09091E50B923009F080E01C
:104B100023E043E55BE2652D0F948E1984E0482E77
:104B20008AC08091EE0B1092EE0B882339F385EC4E
:104B30009DE70E9493A48091E00B8823F9F29DCF1A
:104B40009C8124E0422E933009F03FC08091E50B18
:104B5000833079F080917F02882301F381E0909186
:104B6000E50B933009F080E023E04EE45BE2662D34
:104B700071CF8091EE0B1092EE0B882359F389EAE6
:104B800097EA0E9493A48091E00B882319F375CFD4
:104B900080919D06823039F00E94E533882309F424
:104BA00002C1211000C12C8132E0432E213009F0D6
:104BB000FCC08091E50B813009F4CBC080917F026D
:104BC0008111E4C042E0442E43948C81481217C006
:104BD0008091E50B841509F412C180917F0288232E
:104BE00071F06C819D81691B81E09091E50B2C81B6
:104BF000921380E023E043E25BE20F948E1981E0A0
:104C0000840D9C81891317C08091E50B891709F4E5
:104C100007C180917F02882371F06C812D81621B16
:104C200081E09091E50B2C81921380E023E045E137
:104C30005BE20F948E1982E0840D9091B50C911176
:104C40000CC040917D0250917E022091A3143091BE
:104C5000A414241735070CF405C19C81891316C0D0
:104C60009091E50B2C81921709F4EBC080917F02A3
:104C7000882361F06C818D81681B81E02C81921307
:104C800080E020E24DEF5AE20F948E1983E0480E47
:104C90009C81491217C08091E50B841509F40AC163
:104CA00080917F02882371F06C812D81621B81E0ED
:104CB0009091E50B2C81921380E023E04FED5AE2B6
:104CC0000F948E1981E0840D9981992309F425C1EF
:104CD000311036C02C81821315C09091E50B9217CC
:104CE00009F4F9C080917F02882361F06C818D8185
:104CF000681B81E02C81921380E020E24CEC5AE2A8
:104D00000F948E1982E0840D9C81891317C08091C5
:104D1000E50B891709F4F0C080917F02882371F0B8
:104D20006C812D81621B81E09091E50B2C819213A7
:104D300080E023E04EEB5AE20F948E1983E0840D5D
:104D40009C819F5F9C832A8192133BCE8093DF0BD3
:104D500094CE8091EE0B1092EE0B882309F42ECFA7
:104D60000E94F69F0E94E533882341F08091EC1564
:104D700082FD04C01093500A00934F0A0E944ACE4D
:104D80008091E00B882309F419CF77CE81E09091D0
:104D9000E50B913009F080E020E246E35BE2672D0D
:104DA0000F948E190FCF442443948C8148120CCF5A
:104DB0008091E50B8415A1F080917F02882309F48E
:104DC00003CF6C819D81691B81E09091E50B2C8163
:104DD000921380E023E04FE25BE20F948E19F4CE51
:104DE0008091EE0B1092EE0B882331F38AE99DEA55
:104DF0000E9493A48091E00B8823F1F23ECE809133
:104E0000EE0B1092EE0B882309F4E7CE85E399EAC6
:104E10000E9493A48091E00B882309F4DECE2DCE6E
:104E20008091EE0B1092EE0B882309F4F2CE89EA02
:104E300090EB0E9493A48091E00B882309F4E9CEC3
:104E40001CCE8091EE0B1092EE0B882309F40ECF4E
:104E5000B092500AA0924F0A8091E00B882309F487
:104E600005CF0BCE9C81891311CF8091E50B89175B
:104E700091F080917F02882309F408CF6C812D8105
:104E8000621B81E09091E50B2C81921380E023E07E
:104E90004DEE5AE2F9CE8091EE0B1092EE0B882384
:104EA00041F382E997E90E9493A48091E00B882363
:104EB00001F3E3CD8091EE0B1092EE0B882309F401
:104EC000EFCE80EC92EB0E9493A48091E00B8823BC
:104ED00009F4E6CED2CD8091EE0B1092EE0B882332
:104EE00009F400CF9092500A80924F0A8091E00B13
:104EF000882309F4F7CEC1CD8091EE0B1092EE0B12
:104F0000882309F409CF89E09CEA0E9493A4809148
:104F1000E00B882309F400CFB0CD9C81891317C022
:104F20009091E50B2C81921302C01092EE0B8091B0
:104F30007F02882361F06C818D81681B81E02C8168
:104F4000921380E020E243E45BE20F948E1982E04A
:104F5000F6CE9F92AF92BF92CF92DF92EF92FF92E6
:104F60000F931F93CF93DF9361E081E00E94F628B7
:104F7000C091E60B85E0A82EAC0ED6E0DC1B85E0E8
:104F8000F82EFC1A84E0E82EEC1A83E0D82EDC1A06
:104F900082E0C82ECC1A81E0B82EBC1A9C2E9194C7
:104FA000C1112DC08091E50B882389F080917F028B
:104FB000882309F442C081E09091E50B911180E0D3
:104FC00024E043E25EE2692D0F948E1936C0809191
:104FD000EE0B1092EE0B882349F30E946E2A80910B
:104FE000E00B882319F3DF91CF911F910F91FF9070
:104FF000EF90DF90CF90BF90AF909F900895C13019
:10500000D1F58091E50B8130F9F080917F02882302
:10501000A1F011E08091E50B813009F010E0809162
:105020007602909177020E946A8F00E09C0147E12E
:105030005EE26B2D812F0E940D30CF5FAC12B0CF9E
:1050400087E08093DF0BCFCF8091EE0B1092EE0BB9
:105050008823D9F210E000E027EE33E04AE050E088
:1050600066E772E08DE19EE20F948A1A8091E00B70
:10507000882359F2B8CFC23009F0D7C08091E50B30
:105080008230B1F080917F028823B9F211E08091E3
:10509000E50B823009F010E08091A3149091A414E4
:1050A0000E946A8F00E09C0149E05EE26C2DC2CF55
:1050B0008091EE0B1092EE0B882321F30F94861C47
:1050C0000CE01CE72DE131E050E040E063EA74E1E0
:1050D00080E19EE20F948A1A8091E00B882391F27E
:1050E00082CF8091E50B8330B9F080917F028823D5
:1050F00009F4A3CF11E08091E50B833009F010E0B3
:105100008091DC0B9091DD0B0E946A8F00E09C0186
:1051100041E05EE26D2D8ECF8091EE0B1092EE0B92
:10512000882319F30F94861C0AE51BEB2EE630E06A
:1051300050E040E06CED7BE085E09EE20F948A1A3F
:105140008091E00B882389F24ECF8091E50B84306B
:10515000A9F080917F02882309F46FCF11E080913C
:10516000E50B843009F010E080914C0C0E94629CA9
:1051700000E09C014DEE5DE26E2D5CCF8091EE0B68
:105180001092EE0B882329F30F94861C20E04FEA3F
:1051900059E76CE47CE087EF9DE20F94321B80912D
:1051A000E00B8823B1F21FCF8091E50B8530B9F079
:1051B00080917F02882309F440CF11E08091E50BB4
:1051C000853009F010E080913702909138020E94FA
:1051D0006A8F00E09C0143EE5DE26F2D2BCF809142
:1051E000EE0B1092EE0B882319F304EB19E727EE70
:1051F00033E04AE050E067E372E088EE9DE20F940E
:105200008A1A8091E00B882399F2EDCE8091EE0B03
:105210001092EE0B8823C9F08EEC9EE20E9493A4BC
:105220008091E00B882389F0DECEC33009F459CF9A
:10523000C43009F48ACFC53009F4B6CFC63009F0BE
:10524000FCCE8091E50B863009F380917F028823A4
:1052500009F4F3CE81E09091E50B963009F080E0FF
:1052600023E044ED5DE26D2FAFCE2F923F924F923F
:105270005F926F927F928F929F92AF92BF92CF92E6
:10528000DF92EF92FF920F931F93CF93DF9300D0A3
:10529000CDB7DEB761E081E00E94F6282091E60BF1
:1052A0002A83F22E2B5F2983DD24D39483E0E82E1A
:1052B00082E0382E3F18CD2CCF189F2C91948E2C45
:1052C0008F189CE4A92E9CE0B92E412C512C320160
:1052D0004A949A81911161C08091E50B8823C9F1AC
:1052E00080917F02882359F081E09091E50B911124
:1052F00080E024E04FEC5DE2692D0F948E198091DF
:10530000FF05882309F4B1C19A81933009F0C0C028
:105310008091E50B833009F4A2C080917F0288233D
:10532000A9F021E02B838091E50B833009F01B82EB
:1053300080911802909119020E946A8F00E09C01EE
:1053400042E75DE2682D8B810E940D3085E08B8302
:10535000E9C08091EE0B1092EE0B882309F4C0CFC8
:105360000E946E2A8091E00B882309F4B9CF0F9038
:105370000F900F90DF91CF911F910F91FF90EF90C1
:10538000DF90CF90BF90AF909F908F907F906F9065
:105390005F904F903F902F9008952A81213079F5AA
:1053A0009091E50B9130C1F080917F02882309F440
:1053B000A6CF8091780221EC3DE2811102C02DEB55
:1053C0003DE281E0913009F080E001E044EC5DE2F3
:1053D0006C2D0E940D3093CF8091EE0B1092EE0B4E
:1053E000882311F3809178022A81822780937802A2
:1053F000E0927F028091E00B8823B1F2B8CF8A81DE
:10540000823009F07CCF9091E50B9230B1F0809121
:105410007F02882309F473CF8091FF0524EA3DE2DF
:10542000811102C020EA3DE281E0923009F080E083
:1054300001E047EA5DE2632DCCCF8091FF0520912A
:10544000EE0B1092EE0B222311F38D258093FF05B6
:10545000E0927F028091E00B8823C9F288CF80918F
:10546000EE0B1092EE0B882309F457CF10E000E00A
:105470002DE131E045E050E068E172E089E89DE22D
:105480000F948A1A8091E00B882309F446CF6FCFDE
:105490008A81843009F00FC18091E50B843009F4D2
:1054A000CBC080917F02882309F450CF91E09B8389
:1054B0008091E50B843009F01B8280911602909157
:1054C00017020E946A8F64E06F1900E09C014AE4B1
:1054D0005DE28B810E940D3025E02B838B818F5FF5
:1054E0002A8182131FC08091E50B821709F4FFC047
:1054F00080917F028823B1F02A802F1811E08091DB
:10550000E50B9A81891310E08091DC0B9091DD0B03
:105510000E946A8F00E09C0144E35DE2622D812FCE
:105520000E940D308B818E5F2A8182131DC0809175
:10553000E50B821709F4F6C080917F028823A1F061
:105540002A802F1811E08091E50B9A81891310E0D1
:1055500080914C0C0E946E7900E09C0140E25DE27B
:10556000622D812F0E940D308B818D5F2A818213E5
:1055700016C08091E50B821709F416C180917F0255
:10558000882369F06A816F1981E09091E50B2A8187
:10559000921380E023E044E15DE20F948E198B8149
:1055A0008C5F9A81891316C08091E50B891709F4E5
:1055B0000CC180917F02882369F06A816F1981E0B4
:1055C0009091E50B2A81921380E023E047E05DE2B1
:1055D0000F948E198B818B5F2091DC0B3091DD0B4A
:1055E000232B31F42091A3143091A414232BD9F050
:1055F0009A81891316C08091E50B891709F4F6C0CA
:1056000080917F02882369F06A816F1981E090910F
:10561000E50B2A81921380E020E24EEF5CE20F94CA
:105620008E198B818A5F9A819F5F9A832981921359
:1056300050CE8093DF0B9BCE8091EE0B1092EE0B41
:10564000882309F42ECF10E000E02EE630E045E09C
:1056500050E066E172E08EE59DE20F948A1A809137
:10566000E00B882309F41DCF82CE83E08B832B814E
:105670008A81281333CF8091E50B8217F9F080914E
:105680007F02882309F42ACF2A802F1811E0809105
:10569000E50B9A81891310E08091A3149091A414D2
:1056A0000E946A8F00E09C014CE35DE2622D812F35
:1056B0000E940D3013CF95E09B83D9CF8091EE0BE4
:1056C0001092EE0B8823D9F20F94861C0CE01CE795
:1056D0002DE131E050E040E063EA74E183E49DE2D3
:1056E0000F948A1A8091E00B882349F240CE809172
:1056F000EE0B1092EE0B882309F4FACE0F94861C61
:105700000AE51BEB2EE630E050E040E06CED7BE07C
:1057100088E39DE20F948A1A8091E00B882309F4B4
:10572000E7CE25CE8091EE0B1092EE0B882309F484
:1057300003CF0F94861C00914C0C10E00E94412A6C
:10574000E0927F028AE29DE29093000C8093FF0B2F
:10575000B092FE0BA092FD0B1092F90B1092FA0B77
:105760001092FB0B1092FC0B4092F50B5092F60B33
:105770006092F70B7092F80B1093F40B0093F30BFD
:105780008EE09CE790939315809392158FEA99E7AA
:105790009093F20B8093F10B1092F00B8091E00B41
:1057A000882309F4C9CEE3CD8091EE0B1092EE0B65
:1057B000882309F4E3CE8DED9CE70E9493A48091A9
:1057C000E00B882309F4DACED2CD8091EE0B109253
:1057D000EE0B882309F4EDCE84E19CE70E9493A4AC
:1057E0008091E00B882309F4E4CEC1CD8091EE0BCB
:1057F0001092EE0B882309F403CF0E94513C0E94C3
:10580000F8C60E94662A8091E00B882309F4F8CE3E
:10581000AECD5F926F927F928F929F92AF92BF9226
:10582000CF92DF92EF92FF920F931F93CF93DF936C
:10583000CDB7DEB76B970FB6F894DEBF0FBECDBF06
:1058400001E00093F7071092B2061092B10684E2CD
:1058500096E10E9402C58BE1E4E2F6E1DE011196D9
:1058600001900D928A95E1F750E040E0BE016F5F34
:105870007F4F90E080E00E94D2EBCE0101960E9423
:105880001037A090B106B090B20661E081E00E94AE
:10589000F6281091E60B612E85E0782E710E512EC0
:1058A0005194450181E0881A9108F02EF11A1111E6
:1058B00014C08091E50B882309F45EC080917F02BB
:1058C000882359F081E09091E50B911180E024E06C
:1058D00046E85CE2652D0F948E1969E07CE084E275
:1058E00096E10E94C8C48091090C8F3209F479C0F6
:1058F0008091EC1583FF75C0113009F070C0909154
:10590000E50B913009F05CC08091EE0B1092EE0B2C
:10591000882309F455C08091E2158823C1F0815095
:105920008093E215E9E0F6E1882351F08150990B6C
:105930002BE1289FF001299FF00D1124E15CF94E25
:105940008BE1A4E2B6E101900D928A95E1F781E046
:1059500090E02091E215211102C090E080E0909348
:10596000F40B8093F30B1092E60B81E08093E00B35
:1059700083E080937F020EC08091EE0B1092EE0BBD
:10598000882309F49BCF0E946E2A8091E00B882324
:1059900009F494CF6B960FB6F894DEBF0FBECDBF5F
:1059A000DF91CF911F910F91FF90EF90DF90CF90FB
:1059B000BF90AF909F908F907F906F905F90089571
:1059C00080917F02882309F4AEC081E0913009F014
:1059D00080E020E242E85CE26F2D0F948E1982E0B5
:1059E00001C081E090917F02992309F49DC0082FA6
:1059F000D12CC12CE12EE618802FCA14DB0409F447
:105A000093C001136FC070E060E0C4018C199D0960
:105A10000F947A2B8091EC159091E50B84FF67C071
:105A2000901355C08091EE0B1092EE0B882309F471
:105A30004EC019821C828091271669E076E1882386
:105A400011F064E276E121E049E05CE0CE010196EC
:105A50000E94D9EA882379F18BE1FE013196A4E214
:105A6000B6E101900D928A95E1F7A091E215AA3076
:105A700080F481E08A0F8093E2158BE18A9FD00148
:105A80001124A15CB94EE4E2F6E101900D928A95F1
:105A9000E1F7CE0101960E9410371092E60B82E0EA
:105AA00090E09093F40B8093F30B81E08093E00BF4
:105AB0001092A8055DCF0E94634169E07CE08CE60E
:105AC0009CE20E94873F8AE00E94DF3EE2CF809105
:105AD0007F02882339F081E0911380E041E06E2D50
:105AE0000F94C8198FEFC81AD80A0F5F85CF901787
:105AF00059F080917F028823A9F381E09091E50B12
:105B0000911380E040E0EBCF8091EE0B1092EE0B12
:105B1000882379F386EA9DE70E9493A48091E00BA5
:105B2000882339F337CF82E01F5F7112C0CE809394
:105B3000DF0B30CF2F923F924F925F926F927F9206
:105B40008F929F92AF92BF92CF92DF92EF92FF928D
:105B50000F931F93CF93DF9300D01F92CDB7DEB783
:105B600061E081E00E94F6282091E60B2B83B22EA3
:105B70002B5F298324E0822E2CE2922E86E08B1963
:105B80008A835524539485E0A82EAB1884E0782EA0
:105B90007B1833E0432E342C3B1882E0682E6B18C0
:105BA000252C2B188B818111A5C08091E50B8823B2
:105BB00009F47BC080917F02882361F06B2D619591
:105BC00081E09091E50B911180E024E04BE45CE2F0
:105BD0000F948E1980916B068770873009F054C13D
:105BE0008091040690910506892B09F477C18B8179
:105BF000873009F076C190917B0C9C838091E50BF6
:105C00008730A1F48091EE0B1092EE0B882371F097
:105C100095259C8340927F0289E89AE3892B11F0B5
:105C20000E94893A8091E00B81114DC080917F02E2
:105C3000882309F478C12C81222309F422C12AEE99
:105C40003BE267E06B1981E09091E50B973009F03A
:105C500080E001E04DEE5BE20E940D3088E08C8335
:105C60008C818F5F9B81891315C09091E50B2B81EF
:105C7000921709F45BC180917F02882359F06B81F0
:105C80006B1981E02B81921380E020E249EB5BE20B
:105C90000F948E198B818F5F8B839981981382CF9C
:105CA0002C812E5F2093DF0B0EC08091EE0B1092A3
:105CB000EE0B882309F47ECF0E946E2A8091E00BC0
:105CC000882309F477CF0F900F900F900F90DF91FA
:105CD000CF911F910F91FF90EF90DF90CF90BF90E9
:105CE000AF909F908F907F906F905F904F903F907C
:105CF0002F9008959B81913019F58091E50B8130AB
:105D000081F080917F02882309F464CF81E0909133
:105D1000E50B913009F080E023E041E45CE2622D84
:105D200057CF8091EE0B1092EE0B882351F389EC44
:105D30009FEA0E9493A48091E00B882311F3C3CFC4
:105D40002B81223009F005C19091E50B923071F062
:105D500080917F02882309F43DCF81E0923009F0E1
:105D600080E020E243E35CE2662D32CF8091EE0BCF
:105D70001092EE0B882361F32DE33CE23093500A3E
:105D800020934F0A8091E00B882311F39CCF9091D0
:105D9000E50B933071F080917F02882309F41ACFCC
:105DA00081E0933009F080E020E246E25CE2632D7E
:105DB0000FCF8091EE0B1092EE0B882361F32DE252
:105DC0003CE23093500A20934F0A8091E00B8823E5
:105DD00011F379CF9091E50B943071F080917F02AF
:105DE000882309F4F7CE81E0943009F080E020E2C6
:105DF00049E15CE2672DECCE8091EE0B1092EE0B48
:105E0000882361F320E23CE23093500A20934F0A4A
:105E10008091E00B882311F356CF9091E50B9530DC
:105E200071F080917F02882309F4D4CE81E095300F
:105E300009F080E020E24CE05CE26A2DC9CE80915E
:105E4000EE0B1092EE0B882361F323E13CE23093DA
:105E5000500A20934F0A8091E00B882311F333CF2F
:105E60008091EE0B1092EE0B882309F484C090927F
:105E7000500A80924F0A8091E00B882309F47BC07E
:105E800022CF26EE3BE2DDCE97E09C839C812B81E6
:105E90009213E6CE8091E50B891731F180917F0254
:105EA000882309F4DDCEFB80FB1811E08091E50B1F
:105EB0009B81891310E06091A0057091A1058091EC
:105EC000A2059091A3050E94B22A00E09C014EEC2D
:105ED0005BE26F2D812F0E940D30C2CE27E02C8314
:105EE000D5CF88E08C83D2CF8091EE0B1092EE0B51
:105EF0008823A1F20F94861C83E8C82E8BE3D82E4A
:105F0000E12CF12C08EC12E420E030E0A90160EA79
:105F100075E08AED9BE20F947D1B8091E00B882356
:105F200009F4BCCFD0CE28E02C839ACE8091EE0B22
:105F30001092EE0B882309F49ECE2AEC3BE23093BC
:105F4000500A20934F0A8091E00B882309F493CEE6
:105F5000BACE8B81833009F41ACF843009F43ACF5A
:105F6000853009F45ACF863009F034CE9091E50B94
:105F7000963009F475CF80917F02882309F42ACEE8
:105F800081E0963009F080E020E24AEF5BE26A812E
:105F90001FCEDF92EF92FF920F931F93CF93DF9369
:105FA00061E081E00E94F628C091E60B85E0E82ED2
:105FB000EC0ED4E0DC1B13E01C1B02E00C1B81E0A8
:105FC000F82EFC1ADC2ED194C1112EC08091E50B65
:105FD0008823B1F080917F02882359F081E090916D
:105FE000E50B911180E024E042EB5BE26D2D0F9414
:105FF0008E19CF5FEC12E8CF85E08093DF0B0CC0E9
:106000008091EE0B1092EE0B882321F30E946E2AF2
:106010008091E00B8823F1F2DF91CF911F910F91D6
:10602000FF90EF90DF900895C13011F58091E50B5E
:10603000813079F080917F028823D9F281E09091BC
:10604000E50B913009F080E023E04BEA5BE26F2D35
:10605000CECF8091EE0B1092EE0B882359F38AED90
:106060009FE70E9493A48091E00B882319F3D4CF7B
:10607000C23009F055C08091E50B823081F08091EB
:106080007F02882309F4B5CF81E09091E50B92302F
:1060900009F080E023E044EA5BE2602FA8CF809122
:1060A000EE0B1092EE0B882351F38FED9FE70E94C9
:1060B00093A48091E00B882311F3AECF8091E50B80
:1060C000833081F080917F02882309F492CF81E0B0
:1060D0009091E50B933009F080E023E04DE95BE21D
:1060E000612F85CF8091EE0B1092EE0B882351F338
:1060F00084EE9FE70E9493A48091E00B882311F324
:106100008BCF8091EE0B1092EE0B882391F089EEED
:106110009FE70E9493A48091E00B882351F07CCFED
:10612000C33061F2C43009F064CF8091E50B843054
:1061300041F380917F02882309F45BCF81E0909145
:10614000E50B943009F080E023E044E95BE26D2F39
:106150004ECF6F927F928F929F92AF92BF92CF92CB
:10616000DF92EF92FF920F931F93CF93DF9361E043
:1061700081E00E94F628C091E60B1C2F85E0A82E36
:10618000AC0E82E0F82EFC1AEE24E39493E0B92ED4
:106190009E2C9C1A8C2E81947B2C7C1A2EEEC22E67
:1061A00026E3D22EC111D8C08091E50B882309F4D3
:1061B000B6C080917F02882359F081E09091E50B71
:1061C000911180E024E044ED56E2682D0F948E1981
:1061D0000E942A2A682E811128C1D4E0C33009F018
:1061E00025C18091E50B833009F401C180917F02C4
:1061F00081110EC1D4E081E08D0F8C1309C0809114
:10620000E50B8C1709F439C180917F0281114EC1D1
:1062100082E08D0F8C1315C08091E50B8C1709F46B
:106220005AC180917F02882361F06C2F611B81E04D
:106230009091E50B9C1380E023E048E756E20F9431
:106240008E1983E08D0F8C1315C08091E50B8C1790
:1062500009F452C180917F02882361F06C2F611B89
:1062600081E09091E50B9C1380E023E046E656E246
:106270000F948E1984E08D0F8C1315C08091E50B5F
:106280008C1709F44AC180917F02882361F06C2F3A
:10629000611B81E09091E50B9C1380E020E246E4D5
:1062A00056E20F948E1985E08D0F611032C08C1369
:1062B00015C08091E50B8C1709F440C180917F02D5
:1062C000882361F06C2F611B81E09091E50B9C139A
:1062D00080E020E248E356E20F948E1986E08D0FAD
:1062E0008C1315C08091E50B8C1709F438C180918F
:1062F0007F02882361F06C2F611B81E09091E50B98
:106300009C1380E020E245E556E20F948E1987E069
:106310008D0FCF5FAC1246CF8093DF0B0EC0809104
:10632000EE0B1092EE0B882309F443CF0E946E2AE5
:106330008091E00B882309F43CCFDF91CF911F912E
:106340000F91FF90EF90DF90CF90BF90AF909F9014
:106350008F907F906F900895C13019F58091E50B73
:10636000813081F080917F02882309F431CF81E070
:106370009091E50B913009F080E023E042EC56E289
:10638000692D24CF8091EE0B1092EE0B882351F3F0
:1063900080EA93EB0E9493A48091E00B882311F391
:1063A000CCCFC23009F014CF8091E50B823081F060
:1063B00080917F02882309F40BCF81E09091E50B57
:1063C000923009F080E023E043EB56E26F2DFECEE1
:1063D0008091EE0B1092EE0B882351F38EEC9EE22F
:1063E0000E9493A48091E00B882311F3A6CF8091A3
:1063F000EE0B1092EE0B882309F4F8CE88EB9AE7A7
:106400000E9493A48091E00B882309F4EFCE95CFEE
:1064100081E09091E50B933009F080E023E04BEAB6
:1064200056E2672D0F948E19E5CED3E0DC13E3CE50
:106430008091E50B8D1791F080917F02882309F4FC
:10644000DACE6C2F611B81E09091E50B9C1380E00C
:1064500023E040EA56E20F948E19CDCE8091EE0BE8
:106460001092EE0B882341F384E89CE90E9493A4E8
:106470008091E00B882301F360CF8091EE0B1092A6
:10648000EE0B882309F4C0CE8091410A8E258093BB
:10649000410AB0927F02C114D10411F00E94EE367D
:1064A0008091E00B882309F4AFCE47CF8091410A59
:1064B0002DE836E2811102C029E836E26C2F611B1B
:1064C00081E09091E50B9C1380E001E040E956E209
:1064D0000E940D309DCE8091EE0B1092EE0B882322
:1064E00009F49FCE85E89EE90E9493A48091E00B79
:1064F000882309F496CE21CF8091EE0B1092EE0BFB
:10650000882309F4A7CE88E89EE90E9493A480918D
:10651000E00B882309F49ECE10CF8091EE0B1092F1
:10652000EE0B882309F4AFCE0E94CEE60E94ED2840
:106530008091E00B882309F4A6CEFFCE8091EE0B6C
:106540001092EE0B882309F4B9CE0E94E2FA0E9461
:10655000ED288091E00B882309F4B0CEEECE809137
:10656000EE0B1092EE0B882309F4C1CE0E948AE54F
:106570000E94E1288091E00B882309F4B8CEDDCE9B
:10658000DF92EF92FF920F931F93CF93DF9361E01F
:1065900081E00E94F628C091E60B85E0E82EEC0E23
:1065A000D4E0DC1B13E01C1B02E00C1B81E0F82E86
:1065B000FC1ADC2ED194C1112EC08091E50B8823EA
:1065C000B1F080917F02882359F081E09091E50B32
:1065D000911180E024E043E55AE26D2D0F948E196D
:1065E000CF5FEC12E8CF85E08093DF0B0CC0809189
:1065F000EE0B1092EE0B882321F30E946E2A8091FD
:10660000E00B8823F1F2DF91CF911F910F91FF9062
:10661000EF90DF900895C13011F58091E50B813046
:1066200079F080917F028823D9F281E09091E50B87
:10663000913009F080E023E046E45AE26F2DCECF9E
:106640008091EE0B1092EE0B882359F386E991E8C6
:106650000E9493A48091E00B882319F3D4CFC23019
:1066600009F055C08091E50B823081F080917F0266
:10667000882309F4B5CF81E09091E50B923009F0C1
:1066800080E023E04BE35AE2602FA8CF8091EE0B2D
:106690001092EE0B882351F386E392E80E9493A4B4
:1066A0008091E00B882311F3AECF8091E50B83300E
:1066B00081F080917F02882309F492CF81E090914C
:1066C000E50B933009F080E023E04FE25AE2612FBE
:1066D00085CF8091EE0B1092EE0B882351F38FE85B
:1066E00092E80E9493A48091E00B882311F38BCF52
:1066F0008091EE0B1092EE0B882391F08FE294E8DC
:106700000E9493A48091E00B882351F07CCFC3308A
:1067100061F2C43009F064CF8091E50B843041F31D
:1067200080917F02882309F45BCF81E09091E50B93
:10673000943009F080E023E041E25AE26D2F4ECF21
:106740006F927F928F929F92AF92BF92CF92DF9281
:10675000EF92FF920F931F93CF93DF9361E081E05D
:106760000E94F628C091E60B1C2F85E0782E7C0E47
:1067700085E0F82EFC1A93E0892E84E0E82EEC1ACE
:10678000682C6C1A2FEDA22E24E2B22E82E0D82EB5
:10679000DC1A81E0C82ECC1A86E0982E9C1AC11112
:1067A00030C08091E50B882389F080917F02882397
:1067B000A1F1612F619581E09091E50B911180E04D
:1067C00024E046E555E20F948E1927C08091EE0B28
:1067D0001092EE0B882349F30E946E2A8091E00B01
:1067E000882319F3DF91CF911F910F91FF90EF90C4
:1067F000DF90CF90BF90AF909F908F907F906F90E1
:106800000895C13009F07BC09091E50B913009F4F7
:106810004FC080917F0281115FC00E942A2A81119E
:106820000BC1D7E0C63009F008C18091E50B863076
:1068300009F4E4C080917F028111F1C0D7E081E0CA
:106840008D0F8C1315C08091E50B8C1709F41CC1BA
:1068500080917F02882361F06C2F611B81E0909111
:10686000E50B9C1380E023E046EF54E20F948E1971
:1068700082E08D0F8C1315C08091E50B8C1709F405
:1068800014C180917F02882361F06C2F611B81E02D
:106890009091E50B9C1380E023E044EE54E20F94CA
:1068A0008E19CF5FC7117BCFDD5FD093DF0B9ACFFF
:1068B0008091EE0B1092EE0B882309F4AACF809101
:1068C0005E068C2780935E0680927F028091E00BAB
:1068D000882309F49ECF86CF80915E0624E435E2BA
:1068E000811102C020E435E281E0913009F080E0BE
:1068F00001E047E455E26C2D0E940D308ECFC2308E
:1069000009F0E4C08091E50B823081F080917F0234
:10691000882309F482CF81E09091E50B923009F051
:1069200080E020E24FE255E26D2D4DCF8091EE0BDD
:106930001092EE0B882351F3B092500AA0924F0AA6
:106940000E94662A8091E00B882301F34BCF80914F
:10695000E50B833081F080917F02882309F45DCFBD
:1069600081E09091E50B933009F080E023E046E26E
:1069700055E2662D28CF8091EE0B1092EE0B882306
:1069800051F387EF9DE70E9493A48091E00B882349
:1069900011F328CF8091E50B843081F080917F0244
:1069A000882309F43ACF81E09091E50B943009F007
:1069B00080E023E049E155E26E2D05CF8091EE0B9A
:1069C0001092EE0B882351F384E895EB0E9493A478
:1069D0008091E00B882311F305CF8091EE0B10928C
:1069E000EE0B882309F480C083EB99E80E9493A4FE
:1069F0008091E00B882309F477C0F4CE8091EE0BF0
:106A00001092EE0B882309F415CF85EC97E80E94CD
:106A100093A48091E00B882309F40CCFE3CE81E0AE
:106A20009091E50B963009F080E023E04BE055E2D1
:106A3000692D0F948E1902CFD6E0DC1300CF809120
:106A4000E50B8D1791F080917F02882309F4F7CE32
:106A50006C2F611B81E09091E50B9C1380E023E09B
:106A60004FEF54E20F948E19EACE8091EE0B109204
:106A7000EE0B882341F382EA98E90E9493A4809167
:106A8000E00B882301F3AECE8091EE0B1092EE0B5B
:106A9000882309F4DDCE85E29DE80E9493A48091CD
:106AA000E00B882309F4D4CE9DCE8091EE0B10929A
:106AB000EE0B882309F4E5CE8EED9DE70E9493A4AA
:106AC0008091E00B882309F4DCCE8CCEC33009F42E
:106AD0003ECFC43009F45ECFC53009F09ECE809120
:106AE000E50B853009F479CF80917F02882309F482
:106AF00094CE81E09091E50B953009F080E023E0A1
:106B000044E155E26F2D5FCE3F924F925F926F92BC
:106B10007F928F929F92AF92BF92CF92DF92EF922D
:106B2000FF920F931F93CF93DF9300D01F92CDB7A7
:106B3000DEB761E081E00E94F6281091E60BF12EAD
:106B400085E0382E310E812C912C5401839487E0FE
:106B5000C82EC11A86E0D82ED11A85E0E82EE11A97
:106B600011113DC08091E50B8823B9F080917F021F
:106B7000882361F06F2D619581E09091E50B911173
:106B800080E024E049EF53E20F948E191F5F311229
:106B9000E7CF88E08093DF0B0CC08091EE0B109262
:106BA000EE0B882319F30E946E2A8091E00B882354
:106BB000E9F20F900F900F900F90DF91CF911F91FE
:106BC0000F91FF90EF90DF90CF90BF90AF909F908C
:106BD0008F907F906F905F904F903F90089511300D
:106BE00009F083C08091E50B813029F180917F020B
:106BF000882361F2772473948091E50B813009F04A
:106C0000712C80915C1490915D14A0915E14B091F0
:106C10005F1489839A83AB83BC83CE0101960E9463
:106C20006B8B61E06F1900E09C014DEE53E2872D04
:106C30000E940D30ABCF8091EE0B1092EE0B8823AB
:106C4000A9F20F94861C2AE037ED43E25DE36091E0
:106C50005C1470915D1480915E1490915F140F9498
:106C60000A3920E030E040E85FE30F94873F0F945B
:106C7000FB402B010E94412A83E080937F0283EF37
:106C800093E29093000C8093FF0B8CE594E190933A
:106C9000FE0B8093FD0B8092F90B9092FA0BA09261
:106CA000FB0BB092FC0B87E79FE0A0E0B0E0809385
:106CB000F50B9093F60BA093F70BB093F80B509253
:106CC000F40B4092F30B83EE9FE290939315809325
:106CD00092151092F20B1092F10B1092F00B809122
:106CE000E00B882309F482CF64CF123009F0E2C2AE
:106CF0008091E50B823019F180917F02882309F49D
:106D000045CF772473948091E50B823009F0712C84
:106D10008091601490916114A0916214B0916314F9
:106D200089839A83AB83BC83CE0101960E946B8BCF
:106D300062E06F1900E09C0149ED53E278CF809149
:106D4000EE0B1092EE0B8823B9F20F94861C2AE00A
:106D500037ED43E25CE360916014709161148091BF
:106D60006214909163140F940A3920E030E040E8F7
:106D70005FE30F94873F0F94FB402B010E94412A51
:106D800083E080937F0283EE93E29093000C8093E4
:106D9000FF0B80E694E19093FE0B8093FD0B8092B5
:106DA000F90B9092FA0BA092FB0BB092FC0B8DEDBD
:106DB00093E0A0E0B0E08093F50B9093F60BA093E6
:106DC000F70BB093F80B5092F40B4092F30B89EE53
:106DD0009FE290939315809392151092F20B10926C
:106DE000F10B1092F00B8091E00B882309F484CF13
:106DF000E0CE8091E50B833019F180917F028823EA
:106E000009F4C4CE772473948091E50B833009F0A4
:106E1000712C8091641490916514A0916614B091C6
:106E2000671489839A83AB83BC83CE0101960E9449
:106E30006B8B63E06F1900E09C0147EC53E2F7CEE7
:106E40008091EE0B1092EE0B8823B9F20F94861C02
:106E50002AE037ED43E25DE36091641470916514BC
:106E600080916614909167140F940A3920E030E005
:106E700040E85FE30F94873F0F94FB402B010E9493
:106E8000412A10937F0280ED93E29093000C80934F
:106E9000FF0B84E694E19093FE0B8093FD0B8092B0
:106EA000F90B9092FA0BA092FB0BB092FC0B87E7C8
:106EB0009FE0A0E0B0E08093F50B9093F60BA093D9
:106EC000F70BB093F80B5092F40B4092F30B83EE58
:106ED0009FE290939315809392151092F20B10926B
:106EE000F10B1092F00B8091E00B882309F485CF11
:106EF00060CE8091E50B8430F9F080917F02882389
:106F000009F444CE772473948091E50B843009F022
:106F1000712C609128147091291480912A149091F9
:106F20002B140F94A9380E94852A64E06F1900E0A1
:106F30009C0149EB53E27BCE8091EE0B1092EE0B5D
:106F40008823D9F20F94861C60912814709129141B
:106F500080912A1490912B140F94A9382AE037EDD0
:106F600043E25DE30F940A3920E030E040E850E46A
:106F70000F94873F0F94FB402B010E94412A83E02E
:106F800080937F0280EC93E29093000C8093FF0B40
:106F900088E294E19093FE0B8093FD0B84E090E0F7
:106FA000A0E0B0E08093F90B9093FA0BA093FB0B59
:106FB000B093FC0B84E79FE0A0E0B0E08093F50B7A
:106FC0009093F60BA093F70BB093F80B5092F40B41
:106FD0004092F30B8BEC9FE2909393158093921564
:106FE0008BE19AE79093F20B8093F10B1092F00BE8
:106FF0008091E00B882309F480CFDBCD8091E50BF5
:107000008530F1F080917F02882309F4BFCD772489
:1070100073948091E50B853009F0712C60912C14EC
:1070200070912D1480912E1490912F140F94A938E3
:107030000E94852A00E09C014BEA53E26E2DF7CDB9
:107040008091EE0B1092EE0B8823E1F20F94861CD8
:1070500060912C1470912D1480912E1490912F1406
:107060000F94A9382AE037ED43E25DE30F940A3923
:1070700020E030E040E850E40F94873F0F94FB405D
:107080002B010E94412A83E080937F0282EB93E2EE
:107090009093000C8093FF0B8CE294E19093FE0B95
:1070A0008093FD0B84E090E0A0E0B0E08093F90BCA
:1070B0009093FA0BA093FB0BB093FC0B84E79FE03B
:1070C000A0E0B0E08093F50B9093F60BA093F70B44
:1070D000B093F80B5092F40B4092F30B8BEC9FE2C1
:1070E00090939315809392158BE19AE79093F20B0E
:1070F0008093F10B1092F00B8091E00B882309F440
:1071000081CF57CD8091E50B8630F1F080917F02E1
:10711000882309F43BCD772473948091E50B863066
:1071200009F0712C609130147091311480913214F7
:10713000909133140F94A9380E94852A00E09C0195
:107140004DE953E26D2D73CD8091EE0B1092EE0B55
:107150008823E1F20F94861C6091301470913114F1
:1071600080913214909133140F94A9382AE037EDAE
:1071700043E25DE30F940A390F94FB402B010E9418
:10718000412A83E080937F0284EA93E29093000C8B
:107190008093FF0B80E394E19093FE0B8093FD0BB3
:1071A0001092F90B1092FA0B1092FB0B1092FC0B41
:1071B00088E79FE0A0E0B0E08093F50B9093F60B9A
:1071C000A093F70BB093F80B5092F40B4092F30B93
:1071D0008BEC9FE290939315809392158BE19AE745
:1071E0009093F20B8093F10B1092F00B8091E00BD7
:1071F000882309F48BCFDDCC8091EE0B1092EE0B3F
:10720000882309F46BC00F94861C6091341470912C
:10721000351480913614909137140F94A9382AE0D0
:1072200037ED43E25CE30F940A3920E030E040E8B8
:107230005FE30F94873F0F94FB402B010E94412A8C
:1072400083E080937F0286E993E29093000C809321
:10725000FF0B84E394E19093FE0B8093FD0B8092EF
:10726000F90B9092FA0BA092FB0BB092FC0B8DEDF8
:1072700093E0A0E0B0E08093F50B9093F60BA09321
:10728000F70BB093F80B5092F40B4092F30B81ED97
:107290009FE290939315809392158BE19AE79093D8
:1072A000F20B8093F10B1092F00B8091E00B88238E
:1072B000A9F07FCC133009F49CCD143009F419CE19
:1072C000153009F49BCE163009F41CCF173009F0A5
:1072D0005DCC8091E50B873009F48ECF80917F02E1
:1072E000882309F453CC772473948091E50B87307D
:1072F00009F0712C6091341470913514809136141A
:10730000909137140F94A9380E94852A00E09C01BF
:107310004FE853E26C2D8BCCFC0120E03EE2DB0118
:107320004D91BD01403249F0283011F4308331963F
:10733000DB0111974C91408331962F5F2B3079F709
:107340001082089590916F00292F227091FF05C03F
:1073500090916F009D7F90936F0034E0839FC001F8
:107360001124FC01E15CF84F4081518162817381FD
:107370008D5C984FFC01408351836283738381E06D
:107380008093A206222329F080916F00826080936F
:107390006F000895CF93DF9390916F00292F227093
:1073A00091FF05C090916F009D7F90936F0094E0D6
:1073B000899FA0011124FA01E15CF84F608171817D
:1073C00082819381222329F020916F0022602093F3
:1073D0006F00EA01CB55D34F0F94AB382881398128
:1073E0004A815B810F940A39DF91CF910895CF9242
:1073F000DF92EF92FF9280918806882309F457C0AC
:10740000C0908D06D0908E06E0908F06F09090068A
:1074100020E030E0A901C701B6010F94A438882309
:1074200009F445C020E030E040E05FE3C701B60169
:107430000F940A399B01AC010F940A392BED3FE000
:1074400049E450E40F940A399B01AC0160E070E01C
:1074500080E89FE30F9482406B017C01C092890613
:10746000D0928A06E0928B06F0928C0660913702E9
:1074700070913802072E000C880B990B0F94AB38D3
:107480002AE037ED43E25CE30F940A39A701960145
:107490000F940A396093790270937A0280937B0289
:1074A00090937C02FF90EF90DF90CF900895C12CD5
:1074B000D12C80E8E82E8FE3F82ED0CF8F929F92C8
:1074C000AF92BF92CF92DF92EF92FF92CF93DF9372
:1074D000EC018090840690908506A0908606B0907E
:1074E000870620E030E0A901C501B4010F94A4385B
:1074F000882309F454C0C880D980EA80FB80A701A2
:107500009601C501B4010F94A43818160CF04CC0B4
:107510002091800630918106409182065091830629
:10752000C701B6010F94A438882331F1C0928006B8
:10753000D0928106E0928206F092830620917C062A
:1075400030917D0640917E0650917F066881798159
:107550008A819B810F940A399B01AC0160E070E045
:1075600080E89FE30F94873F609333027093340267
:107570008093350290933602609133027091340209
:107580008091350290913602DF91CF91FF90EF907C
:10759000DF90CF90BF90AF909F908F90089560E064
:1075A00070E080E89FE3F0CF60E070E0CB01ECCFCB
:1075B000CF92DF92EF92FF9280911308811105C064
:1075C00080911508882309F470C08091C006659BDE
:1075D00066C081608093C006909103018091C006CF
:1075E00091FF5FC082608093C0068091C0064B9B74
:1075F0005AC084608093C006C0902407C0FE10C0AB
:107600008091140880FF0CC08091C00680FF08C0E4
:107610008091D20B81608093D20B80E00E94A2B94E
:10762000D12CF12CE12CD701C601B695A7959795E1
:10763000879580FF11C080911408869580FF0CC04B
:107640008091C00681FF08C08091D20B8260809338
:10765000D20B81E00E94A2B982E0F694E794D7941D
:10766000C7948A95D1F7C0FE20C0809114088695F2
:10767000869580FF1AC0809115088823B1F080910B
:10768000C00682FF12C08091D20B84608093D20B1F
:1076900082E0FF90EF90DF90CF900C94A2B98E7FA4
:1076A00099CF8D7FA0CF8B7FA5CFFF90EF90DF90FC
:1076B000CF900895CF92DF92EF92FF926091DC0B12
:1076C0007091DD0B61157105B9F1C090D80BD090A8
:1076D000D90BE090DA0BF090DB0B66507109072EA6
:1076E000000C880B990B0F94AB38A70196010F94EF
:1076F000E84118160CF520E030E040E050E4C70106
:10770000B6010F94883F0F94FB4070937407609309
:1077100073070F949A20605A75418F4F9F4F609363
:107720007507709376078093770790937807FF909B
:10773000EF90DF90CF900895109275071092760722
:107740001092770710927807F2CF61E0FC018081F8
:107750000F94A01E8FEF0C943178CF93C82FCB01DC
:107760000E94E63E80EC93E30E94E63E81EB93E3C9
:10777000CC2311F086EB93E30E94E63E8AE0CF91A2
:107780000C94DF3EDF92EF92FF920F931F93CF9303
:10779000DF938C01C62FD22FF32EE42ED52EFC01C1
:1077A00082810E943D7860E0F80180810F94A01EE4
:1077B0000F94F3208C2F80640E9431788D2D0E94CD
:1077C00031788E2D0E9431788F2D0E9431788D2F47
:1077D0000E94317887E8C11101C085E90E943178A3
:1077E000CC3011F40E943678C0E00E943678F8015F
:1077F000838387FF04C0CF3F11F0CF5FF6CFDF91C7
:10780000CF911F910F91FF90EF90DF9008950F930C
:107810001F93CF93DF93EC0189018C81833039F082
:1078200089E0440F551F661F771F8A95D1F79A018B
:10783000AB0168E1CE010E94C2BB81114AC08EEF4C
:107840008EBDF801C8019E5F0DB407FEFDCF2081FB
:107850002EBD0DB407FEFDCF21812EBD3296E81757
:10786000F90791F70DB407FEFDCF8FEF0E94317835
:107870008FEF0E9431780E9436788B838F7185302C
:1078800089F40F94F320182F882301F120E030E0D1
:10789000A9016DE0CE010E94C2BB882351F086E1B0
:1078A000898305C083E18983CE010E94A5BB10E0D6
:1078B00004C00E9436788111F2CFCE010E94A5BB90
:1078C000812FDF91CF911F910F91089587E18983D7
:1078D000F4CF86E0E5CFCF92DF92EF92FF920F9345
:1078E0001F93CF93DF93EC0189018C81833039F0B2
:1078F00089E0440F551F661F771F8A95D1F79A01BB
:10790000AB0161E1CE010E94C2BB882381F084E01B
:107910008983CE010E94A5BB10E0812FDF91CF911A
:107920001F910F91FF90EF90DF90CF9008950F94EB
:107930009A206B017C012CE2C20E21E0D21EE11CD8
:10794000F11C0E9436788B838F3F61F40F949A204C
:107950006C197D098E099F0997FDF3CF81E1898319
:1079600010E01BC08E3FE9F48FEF8EBDF801D80107
:10797000A150BE4F0DB407FEFDCF9EB591938EBDB5
:10798000AE17BF07B9F70DB407FEFDCF8EB58C93C8
:107990000E9436780E94367811E0CE010E94A5BB85
:1079A000BCCF8FE0DCCF8091541590915515891B89
:1079B00080958F7019F40E94D44CF5CF80915415A6
:1079C0008F5F8F70E091541596E5E99FF0011124C7
:1079D000E654F34FDF011D929A95E9F798E0908302
:1079E0004091661550916715609168157091691501
:1079F000458B568B678B708F40916A1550916B1534
:107A000060916C1570916D15418F528F638F748FDB
:107A100040916E1550916F156091701570917115B0
:107A2000458F568F678F70A34091721550917315D3
:107A3000609174157091751541A352A363A374A34B
:107A40002091541590915515291303C094E69093F5
:107A500051158093541580916F00826080936F0060
:107A60000895CF92DF92EF92FF920F931F93C12C54
:107A7000D12C76018C0127E73CE043E75CE06FE620
:107A80007CE08BE69CE00F94E7151F910F91FF902F
:107A9000EF90DF90CF9008955F926F927F928F92D8
:107AA0009F92AF92BF92CF92DF92EF92FF920F938D
:107AB0001F93CF93DF93CDB7DEB76DB67EB6DC01F3
:107AC0000D900020E9F79D01281B390B2C5F3F4FDB
:107AD000EDB7FEB7E21BF30B0FB6F894FEBF0FBE77
:107AE000EDBF0DB71EB70F5F1F4F9F938F9382E9B6
:107AF0009EE39F938F931F930F930F943B387801CE
:107B0000F4E0EF0EF11C0F900F900F900F900F907C
:107B10000F90D7018D917D01882349F0082E000C2C
:107B2000990B0F949A42F70131978083F2CFC801E5
:107B30000E944E528EE8E82E8EE3F82E10E000E010
:107B40008DB69EB6F701E00FF11F54906801BFEFAC
:107B5000CB1ADB0A552019F0EAE05E1222C04DB7BD
:107B60005EB74C195D090FB6F8945EBF0FBE4DBFEE
:107B70008DB79EB701965C01A801B7010F94DD3760
:107B8000F501E00FF11F1082C5010E944E525520F1
:107B900051F0EC0CFD1C0FB6F8949EBE0FBE8DBECE
:107BA000CFCF8601CFCF0FB6F8947EBE0FBE6DBE8D
:107BB000DF91CF911F910F91FF90EF90DF90CF90C9
:107BC000BF90AF909F908F907F906F905F9008953F
:107BD000CF9380912514C1E08823A1F040911D141A
:107BE00050911E1460911F14709120142DE132E108
:107BF00080912614909127140E9407BCC82F8111F0
:107C000004C0C0E08C2FCF91089540912114509171
:107C100022146091231470912414411551056105BB
:107C2000710591F02DE132E1809126149091271495
:107C30000E9407BC882329F3109221141092221469
:107C4000109223141092241410922514DBCFCF929B
:107C5000DF92EF92FF92CF936B017C01C42F809152
:107C60001D1490911E14A0911F14B09120148C1516
:107C70009D05AE05BF0501F10E94E8BD811108C058
:107C8000C0E08C2FCF91FF90EF90DF90CF900895C0
:107C90002DE132E1B701A6018091261490912714BD
:107CA0000E946BBC882361F3C0921D14D0921E14F5
:107CB000E0921F14F0922014CC2321F081E08093F5
:107CC0002514DFCFC1E0DDCF4F925F926F927F929C
:107CD0008F929F92AF92BF92CF92DF92EF92FF92DC
:107CE0000F931F93CF93DF93EC0142305105610551
:107CF000710590F480E0DF91CF911F910F91FF907B
:107D0000EF90DF90CF90BF90AF909F908F907F903B
:107D10006F905F904F90089589859A85AB85BC855B
:107D20000196A11DB11D84179507A607B70710F38B
:107D30008F898031C9F5852E962EA72EBB248B897D
:107D40009C89AD89BE89880E991EAA1EBB1E28017A
:107D500039016A017B0141E0C501B4010E9427BEDF
:107D6000882341F29F89903181F5DD24EE24FF24A0
:107D7000F601EE0FFF1FE35EFD4E118300839A892B
:107D8000923008F4B8CF4D815E816F817885840E82
:107D9000951EA61EB71E8092211490922214A092C6
:107DA0002314B0922414A7CF803209F0A3CF8B897B
:107DB0009C89AD89BE894A015B01E7E0B694A7942E
:107DC00097948794EA95D1F7BECFE894C7F8DD245D
:107DD000EE24FF24F601EE0FFF1FEE0FFF1FE35E00
:107DE000FD4E4082518262827382C9CFCF92DF9270
:107DF000EF92FF920F931F93CF93DF93FC01818546
:107E00009285A385B4850196A11DB11D84179507A0
:107E1000A607B70750F480E0DF91CF911F910F9133
:107E2000FF90EF90DF90CF90089587898031A9F57A
:107E3000BB27A72F962F852FC388D488E588F6887F
:107E40008C0D9D1DAE1DBF1DE9016A017B018F01D7
:107E500040911D1450911E1460911F1470912014B4
:107E600084179507A607B70749F5F8018789803178
:107E700069F5B701A601552766277727440F551FD7
:107E8000435E5D4EFA0180819181B0E0A0E088837D
:107E90009983AA83BB8381E0BFCF803209F0BBCF37
:107EA000C388D488E588F688DB01CA01C7E0B695A7
:107EB000A79597958795CA95D1F7C2CF40E0BC01A9
:107EC000CD010E9427BE8111D0CFA5CFB701A60159
:107ED0004F77552766277727440F551F440F551FA7
:107EE000435E5D4EFA0180819181A281B381BF70B2
:107EF000CECF4F925F926F927F92AF92BF92CF920E
:107F0000DF92EF92FF920F931F93CF93DF9300D0F6
:107F10001F92CDB7DEB78C0149835A836B837C8374
:107F20005901C12CD12C7601412C82E0582E612CB4
:107F3000712C49815A816B817C819E012F5F3F4F5B
:107F4000C8010E94F6BE882319F1F8018585A301B6
:107F5000920104C0220F331F441F551F8A95D2F788
:107F6000DA01C901C80ED91EEA1EFB1E49815A81D9
:107F70006B817C8187898031F1F481E0483F5F4FDC
:107F800061057105B0F2F501C082D182E282F3820F
:107F90000F900F900F900F90DF91CF911F910F9145
:107FA000FF90EF90DF90CF90BF90AF907F906F9059
:107FB0005F904F90089581E0483F5F4F6F4F7F4043
:107FC00008F4B7CFE0CF0F931F93CF93DF93FC015B
:107FD0002381222331F080E0DF91CF911F910F9117
:107FE00008958B01EC01FB018789803139F582E02E
:107FF0008B831D8A1E8A1F8A188E808D918DB0E01A
:10800000A0E025E0880F991FAA1FBB1F2A95D1F772
:10801000898B9A8BAB8BBC8B1A8F098F81E08983FC
:10802000188619861A861B861C821D821E821F8254
:10803000188A1C861D861E861F86CECF803259F672
:1080400083E08B83428D538D648D758D4D8B5E8B5C
:108050006F8B788F9E012F5E3F4FC8010E9479BFC2
:108060008111DACFB8CF3F924F925F926F927F9299
:108070008F929F92AF92BF92CF92DF92EF92FF9238
:108080000F931F93CF93DF93CDB7DEB72C970FB627
:10809000F894DEBF0FBECDBF5C01DC0159968D9018
:1080A0009C90F40181859285A385B4859C01AD01E6
:1080B0002F5F3F4F4F4F5F4F29873A874B875C8732
:1080C000D50114964D905D906D907C90179741145A
:1080D00051046104710409F459C0BFEF4B1A5B0AE3
:1080E0006B0A7B0A312C730162011D821E821F8282
:1080F0001886F40181859285A385B4852D813E8102
:108100004F815885281739074A075B0708F056C082
:1081100089859A85AB85BC858C159D05AE05BF0507
:1081200050F482E0C82ED12CE12CF12C92E0492EA3
:10813000512C612C712C9E012F5F3F4FB701A6017E
:10814000C4010E94F6BE8823C9F189819A81AB815E
:10815000BC81892B8A2B8B2B01F1260137019FEFE4
:10816000491A590A690A790A2D813E814F81588539
:108170002F5F3F4F4F4F5F4F2D833E834F83588775
:108180003FEFC31AD30AE30AF30AB3CF408051800A
:108190006280738033243394A6CFC414D504E604DC
:1081A000F70411F70FEF1FEF2FEF3FE0B701A60124
:1081B000C4010E9464BE782E81111AC0712C872DD3
:1081C0002C960FB6F894DEBF0FBECDBFDF91CF91D6
:1081D0001F910F91FF90EF90DF90CF90BF90AF90E5
:1081E0009F908F907F906F905F904F903F900895F9
:1081F000F5014481558166817781411551056105FD
:10820000710539F097018601C4010E9464BE88237C
:10821000A9F2D5011496CD92DD92ED92FC921797BA
:10822000332051F0D701C6010196A11DB11DF40103
:1082300080839183A283B383F50185899689A78979
:10824000B08D892B8A2B8B2B09F0B9CFC58AD68AA2
:10825000E78AF08E818180688183B1CF8F929F926F
:10826000AF92BF92CF92DF92EF92FF920F931F9344
:10827000CF93DF93EC018B8181110EC080E0DF9101
:10828000CF911F910F91FF90EF90DF90CF90BF9013
:10829000AF909F908F90089509891A892B893C8906
:1082A000041715072607370748F34A015B01823098
:1082B00031F488869986AA86BB8681E0E0CF811456
:1082C0009104A104B10449F4188619861A861B8604
:1082D0001C821D821E821F82F0CF088519852A8587
:1082E0003B85E98DFA8D858590E00996B901A80155
:1082F0004150510961097109082E04C076956795AE
:10830000579547950A94D2F775016401E1E0CE1ABA
:10831000D108E108F10804C0F694E794D794C79413
:108320008A95D2F7C416D506E606F70620F0012B8B
:10833000022B032B11F58D899E89AF89B88D8C8313
:108340009D83AE83BF838E010C5F1F4FC114D10488
:10835000E104F10409F4ADCF4C815D816E817F8130
:108360009801898D9A8D0E94F6BE91E0C91AD108B4
:10837000E108F1088111EACF81CFC41AD50AE60AD3
:10838000F70AE1CF2F923F924F925F926F927F92C6
:108390008F929F92AF92BF92CF92DF92EF92FF9215
:1083A0000F931F93CF93DF9300D01F92CDB7DEB70B
:1083B0009C838B834B017A01DC0113968C91811194
:1083C00019C08FEF9FEF0F900F900F900F90DF91DC
:1083D000CF911F910F91FF90EF90DF90CF90BF90C2
:1083E000AF909F908F907F906F905F904F903F9055
:1083F0002F900895EB81FC81818180FFE2CF8189FC
:108400009289A389B4894085518562857385841BCF
:10841000950BA60BB70BA70170E060E084179507DA
:10842000A607B70708F47C0167018B819C8104963D
:108430009A838983612C32E0732EC114D10409F42C
:10844000B7C0AB81BC8118964D915D916D917C91C7
:108450001B975A01B1E0BB22EB81FC81818D928D8B
:108460001A012B0129E056944794379427942A95B2
:10847000D1F72381223091F5DC015A966D917D91DF
:108480008D919C915D97620D731D841D951D8301D7
:108490000A191B09C016D10608F486010115B2E0BD
:1084A0001B0771F420911D1430911E1440911F146C
:1084B00050912014621773078407950709F059C07B
:1084C00040E00E9427BE882309F47BCFB501635E9C
:1084D0007D4EA801C4010F94AF4257C0FC01148126
:1084E00011501221A114B10481F411110EC0452BB9
:1084F000462B472B79F5EB81FC8185899689A789E5
:10850000B08D84839583A683B783AB81BC81599654
:10851000ED91FC915A9714966D917D918D919C915E
:1085200017976250710981099109258504C0660F6A
:10853000771F881F991F2A95D2F72685378540898E
:108540005189620F731F841F951F610F711D811D5B
:10855000911D9DCFAB81BC8114964D915D916D9124
:108560007C91179729813A810E94F6BE8111CDCF67
:1085700028CF9401AB01BC0180912614909127145F
:108580000E946BBC882309F41CCF800E911EEB81E6
:10859000FC8180859185A285B385800F911FA11DE7
:1085A000B11D80879187A287B387C01AD10A45CFB2
:1085B000C70109CFCF93DF931F92CDB7DEB741E05C
:1085C00050E0BE016F5F7F4F0E94C2C1019731F43E
:1085D000898190E00F90DF91CF9108958FEF9FEF09
:1085E000F9CFCF93DF93EC01462F41706C857D85E9
:1085F0008E859F850E9427BE882351F0888920E2BE
:10860000829FC0011124835E9D4EDF91CF9108951A
:1086100090E080E0FACFCF93DF93EC018B81882349
:1086200049F1898187FF22C061E0CE010E94F1C239
:10863000FC01892BF9F08081853EE1F08B8182304D
:1086400040F489899A89AB89BC89848F958FA68FDC
:10865000B78F8D899E89938F828F8D899E89AF89EF
:10866000B88DB58BA48B89818F778983DF91CF916A
:108670000C94E8BD81E0888380E0DF91CF9108957C
:108680002F923F924F925F926F927F928F929F9222
:10869000AF92BF92CF92DF92EF92FF920F931F9310
:1086A000CF93DF9300D01F92CDB7DEB78C014B0183
:1086B0001A01DC0113968C911397813009F0CAC01E
:1086C00011968C9181FFC6C082FDB0C06101D801B6
:1086D00018964D915D916D917C911B97C114D104B9
:1086E00009F41AC159968D919C915A97FC01748096
:1086F0002FEF270D2A013B0139E0769467945794B8
:1087000047943A95D1F7722E74207A01F1E0FF2256
:10871000711020C0E114F104E9F414964D915D91BB
:108720006D917C911797411551056105710509F00F
:1087300097C055968D919D910D90BC91A02D00975D
:10874000A105B10509F0A5C0C8010E9433C0882366
:1087500009F480C0A12C82E0B82EAE18BF08CA145C
:10876000DB0408F45601D80159964D915C915A9753
:1087700014968D919D910D90BC91A02D0297A10909
:10878000B109FA01258504C0880F991FAA1FBB1FD4
:108790002A95D2F74685578560897189840F951F80
:1087A000A61FB71F9C01AD01270D311D411D511D95
:1087B00029013A01A11432E0B30609F078C0809192
:1087C0001D1490911E14A0911F14B09120144816EE
:1087D00059066A067B0669F4109225148FEF9FEF05
:1087E000DC0180931D1490931E14A0931F14B0936A
:1087F00020149401B301A2018091261490912714B2
:108800000E9407BC882331F1F80180859185A285FB
:10881000B3858A0D9B1DA11DB11D80879187A287FD
:10882000B3878A0C9B1CCA18DB0851CFF801418919
:1088300052896389748980859185A285B38548179B
:1088400059076A077B0709F441CFC8010E942EC16E
:1088500081113CCF81E0D8018C938FEF9FEF72C0E4
:108860009E012F5F3F4F0E94F6BE882399F38981B6
:108870009A81AB81BC81F801218D328DF901278964
:10888000203169F4883FFFEF9F07A105B10508F08B
:108890005BCFF80184839583A683B7835BCF883F42
:1088A0002FEF9207A2072FE0B20798F34DCFE11404
:1088B000F10451F5D80118964D915D916D917C911F
:1088C0001B9751968D919D910D90BC91A02D4817AD
:1088D00059076A077B07C0F00E94E8BD882309F4A6
:1088E000B9CF81E08093251440921D1450921E143C
:1088F00060921F1470922014A501B401C701835E19
:108900009D4E0F94AF4280CF41E0C301B2010E945F
:1089100027BE8111F1CF9ECFF80181899289A38969
:10892000B48984179507A607B70738F48181418B6E
:10893000528B638B748B80688183F801818183FD06
:1089400018C0C1010F900F900F900F90DF91CF9141
:108950001F910F91FF90EF90DF90CF90BF90AF905D
:108960009F908F907F906F905F904F903F902F904F
:108970000895C8010E940BC38111E3CF6BCFCF9341
:10898000DF93EC010E940BC31B82DF91CF9108950E
:10899000CF93DF93EB01FC012381211104C080E020
:1089A000DF91CF9108952250223028F48FE28883FE
:1089B000198281E0F5CF60E00E94F1C2009779F35F
:1089C000DC0160E080E09EE22D91203299F0883059
:1089D00031F49E01260F311DF90190836F5F9E01D6
:1089E000260F311DAD0141505109FA014081F901B5
:1089F00040836F5F8F5F8B3039F7FE01E60FF11D0B
:108A00001082D7CF40E050E0BA010C942EC18F9273
:108A10009F92AF92BF92CF92DF92EF92FF920F930D
:108A20001F93CF93DF93EC018B016A01E22EDB01F0
:108A300059968D919C919A8F898FCB010E9402C586
:108A4000B12CF80180859185A285B3854189528931
:108A50006389748984179507A607B70708F058C07B
:108A600035E0B695A795979587953A95D1F7F82F64
:108A7000FF70FF2ED80113968C91823070F480E045
:108A8000DF91CF911F910F91FF90EF90DF90CF90EA
:108A9000BF90AF909F908F900895C8010E94DAC256
:108AA00097FDEDCFF80180859185A285B3854F961E
:108AB000A11DB11D80879187A287B387F0E2FF9E39
:108AC000B0011124635E7D4E61157105C1F2DB01B9
:108AD0008C91882341F0853E09F04AC0BB2029F0E3
:108AE000BB24B394AECFB1100DC080911D149091F2
:108AF0001E14A0911F14B09120148C879D87AE87FF
:108B0000BF87F88AFB0180818111EACFBB24B3942F
:108B10008E2D8274823409F0B2CFBB2009F497C045
:108B2000F88861E0CE010E94F1C2009709F4A7CF56
:108B300020E2DC011D922A95E9F72BE0F601DC0129
:108B400001900D922A95E1F721E238E2FC01318B88
:108B5000208B40E058E057874687338B228B318F3C
:108B6000208F578B468B0E94E8BD811109C087CFAB
:108B70004BE050E0C6010F94A242892B09F061CF6F
:108B8000F0E2FF9ED0011124FD01E35EFD4E8385DE
:108B9000817121F08E2D827109F0F0C0898D9A8D3E
:108BA00040911D1450911E1460911F147091201457
:108BB0004C875D876E877F87F88AA35EBD4E54968B
:108BC0008D909C905597B12CA12C54019924882408
:108BD0008D8A9E8AAF8AB88E5A964D915C915B972A
:108BE00070E060E0482959296A297B294D8B5E8B0A
:108BF0006F8B788F2385287109F0B5C05C968D91B5
:108C00009D910D90BC91A02D898B9A8BAB8BBC8BC9
:108C100081E08B838E2D8F7089831C821D821E8242
:108C20001F82188619861A861B8681E0E4FE28CFEB
:108C3000CE01DF91CF911F910F91FF90EF90DF90C8
:108C4000CF90BF90AF909F908F900D94B902D801B4
:108C500013968C911397823009F411CF51968D9110
:108C60009D910D90BC91A02D803E9F4FAF41B105CD
:108C700008F005CFC8010E9433C0882309F4FFCE55
:108C80000E94E8BD882309F4FACED8015996ED91E7
:108C9000FC915A9714968D909D90AD90BC9017972B
:108CA000B2E08B1A9108A108B108858504C0880C30
:108CB000991CAA1CBB1C8A95D2F786859785A0892A
:108CC000B189880E991EAA1EBB1E81E080932514CF
:108CD00080921D1490921E14A0921F14B092201422
:108CE000EDE1F2E180E092E0DF019C011D92215074
:108CF0003040E1F7FF24F394D8015996ED91FC91AF
:108D00008481F81698F42DE132E1B501A4014F0DEC
:108D1000511D611D711D80912614909127140E9490
:108D200007BC882309F4ABCEF394E6CF258580E019
:108D300092E0A0E0B0E004C0880F991FAA1FBB1FFB
:108D40002A95D2F7F8014189528963897489840F81
:108D5000951FA61FB71F818B928BA38BB48B8DE1C0
:108D600092E1F12CE5CE203149F49E012F5E3F4F78
:108D70000E9479BF882311F084E04BCF1B827FCE05
:108D80000F930FB70F9300916E000B7F00936E004F
:108D900078940F930BB70F930CB70F921F922F93EA
:108DA0003F934F935F936F937F938F939F93AF9373
:108DB000BF93EF93FF9311240E942FC8FF91EF916F
:108DC000BF91AF919F918F917F916F915F914F91E3
:108DD0003F912F911F900F900CBF0F910BBF0F91E0
:108DE0000460F89400936E000F910FBF0F911895D7
:108DF0001092AE068091690290916A020F97181640
:108E0000190614F490E080E09093A4148093A314C6
:108E10000F94A6201092DD0B1092DC0B0E945ABB1F
:108E20008091690290916A020F971816190614F43E
:108E300090E080E09093A4148093A3140F94A62054
:108E40001092A5142C981092DD0B1092DC0B10924E
:108E5000DE0B8091020180728093000108958F9251
:108E60009F92AF92BF92CF92DF92EF92FF920F93B9
:108E70001F93CF93DF93B0E4A0E06A2F70E0AB01C3
:108E80004B0F511D55954795411119C0EBE9FEE374
:108E900065917491072E000C880B990B0F94AB38D9
:108EA000DF91CF911F910F91FF90EF90DF90CF90C6
:108EB000BF90AF909F908F900895B42FE0CFA417EC
:108EC00011F0B41303C0E7E9FFE3E2CF9A012150A8
:108ED0003109220F331F220F331FF901E756F14CDE
:108EE000E590F490F901E356F14CC591D4918E15BB
:108EF0009F051CF3A42FC817D9070CF4BECFF901A6
:108F0000E556F14C05911491F901E156F14CC590EB
:108F1000D490BC016E197F09072E000C880B990BA9
:108F20000F94AB384B015C01B601601B710B072E2F
:108F3000000C880B990B0F94AB389B01AC01C50159
:108F4000B4010F940A394B015C01BE016E197F090F
:108F5000072E000C880B990B0F94AB389B01AC01CA
:108F6000C501B4010F9482406B017C01B801110F5F
:108F7000880B990B0F94AB389B01AC01C701B6016C
:108F80000F94883F8DCFCF93DF93CBE9D4E18A81D3
:108F90009B810F9425026C837D838E839F83C4ED18
:108FA000DBE08A819B810E942FC76C837D838E8347
:108FB0009F83A8951092AF06DF91CF910895EF920D
:108FC000FF920F931F93CF93C82F7B018A0180914B
:108FD0005102882399F00E949A3FC7010E94E63E01
:108FE00086EC9CE30E94E63EC11125C060E070E083
:108FF000CB010E94B1438AE00E94DF3E80914F077F
:10900000811126C01092510281E080934F070E9487
:10901000F8C6C5E1C150409A99F069E170E080E07E
:1090200090E00F946720409860E570E080E090E069
:109030000F946720EFCF82EC9CE30E94E63EDBCFEB
:10904000C801CF911F910F91FF90EF900C94624255
:10905000CF911F910F91FF90EF900C94F8C60F9352
:109060001F93CF93DF93809154028F3708F4A1C0F0
:109070008F579091A51490938407992309F497C072
:109080002C9A2091DE0B20938307909102012111ED
:1090900090959072909300018F5F8093540280911D
:1090A000820791E089278093820781110E941EA088
:1090B00080915302C1E0C80F85300CF0C0E08230CF
:1090C00009F42EC10CF082C0882309F497C08130C6
:1090D00009F41AC1C09353022091460C3091470CF9
:1090E0002115310509F449C0F894609109016270B5
:1090F0008091080181708093060180910B01121606
:1091000013060CF0809582708093090140918400D1
:109110005091850080910B018095887080930901A2
:109120008091840090918500841B950BB0E0A0E0B5
:1091300073E0880F991FAA1FBB1F7A95D1F78097FC
:10914000A105B10568F380910B0188708093090136
:1091500080910B0161118095827080930901789450
:109160008091460C9091470C121613060CF007C123
:1091700001979093470C8093460C0E94D8BA809137
:109180001A1290911B12009769F0019790931B128D
:1091900080931A12892B31F48BE09EE39093500A4E
:1091A00080934F0ADF91CF911F910F9108952C98D2
:1091B00068CF90918407891708F02C9890918307C5
:1091C000891708F469CF9091020163CF843009F4C4
:1091D000BFC00CF4B8C0853009F07CCF90918107F6
:1091E000911102C080938107809181078150809303
:1091F0008107882309F46ECFC5E06CCF80915202BD
:109200008F5F80311CF48093520264CF109252021F
:109210008091AF06811113C080919B1490919C1492
:1092200090939E1480939D148091D40B9091D50BB4
:109230009093D70B8093D60B81E08093AF0610926A
:109240009C1410929B141092D50B1092D40B009189
:109250009D1410919E148091A3149091A414D1E0B8
:10926000181619062CF08091A514811101C0D0E0C8
:109270008091650290916602081719073CF445EA4F
:109280005DE366EC7DE380E00E94DFC7DD2371F0E3
:109290008091630290916402801791073CF448ED3D
:1092A0005DE369EF7DE380E00E94DFC70091DC0BA6
:1092B0001091DD0B2091D60B3091D70B8091FF07D9
:1092C00090910008821793073CF045EB5DE366EC54
:1092D0007DE38FEF0E94DFC7101611060CF0FACE67
:1092E0002091D60B3091D70B809161029091620250
:1092F000281739070CF4EECE48EE5DE369EF7DE305
:109300008FEF0E94DFC7E6CE88E080937B0085E484
:1093100080937C0080917A00806480937A00DACE1A
:1093200080917A0086FD27C02091780030917900E5
:1093300080919B1490919C14820F931F90939C1486
:1093400080939B14C7CE88E080937B0086E4E0CFB7
:1093500080917A0086FD11C02091780030917900CB
:109360008091D40B9091D50B820F931F9093D50BC6
:109370008093D40BAFCEC2E0ADCEC4E0ABCE0196AD
:10938000F8CE2F923F924F925F926F927F929F9270
:10939000AF92BF92CF92DF92EF92FF920F931F9303
:1093A000CF93DF936C011B01922E8091AD06D0E02C
:1093B000C0E0222321F08091A806C1E0D0E0811115
:1093C0002DC0FA014080518062807380CE01880FE9
:1093D000991F880F991F9C012758384F5901A301E5
:1093E0009201F50160817181828193810F94A4388B
:1093F000882309F1F5014082518262827382BB2485
:10940000B39420E030E0A901C301B2010F94E84118
:1094100018160CF0B12CF601B4820DC0F6011482BE
:10942000FE01EE0FFF1FEE0FFF1FE758F84F1082EF
:10943000118212821382F60184818230E9F0833036
:1094400009F46BC0813009F047C0FE01EE0FFF1F29
:10945000EE0FFF1FE758F84F208131814281538181
:10946000F10160817181828193810F94A43887FD1D
:1094700033C082E0F6018483CC0FDD1FCC0FDD1FEB
:10948000C758D84FB70190E080E00F94A9389B01EE
:10949000AC01688179818A819B810F94873F9B0110
:1094A000AC01F10160817181828193810F94E84167
:1094B00087FD24C00F949A202B013C019801A8EE4F
:1094C000B3E00F943C3F460E571E681E791EF6010E
:1094D0004082518262827382DF91CF911F910F91FE
:1094E000FF90EF90DF90CF90BF90AF909F907F90D4
:1094F0006F905F904F903F902F9008950F949A2017
:10950000F6010081118122813381601B710B820B76
:10951000930B97FDE1CF83E08483FFEF4EE65DE39D
:109520009F1202C041E85DE365E97DE3892DDF918B
:10953000CF911F910F91FF90EF90DF90CF90BF9050
:10954000AF909F907F906F905F904F903F902F9043
:109550000C94DFC72F923F924F925F926F927F924F
:109560008F929F92AF92BF92CF92DF92EF92FF9233
:109570000F931F93CF93DF93CDB7DEB763970FB6EB
:10958000F894DEBF0FBECDBF8091AF06811119C028
:1095900063960FB6F894DEBF0FBECDBFDF91CF91BB
:1095A0001F910F91FF90EF90DF90CF90BF90AF9001
:1095B0009F908F907F906F905F904F903F902F90F3
:1095C00008950E94C3C70F949A204B015C016091DB
:1095D000690270916A02072E000C880B990B0F9498
:1095E000AB389B01AC0160919F147091A0148091E5
:1095F000A1149091A2140F94E84118160CF469C2BA
:109600008091AD06882309F46FC26091A314709114
:10961000A414072E000C880B990B0F94AB386983A8
:109620007A838B839C8324E0E22EF12C0CE310E000
:1096300020E0AE014F5F5F4F6FE974E18EE697E087
:109640000E94C1C940909F145090A0146090A11432
:109650007090A2146091670270916802072E000C4E
:10966000880B990B0F94AB389B01AC01C301B2017D
:109670000F94E84118160CF021C1609169027091B5
:109680006A02072E000C880B990B0F94AB389B01D4
:10969000AC01C301B2010F94A43887FF0FC16091E0
:1096A000A3147091A4146115710509F446C2072E24
:1096B000000C880B990B0F94AB38A30192010F9407
:1096C000873F6B017C0120E030E040E251EC0F94D9
:1096D000A43887FD32C28091AD0681112EC220E0F0
:1096E00030E040E251E4C701B6010F94E84118169A
:1096F0000CF42AC28091640781112BC280915C070F
:1097000090915D07A0915E07B0915F078D839E8366
:10971000AF83B8872091600730916107409162075D
:109720005091630729873A874B875C87A301920191
:1097300060915007709151078091520790915307A3
:109740000F94873F2091AE143091AF144091B01424
:109750005091B1140F940A392D813E814F81588563
:109760000F94873F20ED3CEC4CE45DE30F940A3905
:109770002D813E814F8158850F94883F6D837E8374
:109780008F83988760935C0770935D0780935E0773
:1097900090935F078091AA149091AB14A091AC14A0
:1097A000B091AD148D879E87AF87B88B29853A8598
:1097B0004B855C85C701B6010F94883F1B018C0166
:1097C00020E030E0A9010F94A43887FDCDC12D859C
:1097D0003E854F85588960E070E08FE793E40F94F1
:1097E00082406987798B8A8B9B8B9101A8010F94AA
:1097F000A43887FF04C0298439880A891B89C101DC
:10980000D8018093600790936107A0936207B0939B
:1098100063072091A6143091A7144091A814509189
:10982000A914C701B6010F940A396B017C01C092DB
:109830005407D0925507E0925607F09257079101CE
:10984000A8016D857E858F8598890F940A399B01C3
:10985000AC01209358073093590740935A0750930F
:109860005B07C701B6010F94883F2D813E814F8170
:1098700058850F94883F6B017C0120E030E0A901FE
:109880000F94A43887FD5CC120E030E04FE753E43B
:10989000C701B6010F94E84118160CF458C1C7016E
:1098A000B6010F94F4407595679540925007509219
:1098B0005107609252077092530701C060E06093B5
:1098C000A5148091971490919814A0919914B09137
:1098D0009A140097A105B10509F1A5019401281B6F
:1098E000390B4A0B5B0BDA01C901B7FD17C0609158
:1098F00095147091961490E080E00F94A9389B0124
:10990000AC01C301B2010F94A43887FF13C14AE22E
:109910005DE36CE37DE380E00E94DFC720E030E0A0
:1099200040EF52E46091D80B7091D90B8091DA0B23
:109930009091DB0B0F94E84118160CF4F0C0809165
:10994000750790917607A0917707B09178070097F7
:10995000A105B10539F1A5019401281B390B4A0B6A
:109960005B0BDA01C901B7FD1DC0609173077091EF
:10997000740790E080E00F94A9389B01AC016091DE
:10998000D80B7091D90B8091DA0B9091DB0B0F946F
:10999000A43887FFCCC044EE5CE367EF7CE38FEF35
:1099A0000E94DFC780916A0790916B07A0916C07B6
:1099B000B0916D07A5019401281B390B4A0B5B0B75
:1099C000DA01C901B7FDE4CDD501C40188579C4E29
:1099D000AF4FBF4F80936A0790936B07A0936C07BC
:1099E000B0936D078091A806882309F45BC060914D
:1099F000DC0B7091DD0B072E000C880B990B0F947C
:109A0000AB3869837A838B839C8382E0E82EF12CC8
:109A100004E610E02FEFAE014F5F5F4F68ED7BE093
:109A200085E697E00E94C1C98091A806811132C0E5
:109A3000C090D80BD090D90BE090DA0BF090DB0BF4
:109A400020E030E040EA50E4C701B6010F94E8415D
:109A500087FD20C020E030E040EF52E4C701B601AE
:109A60000F94A4381816B4F06091DC0B7091DD0BE4
:109A7000072E000C880B990B0F94AB389B01AC019F
:109A8000C701B6010F94A43887FF5CC08FE78093AD
:109A9000DE0B7ECD1092DE0B8091020180728093EE
:109AA000000176CD8091A4069091A506A091A6060E
:109AB000B091A7060097A105B10509F498CF881ABF
:109AC000990AAA0ABB0AB7FC92CF81E08093A80644
:109AD0008ECF4BE45DE36EE57DE380E00E94DFC75F
:109AE0008091AD06811191CD8091A9069091AA0631
:109AF000A091AB06B091AC060097A105B10509F4A1
:109B000084CDA5019401281B390B4A0B5B0BDA01AC
:109B1000C901B7FD7ACD81E08093AD0676CD46E0F0
:109B20005DE36AE17DE38FEF0E94DFC708CF0E940B
:109B30005ABB38CF0F94A620F1CE81E08093640702
:109B400060E0B3CE80E0A3CF81E0809364076FE74D
:109B5000ACCE1092640719861A861B861C861D825D
:109B60001E821F821886E2CD212C312C00E010E0ED
:109B700046CE8091A306882339F06091DE1570915E
:109B8000DF158091E015089560E070E080E00895B1
:109B9000BC0120913107309132074091310750913B
:109BA00032072417350731F481E02617370709F00B
:109BB00080E008959A01F1CF0F930FB70F930091B2
:109BC0006E000F930B7F00936E0000916F000D7F6E
:109BD00000936F000F930BB70F930CB70F921F9268
:109BE0002F933F934F935F936F937F938F939F93A5
:109BF000AF93BF93EF93FF9311240E9479D4FF9109
:109C0000EF91BF91AF919F918F917F916F915F91F4
:109C10004F913F912F911F900F900CBF0F910BBF51
:109C20000F910260F89400936F000F9100936E0003
:109C30000F910FBF0F9118958091140880FF1DC0E0
:109C400089988FEF8093DF0680911408869580FFB6
:109C500017C08F988FEF8093E00680911408869547
:109C6000869580FF10C080910B0180958270809353
:109C700009018FEF8093E1060895899A81E0E2CF90
:109C80008F9A81E0E8CF80910B0182708093090167
:109C900081E0F0CFCF93C0919D0680E0C13069F1A3
:109CA000C23069F50E94B28660939506709396065D
:109CB000809397069093980681E080939D060F9479
:109CC0009A206093910670939206809393069093E6
:109CD0009406C23089F080910208909103080196A1
:109CE000909303088093020810929E0610929F069C
:109CF0001092A0061092A10681E0CF9108950E94D3
:109D0000E486DACFCF93DF9300D01F92CDB7DEB7D2
:109D100080910108882389F083E390E09C838B8302
:109D20001A8219829E012F5F3F4F40E150E062E0AE
:109D300078E0CE0103960E94DB420F900F900F90C7
:109D40000F90DF91CF910895CF92DF92EF92FF9223
:109D500080919D068150823008F062C010929D066D
:109D60000F949A206093990670939A0680939B06AD
:109D700090939C0680910408909105080196909319
:109D8000050880930408C0909E06D0909F06E0903E
:109D9000A006F090A1060E94B286AB01BC014093E0
:109DA0009E0650939F066093A0067093A106809133
:109DB000060890910708A0910808B09109088C192D
:109DC0009D09AE09BF09840F951FA61FB71F809379
:109DD000060890930708A0930808B09309080E940A
:109DE000B286C0900A08D0900B08E0900C08F09062
:109DF0000D08C616D706E806F90650F40E94B2868A
:109E000060930A0870930B0880930C0890930D08D8
:109E10000E9482CE81E0FF90EF90DF90CF90089576
:109E200080E0F9CFCF93DF9300D01F921F92CDB780
:109E3000DEB781E08093010880E1E2E0F8E0DF0135
:109E40001D928A95E9F70E9482CE86E18D8382E396
:109E500090E09C838B831A8219829E012F5F3F4F73
:109E600041E050E0BE016B5F7F4FCE0103960E9440
:109E7000DB420F900F900F900F900F90DF91CF91DA
:109E80000895CF92DF92EF92FF92CF93DF93EC0190
:109E900008960E945EBA6B017C0120E030E0A901C7
:109EA0000F94A43820E030E0A901882359F0CE01B6
:109EB0000E942D389B01AC01C701B6010F940A39ED
:109EC0009B01AC01688579858A859B850F94873FC6
:109ED000688779878A879B87DF91CF91FF90EF9082
:109EE000DF90CF9008958F929F92AF92BF92CF92C2
:109EF000DF92EF92FF920F931F93CF93DF93CDB733
:109F0000DEB72C970FB6F894DEBF0FBECDBF6C0145
:109F10007B018A01CA010E945EBA4B015C0119866D
:109F20001A861B861C86F60180819181A281B381ED
:109F300089839A83AB83BC83F70180819181A2815D
:109F4000B3818D839E83AF83B88720E030E0A90181
:109F5000C501B4010F94A43820E030E0A9018823A2
:109F600061F0CE0101960E942D389B01AC01C50124
:109F7000B4010F940A399B01AC01F8016081718131
:109F8000828193810F94883FF8016083718382837B
:109F900093832C960FB6F894DEBF0FBECDBFDF9132
:109FA000CF911F910F91FF90EF90DF90CF90BF90D6
:109FB000AF909F908F9008952091690230916A022E
:109FC0002F503109821793070CF49C013093A4148D
:109FD0002093A3140D94A620AF92BF92CF92DF924C
:109FE000EF92FF920F931F93CF93DF93C8E2D4E1D8
:109FF0000CE71CE088E3A82E84E1B82EC12CD12CFC
:10A000007601C39469917991899199910F94A938B6
:10A01000288939894A895B890F940A390F94FB4052
:10A02000F80161937193819391938F01C616D706BE
:10A03000E806F90610F46B017C01AC16BD0611F7B9
:10A040006FEF7FEFCB01A70196010F94E83E2093BD
:10A050008C0C30938D0C40938E0C50938F0CDF91B1
:10A06000CF911F910F91FF90EF90DF90CF90BF9015
:10A07000AF9008950F931F93CF93DF930CE314E1F8
:10A08000C5EADCE0F80121913191419151918F01B4
:10A0900060E070E080E89FE30F94824069937993D9
:10A0A00089939993FCE0C53BDF0761F70F94531642
:10A0B000DF91CF911F910F910C94ECCF909154159B
:10A0C00080915515981306C080911A1290911B1219
:10A0D000892B21F080E00E94D44CF0CF0895CF92DC
:10A0E000DF92EF92FF92FC01C080D180E280F3808A
:10A0F000209148143091491440914A1450914B14C6
:10A10000C701B6010F940A390F94F5416093721597
:10A11000709373158093741590937515C0926215A2
:10A12000D0926315E0926415F092651590915415E4
:10A1300080915515981731F0FF90EF90DF90CF90F8
:10A140000C94D3BC0E945ED080916F00982F9270C7
:10A1500081FF05C080916F008D7F80936F004091DB
:10A160007215509173156091741570917515409327
:10A170004B0750934C0760934D0770934E079923FC
:10A1800029F080916F00826080936F00FF90EF90C4
:10A19000DF90CF9008958F929F92AF92BF92EF92EF
:10A1A000FF920F931F93CF93DF937B018A01E90105
:10A1B000FC0180809180A280B38020913C1430917A
:10A1C0003D1440913E1450913F14C501B4010F94C9
:10A1D0000A390F94F5416093661570936715809363
:10A1E0006815909369152091401430914114409165
:10A1F000421450914314F7016081718182819381EF
:10A200000F940A390F94F54160936A1570936B159A
:10A2100080936C1590936D152091441430914514E2
:10A220004091461450914714F801608171818281F8
:10A2300093810F940A390F94F54160936E157093D2
:10A240006F1580937015909371152091481430917B
:10A25000491440914A1450914B14688179818A8144
:10A260009B810F940A390F94F54160937215709396
:10A27000731580937415909375158092561590926E
:10A280005715A0925815B0925915F7018081918108
:10A29000A281B38180935A1590935B15A0935C15AE
:10A2A000B0935D15F80180819181A281B381809383
:10A2B0005E1590935F15A0936015B093611588812A
:10A2C0009981AA81BB818093621590936315A093B5
:10A2D0006415B09365159091541580915515981794
:10A2E00061F0DF91CF911F910F91FF90EF90BF90A0
:10A2F000AF909F908F900C94D3BC0E945ED08091C1
:10A300006F00982F927081FF05C080916F008D7F44
:10A3100080936F00409166155091671560916815A4
:10A320007091691540933F07509340076093410730
:10A330007093420740916A1550916B1560916C15AE
:10A3400070916D1540934307509344076093450700
:10A350007093460740916E1550916F15609170157E
:10A3600070917115409347075093480760934907D0
:10A3700070934A074091721550917315609174154E
:10A380007091751540934B0750934C0760934D07A0
:10A3900070934E07992329F080916F00826080931B
:10A3A0006F00DF91CF911F910F91FF90EF90BF90C1
:10A3B000AF909F908F90089590915415809155156E
:10A3C00098131FC080911A1290911B12892BC9F407
:10A3D0005F9A8091480C8E7F8093480C8A9A809176
:10A3E000480C8D7F8093480C809108018095817086
:10A3F000809306018091480C8B7F8093480C129AC1
:10A40000089580E00E94D44CD7CFCF93DF939091F2
:10A410006F00292F227091FF05C090916F009D7FE2
:10A4200090936F0094E0899FA0011124FA01ED5CE4
:10A43000F84F6081718182819381222329F02091DC
:10A440006F00226020936F00EA01CB55D34F0F9429
:10A45000AB38288139814A815B810F940A39DF91B9
:10A46000CF9108954F925F926F927F928F929F92B9
:10A47000AF92BF92CF92DF92EF92FF920F931F9312
:10A48000CF93DF93CDB7DEB768970FB6F894DEBFF2
:10A490000FBECDBF8C015B015A834983FC01EF5B8A
:10A4A000FF4F60817181828193810F94A9386B0184
:10A4B0007C01D5012D913D914D915C910F940A390C
:10A4C0000F9466402B013C01E981FA8120813181A2
:10A4D00042815381C701B6010F940A390F94664037
:10A4E0004B015C01C301B2010F94FB40698B7A8B75
:10A4F0008B8B9C8B683771058105910540F428E7AB
:10A5000030E040E050E0298B3A8B4B8B5C8BC501EF
:10A51000B4010F94FB406D877E878F87988B6837D7
:10A5200071058105910540F488E790E0A0E0B0E076
:10A530008D879E87AF87B88BF801E35BFF4F208143
:10A5400031814281538129833A834B835C83CA01E1
:10A55000B9010F94AB382B013C0169897A898B8949
:10A560009C890F94A93869877A878B879C8720E01C
:10A5700030E0A901C301B2010F94A438882309F483
:10A580003BC1A7019601C701B6010F940A394B01DF
:10A590005C0129853A854B855C85CA01B9010F9418
:10A5A0000A399B01AC01C501B4010F94873F4B01EF
:10A5B0005C01A3019201C301B2010F94883F9B018A
:10A5C000AC01C501B4010F9482400F9466400F9412
:10A5D000FB406D837E838F83988769817A818B812D
:10A5E0009C8190958095709561957F4F8F4F9F4F7F
:10A5F0000F94AB384B015C016D857E858F85988902
:10A600000F94A93869837A838B839C8320E030E0A0
:10A61000A901C501B4010F94A438882309F4F0C03E
:10A6200029813A814B815C81CA01B9010F940A39B1
:10A630006D8B7E8B8F8B988FA7019601C701B6011A
:10A640000F940A399B01AC016D897E898F89988DA1
:10A650000F94873F6B017C01A5019401C501B401F2
:10A660000F94883F9B01AC01C701B6010F94824053
:10A670000F942A41D80195968D909D90AD90BC90F5
:10A680009897750164012D813E814F815885C21ACA
:10A69000D30AE40AF50A0F94FB40C61AD70AE80A5F
:10A6A000F90AF7FE6EC020E030E0A901C301B20153
:10A6B0000F94A438882309F4A7C0C501B4010F94EE
:10A6C000A9386B017C01A3019201C301B2010F946F
:10A6D000883F9B01AC01C701B6010F940A396B0199
:10A6E0007C0129853A854B855C85CA01B9010F94A7
:10A6F0000A399B01AC01C701B6010F94873F6B017A
:10A700007C0129813A814B815C81CA01B9010F9496
:10A710000A399B01AC01C701B6010F94883F6B0158
:10A720007C0120E030E040E850E4C301B2010F9426
:10A730000A399B01AC01C701B6010F9482400F9406
:10A7400066406B017C0120E030E0A9010F94E841F4
:10A7500018161CF0C12CD12C7601C701B6010F943C
:10A76000FB406D837E838F83988786169706A806A5
:10A77000B90620F48D829E82AF82B886C12CD12C7E
:10A7800076018D819E81AF81B885F80181A792A75E
:10A79000A3A7B4A7C80ED91EEA1EFB1EC5A6D6A63F
:10A7A000E7A6F0AAEB5BFF4F29893A894B895C89C0
:10A7B000208331834283538334968D859E85AF8574
:10A7C000B88980839183A283B38368960FB6F89487
:10A7D000DEBF0FBECDBFDF91CF911F910F91FF90D4
:10A7E000EF90DF90CF90BF90AF909F908F907F9031
:10A7F0006F905F904F90089560E070E0CB01E5CEE0
:10A8000060E070E0CB0134CF60E070E0CB0197CF27
:10A8100080916F00982F927081FF05C080916F002A
:10A820008D7F80936F001092A00C1092A10C10925B
:10A83000A20C1092A30C992329F080916F008260E2
:10A8400080936F0008950F931F93809154159091FA
:10A850005515891B8F7009F449C0909151159923A2
:10A8600061F0833040F48FEF890F29F08093511508
:10A8700090E080E038C0109251158091551526E582
:10A88000829FC00111248654934FFC01208120FD3A
:10A89000EFCF4091A00C5091A10C6091A20C70914F
:10A8A000A30CEE5AFF4F0081118122813381401B9E
:10A8B000510B620B730B4093A00C5093A10C60934F
:10A8C000A20C7093A30C209155152F5F2F7020932D
:10A8D00052153091551520915315321304C0209113
:10A8E0005215209353151F910F9108950E9408D47B
:10A8F000BFCF2F923F924F925F926F927F928F9233
:10A900009F92AF92BF92CF92DF92EF92FF920F93FE
:10A910001F93CF93DF9300D01F921F92CDB7DEB766
:10A920008FEF9FEF90938900809388002AE029831E
:10A93000312C212C789480912D0790912E07A09195
:10A940002F07B0913007892B8A2B8B2B09F0D7C1A9
:10A950008091A2068823E1F080913107909132071F
:10A960001092A206892B09F4CAC1109224071092F2
:10A970003207109231079091541580915515981710
:10A9800009F4BDC1809155158F5F8F708093551567
:10A990008091310790913207892B09F4B0C1009161
:10A9A000290710912A0720912B0730912C078091BD
:10A9B000250790912607A0912707B091280740917D
:10A9C000170750E070E060E0801B910BA20BB30B07
:10A9D000481759076A077B0710F4DB01CA01482FA3
:10A9E000800F911FA21FB31F8093290790932A07FE
:10A9F000A0932B07B0932C07209184003091850001
:10AA0000205E3F4F8091FD069091FE06A091FF06CB
:10AA1000B0910007C090ED06D090EE06E090EF06F2
:10AA2000F090F0068C0D9D1DAE1DBF1D8093FD06A0
:10AA30009093FE06A093FF06B0930007B7FD1CC0DD
:10AA4000889AC0903F07D0904007E0904107F0906F
:10AA500042079091DF06892F990F990BAA0BBB0B28
:10AA60008C0D9D1DAE1DBF1D80933F079093400729
:10AA7000A0934107B093420780910107909102078C
:10AA8000A0910307B0910407C090F106D090F206A0
:10AA9000E090F306F090F4068C0D9D1DAE1DBF1DD9
:10AAA0008093010790930207A0930307B0930407D4
:10AAB000B7FD1CC08E9AC0904307D0904407E09029
:10AAC0004507F09046079091E006892F990F990B62
:10AAD000AA0BBB0B8C0D9D1DAE1DBF1D80934307A4
:10AAE00090934407A0934507B093460780910507CC
:10AAF00090910607A0910707B0910807C090F5064E
:10AB0000D090F606E090F706F090F8068C0D9D1DAB
:10AB1000AE1DBF1D8093050790930607A0930707FE
:10AB2000B0930807B7FD21C080910B018095887014
:10AB300080930901C0904707D0904807E0904907EB
:10AB4000F0904A079091E106892F990F990BAA0B73
:10AB5000BB0B8C0D9D1DAE1DBF1D809347079093B1
:10AB60004807A0934907B0934A07C0900907D090BF
:10AB70000A07E0900B07F0900C078091F90690917E
:10AB8000FA06A091FB06B091FC068C0D9D1DAE1D32
:10AB9000BF1D8093090790930A07A0930B07B093FA
:10ABA0000C07B7FD38C080904B0790904C07A090E1
:10ABB0004D07B0904E075091E206C52E550FDD08A7
:10ABC000EE08FF08C80CD91CEA1CFB1CC0924B07FE
:10ABD000D0924C07E0924D07F0924E07C090E906E4
:10ABE000D090EA06E090EB06F090EC068C199D09F7
:10ABF000AE09BF098093090790930A07A0930B073A
:10AC0000B0930C07809115079091140893FF75C0BD
:10AC10008150809315078091840090918500821760
:10AC20009307C8F38091FD069091FE06A091FF0660
:10AC3000B0910007B7FD15C0C090E906D090EA06B4
:10AC4000E090EB06F090EC068C199D09AE09BF0967
:10AC50008093FD069093FE06A093FF06B093000735
:10AC600088988091010790910207A0910307B09105
:10AC70000407B7FD15C0C090E906D090EA06E09041
:10AC8000EB06F090EC068C199D09AE09BF09809384
:10AC9000010790930207A0930307B09304078E98CF
:10ACA0008091050790910607A0910707B0910807CA
:10ACB000B7FD19C0C090E906D090EA06E090EB0617
:10ACC000F090EC068C199D09AE09BF098093050729
:10ACD00090930607A0930707B093080780910B0194
:10ACE000887080930901415051F0809184009091C7
:10ACF000850082179307C8F383CE8F5F8ACF809138
:10AD00004D0290914E02A0914F02B0915002892BBA
:10AD10008A2B8B2B09F096C080911607882309F4A3
:10AD200081C0809115078090290790902A07A090F4
:10AD30002B07B0902C07C0901107D0901207E0901D
:10AD40001307F0901407C814D904EA04FB0408F0B0
:10AD500048C02091E3063091E4064091E706509107
:10AD6000E80642175307E8F58150809315072150F4
:10AD700031093093E4062093E30640914902509153
:10AD80004A0260914B0270914C028091150787FD39
:10AD90004DC0169A2091840030918500205E3F4F6F
:10ADA00080911507882309F445C0149A8091840086
:10ADB0009091850082179307C8F38091150787FF4C
:10ADC00037C08F5F809315071498809115078823EB
:10ADD00039F3809184009091850082179307C8F31E
:10ADE000DDCF8C149D04AE04BF0488F42091E306EB
:10ADF0003091E4064091E5065091E60624173507A8
:10AE000030F48F5F809315072F5F3F4FB2CF8FEFE6
:10AE10009FEFDC018093490290934A02A0934B027A
:10AE2000B0934C024FEF5FEFBA01AFCF1698B2CF9D
:10AE30008150C8CF40934D0250934E0260934F0211
:10AE40007093500280912D0790912E07A0912F07AB
:10AE5000B0913007892B8A2B8B2B09F0F9C4A09174
:10AE60003107B0913207109709F491C580902907F6
:10AE700090902A07A0902B07B0902C0740912507AF
:10AE80005091260760912707709128078416950630
:10AE9000A606B70608F474C0109224071092320771
:10AEA000109231079091541580915515981709F417
:10AEB0006EC5809155158F5F8F708093551580ED0D
:10AEC000C82E87E0D82EE12CF12C8091310790918B
:10AED0003207892B09F0B4C40E9423D4909332071F
:10AEE00080933107892B09F4ABC4A0913107B0914D
:10AEF0003207BB83AA838C9183FF34C355968D910F
:10AF00009D910D90BC91A02D80933F079093400799
:10AF1000A0934107B0934207EA81FB81818D928D16
:10AF2000A38DB48D8093430790934407A093450766
:10AF3000B0934607858D968DA78DB0A18093470766
:10AF400090934807A0934907B0934A0781A192A123
:10AF5000A3A1B4A180934B0790934C07A0934D07F6
:10AF6000B0934E079091541580915515981709F498
:10AF7000B3CF809155158F5F8F7080935515ACCFEF
:10AF8000409120075091210760912207709123077B
:10AF9000481559056A057B0508F404C140911C0752
:10AFA00050911D0760911E0770911F07D1960D915A
:10AFB0001D912D913C91D497EE27419FF12D529FE9
:10AFC000C001629F900D619F800D911D429FF00D09
:10AFD000811D9E1F519FF00D811D9E1F609FF00DD2
:10AFE000811D9E1F509FF10D8E1F9E1FF6958E1F77
:10AFF0009E1F349F800D911D359F900D1124FD01E2
:10B00000EB5BFF4F0081118122813381080F191FF3
:10B01000211D311D009318071093190720931A075B
:10B0200030931B073497C080D180E280F380C01634
:10B03000D106E206F30640F4C0921807D092190731
:10B04000E0921A07F0921B0780901807909019075A
:10B05000A0901A07B0901B0782EA9CE321E0FC0154
:10B06000C590D590E590F490C814D904EA04FB0487
:10B0700058F4B694A79497948794220F0496EEEB15
:10B08000FCE3E817F90759F720931707F0E28F164A
:10B090009104A104B10428F410E2812E912CA12C7A
:10B0A000B12C20E2821A9108A108B108811438E07D
:10B0B0009306A104B10408F452C0E4E09E9EC001CE
:10B0C00011248E55974CFC01329625913491F82D20
:10B0D000EE27F39F8001F29F010D1E1F06940E1FA5
:10B0E0001E1F112430E020E0FC01C590D490F12C0B
:10B0F000E12CC01AD10AE20AF30A4C0D5D1D6E1D47
:10B100007F1D40931C0750931D0760931E0770938B
:10B110001F078091150790911607992309F46AC1BA
:10B12000882309F4D2CED7968D919C91B0E0A0E00F
:10B130004091490250914A0260914B0270914C0239
:10B1400084179507A607B70709F4BFCE10924D02E2
:10B1500010924E0210924F0210925002B6CE9501FC
:10B1600084013695279517950795C8018C7F8E55D4
:10B170009B4CFC01C590D490FC01329625913491F2
:10B18000882D8770882E829EC001839E900D112489
:10B19000F3E096958795FA95E1F7C81AD90AF12C4C
:10B1A000E12CABCF2091110730911207409113078A
:10B1B000509114072A833B834C835D8328153905FE
:10B1C0004A055B0508F01AC140910D0750910E0722
:10B1D00060910F0770911007D1960D911D912D91DF
:10B1E0003C91D4978827419F912D529F6001629F87
:10B1F000D00C619FC00CD11C429F900DC11CD81E69
:10B20000519F900DC11CD81E609F900DC11CD81E6F
:10B21000509F910DC81ED81E9695C81ED81E349FEB
:10B22000C00CD11C359FD00C1124F12CE12C0091C5
:10B2300018071091190720911A0730911B07FD017B
:10B24000E75BFF4F4080518062807380C016D1065B
:10B25000E206F30658F40C191D092E093F094016A1
:10B2600051066206730610F42801390182EA9CE354
:10B2700021E0FC01C590D590E590F490C414D5046C
:10B28000E604F70458F47694679457944794220F91
:10B290000496EEEBFCE3E817F90759F7209317073C
:10B2A000F0E24F1651046104710428F400E2402ECC
:10B2B000512C612C712C30E2431A5108610871083D
:10B2C000411488E058066104710408F46EC0E4E09B
:10B2D0005E9EC00111248E55974CFC01329605915B
:10B2E0001491342DFF24319FF001309FE10DFF1D9B
:10B2F0000694EF1DFF1D11242F01712C612CFC0100
:10B30000C590D490F12CE12CC418D508E608F708B4
:10B310004C0D5D1D6E1D7F1D40930D0750930E0754
:10B3200060930F077093100780911607882309F424
:10B330005FC04A815B816C817D81420F511D611D1F
:10B34000711D481559056A057B05C8F480911507DC
:10B35000882309F4BACDD7964D915C91D89770E0C7
:10B3600060E00091490210914A0220914B02309115
:10B370004C02401751076207730709F4A6CD1092DB
:10B380004D0210924E0210924F0210925002D79628
:10B390008D919C91B0E0A0E08093490290934A0285
:10B3A000A0934B02B0934C0290CD73016201F694CE
:10B3B000E794D794C794C6018C7F8E559B4CFC01B3
:10B3C000C590D490FC01329605911491842D87701C
:10B3D000482E409EC001419E900D112413E0969589
:10B3E00087951A95E1F7C81AD90AF12CE12C90CF6C
:10B3F00080911507882309F468CDA8CE80911507A0
:10B400008823D9F0D7964D915C91D89770E060E091
:10B410000091490210914A0220914B0230914C0256
:10B42000401751076207730741F010924D021092C6
:10B430004E0210924F0210925002409145025091DC
:10B440004602609147027091480277FF5FC0AF5B90
:10B45000BF4FCD90DD90ED90FC9082EA9CE321E01F
:10B46000FC0145915591659174914C155D056E05F2
:10B470007F0558F4F694E794D794C794220F049666
:10B48000AEEBBCE3A817B90759F720931707B0E252
:10B49000CB16D104E104F10428F470E2C72ED12CBC
:10B4A000E12CF12CE0E2CE1AD108E108F108C11438
:10B4B000F8E0DF06E104F10408F431C024E0D29E94
:10B4C000C00111248E55974CFC0132962591349180
:10B4D0007C2D6627739FA001729F410D561F069415
:10B4E000461F561F112470E060E0FC018591949185
:10B4F000B0E0A0E0841B950BA60BB70B8093450230
:10B5000090934602A0934702B0934802C090450230
:10B51000D0904602E0904702F0904802D6CCD70186
:10B52000C601B695A795979587958C7F8E559B4CB0
:10B53000FC0125913491FC013296459154918C2D5A
:10B540008770C82EC49EC001C59E900D112463E073
:10B55000969587956A95E1F7281B390BC901B0E0EC
:10B56000A0E0CCCFAA81BB815596CD90DD90ED9027
:10B57000FC90589781E0C114D104E104F10409F46E
:10B5800080E0EA81FB81018D128D238D348D0115C0
:10B5900011052105310509F08260AA81BB815D9604
:10B5A0004D915D916D917C9190974115510561058B
:10B5B000710509F084608093240710920D071092A2
:10B5C0000E0710920F071092100710921C0710928E
:10B5D0001D0710921E0710921F07EA81FB8185A1AB
:10B5E00096A1A7A1B0A58093250790932607A093C5
:10B5F0002707B0932807882499245401881A990AA8
:10B60000AA0ABB0A8092090790920A07A0920B0728
:10B61000B0920C078092050790920607A092070748
:10B62000B09208078092010790920207A092030748
:10B63000B09204078092FD069092FE06A092FF064B
:10B64000B0920007CC0CDD1CEE1CFF1CC092ED0676
:10B65000D092EE06E092EF06F092F006000F111F76
:10B66000221F331F0093F1061093F2062093F30676
:10B670003093F406440F551F661F771F4093F5065D
:10B680005093F6066093F7067093F80641A152A115
:10B6900063A174A1440F551F661F771F4093F906DD
:10B6A0005093FA066093FB067093FC06880F991F6F
:10B6B000AA1FBB1F8093E9069093EA06A093EB06AE
:10B6C000B093EC061092290710922A0710922B07CC
:10B6D00010922C0781A592A5A3A5B4A5809320075D
:10B6E00090932107A0932207B093230785A596A5E1
:10B6F000A7A5B0A98093110790931207A0931307F1
:10B70000B093140786A980931607882309F411C102
:10B7100083AD94AD9093E8068093E70681AD92AD3A
:10B720009093E6068093E50610924D0210924E0229
:10B7300010924F021092500287A990ADB0E0A0E0A5
:10B740008093490290934A02A0934B02B0934C021B
:10B75000AA81BB81D5968C9190911408891721F00C
:10B76000809314080E941CCE0E94D8BA2FEF3FEF9E
:10B77000A90120934502309346024093470250931B
:10B7800048024A815B814B5B5F4FDA014D915D91CD
:10B790006D917C91409318075093190760931A0795
:10B7A00070931B0782EA9CE321E0FC01C590D590D1
:10B7B000E590F490C416D506E606F70658F476959B
:10B7C000679557954795220F0496EEEBFCE3E81733
:10B7D000F90759F7209317074032510561057105A4
:10B7E00020F440E250E060E070E04052510961090D
:10B7F00071094115F8E05F076105710508F4A5C0FE
:10B8000024E0529FC00111248E55974CFC013296C2
:10B8100025913491AA27439FF001429FE10DFA1F21
:10B820000694EA1FFA1F1124AF0170E060E0FC01EA
:10B83000C590D490F12CE12CC41AD50AE60AF70A77
:10B84000C0922D07D0922E07E0922F07F09230077A
:10B8500000912D0710912E0720912F07309130076E
:10B8600040914D0250914E0260914F0270915002F2
:10B87000D901C801401751076207730710F4DB01B3
:10B88000CA010097E1E0AE07B10520F08FEF9FEF0E
:10B89000A0E0B0E0081B190B2A0B3B0B00932D070F
:10B8A00010932E0720932F07309330074F3FFFEF61
:10B8B0005F076F077F0761F0481B590B6A0B7B0B13
:10B8C00040934D0250934E0260934F02709350028A
:10B8D000F8942091840030918500205F3F4F49818A
:10B8E00041504983442309F450C0280E391E2216C2
:10B8F000330610F40C949AD4309289002092880078
:10B9000078940F900F900F900F900F90DF91CF9140
:10B910001F910F91FF90EF90DF90CF90BF90AF906D
:10B920009F908F907F906F905F904F903F902F905F
:10B9300008952FEF3FEFA9012093490230934A0267
:10B9400040934B0250934C0203CFDB01CA01B695E2
:10B95000A795979587958C7F8E559B4CFC01C5903C
:10B96000D490FC013296259134914770429FC001DA
:10B97000439F900D112433E0969587953A95E1F712
:10B98000C81AD90AF12CE12C5BCF1901B5CF80ED93
:10B99000C82E87E0D82EE12CF12C9ECACF92DF92E0
:10B9A000EF92FF921F93CF93DF93EC0110915E060D
:10B9B000111116C0C0901B02D0901C02E0901D0215
:10B9C000F0901E02288139814A815B81C701B6014E
:10B9D0000F94E841181624F4C882D982EA82FB82C7
:10B9E000C0901F02D0902002E0902102F09022022D
:10B9F000288139814A815B81C701B6010F94A4383F
:10BA000087FF04C0C882D982EA82FB82111116C066
:10BA1000C0902302D0902402E0902502F0902602EC
:10BA20002C813D814E815F81C701B6010F94E841B1
:10BA3000181624F4CC82DD82EE82FF82C0902702A9
:10BA4000D0902802E0902902F0902A022C813D81BA
:10BA50004E815F81C701B6010F94A43887FF04C0EF
:10BA6000CC82DD82EE82FF82111116C0C0902B02C3
:10BA7000D0902C02E0902D02F0902E02288539857E
:10BA80004A855B85C701B6010F94E841181624F476
:10BA9000C886D986EA86FB86C0902F02D0903002F5
:10BAA000E0903102F0903202288539854A855B8525
:10BAB000C701B6010F94A43887FF04C0C886D98691
:10BAC000EA86FB86DF91CF911F91FF90EF90DF9088
:10BAD000CF900895CF93DF9324E0829FC00111247B
:10BAE000EC01CE5CD34FFC01EE5BF54F815A994FD0
:10BAF000DC012D913D914D915C916081718182813C
:10BB000093810F94883F688379838A839B83DF9135
:10BB1000CF9108952F923F924F925F926F927F92B2
:10BB20008F929F92AF92BF92CF92DF92EF92FF924D
:10BB30000F931F93CF93DF93CDB7DEB7E4970FB684
:10BB4000F894DEBF0FBECDBF80911A02882321F08A
:10BB50008CE696E00E94CEDC80911C1283FD7DC0B5
:10BB6000C0907806D0907906E0907A06F0907B0637
:10BB70002091770C3091780C4091790C50917A0C8F
:10BB8000C701B6010F94A438882309F466C08091D8
:10BB9000B50C81111FC060919F147091A014809109
:10BBA000A1149091A2140F94F44020917D02309141
:10BBB0007E026217730774F4C092770CD092780CEF
:10BBC000E092790CF0927A0C0E9463418FE294E348
:10BBD0000E94E63E8090780690907906A0907A06C2
:10BBE000B0907B062091770C3091780C4091790CC5
:10BBF00050917A0CC501B4010F94873F6B017C0111
:10BC000020E030E0A9010F94E84187FF04C0F7FA73
:10BC1000F094F7F8F0942091790230917A024091F3
:10BC20007B0250917C02C701B6010F940A3920E0D3
:10BC300030E048E453E40F94E841181674F480921D
:10BC4000770C9092780CA092790CB0927A0C0E94AA
:10BC5000634180E194E30E94E63E2091770C3091AD
:10BC6000780C4091790C50917A0C60917806709123
:10BC7000790680917A0690917B060F94873F4B015D
:10BC80005C0180918507882301F120915A0630914B
:10BC90005B0640915C0650915D06C501B4010F94AE
:10BCA000883F6B017C0120E030E0A9010F94A438AB
:10BCB00087FF03C0C12CD12C7601C0925A06D092C6
:10BCC0005B06E0925C06F0925D0680917B0CE09052
:10BCD0007602F0907702882309F140908406509014
:10BCE0008506609086067090870620E030E0A90106
:10BCF000C301B2010F94A438882309F45BC02091DA
:10BD00007406309175064091760650917706C3010E
:10BD1000B2010F94E84118160CF44CC0B701FF0CA7
:10BD2000880B990B0F94AB382091720230917302FB
:10BD300040917402509175020F940A392AE037ED50
:10BD400043E25CE30F940A3969837A838B839C8393
:10BD5000C12CD12C76018E010F5F1F4F28E736E0F2
:10BD600044E756E060E776E08CE696E00F94E7154E
:10BD700080E1ECE6F6E0ABE6BCE001900D928A953E
:10BD8000E1F7E4960FB6F894DEBF0FBECDBFDF91AA
:10BD9000CF911F910F91FF90EF90DF90CF90BF90C8
:10BDA000AF909F908F907F906F905F904F903F905B
:10BDB0002F900895B701FF0C880B990B0F94AB38A7
:10BDC0002091720230917302409174025091750279
:10BDD0000F940A392AE037ED43E25CE30F940A3905
:10BDE00069A37AA38BA39CA320916B0C30916C0C5C
:10BDF00040916D0C50916E0C60916C0670916D06C7
:10BE000080916E0690916F060F94873F6DA37EA37D
:10BE10008FA398A720916F0C3091700C4091710CFA
:10BE20005091720C6091700670917106809172064B
:10BE3000909173060F94873F69A77AA78BA79CA759
:10BE400020E030E0A9016DA17EA18FA198A50F94FB
:10BE5000A43881110FC020E030E0A90169A57AA5BE
:10BE60008BA59CA50F94A438C12CD12C76018823D6
:10BE700009F43DC12091730C3091740C4091750C04
:10BE80005091760C609174067091750680917606DB
:10BE9000909177060F94873F6DA77EA78FA798ABE9
:10BEA0002DA13EA14FA158A5CA01B9010F940A398D
:10BEB0006B017C0129A53AA54BA55CA5CA01B90176
:10BEC0000F940A399B01AC01C701B6010F94883F5A
:10BED0006B017C012DA53EA54FA558A9CA01B9014A
:10BEE0000F940A399B01AC01C701B6010F94883F3A
:10BEF0000F9436426B017C012DEB37E346E855E3A6
:10BF00000F94A43887FF0FC020E030E0A901C501DD
:10BF1000B4010F94E8417501640187FF04C0F7FA8A
:10BF2000F094F7F8F0942DEB37E346E855E3C701BA
:10BF3000B6010F94A43887FD1BCF20E030E040EA23
:10BF400050E4C701B6010F9482400F94FB401B01DF
:10BF5000672B19F422242394312CB10190E080E066
:10BF60000F94A9389B01AC0160E070E080E89FE38A
:10BF70000F9482402B013C01AC019B01C701B6012B
:10BF80000F940A3969AB7AAB8BAB9CABA3019201DE
:10BF90006DA17EA18FA198A50F940A39698B7A8B28
:10BFA0008B8B9C8BA301920169A57AA58BA59CA57F
:10BFB0000F940A396D8B7E8B8F8B988FA301920122
:10BFC0006DA57EA58FA598A90F940A39698F7A8FE0
:10BFD0008B8F9C8FA3019201C501B4010F940A3984
:10BFE0006D8F7E8F8F8F98A380E1EBE6FCE0DE0102
:10BFF000119601900D928A95E1F77724739481E070
:10C00000281A310809F46FC08091D706811110C039
:10C010000F949A2068537F4F8F4F9F4F6093D306A2
:10C020007093D4068093D5069093D6067092D70667
:10C030000E94AACA0F949A20C090D306D090D4062A
:10C04000E090D506F090D6066C197D098E099F09FF
:10C0500097FD11C00F949A2068537F4F8F4F9F4FC9
:10C060006093D3067093D4068093D5069093D6063A
:10C0700080E00E94D44CFE0131967F016E01F1E117
:10C08000CF0ED11C5601F70161917191819191916F
:10C090007F01F60121913191419151916F01470149
:10C0A000F4E08F1A91080F94883FF4016083718344
:10C0B00082839383AE14BF0431F7C9A8DAA8EBA832
:10C0C000FCA88E010F5D1F4F9E01235F3F4FAE0105
:10C0D000475F5F4FBE016B5F7F4FCE0101960F94AC
:10C0E000E71581118CCFC9A8DAA8EBA8FCA88E01AE
:10C0F0000F5D1F4F33CE8091CF069091D006A09157
:10C10000D106B091D2068093720290937302A093ED
:10C110007402B09375028091CD069091CE069093F3
:10C120007702809376020895809172029091730253
:10C13000A0917402B09175028093CF069093D006BF
:10C14000A093D106B093D2068091760290917702A7
:10C150009093CE068093CD0684E690E0909377028C
:10C160008093760208954F925F926F927F928F92A2
:10C170009F92AF92BF92CF92DF92EF92FF920F9376
:10C180001F93CF93DF93CDB7DEB72C970FB6F894FC
:10C19000DEBF0FBECDBF2B013C0129873A874B87FD
:10C1A0005C8747015801F601E080F180028113812C
:10C1B00020E030E0A901B701C8010F94A438811133
:10C1C0008EC0EEE5F4E385919591A591B491582F39
:10C1D000492F3A2F2B2F852F942FA32FB22F8983EE
:10C1E0009A83AB83BC8320E030E0A901B701C8018A
:10C1F0000F94A438811108C0E0906E02F0906F0295
:10C200000091700210917102C701D8018D839E8345
:10C21000AF83B887A50194016091730C7091740C81
:10C220008091750C9091760C0F94A43887FF0CC008
:10C230008092730C9092740CA092750CB092760C54
:10C24000CE0101960E9431BD40926B0C50926C0C55
:10C2500060926D0C70926E0C89859A85AB85BC8559
:10C2600080936F0C9093700CA093710CB093720C30
:10C27000CE0105960E9431BDA50194016091730C19
:10C280007091740C8091750C9091760C0F94E8412C
:10C29000181664F48092730C9092740CA092750C32
:10C2A000B092760CCE0101960E9431BD0E945ED004
:10C2B0002C960FB6F894DEBF0FBECDBFDF91CF91A5
:10C2C0001F910F91FF90EF90DF90CF90BF90AF90B4
:10C2D0009F908F907F906F905F904F9008955E2D0C
:10C2E0004F2D302F212F77CFCF92DF92EF92FF92F9
:10C2F0000F931F936A01E090730CF090740C0091FF
:10C30000750C1091760CFB012081318142815381A3
:10C31000FC0160817181828193810E94B3E01F9151
:10C320000F91FF90EF90DF90CF900895CF92DF9222
:10C33000EF92FF920F931F936B01FC01E080F1805D
:10C3400002811381EBE6FCE024813581468157812F
:10C3500060817181828193810E94B3E01F910F916E
:10C36000FF90EF90DF90CF9008958F929F92AF92C1
:10C37000BF92CF92DF92EF92FF921F93CF93DF9302
:10C38000CDB7DEB760970FB6F894DEBF0FBECDBF56
:10C39000182F80E00E94CAB94B015C018092C1064F
:10C3A0009092C206A092C306B092C40681E00E9499
:10C3B000CAB96B017C01C092C506D092C606E09254
:10C3C000C706F092C80682E00E94CAB96093C90607
:10C3D0007093CA068093CB069093CC0689829A828A
:10C3E000AB82BC82CD82DE82EF82F88669877A8753
:10C3F0008B879C878091770C9091780CA091790C19
:10C40000B0917A0C8D879E87AF87B88B80917B0C1B
:10C41000882321F0CE0101960E9441CF1E3FD9F41E
:10C4200080E1FE013196ABE6BCE001900D928A9569
:10C43000E1F760960FB6F894DEBF0FBECDBFDF9177
:10C44000CF911F91FF90EF90DF90CF90BF90AF9072
:10C450009F908F90089584E0189FF0011124DF01D0
:10C46000A559B34F81E090E08C0F9D1FE80FF91F95
:10C4700040815181628173814D935D936D937C9373
:10C480001397D7CF0D9453161F93CF93DF9300D0FC
:10C4900000D01F921F92CDB7DEB769837A838B835A
:10C4A0009C832D833E834F8358870E94F6418823C7
:10C4B00059F081E028960FB6F894DEBF0FBECDBFCD
:10C4C000DF91CF911F910895BE016B5F7F4FCE0129
:10C4D00001960E9496E18091D20B182F147082FD74
:10C4E0000CC01092D20B82E00E94B5E10E9442E2A1
:10C4F00081E01123F9F280E0DDCF0E94A74188237B
:10C5000081F3D7CFCF93DF9300D01F92CDB7DEB7A3
:10C5100084EF91E0A0E0B0E089839A83AB83BC8391
:10C52000BE016F5F7F4F8CE30E947B3D85ED93E3FF
:10C530000E94E63E8CB16FEC73E385FB882780F99F
:10C540000E94ADBB8091030169EC73E38695817015
:10C550000E94ADBB89B163EC73E383FB882780F94C
:10C560000E94ADBB8EEE92E0A0E0B0E04B9911C00E
:10C5700089839A83AB83BC83BE016F5F7F4F8AE060
:10C580000E947B3D0F900F900F900F90DF91CF9105
:10C59000089589839A83AB83BC83BE016F5F7F4F0D
:10C5A0008AE5EECF80911308811104C080911508AF
:10C5B000882331F062E070E080E090E00C94FC3B76
:10C5C0000895BF92CF92DF92EF92FF920F931F9345
:10C5D000CF93DF9300D000D01F921F92CDB7DEB76C
:10C5E00090911508981709F47AC0B82E80E090E071
:10C5F000A0E2B1E48D839E83AF83B887C0903E0CE8
:10C60000D0903F0CE090400CF090410C20E030E0E6
:10C61000A901C701B6010F94A43887FF0CC0A70178
:10C62000960160E070E080E291E40F94873F6D83B3
:10C630007E838F83988720E030E040EA53E46D8169
:10C640007E818F8198850F94E841181644F480E02C
:10C6500090E0A0EAB3E48D839E83AF83B8872D81F9
:10C660003E814F8158856091730C7091740C80915C
:10C67000750C9091760C0F94A43887FF0BC019822B
:10C680001A821B821C82BE016F5F7F4FCE0105960E
:10C690000E9496E160916B0C70916C0C80916D0C16
:10C6A00090916E0C20916F0C3091700C4091710C38
:10C6B0005091720C19821A821B821C82E090730CBA
:10C6C000F090740C0091750C1091760CFE0131966F
:10C6D0006F010E94B3E0B09215080E94D2E280E0A0
:10C6E00028960FB6F894DEBF0FBECDBFDF91CF9175
:10C6F0001F910F91FF90EF90DF90CF90BF90089522
:10C700008091D20B882319F01092D20B089583EAFE
:10C7100093E30C9462424F925F926F927F928F925A
:10C720009F92AF92BF92CF92DF92EF92FF920F93C0
:10C730001F93CF93DF93CDB7DEB768970FB6F8940A
:10C74000DEBF0FBECDBF2A013B016901E82EF12CEF
:10C75000F701E156FB4CE491AA24A3941E160CF4B5
:10C76000A12CBB24B39420E030E0A901C301B201A5
:10C770000F94E84118160CF0B12C80E00E94CAB961
:10C7800069837A838B839C8381E00E94CAB96D831D
:10C790007E838F83988782E00E94CAB969877A87EF
:10C7A0008B879C8783E00E94CAB96D877E878F87BD
:10C7B000988BEE0CFF1CEE0CFF1C88248394912CAC
:10C7C0008C0E9D1E8E0C9F1CF40110821182128211
:10C7D00013829E01235F3F4FAE01475F5F4FBE0153
:10C7E0006B5F7F4FCE0101960E94CBD0F401408257
:10C7F0005182628273821D8A1E8A1F8A188E20E0EF
:10C8000030E0A901B801C6010F94A438811109C014
:10C81000F701EA5AFB4C85919591A591B4918C0151
:10C820006D01C801D601898B9A8BAB8BBC8B809133
:10C830001A1290911B12892B91F4CE0145967C011E
:10C840008E010F5E1F4F9E01235F3F4FAE01475F7A
:10C850005F4FBE016B5F7F4F44970F9437050E9477
:10C860005ED0AB100E9480E368960FB6F894DEBFEE
:10C870000FBECDBFDF91CF911F910F91FF90EF9031
:10C88000DF90CF90BF90AF909F908F907F906F90F0
:10C890005F904F9008954F925F926F927F928F9228
:10C8A0009F92AF92BF92CF92DF92EF92FF920F933F
:10C8B0001F93CF93C82FE82EF12CF701E156FB4CC4
:10C8C000B4908230C9F481E00E94E1E2882381F0D3
:10C8D000CF911F910F91FF90EF90DF90CF90BF907D
:10C8E000AF909F908F907F906F905F904F90089542
:10C8F0000E94F6418111ECCF6701CC0CDD1CCC0C01
:10C90000DD1CF601ED56FB4C4590559065907490FA
:10C910006B2DBB0C770B880B990B0F94AB384B012D
:10C920005C0120E030E040EC5FE3C301B2010F9412
:10C930000A39A50194010F940A39AB01BC0100E04A
:10C9400010E098018C2F0E948BE3C23009F0B4C034
:10C950000E94A741E0E070E060E880E42E2F372FCE
:10C96000462F582FC501B4010F940A394B015C01C1
:10C9700020E030E0A9010F94A438882369F100E099
:10C9800010E020E031E4C23019F000E010E098013E
:10C99000B501A40170588C2F0E948BE3C23009F0BE
:10C9A00097C00E94F641811193CF412C512C80E811
:10C9B000682E80E4782EA5019401C501B4010F947E
:10C9C000883FAB01BC01930182018C2F0E948BE355
:10C9D000C23011F40E94A74181E090E0A0E0B0E0F5
:10C9E0000C2E04C0880F991FAA1FBB1F0A94D2F7F0
:10C9F0002091480C282B2093480C20916B06822B09
:10CA000080936B06F601E15AF94F1082118212826F
:10CA100013828C2F0E946ADDF601E65BFB4C859148
:10CA20009591A591B491F601E559F34F80839183D7
:10CA3000A283B383C230D1F420913E0C30913F0CDD
:10CA40004091400C5091410C6091730C7091740CAA
:10CA50008091750C9091760C0F94873F6093730CC6
:10CA60007093740C8093750C9093760C0E9442E244
:10CA7000F601E459F94FD601A559B34F8D919D9117
:10CA80000D90BC91A02D80839183A283B383C2308B
:10CA900009F01ECF80E0CF911F910F91FF90EF9092
:10CAA000DF90CF90BF90AF909F908F907F906F90CE
:10CAB0005F904F900C94E1E2F601E957FB4C8591B1
:10CAC0009591A591B491E82F792F6A2F8B2F46CF9E
:10CAD000F701EC57FB4C6491611107C00E94634160
:10CAE00082E694E30E94E63E6AE0F601EA5AFB4CD5
:10CAF000459055906590749070E090E080E00F94C0
:10CB0000AB389B01AC01C301B2010F9482402B01F1
:10CB10003C0151CFEF92FF920F931F93CF93A8E266
:10CB2000B4E190E080E0FC01EB55FF4C459155915C
:10CB30006591749154964D935D936D937C93579743
:10CB4000FC01EB56FF4C459155916591749194967B
:10CB50004D935D936D937C939797FC01EB57FF4C3E
:10CB600045915591659174914D935D936D937D932E
:10CB7000049680319105B9F680E29EE4A0E0B0E031
:10CB80008093381490933914A0933A14B0933B14C3
:10CB900080E090E0AAEFB3E480935C1490935D147E
:10CBA000A0935E14B0935F1480936014909361140B
:10CBB000A0936214B093631480E090E0AAE7B4E419
:10CBC0008093641490936514A0936614B0936714D3
:10CBD000109268141092691410926A1410926B14D7
:10CBE00010926C1410926D1410926E1410926F14B7
:10CBF00080E090E0A0E2B1E48093900C9093910CDF
:10CC0000A093920CB093930C8093940C9093950CFA
:10CC1000A093960CB093970C8DEC9CECACECBEE31F
:10CC20008093980C9093990CA0939A0CB0939B0CC2
:10CC300080E090E0A0EAB0E480939C0C90939D0C7F
:10CC4000A0939E0CB0939F0CE2E4FAE08CE0DF012D
:10CC50001D928A95E9F71092000610920106109233
:10CC60000206109203060E948F3A10923E0C109218
:10CC70003F0C1092400C1092410C88ECE82EF12CE5
:10CC8000F0921706E092160686EE90E09093190651
:10CC9000809318060CE310E010931306009312061D
:10CCA00080E590E09093150680931406109210068C
:10CCB0001092110682E598EBA6EAB1E48093A614DF
:10CCC0009093A714A093A814B093A9148EEA9AE69F
:10CCD000A4EABEE38093AA149093AB14A093AC147F
:10CCE000B093AD1481EF97E4A9EAB3E48093AE1456
:10CCF0009093AF14A093B014B093B114C1E0C0935B
:10CD0000410A0E94EE361092880680E090E0A0EE84
:10CD1000BFE380938D0690938E06A0938F06B09309
:10CD2000900610925E061092FF05F0921902E092B2
:10CD300018021093170200931602C0937802109203
:10CD40001308109212080E94D2E21092B60C1092B0
:10CD5000B70C1092B80C1092B90C80E090E0A8ECDF
:10CD6000B2E48093080690930906A0930A06B09354
:10CD70000B0610920C0610920D0610920E061092E1
:10CD80000F060E9403860E94634182E690E3CF91E2
:10CD90001F910F91FF90EF900C94E63EDF92EF927F
:10CDA000FF920F931F93CF93DF93CDB7DEB7CA588F
:10CDB000D1090FB6F894DEBF0FBECDBFC358DF4F09
:10CDC000188219821A821B82CD57D04080918C0321
:10CDD00090918D03A0918E03B0918F03CF57DF4FB9
:10CDE00088839983AA83BB83C158D040CB57DF4F38
:10CDF00019821882C558D04084E690E0C957DF4FA9
:10CE000099838883C758D0401092BF069E012B5744
:10CE10003F4F44E050E0BE016F577F4FCE0189572E
:10CE20009F4F0E94DB42C957DF4F88819981C758C5
:10CE3000D0400296C957DF4F99838883C758D040A6
:10CE4000CB57DF4F19821882C558D04081E0C657B2
:10CE5000DF4F8883CA58D0409E012B573F4F41E097
:10CE600050E0BE0166577F4FCE0189579F4F0E9409
:10CE7000DB429E012B573F4F48E450E068E274E1EB
:10CE8000CE0189579F4F0E94DB429E012B573F4F97
:10CE900040E150E060E97CE0CE0189579F4F0E945D
:10CEA000DB428AE097EDA3EABCE3C358DF4F8883F7
:10CEB0009983AA83BB83CD57D0409E012B573F4F08
:10CEC00044E050E0BE0163587F4FCE0189579F4F29
:10CED0000E94DB429E012B573F4F4CE050E062E442
:10CEE0007AE0CE0189579F4F0E94DB427E018DE69A
:10CEF000E80EF11CF701108219821A821B821C8233
:10CF00009E012B573F4F41E050E0B701CE018957BA
:10CF10009F4F0E94DB429E012B573F4F44E050E061
:10CF20008E010F5F1F4FB801CE0189579F4F0E949E
:10CF3000DB428091840690918506A0918606B0918F
:10CF4000870689839A83AB83BC839E012B573F4F0F
:10CF500044E050E0B801CE0189579F4F0E94DB4268
:10CF6000C358DF4F188219821A821B82CD57D040D6
:10CF700083E0F701808389839E012B573F4F44E074
:10CF800050E0BE0163587F4FCE0189579F4F0E94EA
:10CF9000DB429E012B573F4F41E050E0B701CE01ED
:10CFA00089579F4F0E94DB429E012B573F4F41E024
:10CFB00050E0B801CE0189579F4F0E94DB422AE022
:10CFC000D22EDA949E012B573F4F44E050E0DD20F3
:10CFD00049F0BE0163587F4FCE0189579F4F0E9491
:10CFE000DB42EFCF6EE37CE0CE0189579F4F0E947A
:10CFF000DB42C358DF4F188219821A821B82CD5739
:10D00000D0409AE0D92EDA94DD2071F09E012B57A2
:10D010003F4F44E050E0BE0163587F4FCE01895737
:10D020009F4F0E94DB42EFCF84E08983F70180832A
:10D030009E012B573F4F41E050E0B801CE01895788
:10D040009F4F0E94DB429E012B573F4F41E050E033
:10D05000B701CE0189579F4F0E94DB429E012B579B
:10D060003F4F44E050E064E076E0CE0189579F4FA7
:10D070000E94DB429E012B573F4F44E050E06AEF95
:10D0800075E0CE0189579F4F0E94DB429E012B57CE
:10D090003F4F40E450E06AE176E0CE0189579F4F70
:10D0A0000E94DB4219828FEFF70180839E012B578C
:10D0B0003F4F41E050E0B801CE0189579F4F0E9499
:10D0C000DB429E012B573F4F41E050E0B701CE01BC
:10D0D00089579F4F0E94DB429E012B573F4F44E0F0
:10D0E00050E066E373E0CE0189579F4F0E94DB4218
:10D0F0009E012B573F4F41E050E069EF75E0CE01B4
:10D1000089579F4F0E94DB429E012B573F4F44E0BF
:10D1100050E066E176E0CE0189579F4F0E94DB42E6
:10D120009E012B573F4F44E050E062E176E0CE0194
:10D1300089579F4F0E94DB429E012B573F4F42E091
:10D1400050E060E176E0CE0189579F4F0E94DB42BC
:10D1500080E090E0A0E8BFE38D879E87AF87B88B23
:10D160008091A6149091A714A091A814B091A9142D
:10D1700089839A83AB83BC838091AA149091AB146A
:10D18000A091AC14B091AD148D839E83AF83B8870A
:10D190008091AE149091AF14A091B014B091B114DD
:10D1A00089879A87AB87BC879E012B573F4F40E109
:10D1B00050E0B801CE0189579F4F0E94DB4284E1C5
:10D1C00090E09A8389839E012B573F4F42E050E0C5
:10D1D000B801CE0189579F4F0E94DB428CE0E6EAFE
:10D1E000F2E0D80101900D928A95E1F79E012B574C
:10D1F0003F4F4CE050E0B801CE0189579F4F0E944D
:10D20000DB4280E290E09A8389839E012B573F4F57
:10D2100042E050E0B801CE0189579F4F0E94DB42A7
:10D220008091410A89839E012B573F4F41E050E096
:10D23000B801CE0189579F4F0E94DB4280E2E2EBAA
:10D24000F2E0D80101900D928A95E1F79E012B57EB
:10D250003F4F40E250E0B801CE0189579F4F0E94F6
:10D26000DB42F70110829E012B573F4F41E050E017
:10D27000B701CE0189579F4F0E94DB429E012B5779
:10D280003F4F41E050E068E876E0CE0189579F4F7C
:10D290000E94DB429E012B573F4F44E050E06DE877
:10D2A00076E0CE0189579F4F0E94DB428AE1F80168
:10D2B00011928A95E9F79E012B573F4F4AE150E0C2
:10D2C000B801CE0189579F4F0E94DB4284E3E2ED13
:10D2D000F2E0D80101900D928A95E1F79E012B575B
:10D2E0003F4F44E350E0B801CE0189579F4F0E9461
:10D2F000DB421A8219821C821B821E821D829E01C1
:10D300002B573F4F46E050E0B801CE0189579F4F61
:10D310000E94DB428DE0F80111928A95E9F79E01A7
:10D320002B573F4F4DE050E0B801CE0189579F4F3A
:10D330000E94DB429E012B573F4F44E050E066EBDA
:10D340007CE0CE0189579F4F0E94DB428CE0D82EB3
:10D35000F8018D2D11928A95E9F79E012B573F4FC9
:10D360004CE050E0B801CE0189579F4F0E94DB424C
:10D370008CE6F80111928A95E9F79E012B573F4FF1
:10D380004CE650E0B801CE0189579F4F0E94DB4226
:10D390009E012B573F4F4CE050E063EB76E0CE010F
:10D3A00089579F4F0E94DB429E012B573F4F48E019
:10D3B00050E068E076E0CE0189579F4F0E94DB4243
:10D3C000F7011192DA94E9F7C757DF4F1882C9586D
:10D3D000D04080E090E0A0E4B0E4ED968CAF9DAF4B
:10D3E000AEAFBFAFED979E012B573F4F44E050E0EB
:10D3F000B701CE0189579F4F0E94DB429E012B57F8
:10D400003F4F44E050E0B7016C5F7F4FCE0189573A
:10D410009F4F0E94DB429E012B573F4F44E050E05C
:10D42000B701685F7F4FCE0189579F4F0E94DB4253
:10D430009E012B573F4F41E050E0BE0167577F4FA1
:10D44000CE0189579F4F0E94DB429E012B573F4FD1
:10D4500044E050E0BE0167587F4FCE0189579F4F8F
:10D460000E94DB429E012B573F4F41E050E06EE5AA
:10D4700076E0CE0189579F4F0E94DB429E012B57D9
:10D480003F4F41E050E06FEF75E0CE0189579F4F6D
:10D490000E94DB429E012B573F4F42E050E068E183
:10D4A00072E0CE0189579F4F0E94DB429E012B57AD
:10D4B0003F4F42E050E066E172E0CE0189579F4F56
:10D4C0000E94DB429E012B573F4F41E050E068E74E
:10D4D00072E0CE0189579F4F0E94DB42D090BF0679
:10D4E000D11054C0C957DF4F08811981C758D040A7
:10D4F00004561109CB57DF4F88819981C558D04018
:10D50000F7019183808384E690E0C957DF4F9983C8
:10D510008883C758D0409E012B573F4F44E050E0CE
:10D520006AE373E0CE0189579F4F0E94DB429E0160
:10D530002B573F4F42E050E0B701CE0189579F4F34
:10D540000E94DB420E946341B8018DE89FE20E9485
:10D55000A443F7014081518170E060E080E89FE2E0
:10D560000E9493438DE79FE20E94E63E05371240FA
:10D5700041F00E949A3F85E69FE20E94E63EDD244C
:10D58000D3948091BF068D298093BF069091BF06EA
:10D5900081E08927C657DF4F0FB6F894DEBF0FBE74
:10D5A000CDBFDF91CF911F910F91FF90EF90DF9052
:10D5B00008952F923F924F925F926F927F928F9237
:10D5C0009F92AF92BF92CF92DF92EF92FF920F9312
:10D5D0001F93CF93DF93CDB7DEB7C354D1090FB6F6
:10D5E000F894DEBF0FBECDBF4C015B016A01222E55
:10D5F00019821C821C8E1F8E6115710521F510E0A9
:10D60000CE014C960E941037CE0101960E94103731
:10D61000812FCD5BDF4F0FB6F894DEBF0FBECDBFBD
:10D62000DF91CF911F910F91FF90EF90DF90CF90FE
:10D63000BF90AF909F908F907F906F905F904F9032
:10D640003F902F900895FC0183818111D8CFFA017A
:10D6500080818F32A9F18B01CE0101967C013C01C2
:10D6600080E2382E2E019CE1490E511C2396EFAE2C
:10D6700023972496FFAE249722963FAE22972196B9
:10D680003FAE21973FAE3EAE3DAE3CAE3BAE3AAE76
:10D6900039AE38AE3FAA960190E047E0D9018D91AE
:10D6A000882309F448C08F3209F445C0282F8E32F0
:10D6B00009F54A3009F4A3CF98E04AE09D01EECF86
:10D6C000FB01838182508B01823060F0618D728D0D
:10D6D000CE014C960E94E3BF8E01045E1F4F88234B
:10D6E00009F48DCFC6016C010196F60120812F321D
:10D6F000D1F3B2CFEBE2FEE33491332321F0319644
:10D700008313FACF7CCF491708F479CF813208F41C
:10D7100076CF8F3709F473CF3FE9380F3A3110F4E1
:10D7200020EE280FE7E3F0E0EC0FFD1FE90FF11DFD
:10D7300020839F5FC3CF8FA9803209F460CF690136
:10D74000F90180812F5F3F4F8F32C9F3882301F1A8
:10D7500021E0AE01495C5F4FB801C7010E9407C5D7
:10D76000882309F44CCF0A151B0519F0C8010E9443
:10D77000BFC4942D852D6E147F0431F023969FAD88
:10D78000239724968FAD24978701E92EF82E74CF26
:10D79000222DAE01495C5F4FB801C4010E9407C54C
:10D7A000182F2ECF2F923F924F925F926F927F92BF
:10D7B0008F929F92AF92BF92CF92DF92EF92FF92A1
:10D7C0000F931F93CF93DF93CDB7DEB7C556D10923
:10D7D0000FB6F894DEBF0FBECDBF8C016B013A01CE
:10D7E0008DB79EB7A6969FAF8EAFA697312C96E1C8
:10D7F000892E9CE0992E2DE0222E7E0197E5E90EE0
:10D80000F11CF6018381823008F4B0C080859185D7
:10D81000A285B3858F719927AA27BB27892B8A2BCD
:10D820008B2B09F0A3C08114910411F01092160CF7
:10D8300040E250E0BE016F5F7F4FC6010E94C2C14F
:10D840009C01809709F092C08981882309F48EC0D9
:10D85000853E49F38E3239F39C858114910449F158
:10D86000492F4F734F3029F54B8D5C8D452B09F5B2
:10D87000482F4F715FEF540F5230D8F44150550B81
:10D88000249E9001259E300D1124D901AA5EB34F2C
:10D89000FE01319640E0453050F551815D934F5F78
:10D8A00032964D30C1F786FF04C0F901ED5DF34FAC
:10D8B000108293FDBDCF222309F458C0892F8871AF
:10D8C0008031D9F42091F70721502230B0F04DB6C5
:10D8D0005EB6BE016F5F7F4FC7010E948CB9011514
:10D8E000110509F066C021E081E090E06FC04B3087
:10D8F00010F45481D3CF5681D1CF2091160C2E3203
:10D9000009F47FCF9A7009F07CCF21E0803109F0D3
:10D9100020E09091EC1520FB94F99093EC15803168
:10D9200041F08985873409F06CCF8A858E3709F4F8
:10D9300068CF8091F707813009F4A7C008F4AFC021
:10D94000823009F05ECFBE016F5F7F4F89E09CE0BF
:10D950000E948CB96114710409F4CDC069E07CE0C7
:10D96000C3010F94B842892B09F0CDC0A6968EADA5
:10D970009FADA6970FB6F8949EBF0FBE8DBFCB5933
:10D98000DF4F0FB6F894DEBF0FBECDBFDF91CF9152
:10D990001F910F91FF90EF90DF90CF90BF90AF90CD
:10D9A0009F908F907F906F905F904F903F902F90BF
:10D9B0000895F8018081882309F495CF0190002013
:10D9C000E9F73197CF01801B910B20E0F70101901F
:10D9D0000020E9F73197EE19FF09E80FF91F329699
:10D9E0008DB79EB78E1B9F0B0FB6F8949EBF0FBED0
:10D9F0008DBFEDB7FEB731965F0160E973E021118D
:10DA000001C0B801C5010F94EA42B701C5010F94E6
:10DA1000CB4260E973E0C5010F94CB4219A21CA26E
:10DA200021E0A701B601CE0181960E94D9EA8111B9
:10DA30000DC08091F707811109C00E9463418BE3FB
:10DA40009EE30E94E63EC7010E94504B8BE1FE011F
:10DA5000B196DE01DC9601900D928A95E1F750E0D7
:10DA600040E0BE01645C7F4FC5010E94D2EBCE0155
:10DA7000CC960E941037CE0181960E9410370FB6C7
:10DA8000F8945EBE0FBE4DBEBCCE8091B1069091A3
:10DA9000B20601969093B2068093B106B2CEBE0153
:10DAA0006F5F7F4F89E09CE00E948CB9580101159F
:10DAB000110561F489E0A82E8CE0B82EF501819162
:10DAC0005F01882359F00E94DF3EF8CFF501819174
:10DAD0005F01882379F30E94DF3EF8CF80E20E9445
:10DAE000DF3E6D8D7E8D8F8D98A14AE00E942F4381
:10DAF0000E94704986CE8091F5079091F6073816FE
:10DB0000190609F433CF33947CCEEF92FF920F9332
:10DB10001F93CF937C018B01C2E44F3F09F0C4E512
:10DB200080E20E94DF3E8C2F0E94DF3E8AE30E944B
:10DB3000DF3EF701608171818281938142E00E9422
:10DB40000344F80140815181628173818BE19EE33E
:10DB50000E940E4562E070E080E090E0CF911F915E
:10DB60000F91FF90EF900D9467201F93CF93DF9359
:10DB700000D000D01F921F92CDB7DEB7182F609152
:10DB8000A3147091A414072E000C880B990B0F940A
:10DB9000AB386D837E838F83988780919F1490919B
:10DBA000A014A091A114B091A21489839A83AB838D
:10DBB000BC834CEFBE016B5F7F4FCE0101960E948C
:10DBC00085ED6091DC0B7091DD0B072E000C880B4E
:10DBD000990B0F94AB386D837E838F8398878091E8
:10DBE000D80B9091D90BA091DA0BB091DB0B898304
:10DBF0009A83AB83BC834FEFBE016B5F7F4FCE0137
:10DC000001960E9485ED6091DE0B1F3F39F087E1A0
:10DC10001802F0011124E556FB4E628570E083E2A4
:10DC20009EE30E94CD436091DE0B70E08EE19EE3A7
:10DC30000E94CD4328960FB6F894DEBF0FBECDBF2D
:10DC4000DF91CF911F9108952F923F924F925F9253
:10DC50006F927F928F929F92AF92BF92CF92DF92FC
:10DC6000EF92FF920F931F93CF93DF93CDB7DEB761
:10DC70006C970FB6F894DEBF0FBECDBF8B8F6C8F45
:10DC800080919F149091A014A091A114B091A2141E
:10DC90008D839E83AF83B8871092B00680E090E0BA
:10DCA000A0E8BFEB89879A87AB87BC8781E0809328
:10DCB0006D021D861E861F86188A1B8A1C8A1D8A75
:10DCC0001E8A21E02A8B10E01F8A3CE3388F4CE14A
:10DCD000498F56E45A8F812C912C54016091A314E2
:10DCE0007091A414072E000C880B990B0F94AB387D
:10DCF0006B017C0129853A854B855C850F94A4389E
:10DD00008823B9F020919F143091A0144091A11460
:10DD10005091A214C986DA86EB86FC868C8D81111F
:10DD200014C1C701B6010F94A438182F111F112771
:10DD3000111F0F949A206B017C01DC01CB012B8910
:10DD40003C894D895E89821B930BA40BB50BB7FDF3
:10DD50002EC0D701C60188519C4FAF4FBF4F8B8B50
:10DD60009C8BAD8BBE8B8B8D0E94B5ED87E29EE3C5
:10DD70000E94E63E81149104A104B10409F4EDC0AF
:10DD8000C501B401605F784D8F4F9F4F6C197D09BD
:10DD90008E099F0928EE33E040E050E00F94E83E02
:10DDA000CA01B9010E94B1438AE00E94DF3E80E0CF
:10DDB0000E94D44C0F949A206093420C7093430CB1
:10DDC0008093440C9093450C80919F149091A014E3
:10DDD000A091A114B091A21489839A83AB83BC83D0
:10DDE00011110AC0AE01475F5F4FBE016F5F7F4FE9
:10DDF000CE0105960E949D3729803A809B81998BA0
:10DE00000C819101492F502F69857A858B859C85DE
:10DE10000F94873F2B013C0120E030E0A9010F94D3
:10DE2000E84187FF04C077FA709477F87094811402
:10DE30009104A104B10409F094C020E030E040E86E
:10DE40005FE3C301B2010F94A43887FF0BC0AA8916
:10DE500046015701AA2331F0B0E18B0EB7E29B1EB9
:10DE6000A11CB11C112389F12D853E854F85588950
:10DE7000211531054105510541F0D701C601821B2D
:10DE8000930BA40BB50BB7FD20C091014989502F0E
:10DE90006F89788D898D9A8D0F94873F20E030E0CF
:10DEA00040EC5FE30F94A43887FD24C0D701C6017E
:10DEB000805A9541AF4FBF4F8D879E87AF87B88BF4
:10DEC0002F8A388E9989998F0A8F80916D028823C5
:10DED00089F081149104A104B104A9F1A0E1CA1A46
:10DEE000A7E2DA0AE108F108C818D908EA08FB082D
:10DEF000F7FC29C080916D02882351F00E94F69FA3
:10DF00008FEF89838A838B83CE0101960E94163717
:10DF100080916D026C960FB6F894DEBF0FBECDBF38
:10DF2000DF91CF911F910F91FF90EF90DF90CF90F5
:10DF3000BF90AF909F908F907F906F905F904F9029
:10DF40003F902F9008951A8AC9CEC701B6010F9449
:10DF5000A43887FDCFCF10E0ECCE8FE30E94DF3EE8
:10DF600023CF20E030E040E450E4C301B2010F943D
:10DF7000E84118160CF076CF4601570173CF4F9247
:10DF80005F926F927F928F929F92AF92BF92CF9249
:10DF9000DF92EF92FF922091320C3091330C40913E
:10DFA000340C5091350C60916B0C70916C0C80911D
:10DFB0006D0C90916E0C0F94883FAB01BC018DE00D
:10DFC00094E30E940E452091360C3091370C40911D
:10DFD000380C5091390C60916F0C7091700C8091DD
:10DFE000710C9091720C0F94883FAB01BC0189E0D9
:10DFF00094E30E940E4520913A0C30913B0C4091E5
:10E000003C0C50913D0C6091730C7091740C80919C
:10E01000750C9091760C0F94883FAB01BC0185E0A4
:10E0200094E30E940E454091770C5091780C6091DA
:10E03000790C70917A0C81E094E30E940E458091F6
:10E040006F00982F927081FF05C080916F008D7FC7
:10E0500080936F0040903F075090400760904107C9
:10E06000709042078090430790904407A090450726
:10E07000B0904607C0904707D0904807E090490706
:10E08000F0904A07992329F080916F008260809375
:10E090006F0087EF93E30E94E63EC301B2010E9446
:10E0A000B14383EF93E30E94E63EC501B4010E94B1
:10E0B000B1438FEE93E30E94E63EC701B6010E9492
:10E0C000B1438AE0FF90EF90DF90CF90BF90AF9088
:10E0D0009F908F907F906F905F904F900C94DF3E59
:10E0E0008F929F92AF92BF92CF92DF92EF92FF9268
:10E0F0000F931F93CF93C82F11E01827811102C0EF
:10E100000E9463418CE893E30E94E63E86E893E335
:10E110000E94E63E8AE00E94DF3EC11102C00E94DA
:10E12000634189E693E30E94E63E8AE00E94DF3E77
:10E13000C11110C00E94634186E593E30E94E63E50
:10E1400080918806882309F4D1C18AE00E94DF3ECD
:10E150000E94634140918D0650918E0660918F061A
:10E160007091900682E493E30E940E458AE00E943B
:10E17000DF3E80918806811108C0C11102C00E9453
:10E18000634187E393E30E94E63EC11106C00E940B
:10E19000634186E293E30E94E63E812F0F9494034D
:10E1A000C11108C00E94634188E093E30E94E63EEB
:10E1B0000E94634140914C1450914D1460914E1453
:10E1C00070914F148FEF92E30E940E4540915014CE
:10E1D0005091511460915214709153148CEF92E34A
:10E1E0000E940E454091541450915514609156145C
:10E1F0007091571489EF92E30E940E454091581494
:10E200005091591460915A1470915B1486EF92E307
:10E210000E940E458AE00E94DF3EC11108C00E94A4
:10E22000634184ED92E30E94E63E0E946341609167
:10E2300028147091291480912A1490912B140F9412
:10E24000A938AB01BC018BEC92E30E940E456091B2
:10E250002C1470912D1480912E1490912F140F94E2
:10E26000A938AB01BC0188EC92E30E940E45609195
:10E2700030147091311480913214909133140F94B2
:10E28000A938AB01BC0185EC92E30E940E45609178
:10E2900034147091351480913614909137140F9482
:10E2A000A938AB01BC0182EC92E30E940E458AE0E2
:10E2B0000E94DF3EC11108C00E94634188E792E3DB
:10E2C0000E94E63E0E94634140915C1450915D14AF
:10E2D00060915E1470915F148FE692E30E940E4588
:10E2E00040916014509161146091621470916314B4
:10E2F0008CE692E30E940E4540916414509165149F
:10E30000609166147091671489E692E30E940E454D
:10E310008AE00E94DF3EC11113C00E94634181E286
:10E3200092E30E94E63E86EF91E30E94E63E87EE8E
:10E3300091E30E94E63E8AE00E94DF3E0E94634134
:10E34000609138147091391480913A1490913B1473
:10E350000F94A938AB01BC018EED91E30E940E45EC
:10E36000409168145091691460916A1470916B1413
:10E370008BED91E30E940E4540916C1450916D1409
:10E3800060916E1470916F1488ED91E30E940E45B8
:10E390004091900C5091910C6091920C7091930C63
:10E3A00085ED91E30E940E454091940C5091950C9F
:10E3B0006091960C7091970C82ED91E30E940E454E
:10E3C0004091980C5091990C60919A0C70919B0C13
:10E3D0008FEC91E30E940E4540919C0C50919D0C56
:10E3E00060919E0C70919F0C8CEC91E30E940E4505
:10E3F0008AE00E94DF3EC11108C00E9463418EEB9B
:10E4000091E30E94E63E0E9463414091420A50918E
:10E41000430A6091440A7091450A85EB91E30E949A
:10E420000E454091460A5091470A6091480A709102
:10E43000490A82EB91E30E940E4540914A0A5091AD
:10E440004B0A60914C0A70914D0A8FEA91E30E9449
:10E450000E458AE00E94DF3EC11108C00E94634160
:10E460008BE991E30E94E63E0E94634160917B0C40
:10E4700070E082E991E30E94CD434091840650917F
:10E48000850660918606709187068FE891E30E9469
:10E490000E458AE00E94DF3E8091040690910506B9
:10E4A000892B09F445C04AE1C42E46E0D42E10E081
:10E4B00000E05601F12CE12CC11102C00E94634121
:10E4C000B70185E891E30E94CD43B80182E891E36A
:10E4D0000E94CD4332E9832E33E0932EF4018191E3
:10E4E0004F01882341F00E94DF3EF8CF8BE493E395
:10E4F0000E94E63E2DCEF50160817181828193817B
:10E5000045E00E9403448AE00E94DF3EFFEFEF1ADD
:10E51000FF0A80E1A80EB11CE4E0EE16F10461F6FA
:10E520000F5F1F4FF4E0CF0ED11C0430110509F628
:10E53000C11106C00E94634185E691E30E94E63E58
:10E5400086E1A82E86E0B82E92E1C92E96E0D92E5B
:10E5500020E1E22E26E0F22E10E000E0C11102C020
:10E560000E946341B8018CE591E30E94CD43F5011F
:10E57000619171915F0189E591E30E94CD43F601BC
:10E58000619171916F0186E591E30E94CD43F7019E
:10E5900061917F0170E083E591E30E94CD438AE0C1
:10E5A0000E94DF3E0130110509F0C3C0C11108C04F
:10E5B0000E94634184E491E30E94E63E0E9463412D
:10E5C0004091A6145091A7146091A8147091A914B9
:10E5D0008BE391E30E940E452CEA35EC47E25EE3C3
:10E5E0006091AA147091AB148091AC149091AD1409
:10E5F0000F948240AB01BC0188E391E30E940E4579
:10E600002CEA35EC47E25EE36091AE147091AF14F2
:10E610008091B0149091B1140F940A39AB01BC01F0
:10E6200085E391E30E940E458AE00E94DF3EC1111E
:10E6300008C00E9463418FE191E30E94E63E0E9480
:10E6400063416091410A70E086E191E30E94CD430D
:10E650008AE00E94DF3EC11110C00E94634187E042
:10E6600091E30E94E63E86E893E30E94E63E85EB56
:10E6700090E30E94E63E0E94634140913E0C50911F
:10E680003F0C6091400C7091410C8EEF90E30E9422
:10E690000E458AE00E94DF3EC11108C00E9463411E
:10E6A0008DEE90E30E94E63E0E9463414091B60CDD
:10E6B0005091B70C6091B80C7091B90C84EE90E356
:10E6C0000E940E458AE00E94DF3EC11108C00E94F0
:10E6D000634185EC90E30E94E63E0E94634188EB33
:10E6E00090E30E94E63E40910C0650910D06609129
:10E6F0000E0670910F0683EC90E30E940E45409148
:10E7000008065091090660910A0670910B0680EC8C
:10E7100090E30E940E458AE0CF911F910F91FF90E8
:10E72000EF90DF90CF90BF90AF909F908F900C9420
:10E73000DF3E01E010E012CF3F924F925F926F9266
:10E740007F928F929F92AF92BF92CF92DF92EF9281
:10E75000FF920F931F93CF93DF93CDB7DEB7C85AC5
:10E76000D1090FB6F894DEBF0FBECDBF2DB73EB7AF
:10E77000C955DF4F39832883C75AD040CB56DF4F66
:10E7800019821882C559D04084E690E0C956DF4FFF
:10E7900099838883C759D04001E09E012B563F4F93
:10E7A00044E050E0BE016F567F4FCE0189569F4F27
:10E7B0000E94A13E9E012B563F4F42E050E0BE0119
:10E7C00067567F4FCE0189569F4F0E94A13E43E07E
:10E7D00050E065E973E0CE018F569F4F0F94F142F0
:10E7E0002C0143E050E069E973E0CE018F569F4F62
:10E7F0000F94F142C356DF4F99838883CD59D0409F
:10E8000043E050E06DE973E0CE018F569F4F0F94C7
:10E81000F1424114510409F477C0C356DF4FE88137
:10E82000F981CD59D040EF2B09F46EC0892B09F442
:10E830006BC043E050E0BE016F567F4F8AE393E028
:10E840000F94F142892B09F488C2CC56DF4F88819E
:10E85000C459D040882359F08FE3CF56DF4F8883C7
:10E86000C159D040CE56DF4F1882C259D0400E94C5
:10E870006341BE016F567F4F81E490E30E94873F62
:10E8800083E390E30E94E63E81E08093BF0610E0C0
:10E890008091FE05811110C00091BF060E9470F0AA
:10E8A00001110AC0112341F00E9463418FE99FE2E8
:10E8B0000E94E63E0E94CEE68091BF0691E0892745
:10E8C000C955DF4F28813981C75AD0400FB6F89417
:10E8D0003EBF0FBE2DBFC855DF4F0FB6F894DEBF49
:10E8E0000FBECDBFDF91CF911F910F91FF90EF90A1
:10E8F000DF90CF90BF90AF909F908F907F906F9060
:10E900005F904F903F90089511E0C357DF4F1882FA
:10E9100019821A821B82CD58D040CB56DF4F198204
:10E920001882C559D04001E09E012B563F4F41E06F
:10E9300050E0BE0164567F4FCE0189569F4F0E9422
:10E94000A13E2DB73EB7CB55DF4F39832883C55A3B
:10E95000D0403E013DE7630E711C80E1E6E0F3E04C
:10E96000D30101900D928A95E1F74E018DE6880E54
:10E97000911C80E1E6E1F3E0D40101900D928A95CB
:10E98000E1F780E1E6E2F3E09E012F5F3F4F59019E
:10E99000D90101900D928A95E1F7C456DF4F488165
:10E9A000CC59D04050E04D5F5F4F440F551F440F8E
:10E9B000551F8DB79EB7841B950B0FB6F8949EBF5D
:10E9C0000FBE8DBFEDB7FEB73196C156DF4FF9834D
:10E9D000E883CF59D0400091FE05332433940325BA
:10E9E0002C563F4FBF01CE0189569F4F0E94A13E3A
:10E9F0000091FE0503259E012B563F4F44E050E059
:10EA000068E374E1CE0189569F4F0E94A13EC4562F
:10EA1000DF4FE880CC59D040F12CF3E0EF0EF11C31
:10EA2000EE0CFF1CEE0CFF1C2DB73EB72E193F0954
:10EA30000FB6F8943EBF0FBE2DBF8DB79EB701969F
:10EA4000CF55DF4F99838883C15AD040EDB7FEB7C9
:10EA5000EE19FF090FB6F894FEBF0FBEEDBF2DB73C
:10EA60003EB72F5F3F4FCD55DF4F39832883C35AC1
:10EA7000D0400091FE0503259E012B563F4FA70174
:10EA8000BC01CE0189569F4F0E94A13E0091FE0518
:10EA900003259E012B563F4FA701CD55DF4F6881BF
:10EAA0007981C35AD040CE0189569F4F0E94A13E22
:10EAB0008091FE05082F0325811151C0C456DF4FF8
:10EAC0002881CC59D04030E02E5F3F4FE8E2F4E19E
:10EAD00090E080E050E040E0C156DF4FA881B9816E
:10EAE000CF59D040241735070CF4D301A80FB91F14
:10EAF000CD90DD90ED90FC90C192D192E192F19297
:10EB0000CF55DF4FA881B981C15AD04024173507AE
:10EB10000CF4D401A80FB91FCD90DD90ED90FC90BE
:10EB2000C08AD18AE28AF38ACD55DF4FA881B981A4
:10EB3000C35AD040241735070CF4D501A80FB91FCC
:10EB4000CD90DD90ED90FC90C0A2D1A2E2A2F3A204
:10EB50004F5F5F4F04964430510509F0BDCF9E01D1
:10EB60002B563F4F44E050E06CE574E1CE018956EE
:10EB70009F4F0E94A13E0091FE05FF24F3940F25B4
:10EB80009E012B563F4F44E050E060E674E1CE0119
:10EB900089569F4F0E94A13E0091FE050F259E01C0
:10EBA0002B563F4F44E050E064E674E1CE018956B5
:10EBB0009F4F0E94A13E0091FE050F259E012B56FE
:10EBC0003F4F44E050E068E674E1CE0189569F4F24
:10EBD0000E94A13E0091FE050F259E012B563F4F3E
:10EBE00044E050E06CE674E1CE0189569F4F0E94EC
:10EBF000A13E0091FE050F259E012B563F4F40E19F
:10EC000050E060E97CE0CE0189569F4F0E94A13E12
:10EC10000091FE050F259E012B563F4F44E050E02A
:10EC2000BE0163577F4FCE0189569F4F0E94A13E80
:10EC3000CB55DF4F88819981C55AD0400FB6F894E3
:10EC40009EBF0FBE8DBF0091FE050F259E012B5666
:10EC50003F4F4CE050E062E47AE0CE0189569F4F8E
:10EC60000E94A13E0091FE050F259E012B563F4FAD
:10EC700041E050E0BE0163597F4FCE0189569F4F5E
:10EC80000E94A13E0091FE050F259E012B563F4F8D
:10EC900044E050E0BE016F5F7F4FCE0189569F4F29
:10ECA0000E94A13E0091FE050F259E012B563F4F6D
:10ECB00044E050E060E076E0CE0189569F4F0E942C
:10ECC000A13E0091FE050F259E012B563F4F44E0CB
:10ECD00050E0BE0163577F4FCE0189569F4F0E947F
:10ECE000A13E01E09E012B563F4F41E050E0BE01A6
:10ECF00063597F4FCE0189569F4F0E94A13E9E01CE
:10ED00002B563F4F41E050E0BE016F5F7F4FCE0179
:10ED100089569F4F0E94A13EAE96EFACAE97898177
:10ED2000E89E70011124BB24B39491E0E91AF10824
:10ED30000091FE050B259E012B563F4F44E050E00D
:10ED4000EFEFEE16FE0659F0BE0163577F4FCE017E
:10ED500089569F4F0E94A13EE8CF10E0D6CD6EE3CA
:10ED60007CE0CE0189569F4F0E94A13E5AE0F52ECD
:10ED7000EE24E394FA94FF2089F00091FE050E251D
:10ED80009E012B563F4F44E050E0BE0163577F4F3A
:10ED9000CE0189569F4F0E94A13EECCF01E09E011B
:10EDA0002B563F4F41E050E0BE0165567F4FCE01EC
:10EDB00089569F4F0E94A13E9E012B563F4F41E036
:10EDC00050E0BE0163587F4FCE0189569F4F0E948D
:10EDD000A13EC556DF4F8881CB59D0400091FE053A
:10EDE000843009F093C2EE968FADEE97843009F02F
:10EDF0008DC2011103C080E00E94433A0091FE05DC
:10EE0000FF24F3940F259E012B563F4F44E050E022
:10EE100064E076E0CE0189569F4F0E94A13E0091AA
:10EE2000FE050F259E012B563F4F44E050E06AEF50
:10EE300075E0CE0189569F4F0E94A13E0091FE05CC
:10EE40000F259E012B563F4F40E450E06AE176E0EB
:10EE5000CE0189569F4F0E94A13E0091FE05FF24DE
:10EE6000F3940F259E012B563F4F41E050E0BE0129
:10EE700063597F4FCE0189569F4F0E94A13E00915A
:10EE8000FE050F259E012B563F4F41E050E0BE018D
:10EE90006F5F7F4FCE0189569F4F0E94A13E009128
:10EEA000FE050F259E012B563F4F44E050E0BE016A
:10EEB0006F5F7F4FCE0189569F4F0E94A13E009108
:10EEC000FE050F259E012B563F4F41E050E069EFB4
:10EED00075E0CE0189569F4F0E94A13E0091FE052C
:10EEE0000F259E012B563F4F44E050E066E176E04F
:10EEF000CE0189569F4F0E94A13E0091FE050F252D
:10EF00009E012B563F4F44E050E062E176E0CE0197
:10EF100089569F4F0E94A13E0091FE050F259E013C
:10EF20002B563F4F42E050E060E176E0CE0189563B
:10EF30009F4F0E94A13E0091FE050F259E012B567A
:10EF40003F4F40E150E0BE016F5F7F4FCE018956D9
:10EF50009F4F0E94A13E0091FE0501112EC08980A5
:10EF60009A80AB80BC8020E030E84BE355E4C501DB
:10EF7000B4010F94A438882301F18092A6149092D2
:10EF8000A714A092A814B092A9148D819E81AF817C
:10EF9000B8858093AA149093AB14A093AC14B0934B
:10EFA000AD1489859A85AB85BC858093AE1490930A
:10EFB000AF14A093B014B093B114FF24F3940F25B1
:10EFC0009E012B563F4F42E050E0BE016F5F7F4FE6
:10EFD000CE0189569F4F0E94A13E0091FE050F254C
:10EFE0009E012B563F4F4CE050E0BE016F5F7F4FBC
:10EFF000CE0189569F4F0E94A13E0091FE050F252C
:10F000009E012B563F4F42E050E0BE016F5F7F4FA5
:10F01000CE0189569F4F0E94A13E0091FE050F250B
:10F020009E012B563F4F41E050E061E47AE0CE0173
:10F0300089569F4F0E94A13E0091FE050F259E011B
:10F040002B563F4F40E250E0BE016F5F7F4FCE0135
:10F0500089569F4F0E94A13E0091FE050F259E01FB
:10F060002B563F4F41E050E0BE0163597F4FCE0128
:10F0700089569F4F0E94A13E0091FE050F259E01DB
:10F080002B563F4F45E050E0BE016F5F7F4FCE01F2
:10F0900089569F4F0E94A13E0091FE0501110FC0AD
:10F0A0008981809388068A819B81AC81BD81809310
:10F0B0008D0690938E06A0938F06B0939006FF2442
:10F0C000F3940F259E012B563F4F4AE150E0BE01BD
:10F0D0006F5F7F4FCE0189569F4F0E94A13E0091E6
:10F0E000FE050F259E012B563F4F44E350E0BE0125
:10F0F0006F5F7F4FCE0189569F4F0E94A13E0091C6
:10F10000FE050F259E012B563F4F46E050E0BE0105
:10F110006F5F7F4FCE0189569F4F0E94A13E0091A5
:10F12000FE050F259E012B563F4F4DE050E0BE01DE
:10F130006F5F7F4FCE0189569F4F0E94A13E009185
:10F14000FE050F259E012B563F4F44E050E0BE01C7
:10F150006F5F7F4FCE0189569F4F0E94A13E8091E5
:10F16000FE05082F0F2581110CC089819A81AB8182
:10F17000BC818093B60C9093B70CA093B80CB0935D
:10F18000B90C9E012B563F4F4CE050E0BE016F5F23
:10F190007F4FCE0189569F4F0E94A13E0091FE05F0
:10F1A000FF24F3940F259E012B563F4F4CE650E071
:10F1B000BE016F5F7F4FCE0189569F4F0E94A13ED7
:10F1C00019821A821B821C821D821E821F8218864F
:10F1D00019861A861B861C860091FE050F259E0146
:10F1E0002B563F4F4CE050E0BE016F5F7F4FCE018A
:10F1F00089569F4F0E94A13E0091FE050F259E015A
:10F200002B563F4F48E050E068E076E0CE0189564B
:10F210009F4F0E94A13E0091FE050F259E012B5697
:10F220003F4F44E050E0BE016F5F7F4FCE018956F3
:10F230009F4F0E94A13E0091FE050F259E012B5677
:10F240003F4F44E050E0BE016B5F7F4FCE018956D7
:10F250009F4F0E94A13E0091FE050F259E012B5657
:10F260003F4F44E050E0BE01675F7F4FCE018956BB
:10F270009F4F0E94A13E0091FE050F259E012B5637
:10F280003F4F41E050E0BE0163587F4FCE018956A9
:10F290009F4F0E94A13E0091FE050F259E012B5617
:10F2A0003F4F44E050E0BE0163597F4FCE01895685
:10F2B0009F4F0E94A13E0091FE054114510409F0A8
:10F2C0006BC00111CFC010925E061092FF0588EC52
:10F2D00090E090931902809318028CE390E0909351
:10F2E0001702809316021111C0C00091FE0581E043
:10F2F00008279E012B563F4F41E050E068E772E03F
:10F30000CE0189569F4F0E94A13EB2C0FF24F394C4
:10F310000F259E012B563F4F44E050E0BE0163593C
:10F320007F4FCE0189569F4F0E94A13E0091FE055E
:10F330000F259E012B563F4F44E050E0BE016F5F0A
:10F340007F4FCE0189569F4F0E94A13EC556DF4F89
:10F35000E880CB59D040EE968FADEE97E89E7001D5
:10F360001124BB24B394F1E0EF1AF1080091FE05DB
:10F370000B252FEFE216F20609F46FCD9E012B56F6
:10F380003F4F44E050E0BE0163577F4FCE018956A6
:10F390009F4F0E94A13EE7CF0F259E012B563F4F66
:10F3A00041E050E0BE016F5F7F4FCE0189569F4F15
:10F3B0000E94A13E0091FE0501114BC089818093FE
:10F3C0005E06C356DF4F88819981CD59D040892B85
:10F3D00009F47BCFFF24F3940F259E012B563F4F5A
:10F3E00041E050E06FEF75E0CE0189569F4F0E94DB
:10F3F000A13E0091FE050F259E012B563F4F42E096
:10F4000050E068E172E0CE0189569F4F0E94A13E14
:10F410000091FE050F259E012B563F4F42E050E024
:10F4200066E172E0CE0189569F4F0E94A13E1123F2
:10F4300009F45BCF8091FE058823B9F0C956DF4FF0
:10F4400088819981C759D0408456910930E020E0E5
:10F4500024C0C356DF4FE881F981CD59D040EF2B4E
:10F4600009F0B8CF111104C040CF81E08093780239
:10F47000C956DF4F88819981C759D0408456910978
:10F480004114510441F0C356DF4F28813981CD59D1
:10F49000D040232BD9F625E030E045E7E42E42E0CA
:10F4A000F42EE21AF30AE11AF10821E030E04528CF
:10F4B00011F030E020E0E21AF30A21E08E159F05FA
:10F4C00009F420E02093BF068E159F0509F10E94E4
:10F4D0006341C956DF4F68817981C759D04064566E
:10F4E00071098BE290E30E94CD43B70183E290E380
:10F4F0000E94A4438AE00E94DF3E8091FE058111B4
:10F50000C7C98091BF068111C3C90E940386C0C9C3
:10F51000CB56DF4F28813981C559D040C756DF4FC0
:10F5200088819981C959D04028173907F1F081E0C5
:10F530008093BF060E949A3FC756DF4F688179814A
:10F54000C959D04083E090E30E94A443CB56DF4FDB
:10F5500068817981C559D0408EEF9FE20E94A44313
:10F560008EEE9FE20E94E63EC8CF8091FE0581119B
:10F57000C4CF0E9463417E0131E9E30EF11CF70123
:10F5800081917F01882319F00E94DF3EF8CFC95690
:10F59000DF4F68817981C759D0406456710981ED88
:10F5A0009FE20E94CD43CB56DF4F48815981C55918
:10F5B000D04070E060E084EC9FE20E94934381ECD5
:10F5C0009FE2D0CF81E08093FE050E949CF31092D1
:10F5D000FE0581110C949CF30E948AE581E0089558
:10F5E0008F929F92AF92BF92CF92DF92EF92FF9253
:10F5F000CF938091EC15877F8093EC1580910C164A
:10F60000882321F089E096E10E94BFC41092E014A3
:10F610001092DD1485E38093DC140F949A206B0123
:10F620007C0120EDC20E27E0D21EE11CF11CA89542
:10F6300061E08091DC140F94A01E61E08091DC14E5
:10F640000F94D81E209A289A219A2398229A81E012
:10F650000E943D7885E08093DE140E943D78CAE0E8
:10F660008FEF0E943178C150D9F7A89520E030E0A3
:10F67000A90160E08CED94E10E94C2BB8093DF148D
:10F68000813021F10F949A206C197D098E099F0910
:10F6900097FDECCF81E08093DD148CED94E10E9426
:10F6A000A5BB0E94634180E89EE30E94E63E0F9462
:10F6B000E02883E080937F02CF91FF90EF90DF906E
:10F6C000CF90BF90AF909F908F900895A8952AEA11
:10F6D00031E040E050E068E08CED94E10E94C2BB74
:10F6E000853069F581E08093E014A8958091E0145D
:10F6F000812C912C5401823029F4812C912CA12C45
:10F7000080E4B82E20E030E0A90167E38CED94E1BD
:10F710000E94C2BBA501940169E28CED94E10E94B4
:10F72000C2BB8093DF148823F9F00F949A206C19E0
:10F730007D098E099F0997FDE5CF8AE0ACCFC4E033
:10F740000E9436788093DF14C150D1F78A3A11F4C1
:10F7500082E0C9CF0F949A206C197D098E099F0908
:10F7600097FDB5CF82E097CF8091E0148230D1F43D
:10F7700020E030E0A9016AE38CED94E10E94C2BB75
:10F78000882311F088E087CF0E943678807C803C07
:10F7900019F483E08093E0140E9436780E94367852
:10F7A0000E9436788CED94E10E94A5BB1092DE1485
:10F7B00081E00F94CF0381110AC080E00F94CF0342
:10F7C000811105C00E949A3F8CE69EE36ECF6EEBDE
:10F7D00074E189E096E10E94E3BF811105C00E94B7
:10F7E0009A3F8BE59EE361CF8091EC158860809312
:10F7F000EC150E9463418FE49EE30E94E63E0E9466
:10F80000E2FA55CF089580E008958150823108F0E2
:10F810005AC0E82FF0E08827EF5EF3408F4F0D9439
:10F820007F3F31FC35FC23FC29FC2DFC63FC38FCBC
:10F830003EFC42FC48FC4CFC50FC56FC5AFC63FC71
:10F840005EFC64FC68FC809180008F778093800070
:10F850000895809180008F7DF9CF80918000877F0F
:10F86000F5CF84B58F7784BD089584B58F7DFBCFA8
:10F870008091B0008F778093B00008958091B000A0
:10F880008F7DF9CF809190008F77809390000895BD
:10F89000809190008F7DF9CF80919000877FF5CF88
:10F8A0008091A0008F778093A00008958091A000A0
:10F8B0008F7DF9CF8091A000877FF5CF80912001C7
:10F8C0008F77809320010895809120018F7DF9CF5B
:10F8D00080912001877FF5CF3FB7F8948091D218AF
:10F8E0009091D318A091D418B091D51826B5A89BA3
:10F8F00005C02F3F19F00196A11DB11D3FBFBA2FC2
:10F90000A92F982F8827BC01CD01620F711D811D81
:10F91000911D42E0660F771F881F991F4A95D1F706
:10F920000895AF92BF92CF92DF92EF92FF920F9322
:10F930001F93CF93DF936C017B018B01040F151F85
:10F94000EB015E01AE18BF08C017D10759F06991ED
:10F95000D601ED91FC910190F081E02DC601199541
:10F96000892B79F7C501DF91CF911F910F91FF90FE
:10F97000EF90DF90CF90BF90AF900895FC01808111
:10F980009281980F92832181921760F494819F5FF6
:10F9900094839381890F821710F08FEF820F8383F6
:10F9A00081E0089580E00895FC01128280818150F9
:10F9B000838314820895DC011696ED91FC911797CC
:10F9C00012968C911297481B483028F015968C910E
:10F9D000E80FF11D477081E090E001C0880F4A9563
:10F9E000EAF7E60FF11D3081222319F0832B808383
:10F9F000089580958323FBCFFB014181DC011296A2
:10FA00002C911297421768F013962C911397241794
:10FA100040F0608115962C91621718F424810C94A3
:10FA2000DBFC08950B96FC01849108950A96FC0175
:10FA300084910895FC01849108950E941AFD882301
:10FA400021F0823011F083E0089586E00895FC01F2
:10FA5000E60FF11D849190E0982F88273196E4916C
:10FA60008E0F911D089568E00C9427FD66E00C94BC
:10FA700027FD2EE93FE0009729F0F9013197F1F7D2
:10FA80000197F9CF08958EBD0DB407FEFDCF8EB559
:10FA90000895DB011496ED91FC9130E020E065E0E3
:10FAA0001994DB011496ED91FC9130E020E062E0C6
:10FAB0001994DB011496ED91FC9130E020E063E0B5
:10FAC0001994CF92DF92EF92FF920F931F93CF93EF
:10FAD000DF938C017B016A0180E0F601C491811102
:10FAE00010C081E0CF3F49F04C2FB701C8010E9400
:10FAF00049FD882309F444C080E0BFEFCB1ADB0A3C
:10FB0000ECCF4FEFCF3F89F3CE3FD9F1C03FA0F705
:10FB1000C03E38F04C2F4F70B701C8010E9451FD14
:10FB2000EBCFC03D38F04C2F4F70B701C8010E9499
:10FB300059FDE2CFC03CF8F0D7011496ED91FC914D
:10FB400030E020E040E064E0C8011995C295C07F34
:10FB5000CE5FD0E0CE010E9439FDD7011496ED9121
:10FB6000FC9130E020E041E064E0C8011995CE014D
:10FB70000E9439FDC1CFC7FDBFCF8C2F90E0F8CFD9
:10FB800080E0DF91CF911F910F91FF90EF90DF9078
:10FB9000CF900895AF92BF92DF92EF92FF920F93B2
:10FBA0001F93CF93DF938C01EB01D42E79018FE06B
:10FBB000481709F486C0A5E14A17B1F1BAE04B1322
:10FBC0000EC0EC81FD8130E020E042E061E0C80140
:10FBD000199540EF50E4BE01C8010E9461FD0A8002
:10FBE000DB81C02DF2E3DF1609F4DFC0FD1508F458
:10FBF0008EC085E1D81609F4DDC0A7E1DA1609F454
:10FC0000ECC0B4E1DB1278C0EE81FF818D8190E021
:10FC1000880F991F8E0F9F1F11928E179F07E1F774
:10FC2000CE010E94D4FC68C0AA80BB8048EE50E49C
:10FC3000C8010E9461FDF5014481440F406BBE0183
:10FC4000C8010E9449FD41E0BE01C8010E9451FD6A
:10FC5000D50116962D913C911797EC81FD81159653
:10FC60004C9166E0C801199540E0BE01C8010E94B0
:10FC700059FD48EE50E4BE01C8010E9461FDF50146
:10FC80004481440F4F5F406BBE01C8010E9449FD93
:10FC900041E0BE01C8010E9451FDD50115964C916D
:10FCA000159716962D913C91240F311DEC81FD8105
:10FCB00066E0C801199540E0BE01C8010E9459FDE7
:10FCC0008ECF41E0C8010E9459FD40E0BE01C8014D
:10FCD0000E9451FD41E8BE01C8010E9449FDF701A3
:10FCE000408146954695BE01C8010E9449FD40E00D
:10FCF000BE01C8010E9459FD81E0DF91CF911F91A3
:10FD00000F91FF90EF90DF90BF90AF900895E6E4E1
:10FD1000DE1609F471C0F7E4DF1609F471C08BE355
:10FD2000D812EACFD70111969C91119713968C9116
:10FD300038E0390F813031F0833011F0392F02C0B3
:10FD4000392F985021E04B81491708F420E041E019
:10FD5000391708F040E091E05A81351708F490E037
:10FD6000322F342B932311F4242331F2F701128123
:10FD700000E0D12C843048F490E0FC01E95BFC4FBA
:10FD8000D0808D5B9C4FDC010C9117FF04C0B70144
:10FD9000CE010E94FCFCF70180818D0D8083818162
:10FDA000800F8183110F89F7A7CFB701CE010E9481
:10FDB000FCFCA2CFCE010E94BEFC882309F49DCF9B
:10FDC000EE81FF818D8190E0880F991F8E0F9F1F1C
:10FDD00011928E179F07E1F78FCFD7011C928A816E
:10FDE00011968C9311978D81815012968C93129756
:10FDF0008B8113968C9380CF8D81F70180837CCF8C
:10FE00008981D7018C9378CF0F93FC010150040FA7
:10FE100084A996A9941788F0081710F4041778F4A9
:10FE20002150260F83A995A9961758F0281760F43A
:10FE300081E0261720F40F910895081778F780E0E5
:10FE4000FACF2817A8F7FBCF81E0F5CF2091A918AA
:10FE5000260F3327331F21323105ECF4209103198B
:10FE6000FC0190E080E0243069F082E00895A091E8
:10FE7000A9182191AC014757574EA40FB52FB11DBA
:10FE80002C930196861798F38091A918680F6093B8
:10FE9000A91880E0089581E00895089508950895CF
:10FEA000E091F9078091F807E81730F4F0E0E8599D
:10FEB000F74E808190E008958FEF9FEF0895909125
:10FEC000F9078091F8072FEF3FEF981748F4E92FD3
:10FED000F0E0E859F74E208130E09F5F9093F907FA
:10FEE000C90108958091F8079091F907891B990B32
:10FEF0000895CF92DF92EF92FF920F931F93CF93CB
:10FF0000DF937C01CB018A0120917614222389F0B2
:10FF1000EB016B01C40ED51ECC15DD0569F06991AE
:10FF2000D701ED91FC910190F081E02DC701199569
:10FF3000F3CF642F0E9426FFC801DF91CF911F915C
:10FF40000F91FF90EF90DF90CF900895CF93DF93C4
:10FF50001F92CDB7DEB76983209176142223F9F082
:10FF600020917914203258F021E030E0FC013383F5
:10FF7000228390E080E00F90DF91CF9108958091EF
:10FF80007714E82FF0E0E75FF64E998190838F5F5A
:10FF9000809377148093791481E090E0ECCF61E056
:10FFA000CE0101960E9426FFF7CF2F923F924F92EB
:10FFB0005F926F927F928F929F92AF92BF92CF92F9
:10FFC000DF92EF92FF920F931F93CF93DF931F92D5
:10FFD0001F92CDB7DEB76C012DB73EB73A832983A8
:10FFE00080916719811107C010924C1910924F1916
:10FFF00081E08093671980914419811107C01092A4
:020000022000DC
:10000000291910922C1981E080934419FB018081F9
:100010008F3209F072C089E096E1F6019183808306
:100020001092E2156F5F7F4FF601208031808B01C7
:100030002CE4E22E29E1F22E0115110509F440C04D
:100040004DB65EB66FE270E0C8010F94D6424C0127
:1000500008171907A8F53C01601A710A7724C30133
:1000600001962DB73EB7281B390B0FB6F8943EBF4B
:100070000FBE2DBF8DB79EB701965C01A301B801DD
:100080000F94FF42F501E60DF71D1082F601608125
:10009000718121E0A501C7010E94D9EA811133C015
:1000A000B50186EA94E40E94873F83EA94E40E94C3
:1000B000E63E0FB6F8945EBE0FBE4DBE10E000E007
:1000C000C801E981FA810FB6F894FEBF0FBEEDBFFB
:1000D0000F900F90DF91CF911F910F91FF90EF90B4
:1000E000DF90CF90BF90AF909F908F907F906F9058
:1000F0005F904F903F902F90089584E296E1F60133
:100100009183808391CFF6018081918128163906F1
:1001100011F00E94BFC4F601F182E082A091E215C5
:10012000AA3080F481E08A0F8093E215FBE1FA9F08
:10013000D0011124A15CB94EF7018BE101900D9221
:100140008A95E1F72CE4E21629E1F20669F499E2D6
:10015000E92E99E1F92E84010F5F1F4F0FB6F89435
:100160005EBE0FBE4DBE68CF8CE4E82E89E1F82E4E
:10017000F2CFCF9321E04EE353E069E076E18EEEDB
:1001800095E10E94D9EAC82F882321F08EEE95E1EF
:100190000E94BFC48C2FCF910895CF93DF93CDB72A
:1001A000DEB78091901481110EC09E01275F3F4FF2
:1001B0004F81588565E170E08AE794E10F946B38D0
:1001C00083E080937F02DF91CF9108950F931F9377
:1001D000CF93DF938B01EA01DB016D917C910E944B
:1001E000C8C4D801ED91FC91119788819081992321
:1001F00049F08936A0F43196ED93FC9388818F5FA6
:100200008883EFCF893658F48FE28083F8018081AC
:10021000918101969183808388818F5F8883DF91AC
:10022000CF911F910F910895FC01DB018C912081EA
:100230003181382798E0A901220F331F57FD05C0EF
:100240009150C9F7318320830895B1E22B27B0E1A3
:100250003B27F6CF2F923F924F925F926F927F9201
:100260008F929F92AF92BF92CF92DF92EF92FF92C6
:100270000F931F93CF93DF93CDB7DEB767970FB67A
:10028000F894DEBF0FBECDBF4C012A013B013F8B6E
:100290002E8B198A1A8A1D861E861F86188ADB01F4
:1002A000CA0137E0B695A795979587953A95D1F706
:1002B0009A878987842F8F778B8B80588B878C8741
:1002C0009FEF491651046104710491F088F0009188
:1002D00093141091941480919114909192149D8B89
:1002E0008C8BAA24A394B12C0115110509F04CC0E4
:1002F000498AB401AE014F5E5F4F8E899F890E948B
:10030000052767960FB6F894DEBF0FBECDBFDF910D
:10031000CF911F910F91FF90EF90DF90CF90BF9002
:10032000AF909F908F907F906F905F904F903F9095
:100330002F9008958217930710F19C818B85981751
:1003400008F443C09B818C858917C8F06091911493
:1003500070919214620D731D48E050E0CE01099631
:100360000F94DD376F8578896115710509F286165E
:10037000970609F4BFCF8B898068898BBBCF860134
:100380000A151B0508F4B4CF7501E00EF11EF694B2
:10039000E794670191E0C91AD108160193E0220C95
:1003A000331C9A95E1F76C897D89620D731D48E0D5
:1003B00050E0CE0101960F94DD3729813A8189857D
:1003C0009A852817390708F0B5CF57018FEFA81A7B
:1003D000B80AD6CFAF92BF92CF92DF92EF92FF9240
:1003E0000F931F93CF93DF9300D01F92CDB7DEB74B
:1003F0007C018B015A01690119821A821B821C82BD
:10040000AE014F5F5F4FB501C8010E94D82A8C0131
:1004100049815A816B817C814115510561057105C6
:1004200029F09601C7010F942A01E6CF0F900F9093
:100430000F900F90DF91CF911F910F91FF90EF9050
:10044000DF90CF90BF90AF9008958F929F92AF9220
:10045000BF92CF92DF92EF92FF920F931F93CF93B1
:10046000DF93B0E4A0E06A2F70E0AB014B0F511DA9
:1004700055954795411119C0EBE9FEE365917491DB
:10048000072E000C880B990B0F94AB38DF91CF919E
:100490001F910F91FF90EF90DF90CF90BF90AF90A2
:1004A0009F908F900895B42FE0CF4A1711F0B413A6
:1004B00003C0E7E9FFE3E2CF9A0121503109220F9F
:1004C000331F220F331FF901E756F14CE590F490EA
:1004D000F901E356F14CC591D4918E159F051CF39B
:1004E000A42FC817D9070CF4BECFF901E556F14C7B
:1004F00005911491F901E156F14CC590D490BC01DD
:100500006E197F09072E000C880B990B0F94AB38DE
:100510004B015C01B601601B710B072E000C880BB0
:10052000990B0F94AB389B01AC01C501B4010F943A
:100530000A394B015C01BE016E197F09072E000CC0
:10054000880B990B0F94AB389B01AC01C501B4012A
:100550000F9482406B017C01B801110F880B990B3D
:100560000F94AB389B01AC01C701B6010F94883FD3
:100570008DCF8F929F92AF92BF92CF92DF92EF92E8
:10058000FF920F931F93CF93DF9300D01F92CDB7AD
:10059000DEB7FC018381813091F080E00F900F90F5
:1005A0000F900F90DF91CF911F910F91FF90EF90DF
:1005B000DF90CF90BF90AF909F908F9008958181F2
:1005C00081FFEBCF81899289A389B489892B8A2BFA
:1005D0008B2B09F460C07F0140E050E0BA01CF01ED
:1005E0000E942EC18823C9F2F701C18CD28C858864
:1005F0009688A788B08C82E090E0A0E0B0E0F60199
:1006000080839183A283B3839E012F5F3F4FB50107
:10061000A401C6010E94F6BE882309F4BECF00E003
:1006200010E09801B501A401C6010E9464BE8823B0
:1006300009F4B3CF89809A80AB80BC80F6018789AA
:10064000803101F5F8EF8F16FFEF9F06A104B1048A
:10065000D8F2F701158A168A178A108E118A128A23
:10066000138A148A818180688183C7010E940BC329
:10067000882309F492CF40E050E0BA01C7010E94FC
:100680002EC18CCF88EF88168FEF9806A8068FE0D2
:10069000B806F8F6B9CF81E081CFCF93DF932091F0
:1006A000901421111DC0FC0101900020E9F7319741
:1006B000EF01C81BD90BC631D1052CF02291207C4B
:1006C0002038E1F3F5CFBC01DD27AE018AE794E1E4
:1006D0000F94FF42C658DB4E188283E080937F025E
:1006E000DF91CF910895CF93DF93EC010E949A3F61
:1006F000CE010E94E63E6091721470917314809155
:100700007414909175140E94B1430E9470490E9424
:100710005D4B0196E1F70E94764910927114109298
:100720007014DF91CF9108958823A9F10E9463414D
:1007300040913C1450913D1460913E1470913F14CF
:100740008CE994E40E940E4540914014509141146C
:10075000609142147091431489E994E40E940E451B
:10076000409144145091451460914614709147147F
:1007700086E994E40E940E45409148145091491432
:1007800060914A1470914B1483E994E40E940E45E1
:100790008AE00C94DF3E80E20E94DF3EC9CF4F9298
:1007A0005F926F927F928F929F92AF92BF92CF9201
:1007B000DF92EF92FF920F931F93CF93DF932CED75
:1007C00034E130932714209326141092D51442E07C
:1007D00050E060E070E04093BE145093BF1460930B
:1007E000C0147093C1141092251410922114109209
:1007F000221410922314109224144FEF5FEFBA01C9
:1008000040931D1450931E1460931F147093201472
:10081000882309F481C040E060E070E0CB010E94D1
:1008200027BE811113C0C0E08C2FDF91CF911F91A3
:100830000F91FF90EF90DF90CF90BF90AF909F907F
:100840008F907F906F905F904F9008958091DB1311
:100850008F7749F78091E7139091E813A091E913FE
:10086000B091EA1384369105A105B105E0F2C0907C
:10087000E313D090E413E090E513F090E613C11475
:10088000D104E104F10479F240E0C701B6010E940D
:1008900027BEC82F882339F28091281290912912FF
:1008A0008115924009F0BFCFA0912D12AA2309F41F
:1008B000BACF60912B1270912C126115710509F459
:1008C000B2CF80902A12882009F4ADCFA093D01423
:1008D0008092C21490E080E0912CB12CA12C412C8C
:1008E000512C32014394D82F93018201082E04C069
:1008F000000F111F221F331F0A94D2F78016910692
:10090000A206B30669F021E0280F0196893091050F
:1009100051F72093CB1487CFC12CD12C7601B4CFC3
:100920008093CB14209133123091341250E040E088
:100930002115310541F4209141123091421240912C
:100940004312509144122093C3143093C414409323
:10095000C5145093C61446015701860E971EA11C5C
:10096000B11C8092D1149092D214A092D314B09260
:10097000D414E0912E12F0912F12F093D714E0933B
:10098000D614B0E00F94293FDC01CB01880D991DEE
:10099000AA1DBB1D8093D8149093D914A093DA1488
:1009A000B093DB1425E0EE0FFF1F2A95E1F7E1502D
:1009B000FE4FEF2FFF27E6958E0F9F1FA11DB11D44
:1009C0008093CC149093CD14A093CE14B093CF14F5
:1009D0008090301290903112B12CA12C811491048E
:1009E00041F480903D1290903E12A0903F12B09042
:1009F0004012C81AD90AEA0AFB0AC80CD91CEA1C18
:100A0000FB1C04C0F694E794D794C794DA95D2F708
:100A1000C092C714D092C814E092C914F092CA14BC
:100A200085EFC8168FE0D806E104F10420F48CE0CD
:100A30008093D514F8CE80E125EFC2162FEFD206B1
:100A4000E104F10488F08091491290914A12A0913A
:100A50004B12B0914C128093D8149093D914A09358
:100A6000DA14B093DB1480E28093D514DDCE2F929C
:100A70003F924F925F926F927F928F929F92AF922E
:100A8000BF92CF92DF92EF92FF920F931F93CF937B
:100A9000DF93CDB7DEB7CE57D1090FB6F894DEBFDE
:100AA0000FBECDBF4B015A016901AB96FFAEEEAE52
:100AB000AB97DC012D913D914D915C912B962CAF24
:100AC0003DAF4EAF5FAF2B9720913C1430913D145A
:100AD00040913E1450913F142B966CAD7DAD8EAD80
:100AE0009FAD2B970F940A390F94F54127966CAF61
:100AF0007DAF8EAF9FAF279769AB7AAB8BAB9CABCB
:100B0000D4012D913D914D915C9163962CAF3DAFF9
:100B10004EAF5FAF639720914014309141144091E4
:100B200042145091431463966CAD7DAD8EAD9FAD74
:100B300063970F940A390F94F5412B013C014DAA9C
:100B40005EAA6FAA78AED5012D913D914D915C9131
:100B500067962CAF3DAF4EAF5FAF679720914414BF
:100B600030914514409146145091471467966CADEE
:100B70007DAD8EAD9FAD67970F940A390F94F54107
:100B80004B015C0189AE9AAEABAEBCAED6012D91E5
:100B90003D914D915C912F962CAF3DAF4EAF5FAF25
:100BA0002F97209148143091491440914A14509144
:100BB0004B142F966CAD7DAD8EAD9FAD2F970F94DE
:100BC0000A390F94F5416B017C012196CCAEDDAE64
:100BD000EEAEFFAE21972B962CAD3DAD4EAD5FAD89
:100BE0002B9729A33AA34BA35CA363968CAD9DAD31
:100BF000AEADBFAD63978DA39EA3AFA3B8A7679615
:100C00002CAD3DAD4EAD5FAD679729A73AA74BA779
:100C10005CA72F968CAD9DADAEADBFAD2F978DA7C8
:100C20009EA7AFA7B8AB80911C1283FF16C0C092DD
:100C30007215D0927315E0927415F09275152F9677
:100C40002CAD3DAD4EAD5FAD2F9720936215309327
:100C50006315409364155093651580911A12909115
:100C60001B12892B11F00D94DB15D801BC91A496B1
:100C7000BFAFA497F801F1816896FFAF6897D801DC
:100C80001296BC91A096BFAFA097F8010381809106
:100C9000541590915515891B80958F7019F40E94F9
:100CA000D44CF5CFF0915415EF96FFAFEF9720910C
:100CB0005415E6962FAFE697222E312C80916615BB
:100CC00090916715A0916815B091691527962CAD84
:100CD0003DAD4EAD5FAD2797281B390B4A0B5B0B23
:100CE00027962CAF3DAF4EAF5FAF279780916A1527
:100CF00090916B15A0916C15B0916D15481A590A19
:100D00006A0A7B0A80916E1590916F15A0917015FB
:100D1000B0917115A5019401281B390B4A0B5B0B8F
:100D200063962CAF3DAF4EAF5FAF63978091721566
:100D300090917315A0917415B0917515A701960146
:100D4000281B390B4A0B5B0B2B962CAF3DAF4EAFDC
:100D50005FAF2B97232B242B252B09F48CC080917C
:100D6000B50C811133C060919F147091A0148091D3
:100D7000A1149091A2140F94F44020917D0230911F
:100D80007E026217730714F5C0927215D092731524
:100D9000E0927415F09275152F968CAD9DADAEADA9
:100DA000BFAD2F978093621590936315A093641540
:100DB000B09365150E94634188E794E40E94E63E83
:100DC0002B961CAE1DAE1EAE1FAE2B972B966CAD98
:100DD0007DAD8EAD9FAD2B970F94AB3820917902EE
:100DE00030917A0240917B0250917C020F940A3933
:100DF0004B015C0120E030E0A9010F94E84187FF3E
:100E000004C0B7FAB094B7F8B09420E030E048E4FA
:100E100053E4609148147091491480914A14909160
:100E20004B140F940A39A50194010F94A43887FF3D
:100E300022C0C0927215D0927315E0927415F09290
:100E400075152F962CAD3DAD4EAD5FAD2F97209310
:100E500062153093631540936415509365150E9495
:100E6000634189E594E40E94E63E2B961CAE1DAEDC
:100E70001EAE1FAE2B9727968CAD9DADAEADBFAD10
:100E800027978827B7FD83959927AA27BB27182F6F
:100E900077FC126063968CAD9DADAEADBFAD639730
:100EA000B7FD14602B962CAD3DAD4EAD5FAD2B97CD
:100EB00057FD18602B966CAD7DAD8EAD9FAD2B9719
:100EC0000F94AB382091790230917A0240917B02E5
:100ED00050917C020F940A396B017C0120E030E0D4
:100EE000A9010F94E84187FD02C00D947D0FC70151
:100EF000B601905820E030E040E05FE30F94883F77
:100F00000F94FB406F966CAF7DAF8EAF9FAF6F9726
:100F100086E5829DF001839DF00D1124E654F34F88
:100F2000108215AB27968CAD9DADAEADBFAD2797AA
:100F300067968CAF9DAFAEAFBFAF6797B7FF0DC0E1
:100F4000B095A095909581959F4FAF4FBF4F6796F5
:100F50008CAF9DAFAEAFBFAF679786E5829DF001C6
:100F6000839DF00D1124E654F34F67962CAD3DADF3
:100F70004EAD5FAD6797258B368B478B508F2F9685
:100F80004CAE5DAE6EAE7FAE2F9777FE0DC088275C
:100F90009927DC0184199509A609B7092F968CAF0A
:100FA0009DAFAEAFBFAF2F9786E5829DF001839DC9
:100FB000F00D1124E654F34F2F962CAD3DAD4EAD00
:100FC0005FAD2F97218F328F438F548F63968CACF8
:100FD0009DACAEACBFAC6397B7FE08C0B094A09414
:100FE00090948094811C911CA11CB11C86E5829D6B
:100FF000F001839DF00D1124E654F34F858E968EFB
:10100000A78EB0A227966CAD7DAD8EAD9FAD279714
:101010000F94AB382091A50C3091A60C4091A70CF1
:101020005091A80C0F940A39A9966CAF7DAF8EAF82
:101030009FAFA997698B7A8B8B8B9C8BC301B20175
:101040000F94AB382091A90C3091AA0C4091AB0CB5
:101050005091AC0C0F940A392B013C014D8A5E8AE9
:101060006F8A788E63966CAD7DAD8EAD9FAD6397C4
:101070000F94AB382091AD0C3091AE0C4091AF0C79
:101080005091B00C0F940A3963966CAF7DAF8EAF60
:101090009FAF6397698F7A8F8B8F9C8F2091B10C54
:1010A0003091B20C4091B30C5091B40CC701B60111
:1010B0000F940A396B017C01CD8EDE8EEF8EF8A283
:1010C00067968CAD9DADAEADBFAD67970697A10598
:1010D000B1050CF016C72F962CAD3DAD4EAD5FADF2
:1010E0002F9726303105410551050CF00AC736E02F
:1010F00083169104A104B1040CF003C720E030E092
:10110000A901C701B6010F94E84187FF04C0F7FAAF
:10111000F094F7F8F09486E5829DF001839DF00D40
:101120001124E654F34FC586D686E786F08A86E515
:10113000829DF001839DF00D1124E654F34F6F96CC
:101140002CAD3DAD4EAD5FAD6F9721A332A343A350
:1011500054A367968CAD9DADAEADBFAD67972F968E
:101160002CAD3DAD4EAD5FAD2F9782179307A40711
:10117000B50710F4DA01C90188159905AA05BB0560
:1011800010F4D501C4016F962CAD3DAD4EAD5FADF1
:101190006F9782179307A407B50710F4DA01C90106
:1011A00026E5229DF001239DF00D1124E654F34F16
:1011B00085A396A3A7A3B0A70697A105B10510F430
:1011C0000D94BB15EF5AFF4F8091A40C8083279696
:1011D0008CAD9DADAEADBFAD2797892B8A2B8B2BE8
:1011E00009F05F9886E5829DF001839DF00D112442
:1011F000E654F34F818D928DA38DB48D892B8A2B6C
:101200008B2B09F08A9886E5829DF001839DF00D75
:101210001124E654F34F858D968DA78DB0A1892BAF
:101220008A2B8B2B29F08091080181708093060115
:101230006F962CAD3DAD4EAD5FAD6F97232B242B3C
:10124000252B11F40D94DD158091DC18882319F0FD
:1012500081508093DC18129880E28093DC18D09043
:101260006814E0906914F0906A1410916B142D2D9D
:101270003E2D4F2D512FA4966FADA49768967FAD4C
:101280006897A0968FADA097902F0F94A43887FDF4
:101290000AC0A496DFACA4976896EFAC6897A096B6
:1012A000FFACA097102F86E5829DF001839DF00D85
:1012B0001124E654F34F258536854785508960E033
:1012C00070E080E89FE30F948240E1966CAF7DAFC1
:1012D0008EAF9FAFE1972D2D3E2D4F2D512F0F94A7
:1012E0000A394B015C018091541590915215891B6C
:1012F0008F70A6968FAFA697A501940160E074E267
:1013000084E799E40F9482400F94F5416B017C01CE
:10131000A6968FADA69782508630C0F5809138147E
:1013200090913914A0913A14B0913B14C816D90683
:10133000EA06FB0658F5BC01CD016C197D098E0942
:101340009F09660F771F881F991FA696AFADA697B6
:101350002A2F30E050E040E00F94E83ECA01B90186
:101360000F94A9380F94F440C60ED71EE81EF91E3C
:10137000C701B6010F94A9389B01AC0160E074E28B
:1013800084E799E40F9482404B015C0180916F00E7
:10139000282F227081FF05C080916F008D7F809380
:1013A0006F008091A00C9091A10CA091A20CB09123
:1013B000A30C8C0D9D1DAE1DBF1D8093A00C9093A2
:1013C000A10CA093A20CB093A30C222329F080912E
:1013D0006F00826080936F0086E5829D8001839D0F
:1013E000100D11240654134FF801258536854785C5
:1013F0005089C501B4010F940A399B01AC010F94C7
:101400000A39E5966CAF7DAF8EAF9FAFE597D801F7
:1014100011966D937D938D939C93149795962D9132
:101420003D914D915C9198976B962CAF3DAF4EAF2F
:101430005FAF6B97CA01B9010F94A938A3966CAF3F
:101440007DAF8EAF9FAFA3979B01AC01C501B401E7
:101450000F940A390F9466400F94FB40EA966CAFE4
:101460007DAF8EAF9FAFEA97F801EF5BFF4F6083D0
:10147000718382839383FE017196AB96FFAFEEAFCB
:10148000AB979E012F5F3F4FA5963FAF2EAFA5971D
:101490004CE454E1EC965FAF4EAFEC97CE018196F1
:1014A00023969FAF8EAF2397EE963FAF2EAFEE976A
:1014B00024961FAE24972C961FAE2C9790E860962A
:1014C0009FAF6097AFE36496AFAF6497AB96EEAD16
:1014D000FFADAB972191319141915191AB96FFAF07
:1014E000EEAFAB97C501B4010F940A396B017C01D3
:1014F000EE96AEADBFADEE97CD92DD92ED92FD9240
:10150000EE96BFAFAEAFEE9720E030E0A9010F94AA
:10151000E84187FF04C0F7FAF094F7F8F094EC96EE
:10152000EEADFFADEC974190519061907190EC96CB
:10153000FFAFEEAFEC97A7019601C301B2010F9484
:10154000A43887FF24C0A7019601C301B2010F94FC
:1015500082407B018C0124962FAD24972C963FADC1
:101560002C9760964FAD609764965FAD64970F942B
:10157000A43887FF0CC02496EFAE24972C96FFAEBC
:101580002C9760960FAF609764961FAF6497239671
:101590002EAD3FAD2397AB964EAD5FADAB97241705
:1015A000350709F093CF20E030E040E85FE3249670
:1015B0006FAD24972C967FAD2C9760968FAD60977A
:1015C00064969FAD64970F94A43887FF7CC0A5965E
:1015D000CEACDFACA59750E1C50ED11CA596EEAC04
:1015E000FFACA597D7016D917D918D919D917D0166
:1015F0008D010450110924962FAD24972C963FADF0
:101600002C9760964FAD609764965FAD64970F948A
:101610000A39F8016083718382839383CE14DF04D7
:1016200009F726E5229DC001239D900D11249C0100
:101630002654334F790189010F5B1F4FEA966CAD39
:101640007DAD8EAD9FADEA970F94A93824962FAD4E
:1016500024972C963FAD2C9760964FAD609764967B
:101660005FAD64970F940A390F94FB40D8016D93D6
:101670007D938D939C93139724962FAD24972C964E
:101680003FAD2C9760964FAD609764965FAD6497C1
:1016900024966FAD24972C967FAD2C9760968FADD6
:1016A000609764969FAD64970F940A39E5962CADC8
:1016B0003DAD4EAD5FADE5970F940A39F7016183FB
:1016C000728383839483A3962CAD3DAD4EAD5FAD05
:1016D000A397E1966CAD7DAD8EAD9FADE1970F9474
:1016E0000A3927966CAF7DAF8EAF9FAF279786E5FF
:1016F000829D8001839D100D11240654134FD80143
:1017000055968D909D90AD90BC9058978114910402
:10171000A104B10409F03FC459968D919D910D909B
:10172000BC91A02D892B8A2B8B2B09F034C4F80196
:10173000858D968DA78DB0A1892B8A2B8B2B09F0D7
:101740002AC4209160143091611440916214509128
:10175000631427966CAD7DAD8EAD9FAD27970F942A
:101760000A390F9466400F94FB402B013C01D801CD
:10177000D6961C9286E5829D8001839D100D1124D2
:101780000654134FF801E35BFF4F4082518262829F
:101790007382C301B2010F94A9386B017C012796B3
:1017A0002CAD3DAD4EAD5FAD27970F948240A39613
:1017B0006CAF7DAF8EAF9FAFA397D80151966D935D
:1017C0007D938D939C9354972DEB37E346E051E442
:1017D000C701B6010F940A390F94FB40F80161ABC1
:1017E00072AB83AB94AB86A9882381F1FD962081EF
:1017F0003181428153816091B60C7091B70C809118
:10180000B80C9091B90C0F940A39A3962CAD3DAD4C
:101810004EAD5FADA3970F940A39209148143091D3
:10182000491440914A1450914B140F940A399B016A
:10183000AC0160E074E284EF99E40F9482400F946D
:10184000FB40D801D8967C936E93D79786E5829D0E
:10185000F001839DF00D1124E654F34F2181328174
:1018600043815481AD962CAF3DAF4EAF5FAFAD9786
:10187000CA01B9010F943642162F072F24968FAF55
:10188000249728969FAF289740E95CE0E3965FAFE6
:101890004EAFE397A5966EAC7FACA59750E1650E71
:1018A000711C80E99CE0AF969FAF8EAFAF97A59675
:1018B0004EAC5FACA5972C961FAF2C9760960FAFE0
:1018C000609724969FAD249764969FAF649728965F
:1018D000AFAD28976C96AFAF6C9768961FAE6897C0
:1018E000F201C190D190E190F1902F0120E030E021
:1018F000A901C701B6010F94E84187FF04C0F7FAB8
:10190000F094F7F8F094AF96AEADBFADAF978D9071
:101910009D90AD90BD90AF96BFAFAEAFAF97A70112
:101920009601C501B4010F94A43887FF3EC06896A4
:10193000BFAD6897BB2309F46AC6A5019401612F66
:10194000702F24968FAD249728969FAD28970F94DB
:101950000A394B015C012C962FAD2C9760963FAD58
:10196000609764964FAD64976C965FAD6C97C701B6
:10197000B6010F940A399B01AC01C501B4010F9463
:10198000A43887FF12C0A7019601C501B4010F94C6
:1019900082402C966FAF2C9760967FAF60976496CD
:1019A0008FAF64976C969FAF6C976414750409F0C1
:1019B00097CFA696FFADA697FF2309F480C6C090E7
:1019C0006F19D0907019E0907119F09072192DEB89
:1019D00037E346E855E3C701B6010F94A43887FD05
:1019E00081C6C701B6010F9436426B017C019B0191
:1019F000AC01612F702F24968FAD249728969FAD50
:101A000028970F94A43887FD08C01C2D0D2D24960F
:101A1000EFAE24972896FFAE28979601A701612F75
:101A2000702F24968FAD249728969FAD28970F94FA
:101A30008240E1966CAF7DAF8EAF9FAFE19723E719
:101A400039E1A7963FAF2EAFA797412C512C20E844
:101A5000622E2FE3722E68961FAE6897A796AEADE2
:101A6000BFADA7972D913D914D915D91A796BFAFC9
:101A7000AEAFA797E1966CAD7DAD8EAD9FADE19712
:101A80000F940A394B015C01A596EEADFFADA59709
:101A9000C190D190E190F190A596FFAFEEAFA597E0
:101AA0006896FFAD6897FF2371F0A30192010F9430
:101AB0000A394B015C01A3019201C701B6010F94E1
:101AC0000A396B017C01A7019601C501B4010F948D
:101AD000E84120E030E0A90118160CF0CFC5C7019D
:101AE000B6010F94E84118164CF020E030E0A9014F
:101AF000C501B4010F94A43887FFB0C5A7019601B2
:101B0000C501B4010F94873F6B017C01E396AEAD34
:101B1000BFADE3978D909D90AD90BD90E396BFAF24
:101B2000AEAFE397A7019601C501B4010F94A438A5
:101B300087FF15C0A7019601C501B4010F9482402B
:101B40009B01AC01C301B2010F940A392B013C0186
:101B50006896BFAD6897BF5F6896BFAF6897E3E8C8
:101B6000F9E1A7962EAD3FADA797E217F30709F06D
:101B700075CF68963FAD68973323A1F0A30192011A
:101B8000612F702F24968FAD249728969FAD2897AC
:101B90000F940A39162F072F24968FAF2497289673
:101BA0009FAF289724EA30E74DE75FE3612F702F5E
:101BB00024968FAD249728969FAD28970F940A39C5
:101BC0006B017C012091D8183091D9184091DA1816
:101BD0005091DB180F94A43887FF12C02C962FADBC
:101BE0002C9760963FAD609764964FAD64976C9666
:101BF0005FAD6C97C701B6010F94A43887FD85C50A
:101C00002C968FAD2C9760969FAD60976496AFAD84
:101C100064976C96BFAD6C978093D8189093D91841
:101C2000A093DA18B093DB1896E5D92ED29CC001A8
:101C3000D39C900D1124FC01E654F34F7F01212F1A
:101C4000302F24964FAD249728965FAD2897612FAB
:101C5000702F24968FAD249728969FAD28970F94C8
:101C60000A39D70119966D937D938D939C931C9798
:101C7000E696BFADE697BD9D800111240654134F33
:101C8000A3966CAD7DAD8EAD9FADA39790589B0193
:101C9000AC010F94883FF80125853685478550892A
:101CA0000F940A399B01AC016BE077ED83E29BE373
:101CB0000F94873F9B01AC018BE097EDA3E2BBE360
:101CC000F70185839683A783B0871081AD966CADAD
:101CD0007DAD8EAD9FADAD970F94A43818160CF462
:101CE00027C583E0182B86E5829DF001839DF00DCA
:101CF0001124E654F34F108380E1FE013196A3E7EF
:101D0000B9E101900D928A95E1F7AD962CAD3DAD0C
:101D10004EAD5FADAD9720936F193093701940931E
:101D200071195093721980E1FE01F196A6E6B5E1B2
:101D300001900D928A95E1F780E1FE01B196A6E54A
:101D4000B5E101900D928A95E1F79091541580913B
:101D50005515981303C084E680935115EF968FAD07
:101D6000EF978F5F8F7080935415809154159091E9
:101D7000531581508F70891709F494C5109154152B
:101D80002090531580915415281609F4F0C4115071
:101D90001F70D12CC12C121509F4E9C4812E912C8D
:101DA00036E5389DF001399DF00D1124E654F34FCE
:101DB000808183FDD7C42596FFAFEEAF2597B18410
:101DC0000285A38434844580568067807084A30193
:101DD00092016B2D702F8A2D932D0F94A4388111B1
:101DE00008C0C114D10409F47AC0D6018C9180FFD7
:101DF00076C0B6E5B89DF001B99DF00D1124E6540A
:101E0000F34F808181FD47C0C114D10409F497C408
:101E1000F601C580D680E780F08426E5289DF00194
:101E2000299DF00D1124E654F34F6189728983894D
:101E3000948990589B01AC010F94883F2596AEADD4
:101E4000BFAD25971D962D913D914D915C91509779
:101E50000F940A399B01AC01C701B6010F94873F6B
:101E6000D62EC72E28968FAF28972C969FAF2C97EB
:101E7000262F372FAC016B2D702F8A2D932D0F94A9
:101E8000A43887FD08C0BD2C0C2D2896AFAC289730
:101E90002C963FAC2C972B2D302F4A2D532DC30160
:101EA000B2010F94A4388823D1F0B6E5B89DC001E3
:101EB000B99D900D1124FC01E654F34F6F01808110
:101EC0008160808325968EAD9FAD25970E94C8CDF9
:101ED000882309F43DC4D6018C918E7F8C931150D8
:101EE0001F70822D20905315281609F423C418174B
:101EF00009F43DC48F5F8F70F5CFC701B6010D9413
:101F00007A07AB96AEADBFADAB97CD90DD90ED90BF
:101F1000FC9020E030E0A901C701B6010F94A4387D
:101F20008111F9C8A9962CAD3DAD4EAD5FADA99715
:101F3000CA01B9010F940A396B017C01A301920116
:101F4000C301B2010F940A399B01AC01C701B6016C
:101F50000F94883F6B017C0163962CAD3DAD4EAD77
:101F60005FAD6397CA01B9010F940A399B01AC01B7
:101F7000C701B6010F94883F0F94364226E5229D93
:101F8000F001239DF00D1124E654F34F6587768709
:101F90008787908BCCC86F962CAD3DAD4EAD5FADB5
:101FA0006F97232B242B252B09F43AC120915C1425
:101FB00030915D1440915E1450915F1427966CAD82
:101FC0007DAD8EAD9FAD27970F940A390F94664073
:101FD0000F94FB402B013C016F968CAD9DADAEADD7
:101FE000BFAD6F97892B8A2B8B2B39F12091B60CC3
:101FF0003091B70C4091B80C5091B90C2F962CAF82
:102000003DAF4EAF5FAF2F9720E030E0A9012F9694
:102010006CAD7DAD8EAD9FAD2F970F94A438882306
:1020200061F02B968CAD9DADAEADBFAD2B97181664
:1020300019061A061B060CF4FCC086E5829DF00109
:10204000839DF00D1124E654F34F16AA80918C0C59
:1020500090918D0CA0918E0CB0918F0C6B962CAD45
:102060003DAD4EAD5FAD6B9782179307A407B507E3
:1020700008F4AEC181149104A104B10411F160917E
:102080007C0C70917D0C80917E0C90917F0C64157E
:10209000750586059705A8F40F94D83E6B017C0161
:1020A000A5019401C301B2010F94D83EC616D7060C
:1020B000E806F90630F4C701B6010F94E83E29019D
:1020C0003A0186E5829DF001839DF00D1124E654CE
:1020D000F34FC18CD28CE38CF48CC114D104E10495
:1020E000F10441F16091800C7091810C8091820C1F
:1020F0009091830C6415750586059705D8F46B9649
:102100002CAD3DAD4EAD5FAD6B970F94D83E4B01FE
:102110005C01A7019601C301B2010F94D83E861657
:102120009706A806B90630F4C501B4010F94E83E3D
:1021300029013A0186E5829DF001839DF00D11246D
:10214000E654F34FC58CD68CE78CF0A0C114D104B3
:10215000E104F10441F16091840C7091850C80914F
:10216000860C9091870C6415750586059705D8F443
:102170006B962CAD3DAD4EAD5FAD6B970F94D83ED9
:102180004B015C01A7019601C301B2010F94D83E37
:1021900086169706A806B90630F4C501B4010F9457
:1021A000E83E29013A0186E5829DF001839DF00D0C
:1021B0001124E654F34FC1A0D2A0E3A0F4A0C114AF
:1021C000D104E104F10409F4D5CA6091880C70913E
:1021D000890C80918A0C90918B0C6415750586058D
:1021E000970508F0C7CA6B962CAD3DAD4EAD5FADFF
:1021F0006B970F94D83E4B015C01A7019601C30178
:10220000B2010F94D83E86169706A806B90608F0C4
:10221000B1CAC501B4010F94E83E29013A01AACA26
:1022200020916414309165144091661450916714A4
:10223000C5CE86E5829D8001839D100D1124065434
:10224000134F81E0D801D6968C932091561530918A
:102250005715409158155091591569A17AA18BA134
:102260009CA10F94873F2B966CAF7DAF8EAF9FAF35
:102270002B9720915A1530915B1540915C15509128
:102280005D156DA17EA18FA198A50F94873F6396E0
:102290006CAF7DAF8EAF9FAF639720915E1530918D
:1022A0005F15409160155091611569A57AA58BA5C0
:1022B0009CA50F94873F6B017C012B962CAD3DAD07
:1022C0004EAD5FAD2B97CA01B9010F940A392B9619
:1022D0006CAF7DAF8EAF9FAF2B9763962CAD3DADAE
:1022E0004EAD5FAD6397CA01B9010F940A399B01E6
:1022F000AC012B966CAD7DAD8EAD9FAD2B970F9441
:10230000883F2B966CAF7DAF8EAF9FAF2B97A70109
:102310009601C701B6010F940A399B01AC012B96B7
:102320006CAD7DAD8EAD9FAD2B970F94883F0F9414
:1023300036426B017C01209162153091631540910A
:102340006415509165156DA57EA58FA598A90F946C
:10235000873FA70196010F9482406B017C01F80131
:10236000FD96C082D182E282F38220E030E040E438
:1023700050E40F94E841181614F4F80166CEA70152
:1023800096012F966CAD7DAD8EAD9FAD2F970F94BE
:102390000A399B01AC0160919C0C70919D0C80915D
:1023A0009E0C90919F0C0F94824027962CAD3DADD2
:1023B0004EAD5FAD27970F940A390F94FB4064151B
:1023C00075058605970508F041CE2B013C013ECEF0
:1023D00081149104A104B104C9F160917C0C709145
:1023E0007D0C80917E0C90917F0C6415750586059F
:1023F000970560F50F94A938A3962CAD3DAD4EAD71
:102400005FADA3970F940A396B017C01C501B4013C
:102410000F94A9384B015C01C301B2010F94A93894
:10242000A50194010F940A399B01AC01C701B601C3
:102430000F94A43887FF0AC0A5019401C701B60113
:102440000F9482400F94FB402B013C0186E5829D56
:10245000F001839DF00D1124E654F34F818C928C92
:10246000A38CB48C81149104A104B104C9F16091CE
:10247000800C7091810C8091820C9091830C64157A
:1024800075058605970560F50F94A938A3962CADC0
:102490003DAD4EAD5FADA3970F940A396B017C0142
:1024A000C501B4010F94A9384B015C01C301B2010D
:1024B0000F94A938A50194010F940A399B01AC012E
:1024C000C701B6010F94A43887FF0AC0A501940183
:1024D000C701B6010F9482400F94FB402B013C01D1
:1024E00086E5829DF001839DF00D1124E654F34FA3
:1024F000858C968CA78CB0A081149104A104B104A2
:10250000C9F16091840C7091850C8091860C90913A
:10251000870C641575058605970560F50F94A93835
:10252000A3962CAD3DAD4EAD5FADA3970F940A3988
:102530006B017C01C501B4010F94A9384B015C010A
:10254000C301B2010F94A938A50194010F940A396F
:102550009B01AC01C701B6010F94A43887FF0AC0E4
:10256000A5019401C701B6010F9482400F94FB406E
:102570002B013C0186E5829DF001839DF00D112425
:10258000E654F34F81A092A0A3A0B4A081149104BB
:10259000A104B10409F4EEC86091880C7091890C13
:1025A00080918A0C90918B0C6415750586059705B2
:1025B00008F0E0C80F94A938A3962CAD3DAD4EAD00
:1025C0005FADA3970F940A396B017C01C501B4017B
:1025D0000F94A9384B015C01C301B2010F94A938D3
:1025E000A50194010F940A399B01AC01C701B60102
:1025F0000F94A43887FFBEC8A5019401C701B60196
:102600000F9482400F94FB402B013C01B3C8A701FB
:102610009601C501B4010F9482409B01AC012C9638
:102620006FAD2C9760967FAD609764968FAD649781
:102630006C969FAD6C970F940A392C966FAF2C97C0
:1026400060967FAF609764968FAF64976C969FAFEC
:102650006C97E1E06896EFAF6897A7C9F7FAF09436
:10266000F7F8F094A7019601C501B4010F94E84171
:1026700018160CF04BCA7501640148CAC701B601AF
:102680000F94A43887FD09C020E030E0A901C501FE
:10269000B4010F94E84118162CF4A5019401C70168
:1026A000B60130CAB7FAB094B7F8B094A501940156
:1026B000C701B6010F94A43887FF28CADCCF2C9637
:1026C0001FAD2C9760960FAD609764964FAD6497E1
:1026D00024964FAF24976C965FAD6C9728965FAFAA
:1026E00028978ECA2C961FAD2C9760960FAD6097D9
:1026F00064968FAD649724968FAF24976C969FADA8
:102700006C9728969FAF28977BCA2C961FAD2C9765
:1027100060960FAD60976496AFAD64972496AFAFA7
:1027200024976C96BFAD6C972896BFAF289768CA60
:1027300081E0D8CA2596CEACDFAC25972CCB8BE0B8
:10274000C82E87EDD82E83E2E82E8BE3F82E65CBDA
:102750008B2D902FAA2DB32DF60185839683A78309
:10276000B087BDCB2596DFAECEAE2597B8CB109106
:102770005315D12CC12C06E580915415811709F40D
:1027800091C0812E912C089DC001099D900D1124AE
:102790009C012654334F1901D9018C91560183FDB8
:1027A00075C05901C114D10409F470C0C6010E945A
:1027B000C8CD81116BC0F601808181FD52C0D1016D
:1027C00015964D905D906D907C901897D60115965A
:1027D0002D913D914D915C91189727962CAF3DAF6F
:1027E0004EAF5FAF2797A301920127966CAD7DADE9
:1027F0008EAD9FAD27970F94A43887FF32C0F601A6
:10280000618972898389948990589B01AC010F94E6
:10281000883FD6011D962D913D914D915C91509729
:102820000F940A399B01AC0127966CAD7DAD8EAD3E
:102830009FAD27970F94873F6B017C01A301920105
:102840000F94A43887FF0DC0F101808181608083DF
:10285000C5010E94C8CD8823E9F0D1018C918E7FFB
:102860008C93089DF001099DF00D1124E654F34F5F
:102870002185328543855485658176818781908560
:102880000F94A438811102C0109353151F5F1F705D
:10289000650172CFF101C582D682E782F08610937E
:1028A0005315DFCFD09055158090541526E5D814D8
:1028B00009F4C8C08FEF880D8F70289FF001112494
:1028C000E654F34F908193FDBBC0312C212C24960C
:1028D0001FAE249728961FAE289710E000E0F12C39
:1028E000E12CD81409F4C5C0F6E5DF9E800111245F
:1028F0000654134FD8018C9183FDA6C015966D9197
:102900007D918D919C9118970F943642B62EC72ECB
:10291000A82E992EE114F10409F490C0F7018081EA
:1029200080FD04C0D8018C9180FF88C0F7018081B0
:1029300081608083C7010E94C8CD81117BC0D7010F
:1029400011966D917D918D919C9114970F943642C3
:102950002F966CAF7DAF8EAF9FAF2F979B01AC01D1
:1029600060E070E080E89FE30F9482402B013C011F
:10297000AC019B016B2D7C2D8A2D992D0F940A396A
:1029800069837A838B839C83232D322D24964FADCC
:10299000249728965FAD2897C301B2010F940A3996
:1029A000698B7A8B8B8B9C8BAE014F5F5F4FBE0127
:1029B0006F5E7F4FC7010E9432D2F70186A988233C
:1029C000C9F12091B60C3091B70C4091B80C5091E0
:1029D000B90CFD9660817181828193810F940A39CF
:1029E000209148143091491440914A1450914B144D
:1029F0000F940A392B013C01AC019B012F966CAD61
:102A00007DAD8EAD9FAD2F970F940A390F94FB408B
:102A1000D701DA967C936E93D997A30192016B2D1F
:102A20007C2D8A2D992D0F940A390F94FB40F701C4
:102A300074AF63AFD7018C918E7F8C9378010CC0FB
:102A4000882E35CF8D2C41CFB32CC22C2496AFAC21
:102A5000249728969FAC2897D394BD2DBF70DB2E6A
:102A60003B2C2C2C2496AFAE249728969FAE28970B
:102A700038CF0115110509F47EC0F801808181600D
:102A80008083C7010E94C8CD811171C0D801119601
:102A90006D917D918D919C9114970F9436426B01AD
:102AA0007C01AC019B0160E070E080E89FE30F9443
:102AB00082404B015C012DEC3CEC4CE45DE30F9457
:102AC0000A3969837A838B839C83A5019401632DE2
:102AD000722D24968FAD249728969FAD28970F943A
:102AE0000A39698B7A8B8B8B9C8BAE014F5F5F4F62
:102AF000BE016F5E7F4FC8010E9432D2F80186A9E5
:102B00008823A9F12091B60C3091B70C4091B80CF4
:102B10005091B90CFD9660817181828193810F94EF
:102B20000A39209148143091491440914A14509127
:102B30004B140F940A394B015C01AC019B01C70196
:102B4000B6010F940A390F94FB40D801DA967C93B2
:102B50006E93D9972DEC3CEC4CE45DE3C501B401D8
:102B60000F940A390F94FB40F80174AF63AFD8019A
:102B70008C918E7F8C9380916F00826080936F0028
:102B800081E0C258DF4F0FB6F894DEBF0FBECDBF55
:102B9000DF91CF911F910F91FF90EF90DF90CF9039
:102BA000BF90AF909F908F907F906F905F904F906D
:102BB0003F902F90089580E0E4CFD0906C14E09087
:102BC0006D14F0906E1410916F140D943709CF921C
:102BD000DF92EF92FF920F931F93CF93DF93CDB7C6
:102BE000DEB764970FB6F894DEBF0FBECDBFC98ABB
:102BF000DA8AEB8AFC8AFC0180819181A281B3810F
:102C000089839A83AB83BC83FB0180819181A281FC
:102C1000B3818D839E83AF83B887FA0180819181D0
:102C2000A281B38189879A87AB87BC87F9018081AC
:102C30009181A281B3818D879E87AF87B88B809168
:102C40007B0C882351F0AE01475F5F4FBE016B5F85
:102C50007F4FCE0101960E9473CF80911A129091FE
:102C60001B12892BF1F4CE0141967C019E01235F5A
:102C70003F4FAE01475F5F4FBE016B5F7F4F409795
:102C80000F94370564960FB6F894DEBF0FBECDBF24
:102C9000DF91CF911F910F91FF90EF90DF90CF9038
:102CA000089580E0EFCFCF93DF93CDB7DEB7609785
:102CB0000FB6F894DEBF0FBECDBF80916B0C909124
:102CC0006C0CA0916D0CB0916E0C89839A83AB83D0
:102CD000BC8380916F0C9091700CA091710CB0919D
:102CE000720C8D839E83AF83B8878091730C909113
:102CF000740CA091750CB091760C89879A87AB877C
:102D0000BC878091770C9091780CA091790CB09150
:102D10007A0C8D879E87AF87B88B80917B0C882338
:102D200051F0AE01475F5F4FBE016B5F7F4FCE0139
:102D300001960E9473CF9E01235F3F4FAE01475F14
:102D40005F4FBE016B5F7F4FCE0101960E94CBD0DB
:102D500060960FB6F894DEBF0FBECDBFDF91CF9166
:102D600008952091670C2223B1F02091780221115F
:102D700013C08091680C882371F01092680C84E66F
:102D800090E0909377028093760280915E0C80931E
:102D9000A40C80934C0C089502975CF781E080931B
:102DA000680C86E490E090937702809376028FEF30
:102DB000EECF8DE497E10E940BC38DE497E10E9472
:102DC000BFC48091EC158D7F8E7F8093EC1510929F
:102DD000E8151092E9151092EA151092EB15089576
:102DE0000E94634160914A0C70914B0C86E494E41C
:102DF0000E94873F83E494E40C94E63E1F93CF93B4
:102E0000DF938091480CC82FC270D82FD470182F30
:102E1000117080FF05C0CC2319F080E0D11141C0B2
:102E20000E9463418DE394E40E94E63E111103C0C9
:102E300088E50E94DF3EC11103C089E50E94DF3EA4
:102E4000D11103C08AE50E94DF3E85E394E40E942D
:102E5000E63E4CEA53E0D11102C043E953E02CEACC
:102E600033E0C11102C021EA33E08CEA93E0111192
:102E700002C083EA93E05F934F933F932F939F9316
:102E80008F9383E294E49F938F931F920F94CD00CE
:102E90008DB79EB709960FB6F8949EBF0FBE8DBF33
:102EA00081E0DF91CF911F9108952F923F924F9231
:102EB0005F926F927F928F929F92AF92BF92CF92CA
:102EC000DF92EF92FF920F931F93CF93DF93CDB7D3
:102ED000DEB760970FB6F894DEBF0FBECDBF1C0102
:102EE000788B6F8749872A87FB01C080D180E28079
:102EF000F38020E030E040E251E4C701B6010F94D6
:102F0000883F6B877C878D879E8727E137EB41ED74
:102F100058EB0F94E84187FDEFC127E030E04BE626
:102F200053E46B857C858D859E850F94A438181697
:102F30000CF4E2C1F101408051806280738020E096
:102F400030E040E252E4C301B2010F94883F4B01EC
:102F50005C0127E137EB41ED58EB0F94E84187FD29
:102F6000CBC127E030E04BE653E4C501B4010F9438
:102F7000A43818160CF4C0C127E93FEF4FE151E423
:102F8000C301B2010F94E84187FDB6C127E030E0EC
:102F900043E453E4C301B2010F94A43818160CF4AF
:102FA000ABC127E93FEF4FE151E4C701B6010F94F0
:102FB000E84187FDA1C127E030E040E653E4C701C6
:102FC000B6010F94A43818160CF496C1E090730C57
:102FD000F090740C0091750C1091760C4090720278
:102FE00050907302609074027090750280916E022E
:102FF00090916F02A0917002B09171028093720261
:1030000090937302A0937402B093750219821A828E
:103010001B821C82CE0101966C012B853C854D855F
:103020005E85C501B4010E94B3E081E00E94E1E247
:10303000811169C1C0903E0CD0903F0CE090400CD3
:10304000F090410C8091480C812C912C40E2A42EF0
:1030500041ECB42E82FF0AC0A701960160E070E047
:1030600080E090EC0F94873F4B015C0120E030E062
:10307000A901C701B6010F94A43887FF9CC0A7011E
:10308000960160E070E080E791E40F94873F6B0168
:103090007C01A70196016091730C7091740C809172
:1030A000750C9091760C0F94E84118165CF520E0B1
:1030B00030E040E051E4C701B6010E9444E28111D2
:1030C00021C080E090E0A0E0B1E489839A83AB83E3
:1030D000BC8320E030E040E850E46091730C7091D4
:1030E000740C8091750C9091760C0F94883F6D83D1
:1030F0007E838F839887BE016F5F7F4FCE010596D9
:103100000E9496E120E030E040E850E4C501B401BF
:103110000E9444E2811156C06091730C7091740C4E
:103120008091750C9091760C20913E0C30913F0C63
:103130004091400C5091410C0F94883F6B017C01F1
:1031400089858250823008F042C080E090E0A0E0A3
:10315000B1E489839A83AB83BC836091730C7091D3
:10316000740C8091750C9091760CE98520E030E02C
:1031700048EC51E4E33021F020E030E040E850E456
:103180000F94883F6D837E838F839887BE016F5F26
:103190007F4FCE0105960E9496E12A85233008F4E0
:1031A00072C005EA13E0F80181918F01882351F183
:1031B0000E94DF3EF8CFC12CD12C30E7E32E31E462
:1031C000F32E67CF60E070E080EC9FE7ADCFF9852C
:1031D000F13019F780E00E94E1E28823F1F22A85BC
:1031E000233008F094C040927202509273026092B1
:1031F000740270927502C12CD12C80ECE82E8FE7FE
:10320000F82E51C02091320C3091330C4091340C87
:103210005091350CF10160817181828193810F940D
:10322000883F43E00E9403440DEA13E0F8018191D6
:103230008F01882319F00E94DF3EF8CF2091360CD1
:103240003091370C4091380C5091390CEF85F8894A
:1032500060817181828193810F94883F43E00E9455
:10326000034402EB13E0F80181918F01882319F0E8
:103270000E94DF3EF8CF43E0C701B6010E9403443D
:103280008AE00E94DF3E4092720250927302609286
:10329000740270927502A7019601C701B6010F94DE
:1032A0007A42882371F080E00E94E1E260E084E1EC
:1032B00094E40E94AA9F0E949A3F84E094E40E94B2
:1032C000E63EC701B60160960FB6F894DEBF0FBEAA
:1032D000CDBFDF91CF911F910F91FF90EF90DF90C5
:1032E000CF90BF90AF909F908F907F906F905F90A6
:1032F0004F903F902F900895C12CD12C20ECE22EBE
:103300002FE7F22EDECFFA85F33008F46CCFC12C14
:10331000D12C90ECE92E9FE7F92E43CF0F931F930A
:10332000CF93DF93982F862F8A01D22F692F0E9487
:103330005B2C882341F162E770E0C8010E94182DE0
:10334000C2E7C81BC73038F060E270E080E090E070
:103350000E94AD2CF6CF8091310C9AE79093CF1557
:103360008093D0156D2FDD0F770B880B990B0E9482
:10337000AD2C60E270E080E090E0DF91CF911F9192
:103380000F910C94AD2CDF91CF911F910F91089567
:10339000CF93982F862FC42F692F0E945B2C8823F0
:1033A00011F1CC2331F062E070E080E090E00E9407
:1033B000AD2C8091160C811111C089E09CE068E76A
:1033C00070E00E94732DC8E7C81BC73060F060E250
:1033D00070E080E090E00E94AD2CF6CF10922A0CB5
:1033E00086E19CE0ECCFCF9108958F929F92AF92AF
:1033F000BF92CF92DF92EF92FF92CF93FC01C080F9
:10340000D180E280F38020E030E44CE156E4C70153
:10341000B6010F940A394B015C0120E030E0A901AC
:10342000C701B6010F94A43820E030E040EA50E430
:1034300087FF04C020E030E040EA50ECC501B40151
:103440000F94883F20E030E040E251E40F94824046
:103450000F94F4406B017C01C114D104E104F10428
:1034600009F456C0F7FE54C0F094E094D094C09490
:10347000C11CD11CE11CF11C8DE28093020CC70120
:10348000B60128EE33E040E050E00F940A3F8AE0B6
:10349000882E912CA12CB12CCA01B901A50194014F
:1034A0000F940A3F605D6093030C8EE28093040CDE
:1034B000C701B60124E630E040E050E00F940A3F37
:1034C000CA01B901A50194010F940A3F605D6093A0
:1034D000050CC701B601A50194010F940A3FC62F40
:1034E000CA01B901A50194010F940A3F605D609380
:1034F000060CC05DC093070C82E09CE0CF91FF906A
:10350000EF90DF90CF90BF90AF909F908F900895F5
:1035100080E2B3CF2F923F924F925F926F927F9251
:103520008F929F92AF92BF92CF92DF92EF92FF92D3
:103530000F931F93CF93DF931C01EB017901BA0125
:10354000550F880B990B0F94AB384B015C0120E0B1
:1035500030E040E057EC0F94E84118162CF0812C35
:10356000912CA12C97ECB92EC501B4010F94F44015
:103570002B013C01B701FF0C880B990B0F94AB3862
:103580006B017C0120E03EEF4FEF56E40F94A4382E
:1035900087FD07C0C12C8EEFD82EEE24EA9486E476
:1035A000F82E68817981072E000C880B990B0F94F7
:1035B000AB384B015C01C301B2010F94AB389B01E6
:1035C000AC01C501B4010F94873F0F94FB404B0140
:1035D000C701B6010F94F4406B017C01C418D508F3
:1035E000E608F7080E94412A83E080937F02309228
:1035F000000C2092FF0BD093FE0BC093FD0B40926A
:10360000F90B5092FA0B6092FB0B7092FC0BC0927C
:10361000F50BD092F60BE092F70BF092F80B90922C
:10362000F40B8092F30B87E090E3909393158093D3
:1036300092151093F20B0093F10B1092F00BDF91A7
:10364000CF911F910F91FF90EF90DF90CF90BF909F
:10365000AF909F908F907F906F905F904F903F9032
:103660002F900895AF92BF92CF92DF92FF920F9367
:103670001F93CF93DF935C018B016A01F22EFB0154
:10368000C081D0E00E94412A83E080937F02B09203
:10369000000CA092FF0B1093FE0B0093FD0B1092F9
:1036A000F90B1092FA0B1092FB0B1092FC0B8FEFA0
:1036B00090E0A0E0B0E08093F50B9093F60BA09320
:1036C000F70BB093F80BD093F40BC093F30B81E09E
:1036D00090E39093931580939215D092F20BC09241
:1036E000F10BF092F00BDF91CF911F910F91FF90B2
:1036F000DF90CF90BF90AF9008952F923F924F925E
:103700005F926F927F928F929F92AF92BF92CF9271
:10371000DF92EF92FF920F931F93CF93DF9300D02E
:1037200000D0CDB7DEB71C017E836D8349015A01FD
:1037300027013801860120E030E040E057ECC50168
:10374000B4010F94E84118162CF0812C912CA12C77
:1037500097ECB92EC501B4010F94F4404B015C0104
:1037600020E03EEF4FEF56E4C301B2010F94A438BE
:1037700087FD07C0412C8EEF582E66246A9486E49C
:10378000782EC501B4010F94AB389B01AC01ED81DB
:10379000FE8160817181828193810F94873F0F94B4
:1037A000FB4069837A838B839C83C301B2010F94AE
:1037B000F4406B017C01C818D908EA08FB080E9494
:1037C000412A83E080937F023092000C2092FF0B0D
:1037D0008D819E819093FE0B8093FD0B8092F90B5F
:1037E0009092FA0BA092FB0BB092FC0BC092F50BDF
:1037F000D092F60BE092F70BF092F80BE981FA8188
:10380000F093F40BE093F30B8BEF9FE290939315FF
:10381000809392151093F20B0093F10B1092F00B22
:1038200026960FB6F894DEBF0FBECDBFDF91CF91C5
:103830001F910F91FF90EF90DF90CF90BF90AF90CE
:103840009F908F907F906F905F904F903F902F90C0
:103850000895CF92DF92EF92FF920F931F93CF9331
:10386000DF938C01EB0120E030E040E251E468811D
:1038700079818A819B810F940A3920E030E048E405
:1038800052E40F94873F0F94FB406B010E94412A42
:1038900083E080937F021093000C0093FF0BD09382
:1038A000FE0BC093FD0B82E390E0A0E0B0E08093BC
:1038B000F90B9093FA0BA093FB0BB093FC0B8DECE0
:1038C0009FE7A0E0B0E08093F50B9093F60BA093F8
:1038D000F70BB093F80BD092F40BC092F30B8DED75
:1038E0009FE2909393158093921589E19AE79093C4
:1038F000F20B8093F10B1092F00BDF91CF911F919F
:103900000F91FF90EF90DF90CF90089581E080932A
:10391000ED0B1092E90B1092EA0B1092EB0B109248
:10392000EC0B08959F92AF92BF92CF92DF92EF92ED
:10393000FF920F931F93CF93DF93D82F7093E80BD1
:103940006093E70B61E081E00E94F628C091E60BEE
:1039500085E0982E9C0E91E085E0E82EEC1AFC2E76
:10396000F19484E0D82EDC1A83E0C82ECC1A82E0D1
:10397000B82EBC1AA92EAC1AD13009F4AEC008F486
:1039800055C0D23009F4CDC04091770C5091780CDD
:103990006091790C70917A0C4093E10B5093E20B9B
:1039A0006093E30B7093E40BC11120C0992389F05D
:1039B0008091E50B18166CF02091F30B3091F40B0D
:1039C0002F5F3F4F3093F40B2093F30B8F5F809367
:1039D000E50B80917F02882349F010E000E021E0B0
:1039E00041E066EE73E48F2D0E94CA2D8091B50CE4
:1039F00081111EC060919F147091A0148091A11438
:103A00009091A2140F94F44020917D0230917E0297
:103A1000621773076CF4C13009F4A7C082E0CF5F6E
:103A200090E09C12A9CF8093DF0BC1C0CC23C9F0DA
:103A3000C13009F0D7C08091E50B813009F4C3C0D3
:103A400080917F02882369F181E09091E50B9130AC
:103A500009F080E024E04CEC53E46A2D0F948E19B9
:103A600020C0992389F08091E50B18166CF0209105
:103A7000F30B3091F40B2F5F3F4F3093F40B2093F7
:103A8000F30B8F5F8093E50B80917F02882349F0D1
:103A900010E000E021E041E06DEF73E48F2D0E9423
:103AA000CA2DD230E1F5C53009F05DC08091E50B3B
:103AB000853009F4F4C080917F02882309F453C053
:103AC00081E09091E50B953009F080E023E041EA38
:103AD00053E46E2D0F948E1946C0C111A9CF9923BE
:103AE00089F08091E50B18166CF02091F30B309162
:103AF000F40B2F5F3F4F3093F40B2093F30B8F5F4A
:103B00008093E50B80917F02882349F010E000E06C
:103B100021E041E066EF73E48F2D0E94CA2D85E01D
:103B20007ECFC11185CF992389F08091E50B1816BE
:103B30006CF02091F30B3091F40B2F5F3F4F3093DB
:103B4000F40B2093F30B8F5F8093E50B80917F0242
:103B5000882349F010E000E021E041E06FEE73E4DB
:103B60008F2D0E94CA2D86E05ACF8091E50B8130BF
:103B700091F080917F02882309F450CF81E09091E9
:103B8000E50B913009F080E024E046ED53E46A2D26
:103B90000F948E1943CF8091EE0B1092EE0B882379
:103BA00041F30E946E2A8091E00B882311F3DF918C
:103BB000CF911F910F91FF90EF90DF90CF90BF902A
:103BC000AF909F9008958091EE0B1092EE0B88239A
:103BD00009F436CF0E946E2A8091E00B882309F405
:103BE0002FCFE5CFC23009F06BC08091E50B82305A
:103BF00081F080917F02882309F453CF81E0909176
:103C0000E50B923009F080E023E042EC53E46B2DA9
:103C100025CF8091EE0B1092EE0B882351F382EBAF
:103C20009AE70E9493A48091E00B882311F3BFCF01
:103C30008091E50B8330A9F080917F02882309F4FD
:103C400030CF81E09091E50B933009F080E023E0E4
:103C500049EB53E46C2D0F948E19D23009F05FCFED
:103C600082CF8091EE0B1092EE0B882329F38CEA21
:103C70009AE70E9493A48091E00B8823E9F297CF02
:103C80008091EE0B1092EE0B882321F186EA9AE7E1
:103C90000E9493A48091E00B8823E1F088CF80916B
:103CA000EE0B1092EE0B882309F405CF80EA9AE719
:103CB0000E9493A48091E00B882309F4FCCE77CF77
:103CC000C33009F4B5CFC43009F0EBCE8091E50BD9
:103CD0008430B1F280917F02882309F4E2CE81E042
:103CE0009091E50B943009F080E023E04EEA53E434
:103CF0006D2DB1CF1F93CF93DF93EB01142F1816C7
:103D0000190644F48E3121E0920714F08DE191E020
:103D10000E94DCCFD7FD0BC0CE36D10514F0CEE625
:103D2000D0E0D093DD0BC093DC0B0E945ABB109304
:103D3000A40C10934C0CDF91CF911F910C94662A28
:103D40001F93CF93DF93282F30E0F901E55AFC4B06
:103D50008491F901EB5EFC4BD491F901E153FD4BE9
:103D6000C491CC23A9F0162F81110E9405FCEC2FE1
:103D7000F0E0EE0FFF1FE556FD4BA591B4918FB714
:103D8000F894EC91111108C0D095DE23DC938FBF1D
:103D9000DF91CF911F910895DE2BF8CF860F911DF3
:103DA000FC0183A18F3F19F0642F0D94A01E08958C
:103DB000CF93DF9390E0FC01EB5EFC4B24918153A9
:103DC0009D4BFC0184918823D1F090E0880F991FCE
:103DD000FC01EF57FD4BA591B491FC01E556FD4B5D
:103DE000C591D49161110EC09FB7F8948C91E22FC8
:103DF000E0958E238C932881E223E8839FBFDF9197
:103E0000CF9108958FB7F894EC91E22BEC938FBF8C
:103E1000F6CFEF92FF920F931F93CF938C01C42F95
:103E200079016150673008F045C0E62FF0E088273F
:103E3000E35EF04E8E4F0D947F3F5601D001DE00C1
:103E40009C009601A8004801780183E2E80EF11C6D
:103E5000005D1F4FF70181917F018F3F49F061E0C5
:103E60000F94D81E61E0F701319780810F94A01E56
:103E7000E016F10679F761E084E30F94D81E60E064
:103E800084E30F94A01E61E083E30F94D81E60E0EA
:103E900083E30F94A01E61E085E30F94D81E61E0D8
:103EA00085E30F94A01E1CBC80E58CBDC23010F4CD
:103EB00081E08DBD81E0CF911F910F91FF90EF9038
:103EC000089561E0C8010F94CE1EF4CF411103C0E4
:103ED00041E062E0F7CF40E064E0C8010F94CE1EFD
:103EE00040E0F7CFF80183A160E08F3F19F3EACFFC
:103EF000842F0E9443FDDECFF70181917F010E9454
:103F000043FDC150C111F8CFD5CFF70184910E9474
:103F100043FDFFEFEF1AFF0AC150C111F6CFCACF20
:103F20001F93CF93DF93182FEB0161E00F94D81EFE
:103F3000209739F460E0812FDF91CF911F910D948C
:103F4000A01ECF3FD10511F461E0F5CFE12FF0E0E5
:103F5000E55AFC4BE491E150E23108F0B3C0F0E0E7
:103F60008827EA54F04E8E4F0D947F3FDA01B2005D
:103F70006601D201F800FC01A601EC016E012201EC
:103F800000023A014401AC01FC01E6008E01080187
:103F900084B5806884BDC7BDDF91CF911F9108951E
:103FA00084B5806284BDC8BDF7CF809180008068F1
:103FB00080938000D0938900C0938800EDCF8091DA
:103FC0008000806280938000D0938B00C0938A0031
:103FD000E3CF80918000886080938000D0938D0033
:103FE000C0938C00D9CF8091B00080688093B000DE
:103FF000C093B300D1CF8091B00080628093B000B5
:10400000C093B400C9CF80919000806880939000E5
:10401000D0939900C0939800BFCF809190008062A8
:1040200080939000D0939B00C0939A00B5CF80916D
:104030009000886080939000D0939D00C0939C0076
:10404000ABCF8091A00080688093A0008091A000F9
:104050008F7B8093A000D093A900C093A8009CCF31
:104060008091A00080628093A000D093AB00C093A9
:10407000AA0092CF8091A00088608093A000D09386
:10408000AD00C093AC0088CF809120018068809300
:104090002001D0932901C09328017ECF8091200177
:1040A000806280932001D0932B01C0932A0174CFAA
:1040B00080912001886080932001D0932D01C093CE
:1040C0002C016ACFC038D1050CF03ECF33CF8F9290
:1040D0009F92AF92BF92CF92DF92EF92FF926B01CD
:1040E0007C010E946CFC4B015C01C114D104E10411
:1040F000F104B9F00E946CFC681979098A099B09DE
:10410000683E73408105910580F321E0C21AD10811
:10411000E108F10888EE880E83E0981EA11CB11C0E
:10412000E4CFFF90EF90DF90CF90BF90AF909F9043
:104130008F9008952FB7F8946091CE187091CF1892
:104140008091D0189091D1182FBF0895CF92DF920F
:10415000EF92FF926091A3147091A4146115710500
:10416000C9F1C0909F14D090A014E090A114F090D9
:10417000A21466507109072E000C880B990B0F943E
:10418000AB389B01AC01C701B6010F94A43887FF7F
:1041900021C020E030E040E050E4C701B6010F94B8
:1041A000883F0F94FB4070939614609395140F947E
:1041B0009A20605C73468F4F9F4F60939714709363
:1041C00098148093991490939A14FF90EF90DF9035
:1041D000CF900895109297141092981410929914F9
:1041E00010929A14F2CFCF92DF92EF92FF920F9437
:1041F0009A206B017C0128E5C20E22E0D21EE11C50
:10420000F11C0E9436788F3F71F00F949A206C1940
:104210007D098E099F0997FDF4CF80E0FF90EF9014
:10422000DF90CF90089581E0F9CF2091D61830919A
:10423000D718280F391F3093D7182093D6182091FC
:1042400008012170209306012091460C3091470C03
:10425000820F931F9093470C8093460C0F949A20E3
:104260006093420C7093430C8093440C9093450CE4
:1042700008951F920F920FB60F9211242F933F9320
:104280008F939F93AF93BF938091CE189091CF1847
:10429000A091D018B091D1183091CD1823E0230F00
:1042A0002D3758F50196A11DB11D2093CD1880938F
:1042B000CE189093CF18A093D018B093D1188091B6
:1042C000D2189091D318A091D418B091D518019616
:1042D000A11DB11D8093D2189093D318A093D41828
:1042E000B093D518BF91AF919F918F913F912F912E
:1042F0000F900FBE0F901F90189526E8230F02967F
:10430000A11DB11DD2CFDB01ED91FC9119940F934A
:104310001F93CF93DF938C01C4E9D5E1EDA9FEA9EA
:1043200082E01995EDA9FEA981E0199530E020E021
:1043300044E1B80188E995E10F9483212BEC35E144
:1043400047E1B80188E995E10F948321EDA9FEA921
:1043500080E0DF91CF911F910F9119940F931F93DC
:10436000CF93DF931F92CDB7DEB700919A151091CE
:104370009B15E091C915F091CA1582E0199530E0BE
:1043800020E04AE0B80188E995E10F948321182FD5
:10439000E091C915F091CA1583E01995E091C9150E
:1043A000F091CA1580E019951123B9F160919A1521
:1043B00070919B159E012F5F3F4F46E488E995E180
:1043C0000F94832189818093981560919A1570913B
:1043D0009B159E012F5F3F4F47E488E995E10F94BD
:1043E000832189818093991560919A1570919B150D
:1043F00030E020E048E488E995E10F948321809340
:10440000A31560919A1570919B152BEC35E147E14E
:1044100088E995E10F94832111E0812F0F90DF91BE
:10442000CF911F910F910895E4E9F5E166817781BD
:1044300080A381E381A381E083A380EF82A324EBA7
:1044400035E14BE388E995E10D9483218F929F92AA
:10445000AF92BF92CF92DF92EF92FF920F931F9392
:10446000CF93DF93A82EC62FB42ED22F7801242FFE
:10447000220F220F220F0D2F462F682F88E995E17A
:104480000E9404FFDC0F8B2C912C81112EC0DF9138
:10449000CF911F910F91FF90EF90DF90CF90BF9041
:1044A000AF909F908F900895F801849160919A1534
:1044B00070919B15D092B415C093B5151092B71595
:1044C0008093B61524EB35E14BE388E995E10F9431
:1044D00083210F5F1F4FCA94F8E0DF0EC110E4CFB5
:1044E000E80CF91CCF5FDC1791F2CB2CDA2C87019A
:1044F000DBCFAF92BF92CF92DF92EF92FF920F93FA
:104500001F93CF93DF93EC01E62EF42E122F022F90
:10451000D62ED20ECC24CA945C012CE1A20EB11C82
:104520008D2D801B083070F5812F887F8E0D912F87
:1045300096959695969528EF929F100D112411232C
:1045400071F197E019276A817B818C8FFD8E1F8E18
:104550001F5F17708FEF90E001C0880F1A95EAF780
:104560008E8F9E01245E3F4F4BE3CE01DF91CF91B2
:104570001F910F91FF90EF90DF90CF90BF90AF9081
:104580000D9483216A817B818C8FFD8E1F8ECE8E50
:1045900095014BE3CE010F9483210850C1CFDF91E9
:1045A000CF911F910F91FF90EF90DF90CF90BF9030
:1045B000AF9008950F93CF93DF93C82FD62F04E0C9
:1045C000262F41E3682F88E995E10E9404FF8823A4
:1045D000C9F02D2F41E36C2F88E995E10F947922E2
:1045E0008C2F0F9414228FEF8D0F8C0F0F941422A9
:1045F0002D2F44E36C2F88E995E1DF91CF910F9146
:104600000D947922DF91CF910F910895EF92FF924F
:104610000F931F93CF93DF937C01D62FC42F122FBC
:10462000040F212F4C2F6D2FC7010F947922CF5FDC
:10463000C013F7CFDF91CF911F910F91FF90EF90B3
:104640000895DF92EF92FF920F931F93CF93DF9322
:10465000EC01162FF42EE22E0E9404FF882331F085
:104660002E2D4F2D612FCE010F940623DF91CF9178
:104670001F910F91FF90EF90DF900895EF92FF92BE
:104680000F931F93CF93DF93182F7B01D42FCB0170
:104690000E94172CC12FCC0FC10FCC0FDD2391F03E
:1046A00091E09093B815282F220F280F220F2E5F2C
:1046B0000BE043E36FEF6C0F88E995E10F94212342
:1046C0001092B815C093CF158CE38093D015C70115
:1046D0000E946F2DDD2319F081E08093B815DF91E2
:1046E000CF911F910F91FF90EF9008953F924F92BD
:1046F0005F926F927F928F929F92AF92BF92CF9272
:10470000DF92EF92FF920F931F93CF93DF931F924D
:104710001F92CDB7DEB75C016801E091F30BF09119
:10472000F40B309759F091E01E161F060CF090E044
:104730009093EF0B1092F40B1092F30B1091EE0B81
:104740001092EE0B111105C080917F02882309F4AD
:104750006AC049012A013B013090EF0BC9010E9458
:10476000172C082FC7010E94172C1A821982C11416
:10477000D104B1F4402F50E0282F30E0CA01820F5D
:10478000931F46976CF485E190E0841B950B821B88
:10479000930B97FD0196959587958A8381E0898390
:1047A00001E02FE533E2A401BE016F5F7F4FCE0130
:1047B00002960E9479A3C114D10491F08A818823C2
:1047C00021F01A8289818F5F898300E022E633E23B
:1047D000A601BE016F5F7F4FCE0102960E9479A3B2
:1047E00000E02FE533E2A701BE016F5F7F4FCE01EE
:1047F00002960E9479A341E04325B30181E00F9422
:104800003E23C5010E94172C432DB50194E1981B4E
:10481000892F0F943E23112331F08091EF0B8823D1
:10482000B1F0F20119950F900F90DF91CF911F9188
:104830000F91FF90EF90DF90CF90BF90AF909F903F
:104840008F907F906F905F904F903F9008950E945F
:104850006E2AE9CFEF92FF921F93CF93DF93EC0183
:10486000EE85FF85309709F01995EA80FB80E9A96C
:10487000FAA982E01995E9A9FAA981E0199530E031
:1048800020E045E1B701CE010F948321182F882342
:1048900041F09E012D5C3F4F47E1B701CE010F94DF
:1048A0008321E9A9FAA980E01995812FDF91CF91A1
:1048B0001F91FF90EF900895DC0114968D919C91CB
:1048C00015978617970709F43CC015967C936E934D
:1048D00014976115710579F157968C915797FB01E3
:1048E000811130C03596E4915896EC935897645FE7
:1048F0007F4FFB01649159966C93599758968C9110
:104900005897082E000C990B59962C915997821B99
:10491000910927FD93955A962C915A97203441F08E
:10492000829FC001112426E0969587952A95E1F78C
:104930005B968C935B9783E09CEF56969C938E934B
:1049400055970895813041F43F96E4915896EC9341
:104950005897605F7F4FCDCF3D96E4915896EC938A
:104960005897625F7F4FC5CFBF92CF92DF92EF9291
:10497000FF920F931F93CF93DF938C01E62EDC0100
:104980001496CD91DC91CE010E941AFDF82EF8010B
:10499000848195810E941DFDB82EF1E0CC24CA943B
:1049A000FF1202C02FE0C22ED80114968D919C9167
:1049B0000E9416FDF82EF801848195810E9412FD57
:1049C000D82ED80114968D919C910E9433FDB0E6AB
:1049D000BE1520F5009711F1C80FD91F91E6F92EE9
:1049E000DE1468F5D80150961C92509753961C928D
:1049F000539754961C92549751961C9251975296E5
:104A00001C92D0E0C0E0CE01DF91CF911F910F91B9
:104A1000FF90EF90DF90CF90BF900895F8018481D0
:104A200095810E9436FDF0E4FE1538F4009729F0D8
:104A3000C80FD91F81E4F82ED3CF6196D1CFDF14F0
:104A400088F28B2D90E0FE0124912F3F29F42196CE
:104A5000FD1441F2F394F7CFFE104BC0D801149629
:104A60008D919C910E941AFD9E012F5F3F4FFE0188
:104A7000882311F08230E1F48491D80153968C930D
:104A80005397F901249154962C935497FE01339631
:104A9000E4915096EC935097FE013496E491519630
:104AA000EC935197FE013596E4915296EC93ABCF7F
:104AB0008491982F9F709250D80152969C93529750
:104AC00082958F7051968C935197F9012491822F82
:104AD0008F7054968C93549722952F7053962C93E5
:104AE0005397FE013296E491E295EF705096EC9365
:104AF0008ACF3296E491EC21E80FF92FF11DCE0F09
:104B0000DF1FA6CF5F926F927F928F929F92AF929C
:104B1000BF92CF92DF92EF92FF920F931F93CF93AA
:104B2000DF93EC01562E142F622F0F94B4246C01E6
:104B300080E0C114D104B1F08C819D810E941DFDE3
:104B4000B82EFB88EC888989580E1E198A89181B93
:104B50000E2D2F2D412F652DCE010E9404FF8111B6
:104B600011C08889DF91CF911F910F91FF90EF9035
:104B7000DF90CF90BF90AF909F908F907F906F907D
:104B80005F900895CB0CD11C87E0F80EF694F69454
:104B9000F694E10E4E01ECE18E0E911C6F2C712CFF
:104BA0001E15F9F2052D560111C0F50184916A8197
:104BB0007B810C8F1D8F1F8E8E8F94014BE3CE0156
:104BC0000F948321FFEFAF1ABF0A085F8A2D8C195B
:104BD0008F1558F3C60CD71C1F5FE2CFFF920F93BF
:104BE0001F93CF93DF93D82FF62E8A01E091AD1556
:104BF000F091AE1588E995E11995F80EC0E0F8013D
:104C00002491222359F04F2D6D2F88E995E10F94BF
:104C10008225D80FC80F0F5F1F4FF1CF8C2FDF9168
:104C2000CF911F910F91FF9008951092031981E089
:104C3000809302191092DD1861E084E10F94A01EA8
:104C400061E085E10F94A01EE9EBF0E080818E7FAA
:104C5000808380818D7F808388E48093B80085E4A1
:104C60008093BC000895CF93DF9391E090938818D0
:104C70008823B9F0C091B800D091BA008091BC00EF
:104C80008A7B8093BC0060E084E10F94A01E60E00A
:104C900085E10F94A01E0F941526D093BA00C093FF
:104CA000B800DF91CF910895CF92DF92EF92FF92FB
:104CB0000F931F93CF93DF93D091791481E0D1327A
:104CC00008F09CC0C09178140E946CFC6B017C01C0
:104CD0008091031981116CC082E08093031981E0F7
:104CE000809302198FEF8093011910920019D093CD
:104CF000FF18A9E0B9E1EFEDF8E180E0D8138DC02D
:104D00001092DE188091DE18CC0FC82BC093DE18ED
:104D10008091DD18813009F084C01092DD180E9466
:104D20006CFC6B017C018091DE188093BB0080914C
:104D3000051990910619A0910719B0910819892BAE
:104D40008A2B8B2BA1F00E946CFC0091051910910D
:104D5000061920910719309108196C197D098E09DF
:104D60009F09061717072807390708F442C08091E2
:104D7000BC0083FDD8CF85EC8093BC000E946CFC06
:104D80006B017C0180910319823009F44CC0809141
:104D900001198F3F09F469C080910119803209F42B
:104DA00066C080910119803309F463C084E026C095
:104DB0008091051990910619A0910719B0910819D1
:104DC000892B8A2B8B2B09F483CF0E946CFC0091DA
:104DD00005191091061920910719309108196C19BD
:104DE0007D098E099F09061717072807390708F05C
:104DF0006FCF809104190F94332685E010927714B9
:104E00001092791410927614DF91CF911F910F9127
:104E1000FF90EF90DF90CF9008959D9191938F5FD9
:104E20006DCF85EEA9CF8091051990910619A091BB
:104E30000719B0910819892B8A2B8B2B09F4A2CF63
:104E40000E946CFC00910519109106192091071918
:104E5000309108196C197D098E099F0906171707EB
:104E60002807390708F08ECFC4CF80E0C7CF82E093
:104E7000C5CF83E0C3CFCF93C62F91E09093761434
:104E800090E6909378141092771410927914682F0A
:104E900082EB94E10E94A6FF6C2F82EB94E10E94CA
:104EA000A6FFCF910D94542685ED8093BC00809190
:104EB000051990910619A0910719B0910819079644
:104EC000A11DB11D23E0B695A795979587952A95C5
:104ED000D1F72091BC0024FD03C01092031908955E
:104EE00040910519509106196091071970910819A0
:104EF000452B462B472B69F30097A105B10541F0DF
:104F000025E32A95F1F700000197A109B109E1CF46
:104F1000809104190D9433261F920F920FB60F92B1
:104F200011240BB60F922F933F934F935F936F9380
:104F30007F938F939F93AF93BF93EF93FF93809152
:104F4000B900887F803609F44DC008F040C088322F
:104F500009F4A9C028F5803109F49DC0C8F488235C
:104F600009F4FBC0883009F496C0FF91EF91BF911E
:104F7000AF919F918F917F916F915F914F913F91F1
:104F80002F910F900BBE0F900FBE0F901F90189592
:104F9000883109F488C0803241F78093011914C028
:104FA000803409F49DC040F48033B9F38833E9F6C6
:104FB0008093011985ECB0C0803509F485C088352F
:104FC00009F496C0883489F60F945427CECF8839D7
:104FD00009F48CC038F5883729F050F4883611F080
:104FE000803719F683E0809303191092CB1857C0CD
:104FF000883809F47BC0803919F0803809F0B5CFC2
:105000008091CB18803208F071C0E091CB1881E01C
:105010008E0F8093CB188091BB00F0E0E555F74EE2
:1050200080833DC0803B39F0E0F4803A09F479C0D8
:10503000883A09F09ACF84E0809303191092AA1855
:105040001092A918E091FA07F091FB071995809149
:10505000A91881110FC081E08093A91810928918B6
:1050600009C0803C09F4A6CF883C09F4A3CF883B53
:1050700009F07BCFE091AA1881E08E0F8093AA18E7
:10508000F0E0E757F74E80818093BB009091AA181B
:105090008091A91829C08091DE188093BB0085EC0F
:1050A0008093BC0062CF909100198091FF189817EF
:1050B00058F5E091001981E08E0F80930019F0E01F
:1050C000E152F74E8081E9CFE091001981E08E0F27
:1050D000809300198091BB00F0E0E152F74E80838D
:1050E000909100198091FF189817C8F285E8D8CFE1
:1050F000E091001981E08E0F809300198091BB0030
:10510000F0E0E152F74E80838091021981115CCF6B
:1051100081E08093DD1884EA8093BC00109203192B
:1051200024CF85EC8093BC00109203198091CB189A
:10513000803230F4E091CB18F0E0E555F74E108264
:105140006091CB1870E0E091FC07F091FD078BEACD
:1051500098E119951092CB1808CF1092011934CF0D
:10516000CF939091EC1593FF29C09091F115911177
:1051700025C02AE5811121E0C82F4EE353E069E004
:1051800076E18EEE95E10E94D9EA81110BC06EE3C3
:1051900073E084ED90E40E94873F81ED90E4CF912D
:1051A0000C94E63EC1110AC06EE373E08FEB90E40D
:1051B0000E94873F8AE0CF910C94DF3ECF91089503
:1051C0008BE1E9E0F6E1A4E2B6E101900D928A9567
:1051D000E1F708950F931F93CF93DF9300D0CDB7DE
:1051E000DEB79C012F5F3F4F3B832A832FE2FC01F8
:1051F000208381E0898310E00BE18091E21518178C
:1052000078F4109FC0011124AE014F5F5F4FBE01C3
:105210006E5F7F4F815C994E0F94E6001F5FEDCF6C
:1052200089818B3578F4AE014F5F5F4FBE016E5FB1
:105230007F4F8DE497E10F94E6008A819B8101976F
:105240009B838A83EA81FB8110820F900F900F90DD
:10525000DF91CF911F910F91089510928707809150
:10526000680C882331F080915E0C8093A40C8093AD
:105270004C0C84E690E09093770280937602109233
:10528000680C1092670C80918607811102C0109201
:1052900085078091EC158F7D8B7F8093EC150E94A4
:1052A000E533882321F08DE497E10C94BFC4089581
:1052B0003F924F925F926F927F928F929F92AF92A6
:1052C000BF92CF92DF92EF92FF920F931F93CF93F3
:1052D000DF93CDB7DEB7CA54D1090FB6F894DEBF5D
:1052E0000FBECDBF8091EC1583FF66C1809185070D
:1052F00081115DC10E9495330E94E533882309F432
:1053000056C18091E8159091E915A091EA15B091E8
:10531000EB152B968CAF9DAFAEAFBFAF2B978091A7
:10532000E4159091E515A091E615B091E715279643
:105330008CAF9DAFAEAFBFAF279781159440A1054D
:10534000B10550F080E094E0A0E0B0E027968CAF8B
:105350009DAFAEAFBFAF279760E070E0CB010E947A
:10536000D733412C512C320110E027968CAD9DADE6
:10537000AEADBFAD2797481659066A067B0609F4FD
:105380000EC18091551790915617A0915717B09163
:1053900058178093E8159093E915A093EA15B093F8
:1053A000EB158DE497E10E94DAC297FDF8C08A30D0
:1053B00019F08D3009F019C1111107C010E0FFEF8D
:1053C0004F1A5F0A6F0A7F0AD0CFE1E0F0E0EC0FDE
:1053D000FD1FE10FF11D108267EB73E0CE01019616
:1053E0000F941943312C009751F466EC73E0CE0111
:1053F00001960F941943332433940097F9F28C01EA
:1054000023961FAF0EAF2397D8018C9198012F5F81
:105410003F4F882399F290ED980F9A3038F0890128
:105420008E3271F7C12CD12C76012DC0C12CD12C1C
:10543000760123961FAF0EAF2397F80191908F014D
:1054400080ED890D8A30E0F420E030E040E251E464
:10545000C701B6010F940A396B017C01692D990CC3
:10546000770B60537109072E000C880B990B0F9472
:10547000AB38A70196010F94883F6B017C01D9CF0F
:10548000FEE29F123AC023960EAD1FAD23970F5F29
:105490001F4F8DEC882E8CEC982EA92C8DE3B82E06
:1054A00023961FAF0EAF2397D8016D918D0180ED2C
:1054B000860F8A3010F5062E000C770B60537109A9
:1054C000072E000C880B990B0F94AB38A5019401A3
:1054D0000F940A399B01AC01C701B6010F94883FB4
:1054E0006B017C012DEC3CEC4CEC5DE3C501B4019F
:1054F0000F940A394B015C01D3CF20E030E0A901C1
:10550000C701B6010F94A43818160CF057CF239694
:10551000AEACBFAC2397C501BFEFAB1ABB0AFC0111
:1055200020812032C1F3311012C042E050E069ED19
:1055300073E00F94F142892B51F020E030E04AE70C
:1055400054E4C701B6010F940A396B017C012AEDBE
:105550003FE049E450E4C701B6010F940A3920E066
:1055600030E040E65FE30F940A3920E030E040E6A7
:105570005FE30F940A3922E538EB4EE95FE30F94BD
:105580000A392FE632E143E85AE30F940A3960936F
:105590005D0270935E0280935F02909360022B968F
:1055A0006CAD7DAD8EAD9FAD2B970E94D7338091B2
:1055B000EC1584608093EC15C65BDF4F0FB6F89452
:1055C000DEBF0FBECDBFDF91CF911F910F91FF9036
:1055D000EF90DF90CF90BF90AF909F908F907F9093
:1055E0006F905F904F903F9008951F3308F0E7CE83
:1055F000E1E0F0E0EC0FFD1FE10FF11D80831F5F84
:10560000DECEFF920F931F93CF93DF93CDB7DEB71C
:105610006D970FB6F894DEBF0FBECDBF2091EC158D
:1056200023FF2BC0BC01CE014C960E94D5FF8C01FC
:10563000009719F16C8D7D8D19821C8222E0AC01DE
:10564000CE0101960E94D9EA811123C0F12CCE012E
:1056500001960E941037B801FF2081F181EB90E4A0
:105660000E94873F8AE00E94DF3E1092E815109268
:10567000E9151092EA151092EB156D960FB6F89495
:10568000DEBF0FBECDBFDF91CF911F910F91FF9075
:105690000895CE0101960F94B9028823B9F261E012
:1056A000CE0101960E94F1C2009781F225EEFC0125
:1056B00020831C820E94E8BDF82EC9CF89E990E4BE
:1056C0000E94873F86E990E40E94E63ED6CF0F9481
:1056D000B900882371F0E6E1F8E08BE292E0DF01A7
:1056E0009C011D9221503040E1F78EE393E00D9430
:1056F000012B08950F931F93CF93DF93CDB7DEB7A0
:105700006B970FB6F894DEBF0FBECDBF8B0122E0C2
:105710002093F7079093F6078093F50784E296E1CC
:105720000E9402C58BE1E4E2F6E1DE0111960190F0
:105730000D928A95E1F7A801BE016F5F7F4F90E05F
:1057400080E00E94D2EBCE0101960E9410376B964A
:105750000FB6F894DEBF0FBECDBFDF91CF911F9182
:105760000F910895EF92FF920F931F93CF93DF93C2
:105770001F921F92CDB7DEB72091EC1523FF19C001
:10578000F42EE62E8C010E94E533882309F4ADC087
:10579000FF2009F4CDC08091E315882399F00E9481
:1057A0009A3F81E590E40E94E63E90E080E00E940E
:1057B00062420F900F90DF91CF911F910F91FF9058
:1057C000EF9008958CE897E00F94EA288091E8150F
:1057D0009091E915A091EA15B091EB158093880797
:1057E00090938907A0938A07B0938B070E94634127
:1057F000B80188E390E40E94873F6091E31589E651
:10580000689FB00111246457784F8DE290E40E94A4
:10581000873F4091E8155091E9156091EA15709124
:10582000EB1587E290E40E9493438AE00E94DF3EFA
:105830008091E3158F5F8093E3150F942D29B801B4
:10584000CE0101960E94D5FF8C01009709F4B1CFDB
:1058500069817A81EE2009F47BC021E0AC018DE4FE
:1058600097E10E94D9EA882309F468C080915E1705
:1058700090915F17A0916017B09161178093E41524
:105880009093E515A093E615B093E7151092E815EF
:105890001092E9151092EA151092EB15B80180EFFD
:1058A0009FE30E94873F4091E4155091E515609178
:1058B000E6157091E71588EE9FE30E9493438AE016
:1058C0000E94DF3E89ED9FE30E94E63EB80190E032
:1058D00080E00F947A2B8091160C882311F006E15A
:1058E0001CE0C8010F944D0364CFFF2039F00E94E3
:1058F000634187E190E40E94E63E9FCF1092E3155A
:1059000082E0F82E0E94634182E190E40E94E63E2C
:1059100081E0F81210C084E090E40E94E63EB801F5
:105920008AE090E40E94873F8AE00E94DF3E85CFB4
:10593000FF24F394E7CF8EEF9FE3EFCFB80185EC20
:105940009FE30E94873F82EC9FE30E94E63E31CFB7
:1059500026E5AC018DE497E10E94D9EA811108C0E7
:10596000B8018EEA9FE30E94873F8BEA9FE3EDCF69
:105970008091EC1581608093EC15B80190E080E097
:105980000F947A2BB80189E99FE30E94873F8AE050
:105990000E94DF3EA6CF0F94F4408091FF0588233C
:1059A00079F01616170664F480918507811104C0FA
:1059B0008091EC1582FF04C0609118027091190269
:1059C000CB010895809186078823C1F01092850746
:1059D000109286078091680C882331F080915E0CCC
:1059E0008093A40C80934C0C84E690E09093770213
:1059F000809376021092680C1092670C0895FF92C3
:105A00000F931F93CF93DF931F92CDB7DEB7F82E7E
:105A10000DE715E041E050E0B801CE0101960F948A
:105A2000DD3789818F1108C081E00F90DF91CF9120
:105A30001F910F91FF9008950F5F1F4F85E005396B
:105A4000180741F780E0F1CF86E40E94EA328093A4
:105A5000AE06882351F00E94C032609341027093D9
:105A60004202809343029093440283E50E94EA320B
:105A7000882351F00E94C03260933D0270933E0231
:105A800080933F029093400282E40E94EA3288238E
:105A900051F00E94C0326093390270933A028093B1
:105AA0003B0290933C020895CF93DF938EEE95E1F5
:105AB0000E9410378DE497E10E941037CDE4D7E1C2
:105AC0006B97CE010E94103786E1CF33D807C1F71C
:105AD00084E296E10E94103789E096E1DF91CF9150
:105AE0000C941037CF93DF931092B5141092B41426
:105AF00088EE93E0A0E0B0E08093B6149093B714E2
:105B0000A093B814B093B9148FE493E09093B314B6
:105B10008093B2141092091610920C16109224164B
:105B200010922716EFE3F6E1108213827B9627E1AD
:105B3000ED34F207C9F789E18093DD141092E01487
:105B40001092D51410924D171092501780914D1548
:105B5000843208F0FCC091E0980F90934D1580932B
:105B60004E1590E0FC01EE0FFF1FE80FF91FEF51FB
:105B7000FB4E88EB9BE09283818380E1E6E6F5E1D2
:105B8000DF01282F1D922A95E9F7E6E5F5E1DF010F
:105B9000282F1D922A95E9F7E3E7F9E1DF011D922D
:105BA0008A95E9F710926F19109270191092711975
:105BB0001092721910925515109254151092531597
:105BC000109252151092511584E080938115109215
:105BD0007F1510927E1510928015389A4098109279
:105BE0007A1510927B1510927C1510927D158FE915
:105BF0009FE89093931580939215109297151092A9
:105C0000961581E693E090939515809394151092E4
:105C1000CF151092D0151092D11510929D1510929B
:105C20009C1510929F1510929E151092A11581E05F
:105C30008093A01582E28093A2151092A71510926E
:105C4000A615EBEBF5E189EC95E1CFEFC1938E174B
:105C50009F07E1F7D1E0D093B81583E09CEF9093D4
:105C6000AE158093AD15D093AF151092B01510926C
:105C7000B11580E48093B2151092B31582E09CEFC9
:105C80009093CA158093C91580E892E090939B1574
:105C900080939A1589E18093BD158BE18093BC15A3
:105CA000C093BB150F94AE2181E693E090939515B8
:105CB00080939415D093DA158FEF9FEF9093D315BF
:105CC0008093D215D093DB159093D5158093D4157E
:105CD000D093DC159093D7158093D615D093DD150E
:105CE0009093D9158093D8151092EE151092F11556
:105CF000C093DE15C093DF15C093E0158091EC15BD
:105D0000847F8B7F8093EC151092E8151092E91533
:105D10001092EA151092EB151092E4151092E51509
:105D20001092E6151092E7151092E3151092E21505
:105D3000EFE3F6E18EE091E0DF019C011D9221503E
:105D40003040E1F7C093E115DF91CF9108958FEFD7
:105D500080934E1512CFCF93DF93CDB7DEB7AA97BE
:105D60000FB6F894DEBF0FBECDBF789484B58260C5
:105D700084BD84B5816084BD85B5826085BD85B5EF
:105D8000816085BD80916E00816080936E0010926D
:105D900081008091810082608093810080918100E8
:105DA0008160809381008091800081608093800079
:105DB0008091B10084608093B1008091B0008160D7
:105DC0008093B000809191008260809391008091D7
:105DD0009100816080939100809190008160809318
:105DE00090008091A10082608093A1008091A10029
:105DF00081608093A1008091A00081608093A000C9
:105E00008091210182608093210180912101816034
:105E100080932101809120018160809320018091F5
:105E20007A00846080937A0080917A008260809307
:105E30007A0080917A00816080937A0080917A0064
:105E4000806880937A001092C100259A2D988091E5
:105E50000101886080930101809102018870809324
:105E600000016B9A73989D9AA598809107018B7F8A
:105E700080930701809108018095847080930601CA
:105E80001092C0008091C00082608093C000109288
:105E9000C50087E08093C4008091C1008061809339
:105EA000C1008091C10088608093C1008091C100D1
:105EB00080688093C1000F949A2085EF91E40E943E
:105EC000E63E0E94634114B710FF04C08CEE91E4DB
:105ED0000E94E63E11FF04C08BED91E40E94E63E75
:105EE00012FF04C089EC91E40E94E63E13FF04C057
:105EF00088EB91E40E94E63E15FF04C087EA91E436
:105F00000E94E63E14BE80EA91E40E94E63E80E2F2
:105F10000E94DF3E82E991E40E94E63E8AE00E9410
:105F2000DF3E0E94634182E891E40E94E63E87E7FB
:105F300091E40E94E63E88E591E40E94E63E0E94DC
:105F4000634181E491E40E94E63E0E9463418091B6
:105F50008319909184199E012F5F3F4F6901B90108
:105F6000009709F484C0681B790B82E391E40E94D6
:105F7000CD4360E675E08BE191E40E94CD438AE079
:105F80000E94DF3E0E9455A30E94F69F0E94E2FA03
:105F90000BE61CE082E4E82E8AE0F82ED8016D9131
:105FA0007D918D919D918D01F701219131914191CB
:105FB00051917F015D01F4E0AF1AB1080F94883F61
:105FC000D5016D937D938D939C931397BCE0073718
:105FD0001B0721F70E9442E2249A2C98809101012C
:105FE00080628093010180910201807280930001A0
:105FF0008091010180648093010187ED80937A0094
:1060000010927E0010927D0080917D0080628093CE
:106010007D0080917D00806480937D0080E888BD54
:1060200080916E00846080936E006AEF70E080E083
:1060300090E00F94672085E090E090936802809351
:1060400067020091630210916402C8010F94250257
:1060500020E030E040EA50E40F94A43887FF0AC003
:10606000005111091093640200936302EACF69584A
:1060700079417BCF8CE291E090936A028093690230
:106080000091650210916602C8010F94250220E07C
:1060900030E046E953E40F94E84118163CF4005F01
:1060A0001F4F1093660200936502EACF8091610250
:1060B000909162020E942FC720E030E040EA50E455
:1060C0000F94A43887FF0AC0809161029091620208
:1060D00040979093620280936102E8CF8091FF071E
:1060E000909100080E942FC720E030E040EF52E47A
:1060F0000F94E841181654F48091FF07909100081E
:106100004096909300088093FF07E8CF0E94E486B2
:1061100019A682E390E09AA389A31A8219825E01EC
:10612000E1E2AE0EB11C01E0960141E050E0BE019B
:10613000675D7F4FC5010E94A13E89A5863109F4A4
:10614000A4C10E9412CF81E0809301086D98759AD6
:10615000809104018D7F80930401809105018095D9
:1061600082708093030153985B9A109213081092E7
:1061700012080E94D2E2819A879A80910A01826075
:1061800080930A010E9A3B9A579A5F9A829A8A9A4A
:1061900080910701816080930701809108018095BB
:1061A0008170809306010A9A129A3F9A479A809AC0
:1061B00088985F9A8091480C8E7F8093480C869ACD
:1061C0008E988A9A8091480C8D7F8093480C80919C
:1061D0000A01886080930A0180910B018870809386
:1061E000090180910801809581708093060180915A
:1061F000480C8B7F8093480C0C9A1498129A8091CB
:1062000080008C7F8093800080918100877E8860F1
:1062100080938100809180008F73809380008091B3
:106220008100887F82608093810080E090E4909379
:1062300089008093880010928500109284008091DC
:106240006F00826080936F00789484E080931408DC
:106250000E941CCE80914E15843208F042C090E01E
:10626000FC01EE0FFF1FE80FF91FEF51FB4E80817D
:10627000807C8B60808361E08BE00F94D81E10924D
:106280004F151092501580914E152CE0622F0F94EF
:106290004B3F90E0829FB001112430E020E0AB0141
:1062A000420F531FFA01EE0FFF1FE40FF51FEF51CE
:1062B000FB4E408146FD07C02F5F3F4F2C3031051C
:1062C00071F70E94653CE0914E158E2F90E0FC0125
:1062D000EE0FFF1FE80FF91FEF51FB4E8081806426
:1062E00080838EE495E10E94563C6AE570E08EE47E
:1062F00095E10E94963C109215080E94D2E280918E
:1063000001018062809301010E94B92881E00E940E
:106310009B3D8091410A882361F18091EC1583FFB8
:106320000E94F0FA8091EC1583FF23C00F94B9000E
:10633000882379F081E00F94B0284BE252E066E1C7
:1063400078E08EEE95E10E94C2C18EEE95E10E944A
:10635000BFC40E9406378111A8C0E6E1F8E08BE2D5
:1063600092E0DF019C011D9221503040E1F70F9433
:10637000672B88E198E20FB6F894A89580936000A7
:106380000FBE909360003CEF432E31E4532E662401
:106390006A94762C5DE7252E52E4352E8091E11526
:1063A00087FDA0C08091EC1582FD9CC083FF0E94F8
:1063B000F0FA85E092E40E94E63E0E94E2FA8091C3
:1063C000EC1583FFFFC00E9406378111FBC080914E
:1063D000E115082E000C990BC0969F938F935F9246
:1063E0004F92BF92AF920F943B3889E096E10E94A2
:1063F00002C50F900F900F900F900F900F9080910B
:106400000C16823008F4DEC080911116909112169D
:10641000A0911316B09114168F719927AA27BB2744
:10642000892B8A2B8B2B09F0CDC040E250E0B601BE
:1064300089E096E10E94C2C1809709F0C3C08981BA
:10644000882309F4BFC0853E81F38E3271F38C85B9
:1064500083FDEBCFF60101900020E9F73197FE2E86
:10646000FC18FA943FEFF31639F101E010E00C0F3D
:106470001D1F0F0D111DF7FC1A95D8018C9190E08E
:106480000F949A42F8018083ECCF83E390E09AA3C3
:1064900089A31A82198201E0960140E150E062E08E
:1064A00078E0C5010E94A13E4ECE83E191E4909335
:1064B000500A80934F0A5DCF8A858E3709F49FCFAB
:1064C00045E050E0B501CE0101960F94F142892BD1
:1064D00009F095CFC5010E944CBD8091E1158F5FF9
:1064E0008093E1158091EC1585FF1CC00F942D2938
:1064F0001092D30B10924E0A1092D10B70926C0234
:1065000060926B020E94203C0E94A4CE0E94F8C6BA
:106510000E94513C10926D020F94672B3092500AEA
:1065200020924F0A8091D30B843020F40E94714B4B
:106530000E949E3F60914F0A7091500A10E000E067
:106540006115710509F043C08091D30B882309F4CC
:10655000E6C0F090D10B0F2D10E0000F111F0E526E
:106560001A4ED8018D919C9197FD0CC0B1E0B0936B
:10657000690C9093600C80935F0C0F94B116F80136
:10658000718260828091EC1580FF72C0F0E6FF9E00
:10659000800111240F5A154F69E472E4C8010F9469
:1065A0002138009769F1DC0113968C9180538A3071
:1065B00038F10F94D91686E392E40E94E63E0E94D9
:1065C000F43E58C0FFEFF093E1158CCF8C01FB0136
:1065D000E00FF11F24912AA7222309F470C0C801FB
:1065E00001962A3099F70115110509F06BC00F5F6C
:1065F0001F4F80914F0A9091500A080F191F8BC0AE
:10660000F80101900020E9F731977F01E01AF10AC3
:1066100010924D176EE470E0C8010F94D6424C0101
:106620000097C1F5B1E0EB1AF108F801EE0DFF1D7E
:106630002DE021833AE032831382F801019000209B
:10664000E9F73197AF01401B510BB8018DE497E199
:106650000E9440C380914D17882331F00E949A3FD9
:106660008FE192E40E94E63E8091EC1581FFA7CF76
:106670000E94E2778091D30B882309F450C08150A7
:106680008093D30B8091D10B8F5F843090F48093F3
:10669000D10B45C060E270E00F94D6428C010F5FD1
:1066A0001F4F6AE270E0C4010F94D642FC0131979B
:1066B000BFCF1092D10B33C080E2F82E7BC0011502
:1066C000110539F18DB69EB6C8010196ADB7BEB7BA
:1066D000A81BB90B0FB6F894BEBF0FBEADBFEDB788
:1066E000FEB731967F01A801CF010F94DD37F70186
:1066F000E00FF11F1082C7010E944A3180E00E9422
:10670000865F0FB6F8949EBE0FBE8DBEFAA5F1113E
:106710006ECF10E000E01093500A00934F0A809172
:10672000D20B882309F462C09091D20B8091CC18CF
:10673000981709F45BC00E9463418EE692E40E94C0
:10674000E63E8091D20B80FD05C08091D20B10E215
:1067500084FF0AC080E00E9405D2AB01BC018AE63A
:1067600092E40E940E4518E58091D20B81FD05C090
:106770008091D20B00E285FF0AC081E00E9405D221
:10678000AB01BC0186E692E40E940E4509E58091CA
:10679000D20B82FD04C08091D20B86FF8DCF82E0A8
:1067A0000E9405D2AB01BC0182E692E40E940E4534
:1067B0009AE5F92E8AE00E94DF3E1F9280E28F93D5
:1067C0001F92FF921F920F931F921F93ADE4B2E4AA
:1067D000BF93AF931F920F94CD002DB73EB7255FA7
:1067E0003F4F0FB6F8943EBF0FBE2DBF8091D20B26
:1067F0008093CC1880E00E94D44CD0CDCF93DF930F
:10680000282F30E0F901E55AFC4B8491F901EB5E49
:10681000FC4BD491F901E153FD4BC491CC23A1F081
:1068200081110E9405FCEC2FF0E0EE0FFF1FEB54EE
:10683000FD4BA591B491EC91ED2381E090E009F43A
:1068400080E0DF91CF91089580E090E0FACFEF9261
:106850000F931F93CF93DF93E80134E047FD34E1BA
:10686000042E000C550B57FF03C05195419551095B
:10687000E32E022F242FAE010F94793BCE01DF913E
:10688000CF911F910F91EF9008958F929F92AF92A9
:10689000BF92CF92DF92EF92FF920F931F93CF930D
:1068A000DF935C017B016115710519F0DB018D93AC
:1068B0009C9385010F5F1F4FF501D0818D2F90E0D4
:1068C0000F94D4376C01892BB9F5DD32B9F50F5F20
:1068D0001F4FD5011196DC91C1E05801F1E0AF1ACC
:1068E000B10843E050E060E174E0C5010F94FA376D
:1068F000892B69F5680182E0C80ED11C45E050E0A3
:106900006BE074E0C6010F94FA37892B21F468011B
:1069100097E0C90ED11CE114F10419F0D701CD9212
:10692000DC9260E070E080E89FEFC111FFC060E0A2
:1069300070E080E89FE7FAC05801BBCFDB3229F452
:1069400085010E5F1F4FF501D181C0E0C6CF43E046
:1069500050E068E074E0C5010F94FA37892BE9F044
:10696000F80110E000E020E030E0A9015F01B0EDA7
:106970008B2E8D0E89E08815C8F19C2E689491F8B5
:106980008C2F8870C2FF16C0811102C00F5F1F4F8D
:106990003196D501DC91C92DE9CFE114F10429F03C
:1069A0000E5F1F4FF7011183008360E070E080EC01
:1069B0009FE7BCC0882311F001501109A5E0B0E0A9
:1069C0000F94293F9B01AC01220F331F441F551F19
:1069D000280D311D411D511D283999E939074907F5
:1069E00099E15907A8F2C6609C2ED2CFAEEF8A1269
:1069F00006C0C3FD3CC09C2E689493F8C9CFDF7DD0
:106A0000D534A9F580818D3239F4C061DF01129649
:106A1000818162E070E006C0DF018B32C1F3119624
:106A200061E070E080535D01A61AB70A8A30F8F47D
:106A3000E0E8CE16ECE0DE065CF4B601660F771FE8
:106A4000660F771FC60ED71ECC0CDD1CC80ED11CDE
:106A50005D01FFEFAF1ABF0A8C9180538A30A8F115
:106A6000C4FF03C0D194C194D1080C0D1D1DC1FFFA
:106A700009C0E114F10431F081E0A81AB108D7018E
:106A8000AD92BC92CA01B9010F94A938C370C3304A
:106A900009F490584B015C0120E030E0A9010F940B
:106AA000A438882309F440C0CFE3D4E017FF05C021
:106AB000119501951109C7E2D4E06E01B8E1CB1A36
:106AC000D10880E2E82EF12C0FC0D501B1CFFE0134
:106AD00025913591459154910E191F09C501B401B5
:106AE0000F940A394B015C01D501C4010E151F0535
:106AF00074F72497F594E794CC16DD06A9F78A2F4E
:106B0000880F8B2F881F8F3F49F020E030E0A901CC
:106B1000C501B4010F94A438811106C082E290E04F
:106B20009093881980938719C501B401DF91CF91A3
:106B30001F910F91FF90EF90DF90CF90BF90AF909B
:106B40009F908F9008953F924F925F926F927F92A5
:106B50008F929F92AF92BF92CF92DF92EF92FF926D
:106B60000F931F93CF93DF935C016B017A01611543
:106B7000710519F0FB0191838083E114F10451F058
:106B8000C7010297839730F040E030E020E090E0CA
:106B90006BC05E01E5012196F5011081812F90E027
:106BA0000F94D437892BA9F71D3201F52196F501F1
:106BB000118101E0E114F10409F4E6C0F0E1EF16FF
:106BC000F10409F088C0103359F488818F7D88352D
:106BD00009F07CC0198122960260F0E1EF2EF12CC1
:106BE000812C912CA12C88E0B82E92C01B3221F46C
:106BF000E5012296F501118100E0DCCFEAE0EE1616
:106C0000F10409F4C7C0F0E1EF16F10409F073C014
:106C1000E7CF78E0E72EF12C812C912CA12C60E1BC
:106C2000B62E76C021E0ADC0302F3170C114D10432
:106C300031F0222371F12197F601D183C08327FF20
:106C40002EC060E070E080E090E8311104C06FEF8A
:106C50007FEF8FEF9FE722E230E030938819209397
:106C60008719462F372F282F642F732F822FDF91FC
:106C7000CF911F910F91FF90EF90DF90CF90BF9039
:106C8000AF909F908F907F906F905F904F903F90CC
:106C9000089501FF04C02297F601D183C0833323F6
:106CA00041F090958095709561957F4F8F4F9F4FE4
:106CB000D8CF97FFD6CF82E290E090938819809347
:106CC00087196FEF7FEF8FEF9FE7CBCF10E3E114D2
:106CD000F10409F49ECF28E0E216F10409F49CCFF8
:106CE0000CF08CCF812C912CA12CE0E4BE2E82E004
:106CF000E816F10469F060E070E080E090E8970148
:106D00000F2C000C440B550B0F94E83E49015A011F
:106D100020E060E070E0CB0127010F2C000C66083A
:106D20007708FE0150ED352E310E39E0331570F441
:106D30003FEB310F49EC342E3A3138F03FE9310F57
:106D40003A3108F071CF39EA332E310E3E141F0468
:106D50000CF06ACF27FD15C086169706A806B9065F
:106D600078F0A30192010F94D83E630D711D811D2F
:106D7000911D61307105810520E8920708F452CF1A
:106D80002FEF21961081CDCF103309F41ECF2AE0CA
:106D9000E22EF12C9CEC892E982CA82C9CE0B92E8C
:106DA000B7CF3F924F925F926F927F928F929F9256
:106DB000AF92BF92CF92DF92EF92FF920F931F9309
:106DC000CF93DF935C016B017A016115710519F0B6
:106DD000FB0191838083E114F10449F0C70102971C
:106DE000839728F060E070E0CB019BC05E01E50175
:106DF0002196F5011081812F90E00F94D437892BD3
:106E0000A9F71D3209F05CC02196F501118101E05E
:106E1000E114F10409F4BBC0F0E1EF16F10409F04C
:106E20009BC0103341F488818F7D883509F08FC075
:106E3000198122960260E0E1EE2EF12C88248A94DA
:106E4000982CA82CFFE0BF2E20E060E070E0CB0182
:106E500027010F2C000C66087708FE0150ED352E37
:106E6000310E39E0331568F43FEB310F49EC342E25
:106E70003A3130F03FE9310F3A31B0F539EA332E8B
:106E8000310E3E141F0484F52F3FB9F08616970685
:106E9000A806B90638F1A30192010F94D83E232D1C
:106EA00030E050E040E0620F731F841F951F6217AF
:106EB000730784079507B0F021E021961081CDCFAC
:106EC0001B3221F4E5012296F501118100E0A0CFEB
:106ED00078E0E72EF12C88248A94982CA82C6FE176
:106EE000B62EB2CF2FEFE9CFC114D10431F0222357
:106EF00051F12197F601D183C08300FF07C090951F
:106F00008095709561957F4F8F4F9F4F2F3F49F42C
:106F100082E290E090938819809387196FEF7FEF5A
:106F2000CB01DF91CF911F910F91FF90EF90DF90F8
:106F3000CF90BF90AF909F908F907F906F905F9019
:106F40004F903F90089501FFD8CF2297D3CF10E301
:106F5000E114F10409F4BCCF3AE0E316F104E9F0DE
:106F600080E1E816F10409F466CFE8E0EE16F104DA
:106F700009F4B1CF6FEF7FEFCB0197010F2C000C1D
:106F8000440B550B0F94E83E49015A015DCF103375
:106F900009F449CF9AE0E92EF12C89E9882E982C42
:106FA000A82C89E1B82E50CF91110D94CA3D8032A2
:106FB00019F089508550C8F70895FB01DC0102C023
:106FC00005900D9241505040D8F70895FC0105906E
:106FD000061621F00020D9F7C00108953197CF019E
:106FE0000895FC0105900020E9F7809590958E0F9B
:106FF0009F1F0895FB01DC014150504088F08D91A6
:1070000081341CF08B350CF4805E659161341CF08A
:107010006B350CF4605E861B611171F3990B08955A
:10702000881BFCCFFB01DC014150504048F005902B
:107030000D920020C9F701C01D9241505040E0F769
:107040000895FB0155915523A9F0BF01DC014D9135
:1070500045174111E1F759F4CD010590002049F0A1
:107060004D9140154111C9F3FB014111EFCF81E072
:1070700090E0019708950F931F93CF93DF93CDB7BF
:10708000DEB72E970FB6F894DEBF0FBECDBF0E89C8
:107090001F898EE08C831A8309838FEF9FE79E837D
:1070A0008D83AE01465E5F4F688D798DCE0101966E
:1070B0000F9477392F813885020F131FF801108242
:1070C0002E960FB6F894DEBF0FBECDBFDF91CF91E5
:1070D0001F910F9108950F931F93CF93DF93CDB717
:1070E000DEB72E970FB6F894DEBF0FBECDBF8C0172
:1070F000FA018EE08C831A83098377FF02C060E077
:1071000070E8615071097E836D83A901BF01CE01D2
:1071100001960F9477394D815E8157FD0AC02F810A
:107120003885421753070CF49A01020F131FF80118
:1071300010822E960FB6F894DEBF0FBECDBFDF9142
:10714000CF911F910F9108950F94E63808F481E0D4
:107150000895E89409C097FB3EF49095809570954A
:1071600061957F4F8F4F9F4F9923A9F0F92F96E993
:10717000BB279395F695879577956795B795F11108
:10718000F8CFFAF4BB0F11F460FF1BC06F5F7F4FA5
:107190008F4F9F4F16C0882311F096E911C07723B7
:1071A00021F09EE8872F762F05C0662371F096E8C0
:1071B000862F70E060E02AF09A95660F771F881F8F
:1071C000DAF7880F9695879597F90895990F000833
:1071D000550FAA0BE0E8FEEF16161706E807F907A9
:1071E000C0F012161306E407F50798F0621B730B44
:1071F000840B950B39F40A2661F0232B242B252BC5
:1072000021F408950A2609F4A140A6958FEF811D67
:10721000811D08950F941D390D94883E0F947A3E78
:1072200038F00F94813E20F0952311F00D94713EBB
:107230000D94773E11240D94BC3E0F94993E70F34B
:10724000959FC1F3950F50E0551F629FF001729F0B
:10725000BB27F00DB11D639FAA27F00DB11DAA1F1A
:10726000649F6627B00DA11D661F829F2227B00D67
:10727000A11D621F739FB00DA11D621F839FA00DF2
:10728000611D221F749F3327A00D611D231F849F42
:10729000600D211D822F762F6A2F11249F57504099
:1072A0009AF0F1F088234AF0EE0FFF1FBB1F661F14
:1072B000771F881F91505040A9F79E3F510580F0DD
:1072C0000D94713E0D94BC3E5F3FE4F3983ED4F3C1
:1072D000869577956795B795F795E7959F5FC1F781
:1072E000FE2B880F911D9695879597F908952F92FB
:1072F0003F924F925F926F927F928F929F92AF9246
:10730000BF92CF92DF92EF92FF920F931F93CF9392
:10731000DF9300D000D000D01F921F92CDB7DEB710
:107320007C013B018A01FC0117821682838181FF67
:10733000DDC1CE0101965C01F7019381F30193FD5C
:10734000859193FF81913F01882309F453C18532D0
:1073500039F493FD859193FF81913F01853229F4A2
:10736000B70190E00F94E33DE7CF912C212C312C15
:10737000FFE1F31538F08B3211F190F4803209F10E
:10738000833229F137FC3CC020ED280F2A3050F51C
:1073900036FE20C08AE0989E200D1124922E06C051
:1073A0008D3291F0803371F7689430F8F30193FDDA
:1073B000859193FF81913F018111DACF21C06894BB
:1073C00031F8689432F8F2CF689433F8EFCF6894CC
:1073D00034F8ECCFEAE02E9E200D1124222E689482
:1073E00035F8E4CF8E3229F436FC04C1689436F8BF
:1073F000DDCF8C3619F4689437F8D8CF8836B1F2DF
:10740000982F9F7D95549330E0F08336A1F1833718
:10741000C1F1833509F063C02801F2E04F0E511C21
:10742000F801C080D180692D70E036FC02C06FEF9A
:107430007FEFC6010F94CD3D4C01689437F882016F
:107440000AC00C5F1F4FFFE3F98388248394912CBB
:107450006501E89437F833FE2DC0522C8114910455
:1074600071F5552009F468CFB70180E290E00F94E0
:10747000E33D5A94F6CFF801808189830E5F1F4F58
:10748000E4CF2801F2E04F0E511CF801C080D180FA
:10749000692D70E036FC02C06FEF7FEFC6010F94DC
:1074A000D83D4C018201D5CFB70180E290E00F9426
:1074B000E33D2A942814190409F0B0F7CECFF60161
:1074C00037FC859137FE81916F01B70190E00F94F1
:1074D000E33D51105A94F1E08F1A9108BFCF8436E2
:1074E00019F0893609F077C0F80137FE6BC060816A
:1074F0007181828193810C5F1F4FF32DFF763F2EA8
:1075000097FF09C090958095709561957F4F8F4F3B
:107510009F4F689437F82AE030E0A5010F94133E9E
:10752000C82ECA188C2C432C36FE0CC0E89440F8A8
:10753000C91440F434FE05C032FC03C0F32DFE7EB6
:107540004F2E892C44FEAAC0FE01EC0DF11D808156
:10755000803309F09CC0242D297E422E842D887012
:10756000582E43FCAAC040FEA4C09C2C821418F4E0
:107570002C0C922C981844FEA6C0B70180E390E032
:107580000F94E33D42FE09C088E790E041FE02C04F
:1075900088E590E0B7010F94E33DC91408F49FC05B
:1075A000CA94D12C9FEFC91AD90ACA0CDB1CF60168
:1075B00082916F01B70190E00F94E33DAC14BD04DC
:1075C000B1F74FCF60817181072E000C880B990BAA
:1075D0000E5F1F4F92CFD32CE894D4F82AE030E00E
:1075E0008537E1F1232D297FD22E8F36A9F1F0F4D2
:1075F000883551F1F701868197812B960FB6F89463
:10760000DEBF0FBECDBFDF91CF911F910F91FF90D5
:10761000EF90DF90CF90BF90AF909F908F907F9032
:107620006F905F904F903F902F900895803749F072
:10763000883701F7D4FE02C06894D2F820E130E028
:107640000DC06894D4F8F6CF34FE03C0822F866054
:10765000D82E20E132E002C028E030E0F801D7FE69
:107660000FC060817181828193810C5F1F4FA501E2
:107670000F94133EC82ECA183D2CE89437F852CF09
:107680006081718190E080E00E5F1F4FF0CF42FC7F
:1076900002C0839463CF8394839460CF842D8678D3
:1076A00009F45CCFF6CFB70180E290E00F94E33DA0
:1076B00083948214C0F3512C5ECF522C581882143C
:1076C00008F459CFF8CF842D867809F466CF8BE281
:1076D00041FE80E247FC8DE2B70190E05CCFB7014C
:1076E00080E390E00F94E33D9A9457CF8FEF9FEFA4
:1076F00084CF8F929F92AF92BF92CF92DF92EF9200
:10770000FF920F931F93CF93DF9300D000D000D050
:10771000CDB7DEB76A01F22EB02E102FFBE3AF2EED
:10772000A01608F41BE31F5F012F27E0AE014F5F97
:107730005F4F0F94F23CBC018981982F9970913072
:1077400009F44EC09BE2E1FC04C09E2D9170E0FC68
:1077500049C05E2D5071E82FE87083FF55C084E06A
:10776000911101C083E0EF2DE81B8F1508F0E0E0D8
:10777000D6018E2F20E25523C9F1992329F0D60195
:107780009C93C60101966C0196012D5F3F4FE2FE6E
:1077900033C08EE4D6018C9391E411969C9311979B
:1077A00012968C93D9018E2F90E281112AC0E20F9C
:1077B000F32FF11D10828EEF9FEF29960FB6F894EC
:1077C000DEBF0FBECDBFDF91CF911F910F91FF9014
:1077D000EF90DF90CF90BF90AF909F908F900895E3
:1077E0009DE2B7CF90E2B5CF2D9381508111FCCFB0
:1077F000CE0ED11CE0E0C1CF8EE6D6018C9391E68F
:10780000CCCF9D938150D1CF482F447082FF3DC093
:1078100084E0911101C083E08F1510F4EF2DE81B77
:10782000D6018E2F20E2552309F1992329F0D601A4
:107830009C93C60101966C0196012D5F3F4FE2FEBD
:107840001BC089E4D6018C938EE411968C9311971A
:1078500086E412968C93D9018E2F90E2882309F446
:10786000A6CF9D938150FACF2D9381508111FCCFEB
:10787000CE0ED11CE0E0D9CF89E6D6018C938EE6FE
:1078800011968C93119786E6E4CF9B0177FF02C097
:1078900030E020E0A1E0B0E0911102C0B0E0A0E053
:1078A000F9013196AE0FBF1F8B2C912CBB2009F430
:1078B00061C05401EFEFAE1ABE0AAA0DBB1DFA1645
:1078C0001B0619F014F04F2D4A1B511188C0E3FC20
:1078D00059C07601A42FB0E2A1114FC0C40ED11C33
:1078E000992309F45BC040E0D6011196F60190831C
:1078F0006D01552309F448C0012F060F9A81582FB6
:10790000507184FF03C0913309F4015010160CF03C
:1079100047C0093008F008E0EEE2FE2E5B01A01A35
:10792000B10885019194819491082F3F320729F481
:10793000D601FC92F60131966F016217730794F13C
:10794000021713077CF5DB01A21BB30BAA24A39437
:10795000B12CAC0EBD1EAA0DBB1D11968C912150F1
:107960003109D601119628153905F4F0F601808306
:107970006D01DBCFB12CA12CA0CFF701B1937F011A
:10798000A150AACF9111B0CFD601942F50E302C0DD
:107990005D9391509111FCCFC40ED11C40E0ACCF4F
:1079A00001E0BACF80E3DBCF6217730731F496337F
:1079B00088F4953311F4552369F0F6018083FD01B5
:1079C000842F90E2811108C0A40FB11D1C9290E099
:1079D00080E0F3CE81E3F1CF91938150F3CF911109
:1079E00083CF8ACF283008F027E03327DA01990FB8
:1079F000311D87FD916000966105710539F4326093
:107A00002E5F3D9330E32A95E1F708959F3F30F0D4
:107A100080387105610509F03C5F3C5F3D93913012
:107A200008F08068911DDF93CF931F930F93FF920F
:107A3000EF92192F987F9695E92F96959695E90FD5
:107A4000FF27E356FB4F99273327EE24FF24A70196
:107A5000E70105900894079428F4360FE71EF81EF6
:107A6000491F511D660F771F881F991F0694A1F7A4
:107A70000590079428F4E70EF81E491F561FC11DF4
:107A8000770F881F991F661F0694A1F7059007942A
:107A900028F4F80E491F561FC71FD11D880F991FC4
:107AA000661F771F0694A1F70590079420F4490FED
:107AB000561FC71FD81F990F661F771F881F069470
:107AC000A9F784911095177041F0D695C7955795F1
:107AD0004795F794E7941A95C1F7E3E4F4E06894C6
:107AE0001590159135916591959105907FE273956B
:107AF000E118F10A430B560BC90BD009C0F7E10C92
:107B0000F11E431F561FC91FD01D7EF4703311F4A0
:107B10008A95E6CFE894015030F0080F0AF4002768
:107B2000021708F4202F2395022F7A3328F079E3E7
:107B30007D932A95E9F710C07D932A9589F60694DE
:107B400097956795379517951794E118F10A430BA8
:107B5000560BC90BD00998F023957E9173957A3313
:107B600008F070E37C932013B8F77E9170617D93E9
:107B700030F0839571E37D9370E32A95E1F711244A
:107B8000EF90FF900F911F91CF91DF91992787FD83
:107B900090950895992788270895FC0105906150D4
:107BA00070400110D8F7809590958E0F9F1F089513
:107BB000FC016150704001900110D8F780959095BC
:107BC0008E0F9F1F08950F931F93CF93DF93182F4E
:107BD000092FEB018B8181FD09C01FEF0FEF812F72
:107BE000902FDF91CF911F910F91089582FF14C0C4
:107BF0002E813F818C819D81281739073CF4E881D3
:107C0000F981CF0101969983888310838E819F81AA
:107C100001969F838E83E3CFE885F985812F19959F
:107C2000892BA1F3DACFFA01AA27283051F12031AC
:107C300081F1E8946F936E7F6E5F7F4F8F4F9F4F00
:107C4000AF4FB1E03ED0B4E03CD0670F781F891F42
:107C50009A1FA11D680F791F8A1F911DA11D6A0F10
:107C6000711D811D911DA11D20D009F468943F91C3
:107C70002AE0269F11243019305D3193DEF6CF01C2
:107C80000895462F4770405D4193B3E00FD0C9F788
:107C9000F6CF462F4F70405D4A3318F0495D31FDF5
:107CA0004052419302D0A9F7EACFB4E0A695979548
:107CB000879577956795BA95C9F70097610571051E
:107CC00008959B01AC010A2E069457954795379568
:107CD0002795BA95C9F7620F731F841F951FA01DC2
:107CE000089597F99F6780E870E060E008959FEF3E
:107CF00080EC089500240A94161617061806090643
:107D0000089500240A941216130614060506089511
:107D1000092E0394000C11F4882352F0BB0F40F499
:107D2000BF2B11F460FF04C06F5F7F4F8F4F9F4FD9
:107D3000089557FD9058440F551F59F05F3F71F05B
:107D40004795880F97FB991F61F09F3F79F08795C2
:107D50000895121613061406551FF2CF4695F1DF4B
:107D600008C0161617061806991FF1CF86957105DB
:107D7000610508940895E894BB2766277727CB010F
:107D800097F90895F999FECF92BD81BDF89A992788
:107D900080B50895262FF999FECF1FBA92BD81BDF7
:107DA00020BD0FB6F894FA9AF99A0FBE019608957D
:107DB000DB018F939F930F94293FBF91AF91A29FB7
:107DC000800D911DA39F900DB29F900D11240895D9
:107DD000A1E21A2EAA1BBB1BFD010DC0AA1FBB1FCF
:107DE000EE1FFF1FA217B307E407F50720F0A21B41
:107DF000B30BE40BF50B661F771F881F991F1A94AE
:107E000069F760957095809590959B01AC01BD01D7
:107E1000CF010895052E97FB1EF400940F94213F87
:107E200057FD07D00F94E83E07FC03D04EF40D94A5
:107E3000213F50954095309521953F4F4F4F5F4FD3
:107E4000089590958095709561957F4F8F4F9F4FC6
:107E500008950F943C3FA59F900DB49F900DA49F53
:107E6000800D911D11240895B7FF0D94293F0F94A3
:107E7000293F821B930B0895A29FB001B39FC001BD
:107E8000A39F700D811D1124911DB29F700D811D46
:107E90001124911D0895991B79E004C0991F96172C
:107EA00008F0961B881F7A95C9F780950895AA1B3C
:107EB000BB1B51E107C0AA1FBB1FA617B70710F0D5
:107EC000A61BB70B881F991F5A95A9F78095909507
:107ED000BC01CD01089597FB072E16F4009407D03E
:107EE00077FD09D00F94573F07FC05D03EF49095DD
:107EF00081959F4F0895709561957F4F0895EE0F7E
:107F0000FF1F881F8BBF0790F691E02D19945058E2
:107F1000BB27AA270F949F3F0D94883E0F947A3E6B
:107F200038F00F94813E20F039F49F3F19F426F485
:107F30000D94773E0EF4E095E7FB0D94713EE92F2A
:107F40000F94993E58F3BA17620773078407950791
:107F500020F079F4A6F50D94BB3E0EF4E0950B2EBF
:107F6000BA2FA02D0B01B90190010C01CA01A0018B
:107F70001124FF27591B99F0593F50F4503E68F1E6
:107F80001A16F040A22F232F342F4427585FF3CF27
:107F9000469537952795A795F0405395C9F77EF4F8
:107FA0001F16BA0B620B730B840BBAF09150A1F041
:107FB000FF0FBB1F661F771F881FC2F70EC0BA0FC7
:107FC000621F731F841F48F4879577956795B7954F
:107FD000F7959E3F08F0B0CF9395880F08F099274A
:107FE000EE0F9795879508950F947A3E60F080E89C
:107FF00091E009F49EEF0F94813E28F040E851E0B3
:1080000071F45EEF0CC00D94773E0D94BB3EE92FEA
:10801000E0780F94993E40F3092E052AB1F3261714
:1080200037074807590738F00E2E07F8E02569F0A2
:10803000E025E0640AC0EF6307F8009407FADB016B
:10804000B9019D01DC01CA01AD01EF930F94994084
:108050000F94883E0F9437405F91552339F02BEDF4
:108060003FE049E450FD49EC0D94883F0895DF93CB
:10807000DD27B92FBF7740E85FE3161617064807DC
:108080005B0718F4D92F0F94ED419F938F937F9343
:108090006F930F947642E4EEF0E00F946A410F94F0
:1080A000883E2F913F914F915F910F941D39DD23B1
:1080B00051F09058A2EA2AED3FE049EC5FE3D07816
:1080C0005D270F949F3FDF910D94883E0F94D04120
:1080D00090F09F3748F4911116F40D94BC3E60E087
:1080E00070E080E89FE3089526F01B16611D711D66
:1080F000811D0D9441410D945C410F949341E39592
:108100000D94BC410F9496400D94883E0F94813E8F
:1081100058F00F947A3E40F029F45F3F29F00D9417
:10812000713E51110D94BC3E0D94773E0F94993ED3
:1081300068F39923B1F3552391F3951B550BBB2796
:10814000AA2762177307840738F09F5F5F4F220FDB
:10815000331F441FAA1FA9F335D00E2E3AF0E0E8D2
:1081600032D091505040E695001CCAF72BD0FE2F1C
:1081700029D0660F771F881FBB1F261737074807B0
:10818000AB07B0E809F0BB0B802DBF01FF27935868
:108190005F4F3AF09E3F510578F00D94713E0D947B
:1081A000BC3E5F3FE4F3983ED4F3869577956795A0
:1081B000B795F7959F5FC9F7880F911D969587959D
:1081C00097F90895E1E0660F771F881FBB1F6217BC
:1081D00073078407BA0720F0621B730B840BBA0B7A
:1081E000EE1F88F7E09508950F94FB406894B11155
:1081F0000D94BC3E08950F94A13E88F09F5798F0CF
:10820000B92F9927B751B0F0E1F0660F771F881F9B
:10821000991F1AF0BA95C9F714C0B13091F00F94B4
:10822000BB3EB1E008950D94BB3E672F782F8827A1
:10823000B85F39F0B93FCCF3869577956795B395DC
:10824000D9F73EF490958095709561957F4F8F4F4B
:108250009F4F08950F94D04190F09F3748F49111AB
:1082600016F00D94BC3E60E070E080E89FEB08954E
:1082700026F41B16611D711D811D0D9441410D9445
:108280005C41882371F4772321F09850872B762F57
:1082900007C0662311F499270DC09051862B70E01A
:1082A00060E02AF09A95660F771F881FDAF7880F2B
:1082B0009695879597F908959F3F31F0915020F456
:1082C000879577956795B795880F911D96958795B2
:1082D00097F90895DF93CF931F930F93FF92EF9237
:1082E000DF927B018C01689406C0DA2EEF010F94B7
:1082F0001D39FE01E894A59125913591459155913F
:10830000A6F3EF010F949F3FFE019701A801DA94B5
:1083100069F7DF90EF90FF900F911F91CF91DF9160
:1083200008950D94773E0F94A13ED8F3E894E0E0D1
:10833000BB279F57F0F02AED3FE049EC06C0EE0F57
:10834000BB0F661F771F881F28F0B23A62077307BA
:10835000840728F0B25A620B730B840BE3959A954D
:1083600072F7803830F49A95BB0F661F771F881F0D
:10837000D2F790480D945E41EF93E0FF07C0A2EA68
:108380002AED3FE049EC5FEB0F949F3F0F94883E4E
:108390000F90039401FC9058E1E1F1E00D948642C6
:1083A0000F94A13EA0F0BEE7B91788F4BB279F3811
:1083B00060F41616B11D672F782F8827985FF7CFC6
:1083C000869577956795B11D93959639C8F308956D
:1083D0000F94E63808F48FEF08959B01AC0160E03C
:1083E00070E080E89FE30D9482400F94A13E58F125
:1083F0009E5760F19851A0F0E9F0983020F5092ED1
:108400009927660F771F881F991F0A94D1F712C00A
:10841000062E672F782F8827985F11F4000C07C06D
:10842000993FB4F38695779567959395D9F7611D34
:10843000711D811D3EF490958095709561957F4FDB
:108440008F4F9F4F089568940D94BC3E0D94BB3E92
:108450009F930F9493410F9007FCEE5F0D94BC41E6
:1084600019F416F40D94773E0D945C410F94A13EDF
:10847000B8F39923C9F3B6F39F57550B87FF0F94B1
:108480007F420024A0E640EA9001805856959795D7
:1084900028F4805C660F771F881F20F026173707A7
:1084A000480730F4621B730B840B202931294A2BB7
:1084B000A69517940794202531254A2758F7660F6B
:1084C000771F881F20F026173707480730F4620B04
:1084D000730B840B200D311D411DA09581F7B9014F
:1084E000842F9158880F9695879508959B01AC012C
:1084F0000D940A390F94E638880B990B0895915022
:108500005040660F771F881FD2F708959F938F936F
:108510007F936F93FF93EF939B01AC010F940A3904
:10852000EF91FF910F946A412F913F914F915F918D
:108530000D940A399111089581548A5108F4805E8E
:10854000855A0895FB01DC0104C08D9101908019CA
:1085500021F441505040C8F7881B990B0895FB0146
:10856000DC0102C001900D9241505040D8F70895AF
:10857000FB01DC018D9181341CF08B350CF4805EA5
:10858000619161341CF06B350CF4605E861B6111E7
:1085900089F3990B0895FB01DC010D900020E9F7A8
:1085A000119701900D920020E1F70895FC0181914F
:1085B000861721F08823D9F7992708953197CF019D
:1085C0000895FB01DC018D91019080190110D9F310
:1085D000990B0895FB01DC0101900D920020E1F759
:1085E0000895FB01DC014150504030F08D91019025
:1085F000801919F40020B9F7881B990B0895FB0125
:10860000DC014150504048F001900D920020C9F724
:1086100001C01D9241505040E0F70895FC0181E0F7
:1086200090E00190061609F4CF010020D1F70197E0
:108630000895FB0151915523A9F0BF01DC014D9133
:1086400045174111E1F759F4CD010190002049F09F
:108650004D9140154111C9F3FB014111EFCF81E06C
:1086600090E00197089512E2CEE5D2E200E006C064
:10867000802FFE010F947F3F2196011DCF35D1073A
:0A86800080E00807A9F7F894FFCF87
:10868A009D9DF0FF79C4F0FF79C402C0D401009621
:10869A000001FF01FF013C00C800010000000000CA
:1086AA00006A430000000000006A43000000000066
:1086BA0000A0430000803F640000007A430000529B
:1086CA0043CDCCCC3DFFFFFFFFFFFFFFFFFFFFFFC6
:1086DA00FF01FF06011040000000806817000080BB
:1086EA00BFFF3FFF3F00000000FF3FFFFF0155555E
:1086FA0005430000C8416400010000803FAA00034E
:10870A00CAFD5502EC00FF3F1CC6FF3F1CC6000015
:10871A00000058595A4500408345004083450000EF
:10872A0061440000B44300803B4500803B45008023
:10873A003B450000404000003442000000000000B9
:10874A00000000000000000050410000000000008E
:10875A00004164000000640000000300000064009F
:10876A0000006400000003000000030000001E0077
:10877A0000001E0000001E0000001E0000001E0077
:10878A0000001E000000F4010000F4010000640073
:10879A000000E80300000000A0420000A042000020
:1087AA00C8430000BA4200007A4300007A4300003E
:1087BA00A0400000C8410A005A00563730002F5026
:1087CA004C5200000100FF0100FF0000000000A65B
:1087DA00FF79FF66234FFF72FF5FFF50FF00000023
:1087EA0000DE2691FC662365234C415945523A0026
:1087FA004C415945525F4348414E4745004D31303F
:10880A0038004D313132004D34313000455252007A
:10881A002F00205A00563637005636380056363959
:10882A00005900580042656420583A200020593AFD
:10883A002000205A3A200046696C616D656E7420EA
:10884A00757365643A0066696C616D656E7420754E
:0C885A00736564205B6D6D5D006D6D004A
:00000001FF
