:100000000C94E3210C9414220C9414220C941422CA
:100010000C9414220C9414220C9414220C94142288
:100020000C9414220C9414220C9414220C94142278
:100030000C9414220C9414220C9414220C94142268
:100040000C9414220C942EC70C9414220C94142299
:100050000C9414220C9414220C9412C00D94B81811
:100060000C9414220C94EB730C94E1730C941422F2
:100070000C9414220C9414220C9414220C94142228
:100080000C94DE3B0C9414220C9414220C94142235
:100090000C9414220C9414220C9414220D940B1F13
:1000A0000C9414220C9414220C94B03B0C94142243
:1000B0000C9414220C9414220C9414220C94823B61
:1000C0000C9414220C9414220C9414220C941422D8
:1000D0000C9414220C9414220C9414220C941422C8
:1000E0000C941422084AD73B3BCE016E84BCBFFD62
:1000F000C12F3D6C74319ABD56833DDA3D00C77FF8
:1001000011BED9E4BB4C3E916BAAAABE0000008090
:100110003F05A84CCDB2D44EB93836A9020C50B91F
:10012000918688083CA6AAAA2ABE000000803F004B
:100130000C947D920C94757D0D945E170C94B5AC67
:100140000D9401170C94BB750D94B9170C94199B61
:100150000C94F7F60C9492220C94F8770C94E5F337
:100160000C94AC290C9471F50C94E72E0C94E9F3E3
:100170000C94838B0C94D4250C947A7D0D9480235D
:100180000C94FF750C94F1250C94BE7B0C94847632
:100190000C94A9830C94EE380D948C170C9401F4F4
:1001A0000C940B2F0C94B7250D9447170C944FB556
:1001B0000C947A9F0C948A790C94F32E0C94CD7B3A
:1001C0000C948FA70C94737E0C9493750C94322628
:1001D0000C9438A40C94DCF30C94F92E0C94E79A4C
:1001E0000C94BEA90C9495920D944F170C94F6F6AE
:1001F0000C946C9F0C9488990C946D920C948E9F27
:100200000D9468170D9488160D94F7160D94E51645
:100210000C94809F0D94AF170C94FD750C944DF7C2
:100220000C9498750D9454170C94D4F30C94CF2E11
:100230000C9446810C9455920C94F0770C949C7617
:100240000C94FDF30D94A3160C947D9F0C945934DB
:100250000C9416220C94707D0C945D920C94C279CF
:100260000D94E1170C94FEA50C94E3220C94839F4B
:100270000C94DFF30D94E0160C94E6750C94138047
:100280000C94F7F30C94F3F30C9405F40C940825F8
:100290000C9475920C948A760C9496760D94721741
:1002A0000C94A6220C94FF2E0D94A0170C94EA2215
:1002B0000C94939F0C94D8F30C94869F0C94EFF3BA
:1002C0000D94C3170C94E6220C94AAF30C9419F71E
:1002D0000C94909F0D9496170C94D8290C94E87E5A
:1002E0000C94D0F30C9487970C948D920C94F43763
:1002F0000C940E260C942C220C949EAA0C94978598
:100300000C9422280C949A250C94ED2E0C94E9223E
:100310000C9490760C94DB810C94779F0C94C875A8
:100320000C9438F40C94DB790C94DB2E0C9456224C
:100330000C94CAF30C9479AF0C94E12E0C940FF446
:100340000C94ECB30D949E230C946A220C94052F0C
:100350000C94727F0C9439260C94A2290C94BA2226
:100360000C94D27B0C94D52E0C94CF750C94ACA22B
:100370000C94899F0C94F5F60C9465920C9420F7DC
:100380000C94A9F30C941A7E0C94C1780C9406F783
:100390000C9495AD0C94F4F60C94C37B0D947A17E1
:1003A0000C944D920C94D22D0C94A49F0C9409891A
:1003B0000C942B260C940BF40C947E220C94C87B8A
:1003C0000C9442220D9482170D940C170C948B9967
:1003D0000C941C2D0C947D810D94CD170C94D5227A
:1003E0000C94C8220C9485920C946B7D0C940AF4A6
:1003F0000C94A5930C94A9790D94F1160C94F277B2
:100400000D94D7174E414E494E495459494E46CD49
:10041000CCCC3D0AD7233C17B7D13877CC2B3295BB
:1004200095E6241FB14F0A000020410000C8420099
:10043000401C4620BCBE4CCA1B0E5AAEC59D740063
:10044000407A10F35A00A0724E18090010A5D4E8A3
:100450000000E87648170000E40B54020000CA9A36
:100460003B000000E1F50500008096980000004088
:10047000420F000000A086010000001027000000CD
:1004800000E803000000006400000000000A000013
:100490000000000100000000002C76D888DC674FC7
:1004A0000823DFC1DFAE59E1B1B796E5E3E453C6F7
:1004B0003AE651997696E8E6C28426EB898C9B62EF
:1004C000ED407C6FFCEFBC9C9F40F2BAA56FA5F499
:1004D00090055A2AF75C936B6CF9676DC11BFCE0C1
:1004E000E40D47FEF520E6B500D0ED902E03009414
:1004F0003577050080841E080000204E0A000000A9
:10050000C80C333333330F986E12831141EF8D21B2
:1005100014893BE65516CFFEE6DB18D1844B381B19
:10052000F77C1D901DA4BBE424203284725E2281DE
:1005300000C9F124ECA1E53D27434F4D4D554E49EF
:10054000434154494F4E0044525952554E00455272
:10055000524F525300494E464F004543484F0045C5
:1005600072726F722077726974696E6720746F207F
:10057000454550524F4D210A00363726033C3D3841
:100580000E2E303E121A1C1808440AFF43080900B8
:1005900001627573793A2070617573656420666FC6
:1005A0007220696E7075740A00627573793A2070F2
:1005B000617573656420666F7220757365720A00D9
:1005C000627573793A2070726F63657373696E67D1
:1005D0000A004B494C4C2063617573656420627955
:1005E000204B494C4C20627574746F6E2F70696E8D
:1005F0000A004B494C4C2063617573656420627935
:1006000020746F6F206D75636820696E6163746913
:1006100076652074696D65202D2063757272656E34
:100620007420636F6D6D616E643A2000506C65617B
:100630007365207265736574005052494E5445527B
:100640002048414C544544004B494C4C45442E20D5
:10065000005072696E7465722068616C7465642EF6
:10066000206B696C6C28292063616C6C6564210ABD
:100670000053544F505045442E20005072696E7400
:1006800065722073746F7070656420647565207482
:100690006F206572726F72732E20466978207468BD
:1006A00065206572726F7220616E642075736520BB
:1006B0004D39393920746F20726573746172742EEC
:1006C000202854656D706572617475726520697358
:1006D0002072657365742E205365742069742061DF
:1006E000667465722072657374617274696E6729CD
:1006F0000A006563686F3A004572726F723A004291
:10070000696C696E656172204C6576656C696E67AF
:1007100020477269643A0A0053544F502063616C59
:100720006C65642062656361757365206F66204245
:100730004C546F756368206572726F72202D207241
:100740006573746172742077697468204D39393922
:100750000A0053544F502063616C6C6564206265DD
:100760006361757365206F6620424C546F756368D2
:10077000206572726F72202D2072657374617274BD
:100780002077697468204D3939390A00486F7465DB
:100790006E6420746F6F20636F6C640A004F46466E
:1007A0000A004661646520486569676874200042F4
:1007B0006564204C6576656C696E672000466169EA
:1007C0006C656420746F20656E61626C65204265A3
:1007D00064204C6576656C696E670A00496E7661C7
:1007E0006C6964206D6573682E0A00202844525994
:1007F00052554E2900473239204175746F204265A9
:1008000064204C6576656C696E67003F20284C2C2F
:10081000522C462C4229206F7574206F6620626F1F
:10082000756E64732E0A003F2856296572626F73D5
:1008300065206C6576656C20697320696D706C61EC
:10084000757369626C652028302D34292E0A0042A8
:100850006164205A2076616C75650A004E6F2062D3
:10086000696C696E65617220677269640A004D3651
:1008700030303A20546F6F20636F6C6400486F749F
:10088000656E6420746F6F20636F6C640A00496E3C
:10089000736572742066696C616D656E7420616E3B
:1008A0006420707265737320627574746F6E0A00D1
:1008B000507265737320627574746F6E20746F204C
:1008C00068656174206E6F7A7A6C650A00496E7390
:1008D0006572742066696C616D656E7420616E640A
:1008E00020707265737320627574746F6E20286F48
:1008F00072204D313038290A004D32342053256C96
:10090000642054256C64004D323320257300473930
:10091000322E392045257300473120462564004793
:1009200039322E39205A2573004731205A3020465B
:100930003230300047312058257320592573204626
:1009400033303030004D34323020532569205A2561
:1009500073004D3130362050256920532569004DF4
:1009600031303920532569004D3139302053256904
:10097000004739322E392045305A300A47315A3231
:100980000A47323852305859004D343230205330F3
:10099000205A300020496E76616C69642065787455
:1009A00072756465722000536C6565702E2E2E0082
:1009B000486F6D652058592066697273740A004843
:1009C0006F6D6520585920666972737400205A3A19
:1009D000200020593A200042656420583A20004DFA
:1009E00065736820706F696E742063616E6E6F74DA
:1009F000206265207265736F6C7665640A00436CD3
:100A000069636B20746F20726573756D652E2E2E71
:100A1000004E6F206D6F76652E00456E642066690E
:100A20006C65206C6973740A00426567696E2066A4
:100A3000696C65206C6973740A00286E6F206669A2
:100A40006C65290043757272656E742066696C6509
:100A50003A20005344207072696E74696E67206298
:100A600079746520004E6F74205344207072696E53
:100A700074696E670A005072696E742074696D65DE
:100A80003A20000A53746174733A2046696C616DB0
:100A9000656E7420757365643A20002C204C6F6E6F
:100AA00067657374206A6F623A2000546F74616CDA
:100AB0002074696D653A200053746174733A2000A4
:100AC0002C204661696C65643A20002C2046696ED2
:100AD00069736865643A20005072696E74733A20D5
:100AE0000053746174733A20004520436F6F6C6942
:100AF0006E672E2E2E00452048656174696E672E44
:100B00002E2E006F6666005A0555054E05470539BD
:100B10000544454255473A004D3131332053006F6B
:100B20006B0043522D32302050726F204F46462EBC
:100B3000004348414D4245525F54454D5045524156
:100B400054555245004D4F54494F4E5F4D4F44450B
:100B50005300544845524D414C5F50524F54454309
:100B600054494F4E004155544F5245504F52545FD7
:100B700053445F5354415455530050524F4D5054B9
:100B80005F535550504F525400454D455247454EC6
:100B900043595F50415253455200434153455F4CC6
:100BA000494748545F4252494748544E45535300C1
:100BB000544F47474C455F4C494748545300534FA7
:100BC0004654574152455F504F5745520042554990
:100BD0004C445F50455243454E54004C4556454C9D
:100BE000494E475F44415441005A5F50524F42457D
:100BF000004155544F4C4556454C005052494E54B7
:100C00005F4A4F420050524F47524553530041559F
:100C1000544F5245504F52545F54454D5000564F1B
:100C20004C554D455452494300454550524F4D0097
:100C300042494E4152595F46494C455F5452414EDC
:100C4000534645520053455249414C5F584F4E5F01
:100C5000584F4646004649524D574152455F4E4116
:100C60004D453A4D61726C696E2076322E332028E4
:100C7000626574746572206E65676174697665205B
:100C800076616C756520737570706F72742920536E
:100C90004F555243455F434F44455F55524C3A6868
:100CA000747470733A2F2F6769746875622E636F5E
:100CB0006D2F4D61726C696E4669726D77617265F8
:100CC0002F4D61726C696E2050524F544F434F4C00
:100CD0005F56455253494F4E3A312E30204D4143D5
:100CE00048494E455F545950453A43522D323020C1
:100CF00050726F2045585452554445525F434F55EA
:100D00004E543A3120555549443A63656465326121
:100D100032662D343161322D343734382D39623119
:100D2000322D6335356336326633363766660A00F0
:100D30002F2F20004D31343520533C696E64657887
:100D40003E206F7574206F662072616E6765202883
:100D5000302D31290A002054002052004163636580
:100D60006C65726174696F6E3A2050005741524E43
:100D7000494E4721204C6F77205A204A65726B20DC
:100D80006D6179206C65616420746F20756E776188
:100D90006E746564207061757365732E0A00205A45
:100DA00000205900580020204D61783A2000205A38
:100DB00000205900580020204D696E3A2000536FE2
:100DC000667420656E6473746F70733A20002046F9
:100DD0006C6F773A200050726F746563746564209D
:100DE00050696E0A003A200020536572766F200029
:100DF000206F7574206F662072616E67650A0053FC
:100E00006572766F200050726F6265205A204F66BF
:100E1000667365743A200020643A0020693A002025
:100E2000703A00496E76616C6964206578747275F9
:100E30006465720A0064697300656E0043290A00E4
:100E400061626C656420286D696E2074656D702028
:100E500000436F6C642065787472756465732061FB
:100E6000726520004D65736820706F696E74206331
:100E7000616E6E6F74206265207265736F6C76654B
:100E8000640A004D34323120696E636F727265639B
:100E90007420706172616D6574657220757361672D
:100EA000650A004F666673657473206170706C69C3
:100EB0006564004572723A20546F6F20666172213A
:100EC00000546F6F206661722066726F6D207265CC
:100ED000666572656E636520706F696E740A0045A1
:100EE0004550524F4D204F4B0A003F5A206F7574AA
:100EF000206F662072616E676520282D3230207465
:100F00006F203230290A0050726F6265205A204FDC
:100F100066667365743A20003F4B2076616C756598
:100F2000206F7574206F662072616E6765202830AF
:100F30002D3130292E0A00416476616E6365204BA5
:100F40003D0043617365206C696768743A20004313
:100F5000617365206C696768743A206F66660A0081
:100F60004F4646004F4E00506F7765722D6C6F7381
:100F700073207265636F766572792000496E7661C1
:100F80006C69642065787472756465720A004361E7
:100F9000703A0047322F47332062616420706172DB
:100FA000616D65746572730A00220A00656E717561
:100FB000657565696E672022006F6B005265736509
:100FC0006E643A200053544F505045442E20005038
:100FD00072696E7465722073746F707065642064DA
:100FE000756520746F206572726F72732E2046696A
:100FF0007820746865206572726F7220616E64205B
:10100000757365204D39393920746F20726573749A
:101010006172742E202854656D70657261747572EA
:10102000652069732072657365742E205365742082
:10103000697420616674657220726573746172747C
:10104000696E67290A004E6F20436865636B73758C
:101050006D2077697468206C696E65206E756D62AD
:1010600065722C204C617374204C696E653A2000C7
:101070004E6F20436865636B73756D207769746884
:10108000206C696E65206E756D6265722C204C61F6
:101090007374204C696E653A2000636865636B73F6
:1010A000756D206D69736D617463682C204C61737C
:1010B00074204C696E653A20004C696E65204E754F
:1010C0006D626572206973206E6F74204C61737459
:1010D000204C696E65204E756D6265722B312C2037
:1010E0004C617374204C696E653A20004D3131308B
:1010F000004D333100534420726561642065727283
:101100006F720A00446F6E65207072696E74696E4A
:10111000672066696C650A002569730025696D2082
:10112000256973002569682025696D20256973008C
:10113000256964202569682025696D20256973006B
:1011400025697920256964202569682025696D2035
:101150002569730020573A0042656420636F6F6C05
:10116000696E672E2E2E0042656420686561746981
:101170006E672E2E2E0023646566696E65204445D9
:101180004641554C545F004B6420004B6920004B96
:10119000702000504944204175746F74756E65204D
:1011A00066696E697368656421205075742074687F
:1011B00065206C617374204B702C204B6920616E2C
:1011C00064204B6420636F6E7374616E7473206669
:1011D000726F6D2062656C6F7720696E746F20434B
:1011E0006F6E66696775726174696F6E2E680A004A
:1011F000504944204175746F74756E65206661694D
:101200006C6564212074696D656F75740A004531E1
:1012100020544845524D414C2052554E415741595A
:1012200000546865726D616C2052756E61776179EA
:101230000045312048656174696E67206661696C9C
:1012400065640048656174696E67206661696C65F4
:101250006400504944204175746F74756E65206652
:1012600061696C6564212054656D70657261747587
:10127000726520746F6F20686967680A00204B648C
:101280003A2000204B693A2000204B703A20000A97
:1012900020436C617373696320504944200A002025
:1012A00054753A2000204B753A2000206D61783A41
:1012B0002000206D696E3A200020643A20002062F0
:1012C0006961733A2000504944204175746F747508
:1012D0006E652073746172740A0050494420417530
:1012E000746F74756E65206661696C656421205445
:1012F000656D706572617475726520746F6F2068BA
:101300006967680A00504944204175746F74756EAE
:1013100065206661696C656421204261642065789E
:10132000747275646572206E756D6265720A00452F
:1013300072723A207574663820666F6E74206E6F14
:101340007420696E697469616C697A65642E004500
:1013500072723A207574663820666F6E74206E6FF4
:101360007420696E697469616C697A65642E0045E0
:1013700072723A207574663820666F6E74206E6FD4
:101380007420696E697469616C697A65642E0050B5
:10139000726F6265205A204F66667365740000069E
:1013A0000C00FE07022603BC017FFE08FE08FE05B6
:1013B000080806000040F0C88888987810050808DA
:1013C000060000C0F88888888888F80505050600AA
:1013D000012030F830200508080600002070F820B1
:1013E000202020E00509090600FF2070A8A8B88881
:1013F000887020050606060001E08CEA8C8A0A0542
:1014000009090600FFF8A88888888888A8F8050ACE
:101410000A0600FE205050505088A8A88870030388
:101420000306000340A040FFFFFFFFFFFFFFFFFF99
:10143000FFFFFFFFFFFFFFFFFFFFFFFFFF000000B9
:101440000605FF010707060200808080808000807B
:10145000030303060105A0A0A00506060600005030
:10146000F85050F8500509090600FF2070A8A07038
:1014700028A87020050707060000C8C8102040985B
:101480009805070706000040A0A040A89068010347
:10149000030602058080800309090601FF20404001
:1014A0008080804040200309090601FF80404020E1
:1014B000202040408005070706000020A87020700B
:1014C000A8200505050600012020F82020020303BE
:1014D0000601FFC04080050101060003F802020278
:1014E000060100C0C00507070600000810102040D4
:1014F0004080050707060000708898A8C888700318
:10150000070706010040C040404040E005070706CD
:101510000000708808102040F8050707060000F852
:10152000081030088870050707060000103050903A
:10153000F81010050707060000F880F0080888700A
:10154000050707060000304080F08888700507070F
:10155000060000F8081010202020050707060000EC
:101560007088887088887005070706000070888872
:1015700078081060020505060100C0C000C0C00266
:1015800006060601FFC0C000C04080030505060135
:10159000012040804020050303060002F800F80304
:1015A0000505060101804020408005070706000070
:1015B000708810202000200507070600007088B8FA
:1015C000A8B88070050707060000708888F888882A
:1015D00088050707060000F04848704848F00507EE
:1015E0000706000070888080808870050707060065
:1015F00000F04848484848F0050707060000F88012
:1016000080F08080F8050707060000F88080F080F1
:101610008080050707060000708880809888700524
:101620000707060000888888F88888880307070667
:101630000100E04040404040E00507070600003858
:101640001010101090600507070600008890A0C0D9
:10165000A09088050707060000808080808080F8C1
:1016600005070706000088D8A88888888805070726
:101670000600008888C8A898888805070706000023
:1016800070888888888870050707060000F08888B9
:10169000F080808005070706000070888888A89081
:1016A00068050707060000F08888F0A09088050705
:1016B000070600007088807008887005070706001C
:1016C00000F8202020202020050707060000888839
:1016D00088888888700507070600008888888850F1
:1016E000502005070706000088888888A8A85005AC
:1016F00007070600008888502050888805070706DD
:10170000000088885020202020050707060000F8E8
:101710000810204080F80309090601FFE08080805E
:1017200080808080E0050707060000804040201090
:1017300010080309090601FFE020202020202020B6
:10174000E00503030600052050880501010600FEA0
:10175000F803030306010580402005050506000087
:1017600070087888780507070600008080F0888870
:1017700088F0050505060000708080887005070761
:1017800006000008087888888878050505060000A6
:101790007088F08070050707060000304840E04080
:1017A00040400507070600FE7088888878087005A5
:1017B00007070600008080F08888888803070706EE
:1017C00001004000C0404040E00409090601FE104D
:1017D0000030101010109060050707060000808090
:1017E0008890E09088030707060100C04040404011
:1017F00040E0050505060000D0A8A8A8A805050535
:10180000060000B0C88888880505050600007088B5
:101810008888700507070600FEF0888888F08080B9
:101820000507070600FE78888888780808050505FA
:10183000060000B0C880808005050506000078809D
:101840007008F00507070600002020F82020201867
:1018500005050506000088888898680505050600C6
:101860000088888850200505050600008888A8A8FB
:10187000500505050600008850205088050707061A
:1018800000FE88888850204080050505060000F885
:10189000102040F80309090601FF20404040804025
:1018A0004040200109090602FF80808080808080FE
:1018B00080800309090601FF8040404020404040ED
:1018C0008005030306000248A890FF00060900FEF9
:1018D00006018902FE20FFFE07FE06FE000000064C
:1018E0000007010606060200808080800080030356
:1018F00003060103A0A0A00507070600FF5050F84B
:1019000050F850500509090600FE2070A8A0702864
:10191000A870200608080600FF40A8481020485478
:10192000080507070600FF60909060989068010323
:10193000030602038080800207070602FF408080C2
:10194000808080400207070602FF80404040404000
:10195000800505050600008850F850880505050635
:1019600000002020F820200204040602FEC04040AF
:1019700080050101060002F8020202060200C0C052
:1019800004060606010010102040808004060606AA
:10199000010060909090906003060606010040C030
:1019A000404040E00406060601006090102040F030
:1019B000040606060100F020601010E00506060689
:1019C000000010305090F810040606060100F08068
:1019D000E01010E00406060601006080E0909060D0
:1019E000040606060100F01010204040040606061A
:1019F000010060906090906004060606010060900F
:101A000090701060020505060200C0C000C0C00250
:101A100007070602FEC0C000C0404080050505065D
:101A200000001860806018050303060001F800F844
:101A3000050505060000C0300830C0040707060190
:101A4000006090106040004005060606000070909F
:101A5000A8B08070050606060000205088F8888827
:101A6000050606060000F088F08888F004060606E1
:101A70000100609080809060040606060100E090FE
:101A8000909090E0040606060100F080E08080F06F
:101A9000040606060100F080E08080800406060649
:101AA0000100609080B090600406060601009090EE
:101AB000F0909090030606060100E040404040E0B0
:101AC0000506060600003810101090600406060691
:101AD000010090A0C0A0909004060606010080803E
:101AE000808080F005060606000088D8A8A88888AF
:101AF00004060606010090D0B090909005060606F8
:101B00000000708888888870040606060100E0904E
:101B100090E080800407070601FF609090D0B060DD
:101B200010040606060100E09090E090900406067E
:101B3000060100609040209060050606060000F84F
:101B4000202020202004060606010090909090900E
:101B500060040606060100909090F060600506069D
:101B60000600008888A8A8D8880506060600008810
:101B70005020205088050606060000888850202046
:101B800020040606060100F010204080F00306063F
:101B9000060100E080808080E004060606010080E7
:101BA0008040201010030606060100E020202020BF
:101BB000E00503030600032050880501010600FE2E
:101BC000F8020202060204804004040406010070C8
:101BD0009090700406060601008080E09090E0047A
:101BE00004040601007080807004060606010010DF
:101BF000107090907004040406010060B0C070047E
:101C00000606060100205040E0404004060606019A
:101C1000FE6090907010600406060601008080E06F
:101C20009090900306060601004000C04040E0038B
:101C300008080601FE200060202020A040040606BF
:101C40000601008080A0C0A090030606060100C027
:101C500040404040E0050404060000D0A8A88804E5
:101C60000404060100E09090900404040601006062
:101C70009090600406060601FEE09090E0808004EB
:101C800006060601FE709090701010040404060110
:101C900000A0D0808004040406010070C030E0047D
:101CA00006060601004040E04050200404040601FE
:101CB000009090907004040406010090906060050C
:101CC000040406000088A8A850040404060100903B
:101CD0006060900406060601FE909090709060048B
:101CE0000404060100F02040F0030707060100206D
:101CF0004040804040200107070602FF808080802E
:101D0000808080030707060100804040204040801B
:101D100004020206010350A0FFFFFFFFFFFFFFFFC9
:101D2000FFFFFFFFFFFFFFFFFFFFFFFFFFFFFFFFC3
:101D3000FFFFFFFFFFFFFFFFFF000000060007019E
:101D400006060602008000808080800406060601E8
:101D5000FF2070A0A070200507070600FF30484054
:101D6000F04040F8050505060000A8508850A80579
:101D700006060600008850F820F820010707060232
:101D8000FF808080008080800407070601FF70804C
:101D900060906010E0030101060105A00607070638
:101DA0000000788494A494847803050506010160FA
:101DB000A06000E00505050600002850A05028049A
:101DC0000303060100F01010040101060102F006F1
:101DD00007070600007884B4A4A4847804010106EF
:101DE0000105F00403030601026090600507070681
:101DF00000FF2020F8202000F8030505060101401F
:101E0000A02040E0030505060101C0204020C002DB
:101E1000020206020440800405050601FF9090B00E
:101E2000D08005060606000078E8E8682828010149
:101E300001060202800202020602FE40800305053E
:101E400006010140C04040E003050506010140A035
:101E50004000E0050505060000A0502850A0050838
:101E6000080600FF40C04050703078100508080692
:101E700000FF40C04050680810380508080600FF01
:101E8000C0204030F0307810040707060100200021
:101E900020608090600507070600004020205070F9
:101EA00088880507070600001020205070888805E4
:101EB0000707060000205020507088880507070695
:101EC0000000285020507088880507070600005041
:101ED0000020507088880507070600002050205019
:101EE00070888805060606000078A0F0A0A0B80457
:101EF00008080601FE60908080906020400407077B
:101F00000601004020F080E080F004070706010091
:101F10002040F080E080F00407070601002050F028
:101F200080E080F00407070601005000F080E080A8
:101F3000F00307070601008040E0404040E003074F
:101F4000070601002040E0404040E003070706018B
:101F50000040A0E0404040E0030707060100A00069
:101F6000E0404040E00506060600007048E84848AA
:101F70007004070706010050A090D0B090900407AD
:101F8000070601004020609090906004070706015A
:101F900000204060909090600407070601002050E8
:101FA000609090906004070706010050A060909038
:101FB0009060040707060100500060909090600553
:101FC000050506000088502050880408080601FF17
:101FD0001070B0B0D0D0E0800407070601004020A8
:101FE0009090909060040707060100204090909028
:101FF00090600407070601002050909090906004C4
:1020000007070601005000909090906005070706B2
:1020100000001020885020202004060606010080C1
:10202000E09090E0800406060601006090A0A09079
:10203000A00407070601004020007090907004077C
:102040000706010020400070909070040707060109
:10205000002050007090907004070706010050A007
:102060000070909070040606060100500070909079
:10207000700407070601002050207090907005043E
:102080000406000070A8B0780406060601FE708001
:102090008070204004070706010040200060B0C0A7
:1020A0007004070706010020400060B0C0700407FC
:1020B0000706010020500060B0C07004060606014B
:1020C00000500060B0C070030707060100804000A8
:1020D000C04040E0030707060100204000C0404028
:1020E000E003070706010040A000C04040E00306EF
:1020F00006060100A000C04040E0040707060100FA
:102100003060107090906004070706010050A00036
:10211000E090909004070706010040200060909036
:1021200060040707060100204000609090600407EB
:102130000706010020500060909060040707060128
:102140000050A00060909060040606060100500058
:10215000609090600505050600002000F80020044E
:10216000040406010070B0D0E00407070601004037
:102170002000909090700407070601002040009016
:102180009090700407070601002050009090907016
:10219000040606060100500090909070040909069C
:1021A00001FE2040009090907090600408080601A5
:1021B000FE8080E09090E080800408080601FE50D8
:1021C000009090907090604C6F6164206D6D004C39
:1021D0006F6164206D6D00556E6C6F6164206D6D74
:1021E00000556E6C6F6164206D6D0046696C2E2029
:1021F0004469612E0046696C2E204469612E004FAF
:102200006666004F6E004520696E206D6D5E33007E
:10221000416476616E6365204B00416476616E6354
:1022200065204B00416476616E636564205365747C
:1022300074696E6773004D33303320553120452566
:10224000692053256900504944204175746F7475A5
:102250006E6500504944204175746F74756E650059
:102260005049442D44005049442D44005049442DC8
:1022700049005049442D49005049442D50005049CF
:10228000442D500020082046616374002008204639
:10229000616374002008204D6178002008204D61A2
:1022A00078002008204D696E002008204D696E00DE
:1022B0004F6666004F6E004175746F74656D7000F7
:1022C000416476616E6365642053657474696E67FA
:1022D00073005654726176206D696E0056547261B7
:1022E00076206D696E00566D696E00566D696E00E0
:1022F000566D6178204500566D6178204500566D19
:102300006178205A00566D6178205A00566D6178C8
:10231000205900566D6178205900566D617820581B
:1023200000566D6178205800416476616E63656483
:102330002053657474696E677300416D6178204540
:1023400000416D6178204500416D6178205A00415F
:102350006D6178205A00416D6178205900416D61AE
:1023600078205900416D6178205800416D617820D6
:102370005800412D74726176656C00412D74726154
:1023800076656C00412D7265747261637400412D35
:102390007265747261637400416363656C004163CC
:1023A00063656C00416476616E6365642053657497
:1023B00074696E67730056652D6A65726B005665A9
:1023C0002D6A65726B00567A2D6A65726B00567ABB
:1023D0002D6A65726B0056792D6A65726B005679AD
:1023E0002D6A65726B0056782D6A65726B0056789F
:1023F0002D6A65726B00416476616E63656420537B
:10240000657474696E6773004573746570732F6DBE
:102410006D004573746570732F6D6D005A7374652C
:1024200070732F6D6D005A73746570732F6D6D002E
:102430005973746570732F6D6D0059737465707383
:102440002F6D6D005873746570732F6D6D00587328
:10245000746570732F6D6D00416476616E636564A1
:102460002053657474696E6773003F00496E697428
:1024700069616C697A6520454550524F4D00436152
:102480006E63656C00496E6974004D3432380049E2
:102490006E697469616C697A6520454550524F4D8B
:1024A0000046696C616D656E740054656D7065728F
:1024B00061747572650053746570732F6D6D004A99
:1024C00065726B00416363656C65726174696F6E00
:1024D0000056656C6F636974790053657420686F8A
:1024E0006D65206F666673657473004F6666004F96
:1024F0006E00416C6C6F77204E656761746976651C
:1025000000436F6E66696775726174696F6E004330
:102510006D643A2053746F7700436D643A204465CC
:10252000706C6F7900436D643A2053656C662D546E
:1025300065737400436D643A2053572D4D6F646585
:1025400000436D643A20526573657400436F6E6694
:10255000696775726174696F6E004F6666004F6ED1
:102560000043617365206C69676874004C69676833
:1025700074204272696768746E657373004C696792
:102580006874204272696768746E65737300436F84
:102590006E66696775726174696F6E0053746F72ED
:1025A000652073657474696E6773004265640042E8
:1025B0006564004E6F7A7A6C65004E6F7A7A6C654E
:1025C0000046616E2073706565640046616E20731D
:1025D0007065656400436F6E6669677572617469E2
:1025E0006F6E00526573746F7265206661696C73FB
:1025F000616665004C6F61642073657474696E6711
:10260000730053746F72652073657474696E6773B9
:102610000050726568656174205045544720636FAF
:102620006E66005072656865617420504C4120638D
:102630006F6E66004F6666004F6E004F757461677F
:1026400065205265636F766572790043617365201A
:102650006C6967687400424C546F7563680050720F
:102660006F6265205A204F66667365740041647618
:10267000616E6365642053657474696E6773004DA1
:1026800061696E004D37303220542564004D36307C
:102690003020423020542564004D373032203B2515
:1026A00064004D37303120542564004368616E6703
:1026B000652066696C616D656E7400507265686551
:1026C000617420437573746F6D0050726568656145
:1026D00074205045544700507265686561742050FD
:1026E0004C41005072656865617420437573746F66
:1026F0006D004261636B005075726765206D6F728B
:102700006500436F6E74696E756500524553554D93
:1027100045204F5054494F4E533A005052494E5461
:102720002050415553454400554E4C4F414420469E
:10273000494C414D454E54004C4F41442046494C74
:10274000414D454E540020204E6F7A7A6C653A20F8
:102750000020005061726B696E672E2E2E00746F20
:102760002073746172740066696C616D656E7420AB
:102770006368616E6765005761697420666F7200F7
:1027800066696C616D656E7420756E6C6F61640056
:102790005761697420666F7200506C6561736520C3
:1027A000776169742E2E2E004E6F7A7A6C652068E0
:1027B000656174696E6700746F2068656174206E6E
:1027C0006F7A7A6C650050726573732062757474E9
:1027D0006F6E00746F20636F6E74696E7565006153
:1027E0006E6420707265737320627574746F6E000E
:1027F000496E736572742066696C616D656E7400F4
:1028000066696C616D656E74206C6F616400576100
:10281000697420666F7200746F20726573756D65E0
:10282000207072696E7400507265737320627574E3
:10283000746F6E00746F20726573756D652E2E2E29
:10284000005761697420666F72207072696E74003F
:1028500066696C616D656E7420707572676500578E
:1028600061697420666F72003E200045787472754D
:1028700064656420746F74616C3A00256C642E2565
:10288000696D003E20004C6F6E67657374206A6F3F
:10289000622074696D653A003E2000546F74616C6B
:1028A000207072696E742074696D653A00436F6DB3
:1028B000706C657465643A20005072696E742043D0
:1028C0006F756E743A20004D61782054656D703AD2
:1028D00020313230004D696E2054656D703A2035DC
:1028E00000544265643A4550434F53203130304BD9
:1028F000004D61782054656D703A20333030004DC2
:10290000696E2054656D703A20350054303A204588
:1029100050434F53203130304B005053553A2047ED
:10292000656E657269630050726F746F636F6C3AA5
:1029300020312E3000426175643A2032353030301B
:10294000300052414D505320312E330042696C69A2
:102950006E656172204C6576656C696E67004578BE
:10296000747275646572733A203100687474703AD9
:102970002F2F6D61726C696E66772E6F72670043E0
:10298000522D32302050726F00323032362D3037B7
:102990002D31310052656473746F6E654D617374CF
:1029A000657230310076322E332069732063726590
:1029B000617465642062790076322E33004D617255
:1029C0006C696E005072696E746572205374617424
:1029D0007300546865726D6973746F727300426F2F
:1029E00061726420496E666F005072696E74657220
:1029F00020496E666F004D61696E004D3130303098
:102A00000053746F70207072696E74005265737534
:102A10006D65207072696E74004F75746167652012
:102A20005265636F76657279003F0053746F702052
:102A30007072696E74004261636B0053746F700052
:102A40004D3235005072696E742070617573656423
:102A5000005061757365207072696E74004D323478
:102A6000005072696E742066726F6D20534400438B
:102A700068616E67652053442063617264004D3263
:102A8000310041626F7574205072696E7465720016
:102A90004368616E67652066696C616D656E740080
:102AA0004368616E67652066696C616D656E740070
:102AB0004D36303020423000436F6E666967757264
:102AC0006174696F6E0054656D70657261747572C2
:102AD00065004D6F74696F6E00526573756D65208A
:102AE0007072696E740054756E650053746F702057
:102AF0007072696E74005061757365207072696ED2
:102B000074004E6F205344206361726400496E6606
:102B10006F2073637265656E004D6F766520580097
:102B20004D6F76652059004D6F7665205A004578C7
:102B300074727564657200457874727564657200AC
:102B40004D6F7665205A004D6F76652059004D6FA8
:102B500076652058004D6F74696F6E00446973612B
:102B6000626C65207374657070657273004D3834E3
:102B70000046616465204865696768740046616461
:102B80006520486569676874004F6666004F6E008F
:102B9000426564204C6576656C696E67004C6576AD
:102BA000656C20626564004732380A473239004854
:102BB0006F6D65205A00473238205A00486F6D65A6
:102BC000205900473238205900486F6D6520580061
:102BD0004732382058004175746F20686F6D65006A
:102BE000473238004D6F76652061786973004D611A
:102BF000696E003F005374617274207072696E7464
:102C0000200043616E63656C005072696E7400430E
:102C1000616E6E6F7420656E746572207375626488
:102C200069723A2000022E2E004D61696E005072CA
:102C3000656865617420504C4120456E6400507297
:102C4000656865617420504C412042656400507293
:102C5000656865617420504C410054656D70657203
:102C600061747572650050726568656174205045C5
:102C7000544720456E640050726568656174205049
:102C80004554472042656400507265686561742050
:102C9000504554470054656D706572617475726576
:102CA00000436F6F6C646F776E005072656865618A
:102CB0007420504554470050726568656174205017
:102CC0004C410046616E2073706565640046616E1C
:102CD0002073706565640042656400426564004E5F
:102CE0006F7A7A6C65004E6F7A7A6C65004D616917
:102CF0006E0050726F6265205A204F66667365746D
:102D000000466C6F7700466C6F770046616E2073EB
:102D1000706565640046616E20737065656400428D
:102D2000656400426564004E6F7A7A6C65004E6F90
:102D30007A7A6C65005370656564005370656564EC
:102D4000004D61696E0025753A25303275002530D9
:102D500032753A253032750025756420253032757C
:102D60003A25303275001FE020102010201010206E
:102D700010202010201030300840048003001FE095
:102D80003FF03FF03FF01FE01FE03FF03FF03FF02B
:102D90000FC0078003003FFFF038007030FC302088
:102DA000FC102078102030102C00D02E31D02F7B3A
:102DB000D02F7BD02E31D02C00D020301020781096
:102DC00020FC1030FC303800703FFFF03FFFF0383F
:102DD00000703186302387102787902F87D02F03EC
:102DE000D02030102078102078102030102F03D001
:102DF0002F87D02787902387103186303800703F87
:102E0000FFF01FFFF81FFFF804104002082002081F
:102E1000200410400820801041001041000820804C
:102E20000410400000001FFFF81FFFF843617264A8
:102E30002072656D6F766564004361726420696E0F
:102E40007365727465640043522D32302050726F86
:102E50002052656164792E005072696E74696E67E4
:102E60002E2E2E005072696E742070617573656429
:102E7000005072696E742061626F72746564000044
:102E8000006B4300006B430000A043000000000003
:102E900000000000000000290A00206279746573B8
:102EA0003B20637263200053657474696E677320FE
:102EB00053746F726564202800454550524F4D2071
:102EC0006461746173697A65206572726F722E0A2B
:102ED00000290A002062797465733B2063726320C5
:102EE000002073746F7265642073657474696E6713
:102EF00073207265747269657665642028002028E5
:102F000063616C63756C6174656429210A0020211A
:102F10003D2000454550524F4D20435243206D699E
:102F2000736D61746368202D202873746F726564FB
:102F30002920002053697A653A2000496E6465783B
:102F40003A2000204D61726C696E3D563637290A71
:102F500000454550524F4D2076657273696F6E2063
:102F60006D69736D617463682028454550524F4DFB
:102F70003D0048617264636F646564204465666106
:102F8000756C742053657474696E6773204C6F613F
:102F90006465640A00F4010000F4010000640000AC
:102FA00000E803000000007A4300007A430000A01C
:102FB000400000C8410000A0420000A0420000C83C
:102FC000430000BA423A0A0020204D363033200038
:102FD0002055004C0046696C616D656E74206C6F05
:102FE00061642F756E6C6F6164206C656E677468C8
:102FF000733A0A0020204D393030204B004C696E66
:1030000065617220416476616E63653A0A00202032
:103010004D383531205A005A2D50726F6265204F5D
:1030200066667365740020204D34313320530050A0
:103030006F7765722D4C6F7373205265636F766581
:1030400072793A0A0020440020490020204D333094
:10305000312050005049442073657474696E677361
:103060003A0A0020460020420020480020204D312E
:1030700034352053004D6174657269616C20686558
:103080006174757020706172616D65746572733AF8
:103090000A00204A002020473239205720490020CA
:1030A0005A0020204D3432302053004175746F2077
:1030B000426564204C6576656C696E673A0A00204B
:1030C0005A0020590020204D323036205800486FD9
:1030D0006D65206F66667365743A0A0020450020AE
:1030E0005A0020590020580020540020530020206E
:1030F0004D32303520420020453C6D61785F655F80
:103100006A65726B3E0020583C6D61785F785F6A3B
:1031100065726B3E20593C6D61785F795F6A6572BC
:103120006B3E205A3C6D61785F7A5F6A65726B3ED8
:1031300000416476616E6365643A20423C6D696E5D
:103140005F7365676D656E745F74696D655F7573D8
:103150003E20533C6D696E5F66656564726174659F
:103160003E20543C6D696E5F74726176656C5F667B
:10317000656564726174653E002054002052002031
:10318000204D323034205000416363656C657261BC
:1031900074696F6E2028756E6974732F7332293AC3
:1031A00020503C7072696E745F616363656C3E2091
:1031B000523C726574726163745F616363656C3EF7
:1031C00020543C74726176656C5F616363656C3E2C
:1031D0000A00204500205A0020590020204D32309E
:1031E000312058004D6178696D756D2041636365CC
:1031F0006C65726174696F6E2028756E6974732FC7
:103200007332293A0A00204500205A002059002034
:10321000204D3230332058004D6178696D756D2036
:103220006665656472617465732028756E69747370
:103230002F73293A0A0053746570732070657220E9
:10324000756E69743A0A0020204D323030204430C7
:103250000A0020204D323030204400204469736140
:10326000626C65640A0046696C616D656E742073FA
:10327000657474696E67733A0020204D31343920CB
:1032800043203B20556E69747320696E2043656C42
:10329000736975730A0020286D6D2900202047325C
:1032A00031202020203B20556E69747320696E20E8
:1032B0006D6D00486F6D696E67206661696C65644D
:1032C000006F70656E0054524947474552454400AF
:1032D0003A20007A5F6D696E00795F6D696E0078E3
:1032E0005F6D696E005265706F7274696E672065FC
:1032F0006E6473746F70207374617475730A002048
:103300005A3A0020593A0020436F756E7420583A9B
:103310000020453A00205A3A0020593A00583A0015
:1033200020746F6F206C6F6E672065787472757390
:10333000696F6E2070726576656E7465640A002030
:10334000636F6C6420657874727573696F6E20703A
:10335000726576656E7465640A0000000000000006
:103360000000000000000000484200004842000049
:1033700000415761726E696E673A20486F6D696EE1
:10338000672042756D702044697669736F72203CC6
:1033900020310A000202040000A0400000A040000A
:1033A00000004000006B4300006B430000A043FF9F
:1033B000FFFF24F4D43050C38E20C2A24017828B6A
:1033C0007011127A910D816CD90AA861E108C75871
:1033D0006607615143061E4B5D05C145A7041A41AE
:1033E0001104093D9803713931034036DB0265331E
:1033F0009102D4305402802E1D02632CEE01752AF6
:10340000C501B028A001102781018F2564012B245C
:103410004B01E0223401AC211F018D200D01801FE2
:10342000FC00841EED00971DDF00B81CD200E61BD7
:10343000C600201BBC00641AB200B219A8000A1909
:10344000A0006A189900D117910040178B00B5169B
:10345000840031167E00B31579003A157300C71445
:103460006F0058146A00EE1366008813630025137A
:103470005E00C7125B006C12570015125400C11198
:10348000510070114F0021114B00D61049008D10D2
:1034900047004610440002104200C00F4000800F59
:1034A0003E00420F3C00060F3B00CB0E3800930E4F
:1034B00037005C0E3500270E3400F30D3200C10DCD
:1034C0003100900D3000600D2E00320D2D00050DE5
:1034D0002C00D90C2B00AE0C2900850C29005C0CAB
:1034E0002700350C27000E0C2600E80B2400C40B27
:1034F0002400A00B23007D0B23005A0B2100390B65
:103500002100180B2000F80A1F00D90A1E00BB0A70
:103510001E009D0A1D00800A1D00630A1C00470A48
:103520001B002C0A1B00110A1A00F7091A00DD09FA
:103530001900C4091900AB091900920917007B0989
:103540001800630917004C091600360916002009F7
:1035500016000A091500F5081500E0081400CC084B
:103560001400B8081400A4081400900813007D0883
:1035700012006B08130058081200460812003408A5
:103580001100230811001208110001081100F007B2
:103590001000E0071000D0071000C0071000B007AF
:1035A0000F00A107100091070E0083070F0074079A
:1035B0000F0065070E0057070E0049070E003B0776
:1035C0000D002E070E0020070D0013070D00060743
:1035D0000D00F9060C00ED060D00E0060C00D40607
:1035E0000C00C8060C00BC060C00B0060C00A406BB
:1035F0000B0099060C008D060B0082060B00770667
:103600000B006C060B0061060A0057060B004C0607
:103610000A0042060A0038060A002E060A0024069E
:103620000A001A060A001006090007060A00FD052E
:103630000900F4050900EB050900E2050900D905B8
:103640000900D0050900C7050900BE050900B50538
:103650000800AD050800A50509009C0508009405B3
:1036600008008C050800840508007C050800740526
:1036700008006C050700650508005D050700560594
:1036800008004E05070047050700400508003805FB
:103690000700310507002A050700230507001C0560
:1036A0000600160507000F050700080506000205BD
:1036B0000700FB040600F5040700EE040600E8041A
:1036C0000600E2040700DB040600D5040600CF0470
:1036D0000600C9040600C3040600BD040600B704C2
:1036E0000600B1040500AC040600A6040600A00410
:1036F00005009B04060095040500900406008A045A
:10370000050085040500800406007A0405007504A0
:103710000500700405006B040500660405006104E3
:1037200005005C04050057040500520405004D0423
:10373000050048040500430405003E0404003A0463
:10374000050035040500300404002C04050027049E
:103750000400230405001E0404001A0404001604D7
:103760000500110404000D0404000904050004040C
:10377000040000040400FC030400F8030400F40344
:103780000400F0030400EC030400E8030400E40375
:103790000400E0030400DC030400D8030400D403A5
:1037A0000400D0030400CC030400C8030300C503D5
:1037B000030024F404D9201BC40C5C0E9804C40933
:1037C0005F0265077101F405F900FB04B3004804CA
:1037D0008700C10369005803550003034500BE027A
:1037E0003A008402310053022A0029022500040213
:1037F0002000E4011C00C8011900AF011700980166
:1038000014008401130071011000610110005101C6
:103810000E0043010D0036010B002B010B002001AF
:103820000B00150109000C01090003010800FB0051
:103830000800F3000800EB000700E4000600DE00CB
:103840000600D8000600D2000600CC000500C70024
:103850000500C2000500BD000400B9000400B50069
:103860000400B1000400AD000400A9000400A5009C
:103870000300A20003009F0004009B0003009800C7
:1038800003009500020093000300900003008D00E8
:1038900002008B0003008800020086000200840002
:1038A0000300810002007F0002007D0002007B0017
:1038B0000200790002007700010076000200740027
:1038C000020072000100710002006F0002006D0032
:1038D00001006C0002006A0001006900020067003C
:1038E0000100660001006500010064000200620042
:1038F000010061000100600001005F0002005D0046
:1039000001005C0001005B0001005A000100590049
:103910000100580001005700010056000100550049
:103920000100540001005300000053000100520048
:10393000010051000100500001004F0001004E0045
:1039400000004E0001004D0001004C0001004B0042
:1039500000004B0001004A0001004900010048003E
:10396000000048000100470001004600000046003A
:103970000100450000004500010044000100430033
:10398000000043000100420000004200010041002D
:10399000000041000100400001003F0000003F0026
:1039A00001003E0000003E0001003D0000003D001F
:1039B00001003C0000003C0000003C0001003B0016
:1039C00000003B0001003A0000003A00010039000D
:1039D0000000390001003800000038000000380005
:1039E00001003700000037000100360000003600FB
:1039F00000003600010035000000350000003500F1
:103A000001003400000034000000340001003300E5
:103A100000003300000033000100320000003200DB
:103A200000003200010031000000310000003100D0
:103A300001003000000030000000300001002F00C5
:103A400000002F0000002F0000002F0001002E00BA
:103A500000002E0000002E0001002D0000002D00AF
:103A600000002D0000002D0001002C0000002C00A3
:103A700000002C0000002C0001002B0000002B0097
:103A800000002B0000002B0001002A0000002A008B
:103A900000002A0000002A0001002900000029007F
:103AA0000000290000002900000029000100280072
:103AB0000000280000002800000028000000280066
:103AC0000100270000002700000027000000270059
:103AD000000027000100260000002600000026004C
:103AE000000026000000260001002500000025003F
:103AF0000000250000002500000025000000250032
:103B00000100240000002400000024000000240024
:103B10000000240001002300000023000000230017
:103B20000000230000002300000023000000230009
:103B300001002200000022000000220000002200FC
:103B400000002200000022000100210000002100EE
:103B500000002100000021000000210000002100E1
:103B600000002100010020000000200000002000D3
:103B700000002000000020000000200000002000C5
:103B80000000200001001F0000001F0000001F00B7
:103B900000001F0000001F0000001F0000001F00A9
:103BA00001001E0000001E0000001E0000001E009C
:103BB0000000C23100001C260000F4190000D80FDC
:103BC0000000EB080000C004000075020000400186
:103BD0000000626564002C2073797374656D207336
:103BE000746F7070656421204865617465725F4907
:103BF000443A20004265642068656174696E6720FC
:103C00006661696C65640048656174696E67206609
:103C100061696C65640042454420544845524D41F9
:103C20004C2052554E4157415900546865726D61A0
:103C30006C2052756E61776179004531204865616D
:103C400074696E67206661696C65640048656174BB
:103C5000696E67206661696C65640045312054486F
:103C600045524D414C2052554E41574159005468E0
:103C700065726D616C2052756E61776179004531B6
:103C800020544845524D414C2052554E41574159C0
:103C90000042454420544845524D414C2052554E17
:103CA0004157415900546865726D616C2052756EC0
:103CB00061776179004531204572723A204D415853
:103CC00054454D50004572723A204D415854454D6F
:103CD0005020424544004D415854454D5020747287
:103CE00069676765726564004531204572723A20E4
:103CF0004D494E54454D50004572723A204D494E43
:103D000054454D5020424544004D494E54454D5078
:103D100020747269676765726564004D3834205895
:103D2000302059323030205A204500202F002042C8
:103D3000403A0020403A0020573A007C3C3E5E2B3F
:103D40003D3F2F5B5D3B2C2A225C0043616E6E6F12
:103D500074206F70656E2073756264697220005301
:103D6000442063617264206F6B0A006F70656E524D
:103D70006F6F74206661696C65640A00766F6C759C
:103D80006D652E696E6974206661696C65640A00F0
:103D9000534420696E6974206661696C0A00700181
:103DA0002C0190012701B0012201C0011D01F00189
:103DB00018011002130130020E0160020901900285
:103DC0000401C002FF000003FA004003F500800375
:103DD000F000D003EB002004E6007004E100E004F2
:103DE000DC004005D700C005D2004006CD00D0065B
:103DF000C8008007C3003008BE00F008B900C00941
:103E0000B400B00AAF00B00BAA00D00CA500000EA1
:103E1000A000500F9B00C01096005012910000149B
:103E20008C00C0158700B0178200B0197D00D01B30
:103E30007800001E730040206E0090226900F0247C
:103E4000640040275F0090295A00E02B5500102E97
:103E5000500020304B0010324600E03341009035D6
:103E60003C001037370070383200A0392D00B03ACE
:103E70002800A03B2300603C1E00103D1900903D2F
:103E80001400103E0F00703E0A00C03E0500003FC7
:103E90000000403FFBFF803FF6FFC03FF1FF4D3287
:103EA00034004D32332025730057726974696E6790
:103EB00020746F2066696C653A20002E0A006F70CE
:103EC000656E206661696C65642C2046696C653A94
:103ED00020002E0A006F70656E206661696C656453
:103EE0002C2046696C653A200046696C6520736534
:103EF0006C65637465640A002053697A653A200032
:103F000046696C65206F70656E65643A2000667264
:103F100065736800646F696E67002066696C653A56
:103F200020004E6F772000454E4420535542524F9B
:103F30005554494E450A002220706F7300222070AC
:103F40006172656E743A2200535542524F5554497E
:103F50004E452043414C4C207461726765743A228F
:103F600000747279696E6720746F2063616C6C20D5
:103F70007375622D67636F64652066696C65732075
:103F80007769746820746F6F206D616E79206C653D
:103F900076656C732E204D4158206C6576656C20DB
:103FA00069733A310A002E0A0044656C6574696FC2
:103FB0006E206661696C65642C2046696C653A20E8
:103FC0000046696C652064656C657465643A0057E9
:103FD000726974696E6720746F2066696C653A2037
:103FE000002E0A006F70656E206661696C65642C36
:103FF0002046696C653A2000FFE0FFD11000FFFE0B
:10400000FFD0FFE0FFC1FFD1E240A0C8A6A22FF879
:1040100000238127AC00AFFF64A5FF64FF64A4FF09
:10402000D0FFFE4D313030302053002020506C61E5
:104030006E6E657242756666657242797465733A32
:1040400020002046726565204D656D6F72793A20BB
:1040500000436F6D70696C65643A204A756C20315D
:104060003020323032360A00207C20417574686F6F
:10407000723A202852656473746F6E654D61737473
:1040800065723031290A00323032362D30372D3109
:104090003100204C61737420557064617465643A1A
:1040A000200076322E330A004D61726C696E00205A
:1040B000536F6674776172652052657365740A0088
:1040C000205761746368646F672052657365740A72
:1040D000002042726F776E206F7574205265736591
:1040E000740A002045787465726E616C20526573A5
:1040F00065740A00506F77657255700A00737461B9
:1041000072740A006175746F25632E67004C6F61CD
:1041100064696E672073657474696E677320667274
:104120006F6D2053440A006572726F722077726956
:1041300074696E6720746F2066696C650A00446F4D
:104140006E6520736176696E672066696C652E0AFC
:10415000004D323900456E6473746F7073202563AF
:1041600020256320256320256300205A3A0020592A
:104170003A0020583A00656E6473746F707320685B
:1041800069743A20004732370000002100240027DC
:10419000002A002D00300033000101000004010757
:1041A000010A0100002200250028002B002E00310A
:1041B00000340002010000050108010B010000208D
:1041C000002300260029002C002F003200000100EF
:1041D0000003010601090105050505070508080892
:1041E00008020202020A0A08080404040401010188
:1041F0000101010101030303030303030304070790
:10420000070C0C0C0C0C0C0C0C020202020606062D
:1042100006060606060B0B0B0B0B0B0B0B01021015
:1042200020200808102040102040800201020108D0
:104230000402010102040810204080804020100880
:1042400004020180040201804020100804020108D9
:104250000402010102040810204080010204081039
:1042600020408000000A0B02090C0D0E0807030411
:10427000010000000000000000000000000000003D
:10428000000000000000000000000000000000121C
:1042900011100000000000000000000000000000FD
:1042A0000000000000000000004D6F766520302EF9
:1042B0003032356D6D004D6F766520302E316D6D6D
:1042C000004D6F766520316D6D004D6F7665203144
:1042D000306D6D004D6F7665206178697300486FB1
:1042E00074656E6420746F6F20636F6C6400457832
:1042F000747275646572004D6F7665205A004D6F5B
:1043000076652059004D6F766520580050726F62B7
:10431000696E67206661696C65640A0050726F623D
:10432000696E67206661696C656400486F6D652021
:10433000257325732573206669727374002066697E
:104340007273740A00486F6D652000220A00556E72
:104350006B6E6F776E20636F6D6D616E643A2022B5
:104360000020746F6F206C6F6E67206578747275B3
:1043700073696F6E2070726576656E7465640A008D
:1043800020636F6C6420657874727573696F6E203A
:1043900070726576656E7465640A00204500205A67
:1043A00000205900204D39322058002E0A006F702D
:1043B000656E206661696C65642C2046696C653A9F
:1043C0002000A201BE0011241FBECFEFD1E2DEBF4C
:1043D000CDBF00E00CBF13E0A0E0B2E0EEE4F2E7F6
:1043E00002E00BBF02C007900D92AE38B107D9F7BB
:1043F00028E1AEE8B3E001C01D92A23FB207E1F7A9
:1044000011E2C2EED1E200E006C021970109802F3F
:10441000FE010F947B35C13ED10780E00807A9F764
:104420000F94C5240D9415390C940000CF93DF939D
:10443000EC01CB01BA010F94A72E20E030E048EC4C
:1044400051E40F94062F0F94F736688379838A839B
:104450009B83DF91CF910895CF93DF93EC01CB0144
:10446000BA010F94A72E20E030E048EC52E40F94FC
:10447000062F0F94F736688379838A839B83DF91B5
:10448000CF910895CF93DF93EC01CB01BA010F9444
:10449000A72E2AE037ED43E25CE30F94062F6883F2
:1044A00079838A839B83DF91CF910895CF93DF93A4
:1044B000EC01CB01BA010F94A72E2AE037ED43E2BD
:1044C0005CE30F94062F688379838A839B83DF9153
:1044D000CF910895CF93DF93EC01CB01BA010F94F4
:1044E000A72E2DEC3CEC4CEC5DE30F94062F68837B
:1044F00079838A839B83DF91CF910895CF93DF9354
:10450000EC01CB01BA010F94A72E20E030E048EC7B
:1045100051E40F94062F688379838A839B83DF910C
:10452000CF910895CF93DF93EC01CB01BA010F94A3
:10453000A72E20E030E048EC52E40F94062F688369
:1045400079838A839B83DF91CF910895CF93DF9303
:10455000EC01CB01BA010F94A72E2FE632E143E81C
:104560005AE30F94062F688379838A839B83DF91B4
:10457000CF910895CF93DF93EC01CB01BA010F9453
:10458000A72E688379838A839B83DF91CF910895D7
:10459000CF93DF93EC01CB01BA010F94A72E0F94B8
:1045A000F7366883DF91CF910895CF93DF93EC01C5
:1045B000CB01BA010F94A72E0F94F036798368834C
:1045C000DF91CF910895FC0184910895FC018081D1
:1045D0000895089590E080E008959091DD09E92F15
:1045E000F0E0ED5BFA4E80839F5F943040F490934F
:1045F000DD098091620B8F5F8093620B08951092AA
:10460000DD09F7CF4F925F926F927F928F929F92C8
:10461000AF92BF92CF92DF92EF92FF92CF934B0176
:104620005C0169017A0120E030E040E251E4C70119
:10463000B6010F9484352B013C0127E137EB41EDA6
:1046400058EB0F94E43787FD50C027E030E04BE68D
:1046500053E4C301B2010F94A02E18160CF445C008
:1046600020E030E040E252E4C501B4010F9484350B
:104670002B013C0127E137EB41ED58EB0F94E43778
:1046800087FD33C027E030E04BE653E4C301B201BD
:104690000F94A02E18164CF127E93FEF4FE151E49B
:1046A000C501B4010F94E43787FD1FC027E030E057
:1046B00043E453E4C501B4010F94A02E1816ACF0E6
:1046C00027E93FEF4FE151E4C701B6010F94E4370A
:1046D00087FD0BC0C1E027E030E040E653E4C701AE
:1046E000B6010F94A02E18160CF4C0E08C2FCF91B9
:1046F000FF90EF90DF90CF90BF90AF909F908F9002
:104700007F906F905F904F9008952F923F924F92BD
:104710005F926F927F928F929F92AF92BF92CF9251
:10472000DF92EF92FF920F931F93CF93DF93CDB75A
:10473000DEB72E970FB6F894DEBF0FBECDBF8A83CB
:10474000162F4983822E262F30E03A872987E4E00E
:104750008E9FC00111249C878B87FC01E20FF31F01
:10476000EE0FFF1FEE0FFF1FE055FA4F60817181C2
:10477000828193819B01AC010F947638882309F4E0
:104780002EC19A81E9819E0F882D810F24E0929F8E
:10479000F0011124A985BA85AE0FBF1FAA0FBB1F58
:1047A000AA0FBB1FA055BA4FAC901196BC901197A1
:1047B0001296CC9012971396DC903981930F24E0D7
:1047C000929FA0011124A985BA85A40FB51FAA0F35
:1047D000BB1FAA0FBB1FA055BA4FEC901196FC90BF
:1047E000119712960C91129713961C91282F30E076
:1047F000AB85BC85A20FB31FAA0FBB1FAA0FBB1F9F
:10480000A055BA4F9C9011967C90119712966C907F
:10481000129713965C90880D90E0AB85BC85A80F2D
:10482000B91FAA0FBB1FAA0FBB1FA055BA4F8C9070
:1048300011964C90119712963C90129713962C90CB
:10484000E20FF31FEE0FFF1FEE0FFF1FE055FA4FB1
:104850003081398321812A8332813B8323812C83D8
:10486000FA01E80FF91FEE0FFF1FEE0FFF1FE055D3
:10487000FA4F30813D8381818E8392819F83238192
:1048800028879701A801B701C8010F9476388823BB
:1048900021F0E12CF12C00E010E09501A601B5011A
:1048A000C6010F947638882311F057016801282D2E
:1048B000342D432D522D682D742D832D922D0F9460
:1048C0007638882321F0812C412C312C212C292D64
:1048D000372D462D552D692D772D862D952D0F942D
:1048E0007638882321F0982C742C632C522C2D813F
:1048F0003E814F8158856D817E818F8198850F948F
:104900007638882321F01D821E821F821886298115
:104910003A814B815C8169817A818B819C810F9482
:104920007638882341F03D8139838E818A839F8147
:104930009B83E885EC832B853C8589859A85280FA8
:10494000391F220F331F220F331F20553A4F3A874A
:1049500029879501A601B501C6010F9484359701F9
:10496000A8010F9483356B017C01292D372D462D2D
:10497000552D692D772D862D952D0F948435282D55
:10498000342D432D522D0F9483359B01AC01C7016B
:10499000B6010F9484356B017C0129813A814B81EA
:1049A0005C8169817A818B819C810F9484352D8112
:1049B0003E814F8158850F9483359B01AC01C7011F
:1049C000B6010F94843520E030E040E450E40F94C9
:1049D0007E36E985FA8560837183828393832E9680
:1049E0000FB6F894DEBF0FBECDBFDF91CF911F9100
:1049F0000F91FF90EF90DF90CF90BF90AF909F907E
:104A00008F907F906F905F904F903F902F90089580
:104A1000CF93DF9300D01F92CDB7DEB70F94A72EB0
:104A20002FE632E143E85AE30F94062F69837A8335
:104A30008B839C83CE0101960F9474110F900F907D
:104A40000F900F90DF91CF910895CF92DF92EF9268
:104A5000FF920F931F93CF9390911302913009F41B
:104A600061C0662351F01092DD031092D9031092B9
:104A7000DA031092DB031092DC03C82F0F9419188D
:104A8000C090D903D090DA03E090DB03F090DC0310
:104A90009B01AC012C193D094E095F0969017A019E
:104AA000F7FC40C02091DD03C7FD15C04C2F0C2E34
:104AB000000C550B4C5F5F4FE22F022E000CFF0BDA
:104AC0004E175F077CF144EFC42EDD24D394E12C14
:104AD000F12C2C1734F438EEC32E33E0D32EE12C16
:104AE000F12CC60ED71EE81EF91EC092D903D09233
:104AF000DA03E092DB03F092DC03022F017010E096
:104B000084E2809FB001819F700D701B1124605959
:104B10007C4F82E390E00E94809A8091DD038F5F5A
:104B20008093DD03CF911F910F91FF90EF90DF9065
:104B3000CF900895CF93DF9300D01F92CDB7DEB70B
:104B40000F94A72E2AE037ED43E25CE30F94062F83
:104B500069837A838B839C83CE0101960E94F884BB
:104B60000F900F900F900F90DF91CF910895CF93FA
:104B7000DF9300D01F92CDB7DEB70F94A72E2DEC98
:104B80003CEC4CEC5DE30F94062F69837A838B83B6
:104B90009C83CE0101960E94F8820F900F900F9097
:104BA0000F90DF91CF910895CF93DF9300D01F92A4
:104BB000CDB7DEB70F94A72E20E030E048EC51E4EB
:104BC0000F94062F69837A838B839C83CE01019691
:104BD0000E944F870F900F900F900F90DF91CF9111
:104BE0000895CF93DF9300D01F92CDB7DEB70F9417
:104BF000A72E20E030E048EC52E40F94062F6983A2
:104C00007A838B839C83CE0101960E944F870F90FD
:104C10000F900F900F90DF91CF910895CF93DF9376
:104C200000D01F92CDB7DEB70F94A72E2AE037ED44
:104C300043E25CE30F94062F69837A838B839C8322
:104C4000CE0101960E94D5870F900F900F900F9084
:104C5000DF91CF9108950F94A72E0F94F736862FEA
:104C60000C9465970F94A72E0F94F036CB010C94FB
:104C70004E8BDF92EF92FF920F931F93CF93DF93B0
:104C8000EC01D62E1CAD0BAD7C0184E0E80EF11CCE
:104C9000E98DFA8DC7011995412F480F2D2D602FF1
:104CA000C7010F94011D9BAD890F8BAF81E090E090
:104CB000DF91CF911F910F91FF90EF90DF900895BA
:104CC0008F929F92AF92BF92CF92DF92EF92FF921C
:104CD0000F931F93CF93DF93EC018B017A018A85A9
:104CE0009B858617970731F0888199810F94DB1B8C
:104CF0001B870A8788859985019641F50C81DA80A2
:104D00008E81D80EA880B980D5015596ED91FC9181
:104D1000C5011995080F10E0F70121917F012111BC
:104D20004FC08E819F81810F911D9F838E8390E064
:104D300080E0DF91CF911F910F91FF90EF90DF9076
:104D4000CF90BF90AF909F908F900895CE80DF80DE
:104D5000F701008110E0002321F1A880B980602FC5
:104D6000C5010F94331CD50151961C911195470133
:104D7000BFEF8B1A9B0AF40181914F01882351F0F8
:104D8000D50150969C91190F082F682FC5010F94DB
:104D9000331CF1CF003281F0F50183899189890FAD
:104DA000180FC10ED11C288539852C153D0508F03A
:104DB000A5CF81E090E0BDCFD50150968C91F0CF8A
:104DC000402F6D2DC5010F94011DD80E180FA4CFD3
:104DD000AB01BC014093511550935215609353158C
:104DE0007093541586EB96E10C9487BA8091FB037F
:104DF0009091FC03009731F04AE050E070E060E0F1
:104E00000D949F2B60E070E0CB0108950E94F62680
:104E100097FD0CC00E94F6266F3F71058105910534
:104E200009F034F40E94F626862F089580E0089554
:104E30008FEF08958091FB039091FC03892B41F043
:104E40000E94062791E0811101C090E0892F08950A
:104E500091E0FCCF0E94F626CB010895CF92DF921D
:104E6000EF92FF920F931F93CF93DF938B01CCEDC3
:104E7000DBE020916F0230917002409171025091FD
:104E80007202FC0160817181828193810F947E3670
:104E90002C853D854E855F850F9484356C877D8795
:104EA0008E879F87C12CD12C760128EE3BE044EE03
:104EB0005BE060EE7BE0CE010F948E0DDF91CF9131
:104EC0001F910F91FF90EF90DF90CF900C94B0C99D
:104ED000CF92DF92EF92FF920F931F93CF93DF93C6
:104EE0006B017A01EC01CF56DC4F28813CE0389F02
:104EF0008001399F100D112427FF24C0FB0111826E
:104F0000108288818F5F888388819801280F311DE6
:104F100087FD3A95C9012091BE14F601281719069C
:104F200029F024F088818C300CF43CC08081918180
:104F3000049680349C4908F475C0F6018081918103
:104F4000049672C088819801280F311D87FD3A951B
:104F5000C9012091BE142817190699F294F288818C
:104F6000A801480F511D87FD5A95FA01EE0FFF1F4A
:104F7000E40FF51FEE5AFB4E808186FFC2CF888179
:104F8000F801E80FF11D87FDFA95CF01EE0FFF1F25
:104F9000E80FF91FEE5AFB4E808160E08F730F948B
:104FA0001F16AFCF808191812881A801420F511D2A
:104FB00027FD5A959A01FA01EE0FFF1FE20FF31F2A
:104FC000EE5AFB4E21813281820F931FF7019183AC
:104FD000808388819801280F311D87FD3A95F9015A
:104FE000EE0FFF1FE20FF31FEE5AFB4E808186FF8C
:104FF00020C08881080F111D87FD1A95F801EE0F5A
:10500000FF1FE00FF11FEE5AFB4E808161E08F73AE
:10501000DF91CF911F910F91FF90EF90DF90CF9094
:105020000D941F1680E49CE9F701918380838FEF34
:105030008883DF91CF911F910F91FF90EF90DF90C8
:10504000CF9008959091FD0380911102992321F052
:10505000811102C060E00AC0609112026093D70320
:10506000992311F08823B1F38823A1F370E088E03D
:105070000D940F178091FB039091FC03009731F082
:105080004AE050E070E060E00D94CD2C60E070E00C
:10509000CB01089563E972E084E690E00E94809A73
:1050A0006AEB72E084E690E00C94809A81110C9493
:1050B0004A2868EB71E084E190E00C94809A282FF4
:1050C00010927D0B8091830B9091840B81309048DE
:1050D00020F01092840B1092830B80914F0588234F
:1050E00031F08091830B8093750B1092700B80913F
:1050F0006F0B1816BCF4082E000C990B821B91093B
:105100002091750B022E000C330B2817390754F031
:1051100097FF02C090E080E08093750B9093840B22
:105120008093830B8091750B6623A9F09091760B89
:10513000891714F48093760B2091760B022E000CC5
:10514000330B2C5F3F4F482F082E000C550B2417B4
:1051500035071CF484508093760B08958F929F92AC
:10516000AF92BF92EF92FF920F931F93CF93DF9373
:10517000EC018B01E42EF22E809103159091041521
:105180008C179D0709F442C04091150650911606F0
:1051900060911706709118064093490550934A058F
:1051A00060934B0570934C052FE9C43AD207C9F5BB
:1051B00083589B4871F40F9419186E517B4F8F4F91
:1051C0009F4F6093400570934105809342059093F3
:1051D0004305D0930415C09303151093840B0093DB
:1051E000830BE092760BF0926F0BC358DB4821F4EF
:1051F00010924E0510923F0582E08093750281E087
:105200008093700B1092500510927F0BDF91CF911D
:105210001F910F91FF90EF90BF90AF909F908F9054
:1052200008952BE8C338D207A1F6845A9F4919F094
:10523000C3E8DBE8CECF0F9419188090400590901A
:105240004105A0904205B0904305681979098A0983
:105250009B0997FFEDCFC2EDDDE2BBCF8091C51476
:105260009091C614891B8F7071F49091551592FB23
:10527000882780F992FD08C081E090912E06913038
:1052800019F080E0089581E00895E0913F05E6304F
:1052900000F581E08E0F80933F058091830B909104
:1052A000840BB0E0A0E03091760B20916F0B48E0CA
:1052B000E49FF0011124E15FFA4F409103155091F2
:1052C00004155183408382839383A483B5833683FB
:1052D0002783089520E040E070E060E083E89BE8E9
:1052E0000C94AE28E0913F05EE2389F0E150E09365
:1052F0003F0588E0E89FF0011124E15FFA4F6281E9
:10530000738127814681808191810C94AE280C9411
:105310006A29CF93DF9300D01F92CDB7DEB70F94E9
:10532000F7360F94A52E69837A838B839C83CE01F5
:1053300001960E944F870F900F900F900F90DF9172
:10534000CF9108950F94A72E20E030E048EC51E46F
:105350000F94062F0C9489290F94A72E20E030E09B
:1053600048EC52E40F94062F0C948929CF92DF92D7
:10537000EF92FF926B017C0120E030E0A9010F94D5
:10538000A02E20E030E040E05FE387FF04C020E093
:1053900030E040E05FEBC701B6010F9484350F9415
:1053A000F036CB01FF90EF90DF90CF900C944E8BB6
:1053B0000F94A72E0C94B629AF92BF92CF92DF9292
:1053C000EF92FF920F931F93CF93DF93EC015B015A
:1053D0008A01FB01199587FD16C0C82ED12CF12C2E
:1053E000E12C2196F801C082D182E282F382CE01C3
:1053F000DF91CF911F910F91FF90EF90DF90CF90B1
:10540000BF90AF900895982F907E903CA9F48F7133
:1054100090E0B0E0A0E06C017D0126E0CC0CDD1C4A
:10542000EE1CFF1C2A95D1F7CE010196F5011995C6
:105430008F73C82A2296D6CF982F907F903E11F571
:105440008F7090E0B0E0A0E06C017D0186E0CC0CB4
:10545000DD1CEE1CFF1C8A95D1F7CE010196F501EB
:1054600019958F73C82A96E0CC0CDD1CEE1CFF1C2E
:105470009A95D1F7CE010296F50119958F73C82A36
:105480002396B0CF982F987F903F79F5877090E062
:10549000B0E0A0E06C017D01F6E0CC0CDD1CEE1C60
:1054A000FF1CFA95D1F7CE010196F50119958F737E
:1054B000C82AA6E0CC0CDD1CEE1CFF1CAA95D1F777
:1054C000CE010296F50119958F73C82AB6E0CC0C6F
:1054D000DD1CEE1CFF1CBA95D1F7CE010396F50139
:1054E00019958F73C82A24967DCF982F9C7F983F5B
:1054F000E1F5837090E0B0E0A0E06C017D0156E042
:10550000CC0CDD1CEE1CFF1C5A95D1F7CE01019688
:10551000F50119958F73C82A66E0CC0CDD1CEE1CD2
:10552000FF1C6A95D1F7CE010296F50119958F738C
:10553000C82A76E0CC0CDD1CEE1CFF1C7A95D1F756
:10554000CE010396F50119958F73C82AE6E0CC0CBD
:10555000DD1CEE1CFF1CEA95D1F7CE010496F50187
:1055600019958F73C82A25963DCF982F9E7F9C3F13
:1055700009F049C0817090E0B0E0A0E06C017D01CD
:1055800086E0CC0CDD1CEE1CFF1C8A95D1F7CE0109
:105590000196F50119958F73C82A96E0CC0CDD1C95
:1055A000EE1CFF1C9A95D1F7CE010296F5011995D4
:1055B0008F73C82A26E0CC0CDD1CEE1CFF1C2A953C
:1055C000D1F7CE010396F50119958F73C82A36E0FD
:1055D000CC0CDD1CEE1CFF1C3A95D1F7CE010496D5
:1055E000F50119958F73C82A46E0CC0CDD1CEE1C22
:1055F000FF1C4A95D1F7CE010596F50119958F73D9
:10560000C82A2696EFCE982F907C903841F4807C63
:10561000803869F42196CE01F5011995F8CF8E7F77
:105620008D3F28F02196CE01F5011995F8CFC12CB8
:10563000D12C7601D7CE1F93CF93DF9300D01F924A
:10564000CDB7DEB710E0AE014F5F5F4F63EE72E2A1
:105650000E94DC2949815A816B817C81452B462B34
:10566000472B11F01F5FEFCF812F0F900F900F90FE
:105670000F90DF91CF911F9108951F93CF93DF93E8
:1056800000D01F92CDB7DEB710E0AE014F5F5F4F85
:1056900066EE72E20E94DC2949815A816B817C812D
:1056A000452B462B472B11F01F5FEFCF812F0F901B
:1056B0000F900F900F90DF91CF911F9108950F934E
:1056C0004CE0849F402D112421E0240F20934405B9
:1056D0008CE0840F8093C10B90E0029630913D15D1
:1056E0003817190621F01CF080E00F910895809181
:1056F0003F152817C8F781E080932915662351F0DC
:105700004D5F0BE020E860E089E095E10F94A01A7E
:10571000109229158091C10B90913D15891720F3A6
:1057200020913F15909144052917F0F210924015F1
:105730008093411581E0D9CF20910E05022E000CF7
:10574000330B8217130661F080930E056BEC78E142
:10575000813011F06EE973E189E095E10D94DB1B76
:105760000895EF92FF920F931F93CF93DF93CDB7DE
:10577000DEB72C970FB6F894DEBF0FBECDBF6F3FDC
:1057800071058105910509F0C0F485E095E10E945D
:105790003926E0910D15F0910E153196849190E027
:1057A0002C960FB6F894DEBF0FBECDBFDF91CF9120
:1057B0001F910F91FF90EF90089510914015009167
:1057C000411520914D0521110FC04FE653E1602F87
:1057D000812F0F946D1D20E030E0120F10934015C3
:1057E00000934115C901DCCFE0900D15F0900E1526
:1057F00029E035E13A832983212F30E03C832B8354
:10580000202F30E03E832D8318861F822FEF3FEF3D
:105810003A8729871C861B869E012F5F3F4FAB016D
:10582000BC01C7010E94D1F8B70189E095E10F944E
:10583000DB1B2F813885D1CFEF92FF920F931F93FF
:10584000CF93DF93CDB7DEB72C970FB6F894DEBFBA
:105850000FBECDBF109140150091411520914D050F
:1058600021111AC04FE453E1602F812F0F946D1D59
:1058700080E090E0180F10934015009341152C968E
:105880000FB6F894DEBF0FBECDBFDF91CF911F9151
:105890000F91FF90EF900895E0900D15F0900E1588
:1058A00029E035E13A832983212F30E03C832B83A3
:1058B000202F30E03E832D8318861F827A876987E8
:1058C0001C861B869E012F5F3F4F43EE52E2BC01B8
:1058D000C7010E9491F9B70189E095E10F94DB1BA4
:1058E0008F819885C7CF6FEF7FEF0C941C2CEF92C0
:1058F000FF920F931F93CF93DF93CDB7DEB72C9713
:105900000FB6F894DEBF0FBECDBF109140150091C9
:10591000411520914D0521111AC04FE253E1602F2E
:10592000812F0F946D1D80E090E0180F10934015AB
:10593000009341152C960FB6F894DEBF0FBECDBF75
:10594000DF91CF911F910F91FF90EF900895E0901C
:105950000D15F0900E1529E035E13A832983212FAA
:1059600030E03C832B83202F30E03E832D8318864C
:105970001F827A8769871C861B869E012F5F3F4F97
:1059800046EE52E2BC01C7010E9491F9B70189E0DD
:1059900095E10F94DB1B8F819885C7CFEF92FF9223
:1059A0000F931F93CF93DF937B01C42F622F0E942D
:1059B0005F2B8823D1F1CC23F9F001151105E1F417
:1059C000C7010E941B2B25E130E0A901481B5109AA
:1059D000CA0157FD019695958795C0E8DFE7D80F76
:1059E0008D2F8C0F87FD09C060E270E080E090E0B1
:1059F0000E94B12BC150F4CFC0E86C2F70E0C701FA
:105A00000E941C2CC81B0115110531F06C2F70E091
:105A1000C8010E94772CC81BC73038F060E270E0E4
:105A200080E090E00E94B12BF6CFDF91CF911F91E3
:105A30000F91FF90EF9008950F931F93CF93DF93F3
:105A400080917502882359F060914705709148054F
:105A500010E000E020E041E081E00E94CE2C809147
:105A6000510581111EC081E080935105C09103153D
:105A7000D091041520E040E070E060E08CE19DE210
:105A80000E94AE280E94B0C91092510520E040E06B
:105A900070E060E0CE01DF91CF911F910F910C94E7
:105AA000AE28DF91CF911F910F9108956FEF7FEF97
:105AB0000C94772CAF92BF92CF92DF92EF92FF922D
:105AC0000F931F93CF93DF935C016B010E941B2BFD
:105AD000E82EC6010E943D2BF12C03E110E0081BCB
:105AE0001109C5E20E151F050CF4CFE18C2F90E0D3
:105AF0009C012E5F3F4F40913D154217130609F060
:105B000094F5099720913F152817190664F1109212
:105B10004015C0934115C5010E94732CD1E0C114FA
:105B2000D104B1F06AE370E080E090E00E94B12B14
:105B30000E151F05D4F4C45F80913D15C81740F0C1
:105B400020913F154C2F4950550B241715067CF416
:105B5000DF91CF911F910F91FF90EF90DF90CF9049
:105B6000BF90AF900895D0E0DACFDD2389F3802F86
:105B7000880F080F000F00934015C093411560E295
:105B800070E080E090E00E94B12BC601DF91CF91E0
:105B90001F910F91FF90EF90DF90CF90BF90AF904B
:105BA0000C94562DCF92DF92EF92FF92CF93DF931A
:105BB00080917E0B10927E0B882351F010924E053F
:105BC000DF91CF91FF90EF90DF90CF900C947229EE
:105BD00081E080934E05C091830BD091840B209778
:105BE00009F441C01092840B1092830BBE010D2E5C
:105BF000000C880B990B0F94A72E20911E0C30914E
:105C00001F0C4091200C5091210C0F94062F2091D5
:105C1000CE0B3091CF0B4091D00B5091D10B0F9404
:105C200084356B017C0120E030E040EA51EC0F94B8
:105C3000E43787FD18C020E030E040EA51E4C701B6
:105C4000B6010F94A02E181674F0CE010F9494187C
:105C5000C092CE0BD092CF0BE092D00BF092D10B32
:105C600082E08093750280917502882379F08EEC32
:105C70009BE00F947411BC018FE893E1DF91CF9109
:105C8000FF90EF90DF90CF900C945A2DDF91CF9141
:105C9000FF90EF90DF90CF900895CF93DF93FC01BA
:105CA000EB018091830B9091840B97FF04C01092BD
:105CB000840B1092830B4091850B5091860B609161
:105CC000870B7091880B8091830B9091840B092E28
:105CD000000CAA0BBB0B481759076A077B0724F473
:105CE0005093840B4093830B809175028823C1F0FD
:105CF0002091830B3091840B6091890B70918A0BFA
:105D000080918B0B90918C0B620F731F811D911DE5
:105D10001995BC0180918F0B9091900B0E945A2D88
:105D200080917E0B811108C08091800B8823A1F1A6
:105D300080917502882381F180918D0B90918E0B5B
:105D4000009791F02091830B3091840B4091890B47
:105D500050918A0B60918B0B70918C0B420F531FEB
:105D6000611D711DFE011995E091810BF091820B6F
:105D7000309741F08091800B811103C080917E0BA0
:105D80008111199580917E0B10927E0B882321F052
:105D9000DF91CF910C947229DF91CF91089566E144
:105DA00072E282EA99E20C944D2E6CE272E28CEA85
:105DB00099E20C944D2E66E572E28AE995E20C9424
:105DC0004D2E6AE672E287EB95E20C944D2E6EE75B
:105DD00072E284ED95E20C944D2E62E972E281EF5D
:105DE00095E20C944D2E66EA72E288E095E20C94FE
:105DF0004D2E62E472E28EE096E20C944D2E6AEB38
:105E000072E288ED99E20C944D2E68EC72E28BE21E
:105E100096E20C944D2E65ED72E282E396E20C94CC
:105E20004D2ECF92DF92EF92FF920F93CF93DF939D
:105E3000982F862F6A017901692F0E945F2B882392
:105E400009F448C0C701002309F10E941B2BC82F89
:105E500083E190E08C1B9109D82FDD0FD80FDD0F67
:105E60006D2F70E0C6010E941C2CD81B6AE370E005
:105E700080E090E00E94B12BD73058F060E270E0F3
:105E800080E090E00E94B12BD81BF6CF0E943D2B02
:105E9000DECF8091C10B9C2F990F990FC91BCC0F9E
:105EA000C058C093401580934115C701002349F0A5
:105EB000DF91CF910F91FF90EF90DF90CF900C94F6
:105EC000732CDF91CF910F91FF90EF90DF90CF90E7
:105ED0000C94562DDF91CF910F91FF90EF90DF90B2
:105EE000CF9008952F923F924F925F926F927F9240
:105EF0008F929F92AF92BF92CF92DF92EF92FF92DA
:105F00000F931F93CF93DF93EB01FC01808091806F
:105F1000A280B380C501B40120E831E541E050E042
:105F20000F94E434C9016DE671E00F9453356B01B1
:105F30007C01C501B40120E13EE040E050E00F9457
:105F4000E434CA01B90128E130E040E050E00F94A8
:105F5000E434362E272E062F172F8CE3482E512C93
:105F6000612C712CC501B401A30192010F94E4349A
:105F7000B62EA72ECA01B901A30192010F94E434F1
:105F8000CB01C114D10469F1AF92BF927F936F939B
:105F90002F923F92FF92EF92DF92CF9280E491E1B5
:105FA0009F938F93DF93CF930F94372E8DB79EB728
:105FB0000E960FB6F8949EBF0FBE8DBFDF91CF91A6
:105FC0001F910F91FF90EF90DF90CF90BF90AF9017
:105FD0009F908F907F906F905F904F903F902F9009
:105FE0000895E114F104C9F0AF92BF927F936F93CB
:105FF0002F923F92FF92EF9280E391E19F938F93D4
:10600000DF93CF930F94372EEDB7FEB73C960FB6C4
:10601000F894FEBF0FBEEDBFD1CF012BB9F0AF9208
:10602000BF927F936F932F923F9284E291E19F936F
:106030008F93DF93CF930F94372E8DB79EB70A9629
:106040000FB6F8949EBF0FBE8DBFB8CF892BA9F0B5
:10605000AF92BF927F936F938CE191E19F938F9367
:10606000DF93CF930F94372EEDB7FEB738960FB668
:10607000F894FEBF0FBEEDBFA1CFAF92BF9288E1F3
:1060800091E19F938F93DF93CF930F94372E0F90CF
:106090000F900F900F900F900F9090CF90915515FB
:1060A00093FB882780F993FF06C081E09091B91691
:1060B000911101C080E008954F925F926F927F929C
:1060C0008F929F92AF92BF92CF92DF92EF92FF9208
:1060D0000F931F93CF9310921F0410921E042FE36F
:1060E0002093230410922204109221041092200481
:1060F00010921A0410921B0410921C0410921D049A
:106100009C01F90190812F5F3F4F9032D1F39E3473
:10611000C9F4818190ED980F9A3020F08D3211F002
:106120008B3281F432969F012F5F3F4F80818053E5
:106130008A3008F47FC09F012F5F3F4F80818032FB
:1061400009F47AC0F093DB0BE093DA0B8F010F5F59
:106150001F4FC0816AE270E0C8010F94D2380097E7
:1061600031F0FC01319780818032E1F31182CD342E
:1061700029F0C43519F0C73409F04CC0F80180810A
:106180000F5F1F4F8032D1F380538A3008F042C036
:10619000C093230490E080E06AE0DF011196208143
:1061A000022E000C330B20533109689FA001699F18
:1061B000500D1124C901840F951F218130ED320F3C
:1061C0003A30E0F190932204809321042E3261F45E
:1061D000329630E04AE0DF012081319650ED520FD7
:1061E0005A3070F1309320049D011196F9014081DD
:1061F0004032D1F3CD34A1F58E31910539F034F52B
:106200008731910519F08C31910551F530931F04B8
:1062100020931E04CF911F910F91FF90EF90DF907C
:10622000CF90BF90AF909F908F907F906F905F9036
:106230004F900895F90177CFF9017DCFFD01ADCFE2
:106240002053349F200D1124322FC5CF853791055F
:106250003CF087379105D4F2803AF3E09F07B1F222
:106260005091DA0BC12CD12C760170E060E0812CCA
:10627000912C5401839401C09F01F9013196D901F9
:106280004C91442309F481C04132E1F4CD34D1F47E
:1062900080329105B9F4C0921A04D0921B04E092A6
:1062A0001C04F0921D04F0931F04E0931E0463E2AB
:1062B00070E0CF010F94D238009709F4ABCFFC0106
:1062C0001082A8CF41544A3108F05AC0DF012D9105
:1062D000203291F030ED320F3A30E8F02E3271F486
:1062E000218120532A30B8F06115710519F4BF01DE
:1062F0006150710910E013C0FD01E8CF2D3211F09B
:106300002B3291F7218130ED320F3A3020F02E32CE
:1063100059F72281E6CF1E2F151B309759F3242FF2
:1063200030E02401350104C0440C551C661C771C68
:106330004A95D2F7C428D528E628F72820503C4FA4
:10634000D9011C93208121542A3108F495CFDF0113
:10635000FD012D91222309F48FCF30ED320F3A3019
:10636000B8F333ED320F323098F32B3289F39F01BB
:106370002F5F3F4F4081403209F07ECFF901F7CFC8
:1063800061157105F9F6B901DDCF70931F046093B3
:106390001E04C0921A04D0921B04E0921C04F092D6
:1063A0001D0438CF0F931F93CF938091FB039091DF
:1063B000FC030097E9F0FC018F01C1912C2F2F7D88
:1063C00081F0C53411F0C536B9F7F801108270E0DC
:1063D00060E00F94412AF801C083CF911F910F9183
:1063E000089570E060E0CF911F910F910D94412AC4
:1063F00060E070E0CB01F1CF2FEB280F2A3108F0DD
:1064000042C0E22FF0E080911A0490911B04A09109
:106410001C04B0911D0404C0B695A7959795879567
:106420002A95D2F780FD02C081700895E050FC4F9C
:10643000E081EE2329F18091DA0B9091DB0BE80FDC
:10644000F92FF11D808190ED980F9A3030F08E3247
:1064500051F4818180538A3098F4F093FC03E093E7
:10646000FB0381E008958D3211F08B3249F4818174
:1064700090ED980F9A3088F38E3211F48281EACF32
:10648000F0E0E0E0EACF80E008950E94FC3188234C
:1064900041F081E02091FB033091FC03232B09F4B0
:1064A00080E00895CF92DF92EF92FF926A017B0124
:1064B0000E944532882331F0FF90EF90DF90CF901B
:1064C0000C94D231C701B601FF90EF90DF90CF90CE
:1064D0000895CF93DF93EB010E944532882319F092
:1064E0000E94F626EB01CE01DF91CF910895CF9364
:1064F000DF93EB010E944532882321F0DF91CF9199
:106500000C942A27CE01DF91CF910895CF93C62F07
:106510000E944532882319F0CF910C9406278C2FC6
:10652000CF910895CF93DF93C82FD62F0E94453285
:10653000882321F0DF91CF910C941A278C2F0E9491
:10654000FC31811101C08D2FDF91CF910895CF9340
:10655000C82F8091A5078F5F09F4AFC08093A5076E
:106560008091A5078093CF0980E1ECEDFBE0A6EADE
:10657000B7E001900D928A95E1F78CE0E1EDF9E04A
:10658000A6EBB7E001900D928A95E1F78CE0E0EF81
:10659000F5E0A2ECB7E001900D928A95E1F720E0DA
:1065A00030E040E752E460916B0270916C028091A0
:1065B0006D0290916E020F94062F0F94F736709330
:1065C000CF076093CE078091141490911514909387
:1065D000D1078093D00780916C0B90916D0B9093B5
:1065E000D3078093D2078091150C8093D4078091B4
:1065F000EC0B8093D5078091150690911606A0911B
:106600001706B09118068093D6079093D707A093EA
:10661000D807B093D9078091FE038093DA07809161
:10662000F6038093DB078091620BC11101C080E00B
:106630008093DC078091600B8093DD0780E891E018
:10664000E0EEF9E0AEEDB7E001900D920197E1F7D1
:106650000E9496826093CB097093CC098093CD09F8
:106660009093CE098EE599E00F94692080915115A1
:1066700090915215A0915315B09154158093C7096C
:106680009093C809A093C909B093CA0980E00F94F8
:106690002F2040E050E0BA0187E595E10E9487BADB
:1066A0004BE252E065EA77E087E595E10E9482BC23
:1066B00087E595E1CF910C9401BE81E04FCF8F9299
:1066C0009F92AF92BF92CF92DF92EF92FF920F9381
:1066D0001F93CF93DF9300D01F92CDB7DEB71982FF
:1066E0001A821B821C8238E8A32E32E0B32ECE0120
:1066F00001964C014DEFC42E45E0D42E5CEDE52E05
:106700005BE0F52E10E000E0F50181915F010E9451
:106710004532F40181934F01882309F4BFC00E94E0
:10672000D231F801ED50FC4F2081211105C020919C
:10673000FE03222309F4A1C0F701208131814281A7
:1067400053810F948435F601608371838283938330
:106750000F5F1F4FF4E0CF0ED11C84E0E80EF11C58
:106760000430110589F68091D009882361F1809168
:10677000551582FF28C08C81882329F189818111D8
:1067800003C08A818823F9F02DEC3CEC4CE45DE3F6
:106790006091AE077091AF078091B0079091B107FB
:1067A0000F9484359B01AC016091E40B7091E50B73
:1067B0008091E60B9091E70B0F94E43718161CF4C8
:1067C00081E00E94A73240E050E0BA0186E40E94D6
:1067D000523220E030E0A9010F94E437181684F417
:1067E0000E94D23120E030E040E752E40F947E3640
:1067F00060936B0270936C0280936D0290936E02B3
:1068000080918D1183FD28C080919007882321F10C
:106810002091E80B3091E90B4091EA0B5091EB0B82
:106820006091090670910A0680910B0690910C0602
:106830000F94833520919D0730919E0740919F07CB
:106840005091A0070F94843560939D0770939E0725
:1068500080939F079093A0070F900F900F900F9039
:10686000DF91CF911F910F91FF90EF90DF90CF902C
:10687000BF90AF909F908F900895033009F463CF3D
:10688000F801EE0FFF1FEE0FFF1FEE53F44F2081B4
:106890003181428153810F94833555CFF701808137
:1068A0009181A281B381F60180839183A283B38316
:1068B0004FCF8091D00981110CC0E5EAF7E08BE25F
:1068C00092E0DF019C011D9221503040E1F70D94D0
:1068D000C7218091551582FF03C081E00C94A73237
:1068E00008959091A507992321F081E02091CF0987
:1068F000291380E00895FC01238121110C9401BE2D
:106900000895DF92EF92FF920F931F93CF93DF933F
:10691000EC0110928807109287071092FF131092D3
:1069200001140F94941D84EF96EF90938A0780933F
:10693000890785EF96EF90938C0780938B07809162
:10694000D80381110BC081E08093D80361E080E01F
:106950000F94BA1E65E181E00F94BA1ED88060E002
:10696000D11062E0E98010E0E11018E0162BFA8007
:1069700000E0F11000E281E08093FE1380E6809356
:1069800000141092FF131092011462EA83E294E162
:106990000E944DF76D2D83E294E10E944DF76E2D1C
:1069A00083E294E10E944DF76F2D83E294E10E940F
:1069B0004DF70F94D31D612F602B88E00F94BA1E02
:1069C00088819981482F490F5527551F8A81840F47
:1069D000952F911D21E0833091050CF420E0209348
:1069E000340603976CF055E1C734D50749F0888128
:1069F0009981AA818093471590934815A0934915D2
:106A0000DF91CF911F910F91FF90EF90DF9008954C
:106A10004F925F926F927F928F929F92AF92BF92AE
:106A2000CF92DF92EF92FF92CF93DF9300D000D00E
:106A300000D01F921F92CDB7DEB77C016B01DA0147
:106A40008D919D910D90BC91A02D8C839D83AE83E3
:106A5000BF83BC01CD010F94F036688779878A87A0
:106A60009B87F7014080518062807380C301B2012F
:106A70000F94F0364B015C01D601CD90DD90ED9086
:106A8000FC90A7019601C301B2010F94E4371816D8
:106A90000CF446C0A70196016C817D818E819F8197
:106AA0000F94A02E87FD3FC0C701B6010F94F036AA
:106AB0009B01AC01281939094A095B09AFEFB0E025
:106AC0000F942535288539854A855B85281939092C
:106AD0004A095B090F94063580914106821759F0E7
:106AE000209341068FEF89831A8220952B83CE0154
:106AF00001960E9481342B960FB6F894DEBF0FBE2C
:106B0000CDBFDF91CF91FF90EF90DF90CF90BF90FE
:106B1000AF909F908F907F906F905F904F9008956F
:106B2000C501B401C5CF688579858A859B85C0CFAD
:106B30004F925F926F927F928F929F92AF92BF928D
:106B4000CF92DF92EF92FF920F931F93CF93DF9339
:106B5000EC016091910570919205072E000C880B55
:106B6000990B0F94A72E9B01AC01688179818A81D2
:106B70009B810F9483356B017C016091930570912B
:106B80009405072E000C880B990B0F94A72E9B01E0
:106B9000AC016C817D818E819F810F9483354B0187
:106BA0005C01A70196016091060270910702809135
:106BB0000802909109020F94A02E882309F459C06D
:106BC000C0920602D0920702E0920802F0920902F7
:106BD0002091CF033091D0034091D1035091D20343
:106BE000C701B6010F94062F2B013C010F942637E5
:106BF0006B017C0120E030E0A9010F94A02E87FDFD
:106C000079C020E030E040E450E4C701B6010F94C1
:106C1000E43718162CF4C12CD12CA0E4EA2EFE2C5B
:106C2000A7019601C301B2010F9483352B013C01EA
:106C300020E030E0A9010F94A02E87FD5FC04092B4
:106C4000CB035092CC036092CD037092CE03C70168
:106C5000B6010F94F0366093CA03062E000C770B32
:106C60006F5F7F4F6330710514F063E070E06093F5
:106C7000C903D0910102C091CA03A501940160919A
:106C800002027091030280910402909105020F9418
:106C9000A02E81113CC0DC1393C02091AB03309136
:106CA000AC034091AD035091AE036091CB03709162
:106CB000CC038091CD039091CE030F94062F2091A9
:106CC000AF033091B0034091B1035091B2030F94E0
:106CD0008435DF91CF911F910F91FF90EF90DF905E
:106CE000CF90BF90AF909F908F907F906F905F906C
:106CF0004F900895C12CD12C760192CF1092CB03E6
:106D00001092CC031092CD031092CE03A0CF8092AC
:106D1000020290920302A0920402B0920502209116
:106D2000D3033091D4034091D5035091D603C501CC
:106D3000B4010F94062F4B015C010F9426376B01B1
:106D40007C0120E030E0A9010F94A02E87FDF9C05E
:106D500020E030E040E450E4C701B6010F94E4378E
:106D600018162CF4C12CD12CF0E4EF2EFE2CA70128
:106D70009601C501B4010F9483354B015C0120E0FD
:106D800030E0A9010F94A02E87FDDFC08092C503DB
:106D90009092C603A092C703B092C803C701B60180
:106DA0000F94F0366093C403062E000C770B6F5FD0
:106DB0007F4F6330710514F063E070E06093C303AC
:106DC0000091C403DC1305C080910002801709F410
:106DD0006DC0C093010200930002002E000C110B45
:106DE00024E0C202C0011124FC01E00FF11FEE0FEC
:106DF000FF1FEE0FFF1FE055FA4F208131814281C6
:106E000053812093BF033093C0034093C103509339
:106E1000C203C091C3030C2E000CDD0BFC01EC0F70
:106E2000FD1FEE0FFF1FEE0FFF1FE055FA4F6081B1
:106E30007181828193810F9483356093BB0370933A
:106E4000BC038093BD039093BE038091C90324E0EB
:106E50008202C0011124FC01E00FF11FEE0FFF1FA1
:106E6000EE0FFF1FE055FA4F20813181428153819F
:106E70002093B7033093B8034093B9035093BA03F8
:106E8000C80FD91FCC0FDD1FCC0FDD1FC055DA4F47
:106E9000688179818A819B810F9483356093B303E4
:106EA0007093B4038093B5039093B6038090C503A9
:106EB0009090C603A090C703B090C8032091BB0375
:106EC0003091BC034091BD035091BE03C501B40194
:106ED0000F94062F2091BF033091C0034091C1034E
:106EE0005091C2030F9484356B017C01C092AF03B3
:106EF000D092B003E092B103F092B2032091B303B9
:106F00003091B4034091B5035091B603C501B4016B
:106F10000F94062F2091B7033091B8034091B90325
:106F20005091BA030F948435A70196010F948335CD
:106F30006093AB037093AC038093AD039093AE0367
:106F4000ACCEC12CD12C760112CF1092C503109279
:106F5000C6031092C7031092C80320CFCF93DF93CC
:106F6000CDB7DEB72C970FB6F894DEBF0FBECDBFFE
:106F7000882331F020919A0530919B05232B19F13C
:106F80009091EC0B9817F9F00E94B0C98CE0ECE7F7
:106F9000F2E0DE01119601900D928A95E1F7CE01A3
:106FA00001960E9498358091EC0B8823A9F044EE5D
:106FB0005BE060EE7BE08CED9BE00E94C5C8109228
:106FC000EC0B0E9470DB2C960FB6F894DEBF0FBE60
:106FD000CDBFDF91CF91089581E08093EC0B8CEDD4
:106FE0009BE00E9493C8EDCF9091EC0B81E0892744
:106FF0000C94AE3780E00E94AE3710929D0510923F
:107000009C0510929B0510929A051092940510927F
:1070100093051092920510929105E0EBF5E080E067
:1070200090E0A0ECBFE780839183A283B383848345
:107030009583A683B78380879187A287B387848748
:107040009587A687B787709625E0E03FF20759F746
:107050000895CF92DF92EF92FF920F931F93CF93F9
:10706000DF93CDB7DEB72C970FB6F894DEBF0FBE17
:10707000CDBF6B017C01142FAC019B016091150603
:107080007091160680911706909118060F94A02E05
:10709000882309F494C00091EC0B80E00E94AE3785
:1070A00020E030E0A901C701B6010F94E4371816BB
:1070B0001CF0C12CD12C7601C0921506D092160678
:1070C000E0921706F09218062DEB37E346E855EBF1
:1070D000C701B6010F94E43787FD0BC02DEB37E3F2
:1070E00046E855E3C701B6010F94A02E18160CF020
:1070F00062C0A701960160E070E080E89FE30F9412
:107100007E3660930D0670930E0680930F06909363
:10711000100680EF9FEFA9E7B4EC809311069093DF
:107120001206A0931306B0931406002309F447C077
:107130008091DC0B9091DD0BA091DE0BB091DF0B09
:1071400089839A83AB83BC838091E00B9091E10BA0
:10715000A091E20BB091E30B8D839E83AF83B88740
:107160008091E40B9091E50BA091E60BB091E70BB9
:1071700089879A87AB87BC8781E00E94AE3711234D
:10718000F1F04CE050E06CED7BE0CE0101960F9405
:107190009E38892BA1F02C960FB6F894DEBF0FBE57
:1071A000CDBFDF91CF911F910F91FF90EF90DF90B6
:1071B000CF900C9498E860E070E0CB01A2CF2C96C1
:1071C0000FB6F894DEBF0FBECDBFDF91CF911F91F8
:1071D0000F91FF90EF90DF90CF9008956091490557
:1071E00070914A0580914B0590914C0541E00C94BB
:1071F0002938CF92DF92EF92FF9260919A057091B9
:107200009B05072E000C880B990B0F94A72E6B0182
:107210007C012DEB37E346E855EB0F94E43787FD0F
:107220000BC02DEB37E346E855E3C701B6010F94D9
:10723000A02E18160CF043C0A701960160E070E084
:1072400080E89FE30F947E366093CF037093D00362
:107250008093D1039093D20360919C0570919D051A
:10726000072E000C880B990B0F94A72E6B017C0145
:107270002DEB37E346E855EB0F94E43787FD0AC062
:107280002DEB37E346E855E3C701B6010F94A02E76
:107290001816CCF4A701960160E070E080E89FE347
:1072A0000F947E366093D3037093D4038093D503F9
:1072B0009093D603FF90EF90DF90CF90089560E019
:1072C00070E0CB01C1CF60E070E0CB01EBCFCF929B
:1072D000DF92EF92FF926B017C0183E3C816D10429
:1072E000E104F10470F082E3C81AD108E108F10862
:1072F00062E370E080E090E00F94E6170E94FCC328
:10730000ECCFC701B6010F94E617FF90EF90DF9026
:10731000CF900C94FCC3CF9380916F00C82FC270A4
:1073200081FF05C080916F008D7F80936F008091F9
:10733000C6148093C5148093C4148093C31484E648
:107340008093C2140E945ACD88EE93E090938C11E2
:1073500080938B11CC2329F080916F008260809301
:107360006F0081E0809333060E94B0C98EEF0E94C7
:10737000E3DACF910C9470DB1092150C1092630B32
:107380000895DC01EC918E2F90E0FC01EE0FFF1FC1
:10739000E80FF91FEE5AFB4E80818F7B80830895A2
:1073A000009781F41092900082E0809391001092F7
:1073B000950010929400C19A809171008260809330
:1073C000710008958130910569F41092A00082E067
:1073D0008093A1001092A5001092A40089BB809315
:1073E00072000895029761F41092200182E0809368
:1073F000210110922501109224018ABB8093730011
:1074000008957F928F929F92AF92BF92CF92DF9218
:10741000EF92FF920F931F93CF93DF93EC017B01C9
:107420008881843208F0C4C090E0FC01EE0FFF1F99
:10743000E80FF91FEE5AFB4E808161E08F730F94C5
:10744000571619821A8288812CE0622F0F944735D3
:10745000829FB001112430E020E0AB01420F531FA6
:10746000FA01EE0FFF1FE40FF51FEE5AFB4E90815D
:1074700096FD08C02F5F3F4F2C30310571F790E02B
:107480000E94D0397880072D10E06801CC0CDD1CFB
:10749000F601E00FF11FEE5AFB4E8081806480837D
:1074A00077FC86C080E2E81682E0F8060CF03FC068
:1074B0008A8128E532E0281B310987FD3395220FA8
:1074C000331F220F331F032E000C440B550B8981F1
:1074D00078E8872E912C881A910887FD9394880C60
:1074E000991C880C991C092C000CAA08BB0860E0A8
:1074F00070E0CB01F7FC0AC0B701653B710514F0E1
:1075000064EB70E0072E000C880B990B28193909E1
:107510004A095B090F94D43424EB30E040E050E09A
:107520000F940635820E931EA41EB51E740183E2CD
:107530008715D8F0298188E890E0821B910927FD02
:107540009395880F991F880F991FE816F90604F57F
:1075500002972FB7F894E601C00FD11FCE5ADB4E29
:10756000880F991F9A8389832FBF62E370E080E0C0
:1075700090E0DF91CF911F910F91FF90EF90DF90FE
:10758000CF90BF90AF909F908F907F900C94673971
:107590002A8188E592E0821B910927FD9395880F47
:1075A000991F880F991FE816F90694F6C701D0CFE6
:1075B000DF91CF911F910F91FF90EF90DF90CF90CF
:1075C000BF90AF909F908F907F900895CF93DF935F
:1075D000EB01682F70E08FEB94E10E94013A688123
:1075E00079818A819B81643F21E072078105910541
:1075F00020F464EF71E080E090E00E94673989B187
:1076000083FB882780F9DF91CF9108958F929F9215
:10761000AF92BF92CF92DF92EF92FF92CF93DF9320
:1076200000D01F92CDB7DEB7B82E84EF91E0A0E076
:10763000B0E089839A83AB83BC83BE016F5F7F4FC9
:1076400080EA0E94E63A9EEEC92E92E0D92EE12C05
:10765000F12CC982DA82EB82FC82BE016F5F7F4F20
:107660008AE50E94E63A8091900581113CC0BB20DA
:10767000D1F1C982DA82EB82FC82BE016F5F7F4F5B
:107680008AE00E94E63A86E9882E912CA12CB12C42
:1076900089829A82AB82BC82BE016F5F7F4F8CE889
:1076A0000E94E63A89829A82AB82BC82BE016F5FF9
:1076B0007F4F82E80E94E63A89829A82AB82BC823E
:1076C000BE016F5F7F4F8CE80E94E63AC982DA8282
:1076D000EB82FC82BE016F5F7F4F8AE50E94E63A33
:1076E00081E0809390050F900F900F900F90DF91A5
:1076F000CF91FF90EF90DF90CF90BF90AF909F9091
:107700008F9008951F920F920FB60F9211240BB60F
:107710000F922F933F934F935F936F937F938F932A
:107720009F93AF93BF93EF93FF9348E251E064E2DE
:1077300071E082E090E00E946827FF91EF91BF9195
:10774000AF919F918F917F916F915F914F913F91F9
:107750002F910F900BBE0F900FBE0F901F9018959A
:107760001F920F920FB60F9211240BB60F922F9308
:107770003F934F935F936F937F938F939F93AF93B9
:10778000BF93EF93FF9348EA50E064EA70E081E032
:1077900090E00E946827FF91EF91BF91AF919F9178
:1077A0008F917F916F915F914F913F912F910F90AA
:1077B0000BBE0F900FBE0F901F9018951F920F9247
:1077C0000FB60F9211240BB60F922F933F934F9346
:1077D0005F936F937F938F939F93AF93BF93EF9339
:1077E000FF9348E950E064E970E090E080E00E9497
:1077F0006827FF91EF91BF91AF919F918F917F91FA
:107800006F915F914F913F912F910F900BBE0F9011
:107810000FBE0F901F9018958F929F92AF92BF92BC
:10782000CF92DF92EF92FF920F93CF93DF931F924D
:10783000CDB7DEB75C017B0149016B01C40ED51EDB
:10784000F501808191810F94BE348983002311F06A
:10785000F7018083BE016F5F7F4FC4010E94BBF8B8
:10786000F50180819181019691838083FFEFEF1A6A
:10787000FF0AEC14FD0421F780E00F90DF91CF9117
:107880000F91FF90EF90DF90CF90BF90AF909F90BF
:107890008F9008959091C00095FFFCCF8093C60013
:1078A0000895CF93DF93EC01FE0184912196882304
:1078B00019F00E944A3CF8CFDF91CF910895E091F2
:1078C000600BF0E0ED5BFA4E8081882339F089EBA4
:1078D0009FE00E94513C8AE00C944A3C08950F932B
:1078E0001F93CF93DF938B010E94513CE801899154
:1078F000882319F00E944A3CFACFDF91CF911F9163
:107900000F91089588EF96E00C94513C3F924F926E
:107910005F926F927F928F929F92AF92BF92CF921F
:10792000DF92EF92FF920F931F93CF93DF9300D0DC
:10793000CDB7DEB78091551582FF22C18091620BD1
:10794000811102C010920D05EE24E394409151156F
:1079500050915215609153157091541580914D15A9
:1079600090914E15A0914F15B09150154817590799
:107970006A077B0708F4E12C10E000E0AA24A39436
:1079800080E6982E88248A9491EFC92E90E1D92E12
:1079900029E6322E8091620B843008F0F1C0E110AC
:1079A000EFC0E0900D05E110EBC08091BE16909104
:1079B000BF16A091C016B091C11680935115909337
:1079C0005215A0935315B093541541E050E0BE01F9
:1079D0006F5F7F4F86EB96E10E941BBB0197D9F545
:1079E000898190E0F82E409051155090521560908A
:1079F00053157090541540914D1550914E1560914E
:107A00004F1570915015BB24B39444165506660665
:107A1000770608F4B12C4416550666067706F0F48E
:107A2000019609F469C08AE0F81609F46BC02DE0EC
:107A3000F21609F467C083E2F81619F02AE3F2128D
:107A40007AC080910C05811176C023E2F2125AC0EF
:107A5000A0920D0557C08FEF9FEFC4CF0E94B0C911
:107A600086EB96E10E9401BE80914C15882371F14E
:107A7000815080934C15839DC001112441E061E049
:107A8000855E984F0F941222E0914C1584E0E89F98
:107A9000F0011124E95EF84F608171818281938148
:107AA0000E94E8260F94BD208091551582FD62C08A
:107AB00084E091E10E94513C19828A821B82CE01AE
:107AC00001960E948134A0920B05BFCF0F94AC2089
:107AD0000F94C7210E942ECB0E94F6C70E94968267
:107AE0006D3371058105910520F0D092DF09C092B8
:107AF000DE090E94F99AD8CF0E94823C85EF90E17E
:107B00000E94513C10920C050115110531F40E94A0
:107B1000FCC3EB2C10E000E03DCF8091DD09989E86
:107B2000000D111D1124F801E052F64F108280E083
:107B30000E94ED22EECF0F35110508F02BCF8BE31D
:107B4000F81203C0A0920C0525CF80910C0581117D
:107B500021CF8091DD09F801989EE00DF11D1124DF
:107B6000E052F64FF082E12C0F5F1F4F13CF1092BF
:107B70000C05CDCF23E2F212FACF10E000E068CF7F
:107B80000F900F900F90DF91CF911F910F91FF9069
:107B9000EF90DF90CF90BF90AF909F908F907F90AD
:107BA0006F905F904F903F90089582EF96E00C9415
:107BB000513C90918D1193FD0FC09091260C911125
:107BC0000BC0409114145091151420917302309100
:107BD0007402421753074CF040E0682F8BE00E947C
:107BE0004C9F61E080E00C94FDE60E94D53D8CE85E
:107BF00097E00E94513C80E008950E944AC00E9494
:107C0000F6C780915002882399F00E94823C8BE74E
:107C100096E00E94513C60E081E796E00E94AD9AB8
:107C20006EE571E080E090E00E94673910925002AA
:107C30000895CF92DF92EF92FF921F93CF93DF933D
:107C400000D01F92CDB7DEB78EEEC82E82E0D82EC0
:107C5000E12CF12CC982DA82EB82FC82BE016F5FDB
:107C60007F4F8AE50E94E63A81110EC010E0812F15
:107C70000F900F900F900F90DF91CF911F91FF9079
:107C8000EF90DF90CF90089584EF91E0A0E0B0E016
:107C900089839A83AB83BC83BE016F5F7F4F80EA89
:107CA0000E94E63AC982DA82EB82FC82BE016F5FF3
:107CB0007F4F8AE50E94E63A182F8823B9F20E9486
:107CC000823C82E597E00E94513C0E94FD3DCFCF6F
:107CD000CF92DF92EF92FF92CF93DF9300D01F926B
:107CE000CDB7DEB78EEEC82E82E0D82EE12CF12C77
:107CF000C982DA82EB82FC82BE016F5F7F4F8AE02D
:107D00000E94E63A81110DC0F12C8F2D0F900F903B
:107D10000F900F90DF91CF91FF90EF90DF90CF9079
:107D2000089584EF91E0A0E0B0E089839A83AB836B
:107D3000BC83BE016F5F7F4F80EA0E94E63AC98232
:107D4000DA82EB82FC82BE016F5F7F4F8AE50E9480
:107D5000E63AC982DA82EB82FC82BE016F5F7F4F16
:107D60008AE00E94E63AC982DA82EB82FC82BE0196
:107D70006F5F7F4F8AE50E94E63AC982DA82EB8222
:107D8000FC82BE016F5F7F4F8AE00E94E63AF82EC8
:107D9000882309F4B9CF0E94823C88E197E00E94D1
:107DA000513C0E94FD3DB1CF1F93CF93DF93EC0177
:107DB0000E944AC00E94823C81E596E00E94513CAC
:107DC000209711F4C8E4D6E00E94589E61E0CE01ED
:107DD0000E94AD9A0E946A29C0910A15C695C6955F
:107DE00080914215811105C081E0809342150F9466
:107DF0002D1980910B1590910C150F940619DC2FFD
:107E0000DD0F1D2F1C0F83E00E949C2B109240154C
:107E1000C093411587EE93E10E94562D10924015B4
:107E2000D093411589E396E00E94732C109240157F
:107E3000109341158CE296E00E94732C89E095E145
:107E40000F94A91B8111DFCF89EE93E030E60197F3
:107E500029F0232F2A950000E9F7F9CFF89489EE4D
:107E600093E038EE019729F0232F2A950000E9F7D7
:107E7000F9CF0E944AC08091060182FD02C0A895F8
:107E8000FACF8091060182FF02C0A895FACFF0E0F8
:107E9000E0E0DF91CF911F9119947F928F929F9292
:107EA000AF92BF92CF92DF92EF92FF920F931F9308
:107EB000CF93DF931F92CDB7DEB77C0159018B01C1
:107EC0006B01C40ED51E0C151D05C9F1F70180808C
:107ED0009180F80171908F017982C4010F94BE34B2
:107EE000781601F1672DC4010F94C634C4010F94B4
:107EF000BE3499818917B1F00E94D53D8FE595E098
:107F00000E94513C81E00F90DF91CF911F910F9122
:107F1000FF90EF90DF90CF90BF90AF909F908F90A9
:107F20007F900895BE016F5F7F4FC5010E94BBF82F
:107F3000F70180819181019691838083C4CF80E095
:107F4000E2CFCF92DF92EF92FF920F931F93CF93E6
:107F5000DF93CDB7DEB7A0970FB6F894DEBF0FBEA4
:107F6000CDBF611571058105910579F100E0C42E41
:107F7000D12CF12CE12CA70196010F94E43411E0EF
:107F8000100FE1E0F0E0EC0FFD1FE00FF11D07FD29
:107F9000FA956083B901CA01012F61157105810548
:107FA000910549F7115010F1E1E0F0E0EC0FFD1FF1
:107FB000E10FF11D17FDFA95908187E39A3008F4DF
:107FC00080E3890F0E944A3CEDCF80E3A0960FB674
:107FD000F894DEBF0FBECDBFDF91CF911F910F91FF
:107FE000FF90EF90DF90CF900C944A3CA0960FB694
:107FF000F894DEBF0FBECDBFDF91CF911F910F91DF
:10800000FF90EF90DF90CF900895CF92DF92EF92A4
:10801000FF926A017B010E94513C4AE0C701B60110
:10802000FF90EF90DF90CF900C94A13FCF93DF9320
:10803000EB010E94513CBE0190E080E04AE0DF91FC
:10804000CF910C94A13FCF92DF92EF92FF926B0100
:108050007C01F7FE0BC08DE20E944A3CF094E09454
:10806000D094C094C11CD11CE11CF11C4AE0C70192
:10807000B601FF90EF90DF90CF900C94A13FCF938B
:10808000DF93EB010E94513CBE01DD0F880B990B81
:10809000DF91CF910C942340CF9384E50E94453229
:1080A000C0E08823F9F00E940627C82F1816D4F4E0
:1080B0000E94D53D8DE40E944A3C6091210470915C
:1080C0002204072E000C880B990B0E9423406C2F72
:1080D000CC0F770B84E999E00E943F408AE00E9430
:1080E0004A3CCFEF8C2FCF9108958F929F92AF9201
:1080F000BF92CF92DF92EF92FF92CF936B017C0100
:10810000B42E20E030E0A9010F94A02E87FF07C015
:108110008DE20E944A3CF7FAF094F7F8F094C0E040
:1081200060E070E080E09FE3CB1541F02DEC3CEC8B
:108130004CEC5DE30F94062FCF5FF6CF9B01AC01B3
:10814000C701B6010F9484356B017C010F94F7369B
:108150004B015C014AE00E94A13FCC2391F1C50193
:10816000B4010F94A52E9B01AC01C701B6010F9479
:1081700083356B017C018EE20E944A3CC15008F1BC
:1081800020E030E040E251E4C701B6010F94062F31
:108190004B015C010F94F0366B01770FEE08FF087E
:1081A000C701B6010E942340C701B6010F94A72E54
:1081B0009B01AC01C501B4010F9483356B017C01B7
:1081C000DDCFCF91FF90EF90DF90CF90BF90AF9039
:1081D0009F908F9008957F928F929F92AF92BF92BF
:1081E000CF92DF92EF92FF920F931F93CF93DF9383
:1081F0008FEF96E00E94513CC12CD12C7601C7E054
:10820000C15021F080E20E944A3CFACFC701B6017A
:108210000E9423408FEFC81AD80AE80AF80AE4E05F
:10822000CE16D104E104F10451F78AE00E944A3CE1
:10823000C0EBD5E0C12CD12C760180E20E944A3CF3
:10824000C701B6010E9423408E0184E0782E80E2AF
:108250000E944A3CF80180809180A280B380A501F1
:108260009401C501B4010F9476388823B9F180E2F6
:108270000E944A3C8DE30E944A3C8DE30E944A3CA6
:108280008DE30E944A3C8DE30E944A3C8DE30E94AC
:108290004A3C7A94005F1F4F7110D9CF8AE00E9448
:1082A0004A3CFFEFCF1ADF0AEF0AFF0A249684E068
:1082B000C816D104E104F10409F0BFCF8AE0DF91D0
:1082C000CF911F910F91FF90EF90DF90CF90BF90D3
:1082D000AF909F908F907F900C944A3C20E030E0CC
:1082E000A901C501B4010F94E43787FD03C08BE2F7
:1082F0000E944A3C43E0C501B4010E947540C9CFC9
:10830000CF92DF92EF92FF926A017B010E94513C73
:1083100042E0C701B601FF90EF90DF90CF900C9440
:1083200075402F923F924F925F926F927F928F9201
:108330009F92AF92BF92CF92DF92EF92FF920F93F4
:108340001F93CF93DF93CDB7DEB7C255D1090FB6D8
:10835000F894DEBF0FBECDBF70E060E085E40E9400
:1083600077328823F1F085E093E10E94513CCE5AA8
:10837000DF4F0FB6F894DEBF0FBECDBFDF91CF91B8
:108380001F910F91FF90EF90DF90CF90BF90AF9033
:108390009F908F907F906F905F904F903F902F9025
:1083A000089565E070E083E40E947732B82E60E0C3
:1083B00085E50E9492322F968FAF2F9740E050E0D4
:1083C00066E173E483E50E9452320F94F036072E83
:1083D000000C880B990B0F94A72E69877A878B87DF
:1083E0009C871D821E821F8218860F9419186F8F1A
:1083F00078A389A39AA309851A852B853C8509AFA3
:108400001AAF2BAF3CAF60916402709165026F5060
:108410007109072E000C880B990B0F94A72E9B0156
:10842000AC0169AD7AAD8BAD9CAD0F94E4371816F5
:108430001CF48AED92E199CF2F8D38A149A15AA160
:10844000205C33464F4F5F4F2B962CAF3DAF4EAF66
:108450005FAF2B9786EC92E10E94513C0E944AC08C
:108460008FE78093161481E0809366028091101448
:1084700090911114A0911214B091131489839A83CE
:10848000AB83BC83109241060E940BC72E966DAF42
:108490007EAF8FAF2E978F8D98A1A9A1BAA189AB7E
:1084A0009AABABABBCAB22968CAF9DAFAEAFBFAFC0
:1084B00022971DA61EA61FA618AA19A61AA61BA6B5
:1084C0001CA61B8A1C8A1D8A1E8A62961FAE629792
:1084D00000E40B8F1CE11BA306E463960FAF6397C8
:1084E0001CA21DA21EA21FA223961FAE2397279691
:1084F0001CAE1DAE1EAE1FAE27972FE730E040E04A
:1085000050E02F8B388F498F5A8FFFE74F2E512C19
:10851000612C712C1DAA1EAA1FAA18AE01E008A783
:10852000312C212C0B2DBB0C110B61961FAF0EAF04
:10853000619780916602882309F4F1C10F9419189C
:108540006B017C01109140061DAF112309F4D1C1CC
:108550000E9415C18090101490901114A0901214D4
:10856000B0901314C401D5018D839E83AF83B88767
:108570002CA13DA14EA15FA1B401C5010F94E43728
:10858000181624F48CA29DA2AEA2BFA262962FADB3
:1085900062973B8D4BA163965FAD6397B401C501B4
:1085A0000F94A02E87FF08C062968FAE62979B8EB5
:1085B000ABA26396BFAE6397AE01475F5F4FBE014C
:1085C0006B5F7F4FCE0101960E94083508A50023FE
:1085D000E1F189849A84AB84BC842D813E814F81F2
:1085E0005885B401C5010F94A02E87FF82C1B70141
:1085F000A60189A99AA9ABA9BCA9481B590B6A0B6A
:108600007B0BDB01CA0188589341A109B109B7FD71
:1086100070C1D301C2010F89188D298D3A8D801B3D
:10862000910BA20BB30BB595A79597958795809362
:1086300016144DAB5EAB6FAB78AF8CA29DA2AEA211
:10864000BFA2CF8ED8A2E9A2FAA22D813E814F818E
:10865000588569857A858B859C850F94E437181633
:1086600014F018A646C1D701C6012F8D38A149A123
:108670005AA1821B930BA40BB50BAC01BD0148584A
:1086800053416109710977FDECCF2114310409F4DC
:108690000DC18DA89EA8AFA8B8AC880E991EAA1EC1
:1086A000BB1E2DA93EA94FA958AD281B390B4A0B5B
:1086B0005B0B6F89788D898D9A8D0F94D434A501C9
:1086C00094010F940635DA01C901840D951DA61D8C
:1086D000B71D84319105A105B1050CF42DC12C0104
:1086E0003D013CEE43165104610471042CF05BEE35
:1086F000452E512C612C712C80389105A105B105B6
:108700000CF428C18EEF90E0A0E0B0E08419950948
:10871000A609B7098F8B988FA98FBA8F8EEB92E13C
:108720000E94513CC301B2010E94234089EB92E1B7
:108730000E94513C6F89788D898D9A8D0E942340CB
:1087400062964FAD62975B8D6BA163967FAD639729
:1087500082EB92E10E9480414CA15DA16EA17FA1BC
:108760008BEA92E10E94804113E0211631040CF45F
:108770009DC06F89788D898D9A8D0F94A72E20E0EA
:1087800030E040E850E40F94062F6B8B7C8B8D8B90
:108790009E8B62962FAD62973B8D4BA163965FAD2A
:1087A00063976CA17DA18EA19FA10F9483352BEDC2
:1087B0003FE049E450E40F94062F20E030E040E031
:1087C0005FE30F94062F9B01AC016B897C898D8937
:1087D0009E890F947E366B8F7C8F8D8F9E8FC50107
:1087E000B4010F94A72E2FE632E143E85AE30F9429
:1087F000062F4B015C012AE939E949E15FE36B8D02
:108800007C8D8D8D9E8D0F94062F6B8B7C8B8D8B2D
:108810009E8B9B01AC01C501B4010F94062F20E093
:1088200030E040E05EE30F94062F6DA77EA78FA790
:1088300098AB2B893C894D895E89CA01B9010F9497
:108840008435A50194010F947E3669A77AA78BA77A
:108850009CA74B8D5C8D6D8D7E8D85EA92E10E948B
:108860008041B501A4018FE992E10E9480418FE827
:1088700092E10E94513C4B895C896D897E8989E82F
:1088800092E10E94804149A55AA56BA57CA583E889
:1088900092E10E9480414DA55EA56FA578A98DE764
:1088A00092E10E9480418AE00E944A3C8F89988D23
:1088B000A98DBA8D840D951DA61DB71DB595A795DB
:1088C00097958795809316142FEF221A320A0985FF
:1088D00062960FAF62971A851B8F0B850BA31C85C1
:1088E00063961FAF6397C9AADAAAEBAAFCAA0DADDB
:1088F00008A720E030E040EA51E469857A858B855D
:108900009C850F9484352D813E814F8158850F942D
:10891000A02E87FF24C082E592E10E94513C0E9474
:108920004AC02E960DAD1EAD2FAD2E97088B198B1C
:108930002A8BCE01409640C144E1442E512C612C3B
:10894000712C04E110E020E030E00F8B188F298FAC
:108950003A8FE4CE4F8A588E698E7A8EDFCED70159
:10896000C60122962CAD3DAD4EAD5FAD2297821B68
:10897000930BA40BB50BB7FD56C080E00E948EE6AA
:108980008AE00E944A3CD701C6018053984FAF4FFE
:10899000BF4F22968CAF9DAFAEAFBFAF229723964D
:1089A0000FAD2397011173C08D809E80AF80B88476
:1089B00027962CAD3DAD4EAD5FAD2797C501B401F7
:1089C0000F94E43718160CF04CC020E030E040E083
:1089D00050E4C501B4010F94843527966CAF7DAF88
:1089E0008EAF9FAF2797A7019601205C33464F4F6C
:1089F0005F4F2B962CAF3DAF4EAF5FAF2B9720E074
:108A000030E040EC50E469AD7AAD8BAD9CAD0F9495
:108A10008335A50194010F94A02E881F8827881FF5
:108A200023968FAF2397D701C601880F991FAA1FDE
:108A3000BB1F4F8D58A169A17AA109A91AA92BA919
:108A40003CA9400F511F621F731F841B950BA60B7F
:108A5000B70B81389F44A241B10588F180EF91E1C5
:108A60005CCFD701C6012B960CAD1DAD2EAD3FAD31
:108A70002B97801B910BA20BB30B41E352E163E4F4
:108A800072E1B7FDD0CF80E00E9431C1CCCF20E0B1
:108A900030E040EA51E469857A858B859C850F94A6
:108AA00083352D813E814F8158850F94E437181608
:108AB0000CF0B9CF4EE052E161E272E1E4CF619691
:108AC0000EAD1FAD6197021513050CF078C013E0D1
:108AD000211631040CF473C083E991E10E94513CEA
:108AE00086E791E10E94513C4B895C896D897E89C2
:108AF0008FE891E10E9480418AE00E944A3C86E72B
:108B000091E10E94513C49A55AA56BA57CA58BE833
:108B100091E10E9480418AE00E944A3C86E791E10F
:108B20000E94513C4DA55EA56FA578A987E891E10B
:108B30000E9480418AE00E944A3C2F960FAD2F97F9
:108B4000002381F12B893C894D895E89209317147C
:108B5000309318144093191450931A142CEA35ECDE
:108B600047E25EE369A57AA58BA59CA50F94062F25
:108B700060931B1470931C1480931D1490931E1407
:108B80002CEA35EC47E25EE36DA57EA58FA598A99A
:108B90000F947E3660931F147093201480932114D9
:108BA000909322142E968DAD9EADAFAD2E978D87EE
:108BB0009E87AF87CE010D960E948134D8CB0E944C
:108BC000729BB7CC8DE00E944A3C8AE00C944A3CF0
:108BD000E4E2F4E0808181838CEB9FE00E94513CD1
:108BE0006091E3137091E4138091E5139091E61383
:108BF0006F5F7F4F8F4F9F4F0E9423400E94E2453F
:108C00000C945F3C0F931F93CF938C01C62F8EE87B
:108C10009FE00E94513CC8010E94513C8AE30E949F
:108C20004A3C6C2F70E090E080E00E942340CF919E
:108C30001F910F910C94E2452F923F924F925F92B9
:108C40006F927F928F929F92AF92BF92CF92DF925C
:108C5000EF92FF920F931F93CF93DF93CDB7DEB7C1
:108C600062970FB6F894DEBF0FBECDBF83E50E94BA
:108C7000FC311091EC0B882341F00E941A27182F29
:108C8000811103C080E00E94AE378091DC0B90918F
:108C9000DD0BA091DE0BB091DF0B89839A83AB8350
:108CA000BC838091E00B9091E10BA091E20BB0911D
:108CB000E30B8D839E83AF83B8878091E40B909103
:108CC000E50BA091E60BB091E70B89879A87AB87FC
:108CD000BC8786E50E94FC31682E80919A059091B0
:108CE0009B05892B09F4AAC083E40E94FC318823E8
:108CF00009F40FC10E94D2311B012C01712CA12C4F
:108D000088EC898B92EC9A8BB12CC12CE8ECEF8724
:108D1000F2E4F88B84E08D879D8591509D879F3F7D
:108D2000C9F1E4E0EE87F4E09F9F400111248E85B5
:108D300081508E878F3F81F3F401E80FF11DEE0F14
:108D4000FF1FEE0FFF1FE055FA4FD080E180F28049
:108D500003812B2D3C2D4F8558896D2D7E2D8F2D18
:108D6000902F0F94A02E87FF04C0BD2CCE2CFF8621
:108D7000088B272D3A2D49895A896D2D7E2D8F2DEF
:108D8000902F0F94E437181694F67D2CAE2CF98AA8
:108D90000A8BCDCF272D3A2D49895A896B2D7C2DF1
:108DA0008F8598890F94843520E030E040E05FE3C0
:108DB0000F94062FA20191010F9484351B012C0101
:108DC0002DEB37E346E855EB0F94E43787FD0BC0F6
:108DD0002DEB37E346E855E3C201B1010F94A02E15
:108DE00018160CF096C080E00E94AE3794E0D92EA1
:108DF000DA94EFEFDE1609F48CC004E0F4E0DF9EB5
:108E0000500111240150A0F37501E00EF11CEE0C8D
:108E1000FF1CEE0CFF1CC70180559A4F7C01A2017C
:108E20009101FC0160817181828193810F9483356E
:108E3000F7016083718382839383E4CF111103C0B0
:108E4000662009F470C00E94D53D8CED97E00E9429
:108E5000513C112351F08091EC0B811106C00E940E
:108E6000823C8DEB97E00E94513C0E94D53D8FEAF9
:108E700097E00E94513C8091EC0B811162C080E62A
:108E80009FE00E94513C8AE00E944A3C0E94D53DEE
:108E900082EA97E00E94513CC0901506D0901606D9
:108EA000E0901706F090180620E030E0A901C70115
:108EB000B6010F94E43718160CF046C042E0C70123
:108EC000B6010E9475400E94E2454CE050E06CED16
:108ED0007BE0CE0101960F949E38892BD1F16296EA
:108EE0000FB6F894DEBF0FBECDBFDF91CF911F91BB
:108EF0000F91FF90EF90DF90CF90BF90AF909F9039
:108F00008F907F906F905F904F903F902F900C9438
:108F100098E8662041F080919A0590919B05892BF5
:108F200011F00E94EB408AE50E94FC31882329F071
:108F30000E94D23140E00E942938812F0E94AE3732
:108F400088CF84E69FE09DCF8DE997E00E94513C59
:108F5000BCCF62960FB6F894DEBF0FBECDBFDF91D7
:108F6000CF911F910F91FF90EF90DF90CF90BF9026
:108F7000AF909F908F907F906F905F904F903F90B9
:108F80002F900895CF93DF93EC018991882319F0F6
:108F90000E944A3CFACFDF91CF910C94E245809138
:108FA0002404909125042FEF3FEF981751F0E92FFB
:108FB000F0E0EC5DFB4F228130E09F5F9F77909364
:108FC0002504C9010895CF92DF92EF92FF920F938B
:108FD0001F93CF93DF9300E68091620B843008F0FB
:108FE0004CC18091240490912504891B8F7709F44A
:108FF00044C10E94CF47AC0197FDEECF2091E11311
:109000003091E2138A3019F08D3009F003C11092CB
:109010000A052115310519F40E94FCC3DDCF265540
:109020003B4FF90110821092E2131092E113CAEA49
:10903000D4E0FE018191803209F443C08E3409F0FE
:10904000D5C06CEE70E1CE010F941D2E7C01892BF2
:1090500041F06EE470E0CE0104960F94D238009790
:1090600009F4CE014AE050E070E060E001960F9410
:109070009F2BAB01BC014093A6045093A7046093BF
:10908000A8047093A9048091E3139091E413A09134
:10909000E513B091E6130196A11DB11D48175907BC
:1090A0006A077B0781F0EF2871F489EB90E1DF918B
:1090B000CF911F910F91FF90EF90DF90CF900C9484
:1090C0001AFBEF01B6CF6AE270E0CE010F940A39C5
:1090D0009C01009701F1982F9C1B10E0992339F017
:1090E0009150FE01E90FF11D80811827F7CF4AE06A
:1090F00050E070E060E0C90101960F949F2BC12EF3
:10910000D12CF12CE12C6C157D058E059F0531F0DD
:109110008AE990E1CCCF80E790E1C9CF8091A604A5
:109120009091A704A091A804B091A9048093E3139F
:109130009093E413A093E513B093E613809150024B
:1091400081111CC067E470E0CE010F94D238009703
:10915000A9F04AE050E070E060E001960F949F2B88
:10916000643071058105910548F48FEC9FE00E9401
:10917000513C60E085EC9FE00E94AD9A6FE573E0A2
:10918000CE010F94DD38892B21F4109266021092E3
:10919000520564E673E0CE010F94DD38892B21F48B
:1091A00090E080E00E94D43E69E673E0CE010F9427
:1091B000DD38892B11F40E948B398091AA048B33FE
:1091C00009F40ACF8091620B843008F005CF8091BA
:1091D000DD09809FC00111246AEA74E08052964F35
:1091E0000F94E63881E00E94ED22F6CE809155156D
:1091F00080FFA4CF61E571E4CE010F941D2E00978E
:1092000031F0FC01838180538A3008F097CF86E4E7
:1092100090E14DCF2F3531050CF0DECE8C35C1F409
:109220000E94CF4797FDD8CE20910A052111D4CEB8
:109230002091E1133091E213A9014F5F5F4F5093EA
:10924000E2134093E11326553B4FF9018083C4CECE
:109250008B3321F481E080930A05BECE80910A050C
:109260008111BACEC90101969093E2138093E11364
:1092700026553B4FF9014083AFCEDF91CF911F912F
:109280000F91FF90EF90DF90CF9008952F923F9233
:109290004F925F926F927F928F929F92AF92BF9206
:1092A000CF92DF92EF92FF920F931F93CF93DF93B2
:1092B00000D000D01F92CDB7DEB789830E94729B89
:1092C0000F9419186B017C0100910A020A83002394
:1092D000F1F08091FF038823D1F0409194035091E5
:1092E0009503609196037091970397018601041B83
:1092F000150B260B370BB901A80177FD1BC0833076
:1093000009F4CFC00CF0BEC081300CF0C3C01A818C
:10931000212F30E0A8EEB3E00F943835C60ED71EEB
:10932000E81EF91EC0929403D0929503E092960332
:10933000F09297038091620B843020F40E94E347FF
:109340000E94863C0F9419186B017C018091F703F1
:109350009091F803A091F903B091FA030097A10549
:10936000B10539F14091D20B5091D30B6091D40BE0
:109370007091D50B840F951FA61FB71FA7019601EB
:10938000281B390B4A0B5B0BDA01C901B7FD11C071
:109390000E94823C6091DA0B7091DB0B82EF95E0CA
:1093A0000E946F3C8AE00E944A3C90E080E00E946C
:1093B000D43E80910B0290910C02A0910D02B091CD
:1093C0000E020097A105B10589F03091C5142091D6
:1093D000C614321709F46AC00F9419186093D20B9F
:1093E0007093D30B8093D40B9093D50B20910601EF
:1093F0008091A0039091A10322FD98C001969093C3
:10940000A1038093A0038091A0039091A1038E3EBD
:10941000924054F00E94823C82ED95E00E94513CC3
:1094200090E080E00E94D43E80919C0390919D0347
:10943000A0919E03B0919F0397018601081B190B11
:109440002A0B3B0BD901C801B7FD88C19091C51407
:109450008091C6146091150C981709F46DC0E091C5
:10946000C61416E5E19FF0011124E458F34F608122
:109470008091C6149091C514981709F45DC08F5F50
:109480008F70F8CF843009F042CF0E94D53D81E93A
:1094900095E004C00E94D53D80EC95E00E94513CCF
:1094A00036CF0E94D53D89EA95E0F8CF2091160786
:1094B000211139C00981011136C04091D20B509160
:1094C000D30B6091D40B7091D50B840F951FA61F01
:1094D000B71FA7019601281B390B4A0B5B0BDA015A
:1094E000C901B7FD20C08091A20381117FCF81E027
:1094F0008093A2035F9A8091D80B8E7F8093D80BC4
:109500008A9A8091D80B8D7F8093D80B8091080127
:1095100080958170809306018091D80B8B7F80931A
:10952000D80B129A63CF1092A20360CF18161906B7
:109530000CF069CF019763CF70E089E00F940F17AB
:1095400080913F06882309F4FCC020903C023090B3
:109550003D0200913E020F8310913F021E836091F5
:109560001414709115146E5F7F4F072E000C880B3A
:10957000990B0F94A72E9101A8010F94A02E87FD9F
:10958000E0C00091C61409831A821B821C821D82CE
:109590008091C5141981811709F460C0812F90E072
:1095A00026E5289FF001299FF00D1124E55DF34F7A
:1095B000458956896789708D452B462B472B81F449
:1095C000418D528D638D748D452B462B472B41F475
:1095D000458D568D678D70A1452B462B472BC9F1C4
:1095E00036E5389F8001399F100D1124055D134F1A
:1095F000F80161817281838194810F9432384B012B
:109600005C01F80161A172A183A194A10F94A52E20
:109610002B013C01F80165A176A187A190A50F94CB
:10962000A52E9B01AC01C301B2010F947E36A501AA
:1096300094010F94062F5B018C012A813B814C81A0
:109640005D810F94E437181624F4AA82BB820C8340
:109650001D8389818F5F8F7089839ACF209140020B
:109660003091410240914202509143026A817B81D4
:109670008C819D810F94062F91014F815E810F9403
:1096800084355B018C019B01AC01B1018F819E810E
:109690000F94E4371816B4F0209038023090390255
:1096A000F0913A02FF8320913B022E8391014F2FCC
:1096B0005E81B501C8010F94E43718161CF015013E
:1096C0000F831E838090980390909903A0909A0333
:1096D000B0909B0391014F815E81C501B4010F944D
:1096E000E4371816E4F420E037ED43EA5CE3B10117
:1096F0008F819E810F94062F2B013C0128E431EECF
:109700004AE75FE3C501B4010F94062F9B01AC014A
:10971000C301B2010F9484351B018F839E83C10165
:10972000AF81BE818093980390939903A0939A038D
:10973000B0939B03B101CD010F94F036CB010E9491
:109740002EC934E6C30ED11CE11CF11CC0929C034F
:10975000D0929D03E0929E03F0929F030E94FCC36F
:1097600080912E06813009F072C00F9419186B0198
:109770007C018091A7039091A803A091A903B091C7
:10978000AA0397018601081B190B2A0B3B0BD90171
:10979000C801B7FD3AC080902F0690903006A09087
:1097A0003106B09032060E949682AB01BC01409314
:1097B0002F065093300660933106709332068091E5
:1097C000950790919607A0919707B09198078819EF
:1097D0009909AA09BB09840F951FA61FB71F80937B
:1097E000950790939607A0939707B0939807D70192
:1097F000C601805F984DAF4FBF4F8093A7039093F2
:10980000A803A093A903B093AA038091A303909106
:10981000A403A091A503B091A603A7019601281B5C
:10982000390B4A0B5B0BDA01C901B7FD10C030E8F8
:10983000C30E3EEED31EE11CF11CC092A303D092D6
:10984000A403E092A503F092A6030E94D4C70E944D
:10985000249A8091F203882309F445C00F941918C3
:109860000091EE031091EF032091F0033091F1038A
:10987000601B710B820B930B97FD35C00F94191869
:109880006B017C012091F20330E0A8EEB3E00F946D
:109890003835C60ED71EE81EF91EC092EE03D092D0
:1098A000EF03E092F003F092F10380E00E948EE675
:1098B0008AE027960FB6F894DEBF0FBECDBFDF91CA
:1098C000CF911F910F91FF90EF90DF90CF90BF90BD
:1098D000AF909F908F907F906F905F904F903F9050
:1098E0002F900C944A3C27960FB6F894DEBF0FBE1B
:1098F000CDBFDF91CF911F910F91FF90EF90DF903F
:10990000CF90BF90AF909F908F907F906F905F901F
:109910004F903F902F9008952F923F924F925F92D9
:109920006F927F928F929F92AF92BF92CF92DF926F
:10993000EF92FF920F931F93CF93DF93CDB7DEB7D4
:109940006E970FB6F894DEBF0FBECDBF80918D111C
:1099500083FDBEC183E50E9445328D87882309F4CB
:10996000B2C10E94D2310F94F0366E3671050CF000
:10997000C8C170936D0B60936C0B0E944FB50E9431
:10998000D23120E030E040EA50E40F94E43718167A
:1099900014F40E949CC760916C0B70916D0B072EA4
:1099A000000C880B990B0F94A72E2091680B309117
:1099B000690B40916A0B50916B0B0F94E4371816AA
:1099C0000CF4A2C188E591E160E00E94AD9A81E0CB
:1099D000809366022091680B3091690B40916A0B6D
:1099E00050916B0B2E873F87488B598B8FE7809365
:1099F0004106212C312C30E83E834FEB4F831986F2
:109A00001A861B861C861A8A1B8A1C8A1D8A18863F
:109A10001B8E5CE35C8F8CE18D8F96E49E8FA1E0C2
:109A2000AE8B812C912C540160916C0B70916D0B5D
:109A3000072E000C880B990B0F94A72E7B018C012D
:109A400091014E815F810F94A02E8823B1F0209167
:109A5000680B3091690B40916A0B50916B0BBD857F
:109A6000B701C801B11153C10F94A02E881F8827D8
:109A7000881F888717010E831F830F9419186B01A5
:109A80007C01DC01CB012A893B894C895D89821BE1
:109A9000930BA40BB50BB7FD2EC0D701C60188519F
:109AA0009C4FAF4FBF4F8A8B9B8BAC8BBD8B80E0A5
:109AB0000E948EE684E591E10E94513C811491045C
:109AC000A104B10409F433C1C501B401605F784D4C
:109AD0008F4F9F4F6C197D098E099F0928EE33E047
:109AE00040E050E00F94E434CA01B9010E942340E1
:109AF0008AE00E944A3C80E00E9446490F9419186F
:109B00006093D20B7093D30B8093D40B9093D50BAF
:109B10009091680B9C83A091690BAD8300916A0BB7
:109B200010916B0BB885B1114FC0B1018E819F812F
:109B30000F94F0366F8B788F898F9A8F6E857F8523
:109B4000888999890F94F0362B013C012C813D8145
:109B5000A8016E857F85888999890F94E437181646
:109B60000CF4E9C091014E815F816C817D81C80157
:109B70000F94E43718160CF4E1C06C817D81C801A4
:109B80000F94F0369B01AC01241935094609570999
:109B9000AFEFB0E00F9425352F89388D498D5A8D60
:109BA00024193509460957090F9406358091410655
:109BB000821751F02093410629831A822FEF2B83BD
:109BC000CE0101960E9481342C813D81A801B10112
:109BD0008E819F810F9483352B013C0120E030E082
:109BE000A9010F94E43787FF04C077FA709477F8DF
:109BF000709481149104A104B10409F0A4C020E080
:109C000030E040E85FE3C301B2010F94A02E87FF6C
:109C10000BC03E8946015701332331F040E1840EE9
:109C200047E2941EA11CB11C58855523A9F18985D2
:109C30009A85AB85BC85892B8A2B8B2B61F0D7014C
:109C4000C60129853A854B855C85821B930BA40B45
:109C5000B50BB7FD21C02C813D81A8016B8D7C8D9A
:109C60008D8D9E8D0F94833520E030E040EC5FE3D6
:109C70000F94A02E87FD4FC0D701C601805A954191
:109C8000AF4FBF4F89879A87AB87BC879C819B8FDB
:109C9000AD81AC8F0D8F1E8F809166028823D9F124
:109CA00081149104A104B10461F0B0E1CB1AB7E2D0
:109CB000DB0AE108F108C818D908EA08FB08F7FE32
:109CC0002AC01E8AB1CE82E50E944532811149CE5A
:109CD0006E960FB6F894DEBF0FBECDBFDF91CF9169
:109CE0001F910F91FF90EF90DF90CF90BF90AF90BA
:109CF0009F908F907F906F905F904F903F902F90AC
:109D000008956EE670E035CE87E691E15DCE0F9462
:109D1000A02E87FF07C0809166028823C9F20E94A7
:109D2000F99AD6CF17010E831F831886A6CE8FE32C
:109D30000E944A3CDDCEC301B20124CF6F89788DE9
:109D4000898D9A8D1FCF20E030E040E450E4C301BC
:109D5000B2010F94E43718160CF066CF4601570194
:109D600063CFCF93DF93EC018881882349F18A3058
:109D700039F18D3029F18B33F9F08091620B843009
:109D8000D8F48091DD0920E6829FC0011124BE0134
:109D90008052964F0F94E63880E00E94ED220E9498
:109DA000D53DBE018CEA9FE00E946F3C89EA9FE0AE
:109DB000DF91CF910C94513C80E00E944649D4CF72
:109DC000DF91CF9108952F923F924F925F926F92C1
:109DD0007F928F929F92AF92BF92CF92DF92EF923B
:109DE000FF920F931F93CF93DF93CDB7DEB7C85485
:109DF000D1090FB6F894DEBF0FBECDBF382E0E943A
:109E00005F3382E50E944532882309F44AC10E94EB
:109E1000D2316B017C0120E030E0A9010F94A02E2B
:109E2000882309F42EC14090DC0B5090DD0B60902C
:109E3000DE0B7090DF0B2091E00B3091E10B409135
:109E4000E20B5091E30B2D8B3E8B4F8B588F809103
:109E5000FD059091FE05A091FF05B09100068D8F44
:109E60009E8FAF8FB8A320910106309102064091DA
:109E70000306509104062DA33EA34FA358A79C01AF
:109E8000AD01C301B2010F94A02E81110DC02DA10F
:109E90003EA14FA158A56D897E898F89988D0F9419
:109EA000A02E882309F4EDC020E030E0A901C7010D
:109EB000B6010F94A02E881F8827881F8311E8C041
:109EC00080E090E0A0E8BFE389A79AA7ABA7BCA772
:109ED000A30192016D8D7E8D8F8D98A10F94833596
:109EE00069A37AA38BA39CA32D893E894F89588DA2
:109EF0006DA17EA18FA198A50F948335698F7A8F6C
:109F00008B8F9C8F29A13AA14BA15CA1CA01B901F9
:109F10000F94062F4B015C01298D3A8D4B8D5C8D82
:109F2000CA01B9010F94062F9B01AC01C501B40110
:109F30000F9484350F9432384B015C01AC019B01C6
:109F400060E070E080E89FE30F947E366DA77EA707
:109F50008FA798AB20E030E040E05FE3C501B4019B
:109F60000F94062F4B015C01A7019601C701B601B2
:109F70000F94062F6B017C01A5019401C501B4016A
:109F80000F94062F9B01AC01C701B6010F948335D6
:109F90000F94323829A53AA54BA55CA50F94062F3E
:109FA0004B015C01698D7A8D8B8D9C8D90582DA510
:109FB0003EA54FA558A90F94062FA50194010F9413
:109FC000062F6B017C012D8D3E8D4F8D58A1C30155
:109FD000B2010F94843520E030E040E05FE30F945D
:109FE000062F9B01AC01C701B6010F948435A30174
:109FF00092010F9483356B017C012DA13EA14FA1ED
:10A0000058A56D897E898F89988D0F94843520E0BD
:10A0100030E040E05FE30F94062F2B013C012DA5BB
:10A020003EA54FA558A969A17AA18BA19CA10F9427
:10A03000062FA50194010F94062F9B01AC01C301CB
:10A04000B2010F9484352D893E894F89588D0F9424
:10A0500083356D8B7E8B8F8B988F20E030E0A9014C
:10A06000C701B6010F94A02E8111E8C020E030E0B6
:10A07000A9016D897E898F89988D0F94A02E8111F9
:10A08000DDC00E94823C83E99FE00E94513CAEC04B
:10A0900020E030E040E85FEB29A73AA74BA75CA798
:10A0A00017CF89E40E944532C12CD12C7601882338
:10A0B00021F00E94D2316B017C018AE40E9445327A
:10A0C000882309F4ADC00E94D231C3CF20E030E034
:10A0D000A901C501B4010F94E43787FF22C2B7FA82
:10A0E000B094B7F8B0941DC2498D5A8DBA0190E072
:10A0F00080E00F94A52E29A13AA14BA15CA10F9459
:10A10000062F4B015C010F9479366B017C01C50170
:10A11000B4010F9424384B015C01A70196016D8DA9
:10A120007E8D8F8D98A10F94062F2B013C012D89D8
:10A130003E894F89588DC501B4010F94062FA301A4
:10A1400092010F9484352B013C01A50194016D8D82
:10A150007E8D8F8D98A10F94062F4B015C012D8968
:10A160003E894F89588DC701B6010F94062F9B0178
:10A17000AC01C501B4010F9483356DA37EA38FA3F9
:10A1800098A759E159A7E0C280E1EDEFF5E0DE01C3
:10A19000119601900D928A95E1F7C12CD12C80E89F
:10A1A000E82E8FE3F82E8E010F5E1F4F9E01235F76
:10A1B0003F4FAE01475F5F4FBE016B5F7F4FCE01E8
:10A1C00001960F948E0D80E1FE013196ACEDBBE05F
:10A1D00001900D928A95E1F70F9419186093D20BB4
:10A1E0007093D30B8093D40B9093D50BC85BDF4F48
:10A1F0000FB6F894DEBF0FBECDBFDF91CF911F9198
:10A200000F91FF90EF90DF90CF90BF90AF909F9015
:10A210008F907F906F905F904F903F902F90089518
:10A2200020E030E0A901C701B6010F94A02E8823D9
:10A2300009F427CF1D8A1E8A1F8A188ED701C601EE
:10A24000B0588D8F9E8FAF8FB8A32D893E894F89CF
:10A25000588D50582DA33EA34FA358A7A701960190
:10A26000C701B6010F94062F4B015C012D893E8971
:10A270004F89588DCA01B9010F94062F9B01AC017B
:10A28000C501B4010F9484350F94323869AF7AAFA9
:10A290008BAF9CAF8091DC0B9091DD0BA091DE0B1E
:10A2A000B091DF0B89A39AA3ABA3BCA39C01AD0122
:10A2B000C701B6010F9484356DA77EA78FA798AB11
:10A2C0002091E00B3091E10B4091E20B5091E30BB8
:10A2D00029A73AA74BA75CA72D893E894F89588D9E
:10A2E00069A57AA58BA59CA50F94843521966CAFA2
:10A2F0007DAF8EAF9FAF21978091FD059091FE05B8
:10A30000A091FF05B091000689AB9AABABABBCAB9B
:10A310002DA53EA54FA558A9BC01CD010F948335AD
:10A320006B017C01209101063091020640910306E9
:10A33000509104062DAB3EAB4FAB58AF21962CADE0
:10A340003DAD4EAD5FAD21976DA97EA98FA998ADAA
:10A350000F9483354B015C018091E40B9091E50BE8
:10A36000A091E60BB091E70B25968CAF9DAFAEAFF9
:10A37000BFAF25979C01AD0160910506709106065F
:10A3800080910706909108060F948335698F7A8F24
:10A390008B8F9C8FA70196016D8D7E8D8F8D98A1DF
:10A3A0000F94062F2B013C01A50194016DA17EA104
:10A3B0008FA198A50F94062F9B01AC01C301B20198
:10A3C0000F9484352B013C01A50194016D8D7E8D88
:10A3D0008F8D98A10F94062F4B015C01A701960168
:10A3E0006DA17EA18FA198A50F94062F9B01AC01B2
:10A3F000C501B4010F948335A30192010F94033674
:10A400006B017C0120E030E0A9010F94A02E87FFB2
:10A410000AC02BED3FE049EC50E4C701B6010F94B0
:10A4200084356B017C012BED3FE049EC50E4C70122
:10A43000B6010F947E3620E030E040EC51E40F94FA
:10A44000062F0F9462360F94F7368B01672B11F4A9
:10A4500001E010E0332051F02BED3FE049EC50E4F7
:10A46000C701B6010F9483356B017C0120E030E019
:10A47000A901C701B6010F94A02E811122C029A9FC
:10A480003AA94BA95CA969A17AA18BA19CA10F94BF
:10A49000A02E811116C02DA93EA94FA958AD69A5BE
:10A4A0007AA58BA59CA50F94A02E81110AC008E166
:10A4B00010E02BEDC22E2FE0D22E29ECE22E20E46C
:10A4C000F22EA701960169AD7AAD8BAD9CAD0F94CC
:10A4D000062F4B015C0120E030E0A901698D7A8DE7
:10A4E0008B8D9C8D0F94A02E882309F4EFCDA501B0
:10A4F0009401C501B4010F94062F4B015C01298D15
:10A500003A8D4B8D5C8DCA01B9010F94062F9B01CA
:10A51000AC01C501B4010F9484350F9432384B015E
:10A520005C012FE632E143E85AE3C501B4010F9420
:10A53000A02E87FD51CE4090E80B5090E90B609023
:10A54000EA0B7090EB0BC501B4010F9426370F9402
:10A55000F7361B016017710708F41801B10190E08C
:10A5600080E00F94A52E4B015C01AC019B01C7015B
:10A57000B6010F947E3669A37AA38BA39CA3A50191
:10A580009401698D7A8D8B8D9C8D0F947E3669AF89
:10A590007AAF8BAF9CAFA3019201609109067091D5
:10A5A0000A0680910B0690910C060F948335A50145
:10A5B00094010F947E3629966CAF7DAF8EAF9FAF1E
:10A5C000299729A13AA14BA15CA1CA01B9010F9415
:10A5D000062F20E030E040E05FE30F94062F9B0160
:10A5E000AC0160E070E080E89FE30F94833569ABD5
:10A5F0007AAB8BAB9CAB25962CAD3DAD4EAD5FAD34
:10A60000259729873A874B875C874D865E866F86BC
:10A61000788A6091170270911802072E000C880B3F
:10A62000990B0F94A72E20916B0230916C024091F0
:10A630006D0250916E020F94062F2AE037ED43E22F
:10A640005CE30F94062F698B7A8B8B8B9C8B0F941A
:10A6500019189B01AC0128533F4F4F4F5F4F2DAB53
:10A660003EAB4FAB58AF4D8C5E8C6F8C78A041E009
:10A6700050E05A8F498F59E159A7898D9A8D8215DB
:10A68000930508F081CD0E94FCC30F9419182DA9E1
:10A690003EA94FA958AD621B730B840B950B97FD18
:10A6A0000FC00F9419189B01AC0128533F4F4F4F17
:10A6B0005F4F2DAB3EAB4FAB58AF80E00E94464999
:10A6C00039A5315039A7332309F40ECD9201A301E6
:10A6D00069A17AA18BA19CA10F94062F6B017C012B
:10A6E0002DA13EA14FA158A569A97AA98BA99CA922
:10A6F0000F94062F9B01AC01C701B6010F9484355E
:10A700006B017C019201A30169A97AA98BA99CA97B
:10A710000F94062F4B015C012DA13EA14FA158A51E
:10A7200069A17AA18BA19CA10F94062F9B01AC017A
:10A73000C501B4010F9483352B013C01C601D7013B
:10A740008DA39EA3AFA3B8A79201A3016DA57EA57B
:10A750008FA598A90F94843569837A838B839C8312
:10A760002DA13EA14FA158A521966CAD7DAD8EAD1A
:10A770009FAD21970F9484356D837E838F83988757
:10A7800029AD3AAD4BAD5CAD69857A858B859C85ED
:10A790000F94843569877A878B879C8729962CAD9F
:10A7A0003DAD4EAD5FAD29976D857E858F859889CE
:10A7B0000F9484356D877E878F87988B80911602E2
:10A7C000882321F0CE0101960E9420D6C12CD12CE5
:10A7D00090E8E92E9FE3F92E8E010F5E1F4F9E0138
:10A7E000235F3F4FAE01475F5F4FBE016B5F7F4FFF
:10A7F000CE0101960F948E0D882309F4C5CC898D66
:10A800009A8D01969A8F898F38CF8F929F92AF92AF
:10A81000BF92CF92DF92EF92FF920F931F93CF934D
:10A82000DF93CDB7DEB7A0970FB6F894DEBF0FBEAB
:10A83000CDBF80E090E0A0E2B1E489839A83AB834E
:10A84000BC8380E090E0A1E6B3E48D839E83AF8378
:10A85000B88780E090E0A0EAB1E489879A87AB8767
:10A86000BC870E944C4087FDF9C1482F61E081E020
:10A870000E944C9F85E40E94FC31C12CD12CE12C1C
:10A8800090E4F92E882379F00E94D2316B017C018B
:10A8900020E030E0A9010F94E43787FF04C0F7FA05
:10A8A000F094F7F8F094F7FAF094F7F8F094CD8A72
:10A8B000DE8AEF8AF88E8AE50E944532882351F0BD
:10A8C00040E050E0BA018AE50E94523269877A87F7
:10A8D0008B879C8788E50E944532882351F040E0B1
:10A8E00050E0BA0188E50E94523269837A838B83F3
:10A8F0009C8389E50E944532882351F040E050E076
:10A90000BA0189E50E9452326D837E838F839887D6
:10A9100085E50E94FC31882309F407C10E94D231E9
:10A920006B017C0120E030E0A901C701B6010F9462
:10A93000E43787FF04C0F7FAF094F7F8F094198E23
:10A940001A8E1B8E1C8E8CE40E94FC31882309F425
:10A95000F5C00E94D2314B015C0120E030E0A9013A
:10A96000C501B4010F94E43787FF04C0B7FAB0946F
:10A97000B7F8B0948D8E9E8EAF8EB8A26AE070E06C
:10A9800082E40E947732182F80911607811166C1E8
:10A9900080918D1183FD19C020E030E0A901C7012D
:10A9A000B6010F94A02E882381F08091260C81118E
:10A9B0000CC0209114143091151480917302909161
:10A9C0007402281739070CF43AC181E08093160706
:10A9D0008091551582FF06C08B7F8093551582E0CC
:10A9E000809316070E94E38280E1ECEDFBE0AEED80
:10A9F000B3E001900D928A95E1F70E94B0C920E082
:10AA000030E0A9016D897E898F89988D0F94A02EE1
:10AA1000882321F18091260C811111C060911014BE
:10AA20007091111480911214909113140F94F036B8
:10AA30002091730230917402621773077CF080E0FA
:10AA400090E0A0E7B2E48D879E87AF87B88BBE0108
:10AA5000635F7F4FCE0145960E942E270F947D0E97
:10AA6000811106C0BE016F5F7F4F82E00E948E9908
:10AA700020E030E0A901C701B6010F94A02E882381
:10AA800049F081E00E94D93D811161C010924605D4
:10AA90000E946A2940E060E084E00E944C9F0E948E
:10AAA000D53D8EE898E00E94513C61E0812F0E94E4
:10AAB00025250F941918685370458F4F9F4F609349
:10AAC0003A0670933B0680933C0690933D061092A5
:10AAD0003E060091FF0383E08093FF0381E08093B3
:10AAE0005205FF24F39480915205882309F4FDC098
:10AAF00060E0812F0E94252580913E06882309F47D
:10AB0000F0C040E060E08AE00E944C9F0E94D53D8A
:10AB100080EB98E00E94513C80915205882309F413
:10AB2000B0C081E00E944649F7CFC0909E05D0900A
:10AB30009F05E090A005F090A105F4CE8090A205BD
:10AB40009090A305A090A405B090A50506CF40E085
:10AB500061E083E00E944C9F80E090E0A0E7B2E4D7
:10AB60008D879E87AF87B88B80E090E0A0E5B1EC41
:10AB7000898B9A8BAB8BBC8BBE01635F7F4FCE0101
:10AB800041960E942E2768E873E180E090E00E94E1
:10AB900067398091C9139091CA13A091CB13B091DA
:10ABA000CC138D879E87AF87B88B80E090E0A8EAB2
:10ABB000B1E4898B9A8BAB8BBC8BBE01635F7F4FFB
:10ABC000CE0141960E942E278090D1139090D213EF
:10ABD000A090D313B090D41380E090E0A8ECB1E43F
:10ABE0008093D1139093D213A093D313B093D41323
:10ABF00080E090E0A0E2B1E48D879E87AF87B88BBC
:10AC0000F7FAF094F7F8F094C98ADA8AEB8AFC8AAA
:10AC1000BE01635F7F4FCE0141960E942E27809236
:10AC2000D1139092D213A092D313B092D413129A4C
:10AC300064E670E080E090E00E9467392BCF0E94CC
:10AC4000D53D8DE798E00E94513C109246050E9448
:10AC50006A2960E08EE698E00E94AD9AA0960FB651
:10AC6000F894DEBF0FBECDBFDF91CF911F910F9142
:10AC7000FF90EF90DF90CF90BF90AF909F908F901C
:10AC8000089510923A0610923B0610923C061092DC
:10AC90003D0610923E060F94251880E00E94D93D93
:10ACA00040E060E084E00E944C9F0E94D53D8EE829
:10ACB00098E00E94513C0F941918685370458F4FCB
:10ACC0009F4F60933A0670933B0680933C069093A7
:10ACD0003D0610923E06F092520561E0812F0E94DF
:10ACE000252581E00E944649FECE0093FF0380E0C7
:10ACF00090E0A8E4B2E4898B9A8BAB8BBC8B8091FB
:10AD00001607882309F4AACFF0903E0610923A065F
:10AD100010923B0610923C0610923D0610923E06A1
:10AD20000F942518F11015C08091260C811111C0C7
:10AD30006091101470911114809112149091131459
:10AD40000F94F036209173023091740262177307EA
:10AD500064F081E00E94D93D811183C081E080933D
:10AD60001302109246050E946A2940E060E088E0E4
:10AD70000E944C9F20E030E0A9016091EA037091AD
:10AD8000EB038091EC039091ED030F94A02E87FFCD
:10AD90000FC080E090E0A0E7B2E48D879E87AF8788
:10ADA000B88BBE01635F7F4F8AEE93E00E942E272F
:10ADB00080E090E0A8ECB2E48D879E87AF87B88BE7
:10ADC000AE01435F5F4F62EE73E08EED93E00E9451
:10ADD000A2DA80E090E0A0EAB0E48D879E87AF879A
:10ADE000B88BBE01635F7F4F86EE93E00E94C4DAAA
:10ADF0008091EA039091EB03A091EC03B091ED03F5
:10AE00008093E80B9093E90BA093EA0BB093EB0BC4
:10AE10008093090690930A06A0930B06B0930C0644
:10AE200089E096E00E94C1C9109246050E946A29F5
:10AE300080911607815080931607882339F00F946C
:10AE4000BD208091160781508093160780912E06B1
:10AE5000823011F40E949CC70E94F99A0E946A29CC
:10AE6000FDCEFF2029F140E061E084E00E944C9F8C
:10AE70000E94D53D8DEC98E00E94513C61E0812F0D
:10AE80000E9425250091FF0383E08093FF0381E06A
:10AE90008093520580915205882341F060E0812F14
:10AEA0000E94252581E00E944649F4CF0093FF03CC
:10AEB00040E061E085E00E944C9F20E030E0A90185
:10AEC000698D7A8D8B8D9C8D0F94A02E882379F0BF
:10AED00080E090E0A0ECB0E48D879E87AF87B88BD0
:10AEE000BE01635F7F4FCE0149960E942E2720E06E
:10AEF00030E0A9016D8D7E8D8F8D98A10F94A02ECD
:10AF0000882359F1C090D113D090D213E090D3137D
:10AF1000F090D41380E090E0A8ECB1E48093D113DA
:10AF20009093D213A093D313B093D41380E090E006
:10AF3000A0ECB0E48D879E87AF87B88BBE01635FBE
:10AF40007F4FCE014D960E942E27C092D113D092F2
:10AF5000D213E092D313F092D413C12CD12C80E4FD
:10AF6000E82EFE2C03E020E030E0A90169897A890F
:10AF70008B899C890F94E437181684F440E060E0D4
:10AF800086E00E944C9FCD86DE86EF86F88ABE0161
:10AF9000635F7F4FCE0141960E942E271091FF03E1
:10AFA0000093FF031092520540E060E087E00E94AA
:10AFB0004C9F80914505811104C081E00E94464963
:10AFC000F8CF1093FF03813071F2CFCE2F923F92D2
:10AFD0004F925F926F927F928F929F92AF92BF92A9
:10AFE000CF92DF92EF92FF920F931F93CF93DF9355
:10AFF000CDB7DEB7A6970FB6F894DEBF0FBECDBFB4
:10B000000F947D0E811124C08091EC0B81111AC028
:10B010008091EC0B898787E50E94FC31811131C05A
:10B020008AE40E94FC3181111CC170E060E086E579
:10B030000E9477329B878A87059708F415C187E2BB
:10B0400098E029C060E08FE40E949232882301F3E7
:10B05000A6960FB6F894DEBF0FBECDBFDF91CF919D
:10B060001F910F91FF90EF90DF90CF90BF90AF9026
:10B070009F908F907F906F905F904F903F902F9018
:10B08000089580919A0590919B05892B39F40E942F
:10B09000823C8CE598E00E94513CDACF8AE50E9420
:10B0A0004532882339F10E94D2312091CA0B309168
:10B0B000CB0B4091CC0B5091CD0B0F9483354B01B2
:10B0C0005C0120E030E040E251ECC501B4010F9496
:10B0D000E43787FD0AC020E030E040E251E4C501DA
:10B0E000B4010F94A02E181674F40E94823C8FE4D1
:10B0F00098E0D1CF8090E40B9090E50BA090E60B08
:10B10000B090E70BDECF40E050E060EC7FE788E5F1
:10B110000E9452322091C20B3091C30B4091C40B5C
:10B120005091C50B0F9483356B017C0140E050E0DA
:10B1300060EC7FE789E50E9452322091C60B309186
:10B14000C70B4091C80B5091C90B0F9483352B014D
:10B150003C016FEF89E40E948632182F6FEF8AE47A
:10B160000E948632082FA7019601C701B6010F94ED
:10B170007638811149C0A3019201C301B2010F9435
:10B180007638811141C06091910570919205072E2A
:10B19000000C880B990B0F94A72E9B01AC01C701E3
:10B1A000B6010F94833520E030E0A9010F94843577
:10B1B00020E030E0A9010F947E360F94F036162F70
:10B1C00064300CF446C013E06091930570919405CF
:10B1D000072E000C880B990B0F94A72E9B01AC0136
:10B1E000C301B2010F94833520E030E0A9010F9430
:10B1F000843520E030E0A9010F947E360F94F036BC
:10B20000062F643054F103E0143008F021CF0530EC
:10B2100008F01ECF80E00E94AE3794E01902F001E2
:10B220001124E00FF11D07FDFA95EE0FFF1FEE0F41
:10B23000FF1FE055FA4F80829182A282B3828985F6
:10B240000E94AE37A985AA2309F402CF0E9498E88C
:10B25000FFCE67FFB9CF10E0B7CF67FFD5CF00E0D3
:10B26000D3CF0E94FA37F4CE60E084E40E94923299
:10B27000C82E40E050E0BA018AE50E9452326F8F3A
:10B2800078A389A39AA340E050E06AEF75E483E5D0
:10B290000E94523220E030E040E752E40F947E36C4
:10B2A00060936702709368028093690290936A02C8
:10B2B00088E40E94FC31882341F10E94D2310F942E
:10B2C000F0368B0177FF02C00F5F1F4F1595079572
:10B2D0001195019511090B581F4F0A30110514F4EF
:10B2E0000AE010E07801E60EF71E38015701B3ECD2
:10B2F000EB16F1040CF464C0E0EEEE16F1040CF071
:10B30000B3C063ECA62EB12C5BC08CE40E94453226
:10B310000AE010E0882379F00E94D2312091C20B1C
:10B320003091C30B4091C40B5091C50B0F948335E2
:10B330000F94F0368B0182E50E944532F3ECAF2E7C
:10B34000B12C882379F00E94D2312091C20B309128
:10B35000C30B4091C40B5091C50B0F9483350F94D0
:10B36000F0365B0186E40E944532EAE06E2E712CD5
:10B37000882379F00E94D2312091C60B3091C70BFF
:10B380004091C80B5091C90B0F9483350F94F03640
:10B390003B0182E40E94453250EEE52EF12C8823D9
:10B3A00079F00E94D2312091C60B3091C70B4091A9
:10B3B000C80B5091C90B0F9483350F94F0367B0165
:10B3C000B301072C000C880B990B0F94A72E6D87E7
:10B3D0007E878F87988BB801012E000C880B990B04
:10B3E0000F94A72E698B7A8B8B8B9C8B2D853E853A
:10B3F0004F8558890E9402238823D1F1B7010F2C71
:10B40000000C880B990B0F94A72E1B012C01B50182
:10B410000B2C000C880B990B0F94A72EA201910105
:10B420000E9402238D8B882319F18A859B85892BA5
:10B4300069F085EF97E00E94513CCC2021F08BEE23
:10B4400097E00E94513C8AE00E944A3C0E94B0C9A9
:10B4500080E00E94AE3781E00E940FDC882359F023
:10B4600089850E94AE37F4CD70EEE72EF12C49CFDE
:10B470008BE098E010CEC501801B910B43E0A42E19
:10B48000B12CB5010F9467352B01072E000C880BEA
:10B49000990B0F94A72E6E8B7F8B888F998FC70186
:10B4A00086199709B5010F9467357B01072E000CAB
:10B4B000880B990B0F94A72E4B015C010E94C2D9F7
:10B4C00060919A0570919B05072E000C880B990BD3
:10B4D0000F94A72E9B01AC016E897F89888D998D71
:10B4E0000F94A02E811120C060919C0570919D0544
:10B4F000072E000C880B990B0F94A72E9B01AC0113
:10B50000C501B4010F94A02E81110EC08091910548
:10B51000909192050817190739F48091930590913D
:10B5200094056816790699F00E94FA3750929B05A7
:10B5300040929A05F0929D05E0929C051093920529
:10B54000009391057092940560929305198660E0CE
:10B5500085E40E949232882309F4AEC091E09E8F68
:10B56000212CF12CE12C412C512C3201DD24DA94D8
:10B57000BFEFBC8733E0332EC7010F2C000CAA0BA2
:10B58000BB0B8BA39CA3ADA3BEA39C85931509F411
:10B59000B4C0632D032C000C770B880B990B0F9410
:10B5A000A72E2E893F89488D598D0F94062F298902
:10B5B0003A894B895C890F9484356A8F7B8F8C8F95
:10B5C0009D8F6BA17CA18DA19EA10F94A72EA5019B
:10B5D00094010F94062F2D853E854F8558890F9431
:10B5E00084352B013C0120E030E0A9016A8D7B8D80
:10B5F0008C8D9D8D0F94A02E20E030E0A90187FD59
:10B6000004C020E030E040E05FE36A8D7B8D8C8DEC
:10B610009D8D0F9484350F9426376D837E838F83A1
:10B62000988720E030E0A901C301B2010F94A02E59
:10B6300020E030E0A90187FD04C020E030E040E0D8
:10B640005FE3C301B2010F9484350F9426376983F9
:10B650007A838B839C832A854E8DBE016F5F7F4FDB
:10B66000CE0105960F94D40E2B013C01AC019B0139
:10B670000F94763881113EC0A32DB4E0AB02800157
:10B6800011240E0D1F1D000F111F000F111F00555B
:10B690001A4FA30192016F8D78A189A19AA10F94ED
:10B6A0008435F801608371838283938380E00E94F4
:10B6B00046493D0C198669CFA2E0AE8F51CFA30158
:10B6C0009201C301B2010F94763881111AC0E1E0F2
:10B6D0002E2649F0DD24D394F4E0FC87312C9FEF33
:10B6E000E91AF90A49CFDD24DA948FEF8C8723E039
:10B6F000322EF5CF89850E94AE37F3E0EF16F104C4
:10B70000F1F680E00E940FDC882369F089850E94B1
:10B71000AE370E94A9D98091EC0B882309F496CD0D
:10B720000E9470DB93CDA3019201C301B2010F947B
:10B7300076388111EECF11E083E0F82ECC2029F18C
:10B740000E94EB400E94F938C1101AC08CED9BE0BA
:10B750000E9498359B01AC016091E40B7091E50B60
:10B760008091E60B9091E70B0F9483356093E40B87
:10B770007093E50B8093E60B9093E70B8D89898797
:10B7800099859093EC0BC5CF10E001E0EF2CE11A06
:10B79000BF2CB01A21E041E0602F812F0E94852349
:10B7A00021E04FEF602F8E2D0E9485232FEF41E087
:10B7B0006B2D812F0E9485232FEF4FEF6B2D8E2D48
:10B7C0000E948523011103C01111DECFB9CF00E023
:10B7D000DFCF2F923F924F925F926F927F928F9224
:10B7E0009F92AF92BF92CF92DF92EF92FF920F9310
:10B7F0001F93CF93DF93CDB7DEB7AC970FB6F89416
:10B80000DEBF0FBECDBF8BA72091FF032AA741E06B
:10B810004093FF03809123048D3409F48AC4843556
:10B8200011F40C943C71873491F4209121043091EF
:10B8300022042B31310509F441C1ECF424303105E7
:10B840004CF4223031050CF0F2C037FFE6C00F9403
:10B850006F0E07C02430310509F4F6C025313105DB
:10B86000B1F7FBA5F11102C00E945F3C2AA520930D
:10B87000FF030C94F6682A32310509F48EC30CF0EC
:10B88000BDC02D31310509F4E7C20CF43EC12E31A3
:10B890003105E9F620E030E040E252E46091DC0B53
:10B8A0007091DD0B8091DE0B9091DF0B0F9483354F
:10B8B000AB01BC0188E50E9452326C8F7D8F8E8F68
:10B8C0009F8F20E030E040E251E46091E00B709106
:10B8D000E10B8091E20B9091E30B0F948335AB0168
:10B8E000BC0189E50E9452329B01AC0129833A8355
:10B8F0004B835C836C8D7D8D8E8D9F8D0E9402238A
:10B90000882309F4AECF80E00E94AE370E94C2D9EE
:10B9100061E085E40E94923221E0482FBE016F5F12
:10B920007F4FCE014C960F94D40E6B017C01AC017D
:10B930009B010F94763881115CC08C8C9D8CAE8CF1
:10B94000BF8C20E030E0A901C501B4010F94A02E06
:10B9500027E137EB41E558EB87FD04C027E137EBE2
:10B9600041E558E3C501B4010F948435AB01BC0136
:10B9700087ED99E00E94804189809A80AB80BC80ED
:10B9800020E030E0A901C501B4010F94A02E27E109
:10B9900037EB41E558EB87FD04C027E137EB41E584
:10B9A00058E3C501B4010F948435AB01BC0182EDAD
:10B9B00099E00E94804120E030E0A901C701B60172
:10B9C0000F94A02E27E137EB41E558EB87FD04C02B
:10B9D00027E137EB41E558E3C701B6010F94843501
:10B9E000AB01BC018DEC99E00E9480418AE00E948D
:10B9F0004A3C0E94A9D90E9498E833CF2B353105E3
:10BA000009F42DC22C35310509F42CC22A35310533
:10BA100009F01DCF1092FE0324CF8091500288239D
:10BA200009F41FCF0E945F330E94DCD61ACF8091A9
:10BA30005002882309F415CF81E02230310509F046
:10BA400080E00E94E34E0DCF80E50E944532C12C7C
:10BA5000D12C7601882321F00E943A286B017C01C9
:10BA600083E50E944532882361F00E94D23120E0B4
:10BA700030E04AE754E40F94062F0F94F7366B0139
:10BA80007C010E94B0C98091E713811105C060E07C
:10BA900087EA99E00E94AD9A0F941918C60ED71E36
:10BAA000E81EF91E0F9419186C197D098E099F095B
:10BAB00097FFD7CE80E00E944649F4CF0F947D0EC9
:10BAC0008111CFCE80E090E0A0E2B1E489839A8337
:10BAD000AB83BC8380E090E0A1E6B3E48D839E83DA
:10BAE000AF83B88780E090E0A0EAB1E489879A87C5
:10BAF000AB87BC8770E060E080E50E946932BE01E0
:10BB00006F5F7F4F0E948E99ACCE8091D80B87706B
:10BB1000873009F459C10E94B0C980E00E94AE3755
:10BB20000E94C2D981E08093A2070E9400DC88E5D0
:10BB30000E94FC31F82E89E50E94FC31182F8AE51D
:10BB40000E94FC31082FF11207C01F2DF81204C00B
:10BB5000FF24F39411E001E080E1ECEDFBE0ADEFB8
:10BB6000B5E001900D928A95E1F782E50E94453299
:10BB7000812C912C40E8A42E40E4B42E882359F067
:10BB80000E94D2314B015C0120E030E0A9010F940A
:10BB9000A02E882331F1F11003C0112309F4F1C064
:10BBA0008092050690920606A0920706B0920806BB
:10BBB000A50194016091E40B7091E50B8091E60B77
:10BBC0009091E70B0F94A02E87FF0BC019821A8269
:10BBD0001B821C82BE016F5F7F4F85E096E00E9452
:10BBE000C4DAFF2009F4C8C0112309F4C2C01092BE
:10BBF000E00B1092E10B1092E20B1092E30B10920B
:10BC0000DC0B1092DD0B1092DE0B1092DF0B0E940A
:10BC100070DBEFEAF3E334913CA7E3EAF3E3C5908A
:10BC2000D590E590F490E7EAF3E385909590A590A0
:10BC3000B490A5019401C701B6010F94E43718161A
:10BC40000CF0CAC0A7019601C501B4010F947E365D
:10BC50001B012C01EAE6F3E385919591A591B4913E
:10BC60003C01A8A7B9A7E6E6F3E385919591A591D4
:10BC7000B4918CA39DA3AEA3BFA39C01AD01B3015E
:10BC800088A599A50F94E437181634F46CA07DA00C
:10BC90009EA198A7AFA1A9A7A2019101C201B101DC
:10BCA0000F94062F20E030E040E85FE30F948435E6
:10BCB0000F943238930148A559A50F94062F68A315
:10BCC00079A38AA39BA3E0EBF3E3749020E030E038
:10BCD00040EC5FE3C501B4010F94062F4B015C01FA
:10BCE000672D770C770B880B990B0F94A72E9B0170
:10BCF000AC01C501B4010F94062F69837A838B834D
:10BD00009C8320E030E040EC5FE3C701B6010F9474
:10BD1000062F6B017C01BCA56B2FBB0F770B880B2B
:10BD2000990B0F94A72E9B01AC01C701B6010F948C
:10BD3000062F6C8F7D8F8E8F9F8FAE01405E5F4F81
:10BD4000BE016F5F7F4FCE014C960E94A2DA0E9427
:10BD5000AEDC1092E00B1092E10B1092E20B10920D
:10BD6000E30B1092DC0B1092DD0B1092DE0B1092A5
:10BD7000DF0B80E00E9479DD112319F081E00E9441
:10BD800079DD002399F080E00E94063B8091D80B7A
:10BD90008370833031F160E08FEB99E00E94AD9ABF
:10BDA0000E94D53D80EB99E00E94513C0E9470DBDF
:10BDB0008091A1078093A2070E94A9D983E0809374
:10BDC00075020E9498E84DCD60E08FE40E949232A7
:10BDD000882309F4A0CE45CDA5019401C701B60181
:10BDE00035CF0E9470DB8091E40B9091E50BA09120
:10BDF000E60BB091E70B8093050690930606A0939F
:10BE00000706B093080680E090E0ADE1B3E48093CC
:10BE1000FD059093FE05A093FF05B093000680E01A
:10BE200090E0AEEFB2E48093010690930206A093F7
:10BE30000306B093040619821A821B821C82AE018B
:10BE40004F5F5F4F61E076E08DEF95E00E94A2DAF0
:10BE500082E00E9479DDAACF0E94E65702CD40938E
:10BE6000FE03FFCC80912004882371F1893049F5CD
:10BE700028E8C22E22E0D22E3CEDE32E3BE0F32E4A
:10BE800000E010E0F60181916F010E944532B82E6A
:10BE9000882359F00E94D231D7016D937D938D9301
:10BEA0009C931397133009F40B2D1F5FB4E0EB0E36
:10BEB000F11C143039F7002321F088EE9BE00E943A
:10BEC000C1C90E9498E8CDCC98E8C92E92E0D92E3D
:10BED000F12CE12C00E010E0F60181916F010E944D
:10BEE0004532382E8823D9F10E94D2314B015C01B2
:10BEF000133059F0F701EE53F44F20813181428124
:10BF000053810F9483354B015C01F701E452F44FE8
:10BF10002081318142815381C501B4010F94833561
:10BF20002B013C012DEB37E346E855EB0F94E4374A
:10BF300087FD0AC02DEB37E346E855E3C301B201A4
:10BF40000F94A02E18165CF4133089F48092E80B3D
:10BF50009092E90BA092EA0BB092EB0B032D1F5FBE
:10BF6000F4E0EF0EF11C143009F0B6CFA4CF970126
:10BF700020513A4F5901A3019201D5016D917D9154
:10BF80008D919C910F948435F50160837183828338
:10BF90009383812F0E94BCD6E2CF809150028823E8
:10BFA00009F45FCC89E40E944532182FE12C8823E4
:10BFB00019F00E942A27E82E8AE40E944532082FB1
:10BFC000882349F00E942A27F82E111107C033E078
:10BFD0003F1570F406C0F12C112351F023E02E150B
:10BFE00028F48FED99E00E94513C3BCC0111EFCF3A
:10BFF00080E1ECEDFBE0ADEFB5E001900D928A95AC
:10C00000E1F71123F1F020919A0530919B054E2D17
:10C010004203B001439F700D1124809191059091CE
:10C020009205680F791F072E000C880B990B0F944F
:10C03000A72E6093FD057093FE058093FF059093F6
:10C0400000060023F1F020919C0530919D054F2DB5
:10C050004203B001439F700D11248091930590918C
:10C060009405680F791F072E000C880B990B0F940D
:10C07000A72E6093010670930206809303069093A7
:10C08000040660E080E50E949232882381F111234A
:10C09000B1F020E030E040E252E46091FD057091A3
:10C0A000FE058091FF05909100060F948435609302
:10C0B000FD057093FE058093FF0590930006002315
:10C0C000B1F020E030E040E251E46091010670916F
:10C0D000020680910306909104060F9484356093C4
:10C0E000010670930206809303069093040640E0D5
:10C0F00050E0BA0186E40E9452326B017C0120E0DC
:10C1000030E0A9010F94E437181684F420E030E001
:10C1100040E752E4C701B6010F947E3660936B028C
:10C1200070936C0280936D0290936E020E94DCD635
:10C1300098CB80912104909122048837910511F4C5
:10C140000C94A76A0CF030C28E34910509F4AEC687
:10C150000CF01EC18A31910509F4BBC50CF0BDC0BD
:10C160008431910509F448C50CF090C081319105E6
:10C1700009F433C50CF06DC0029708F068CBA090AD
:10C180001E04B0901F0480E50E944532182FC12C78
:10C19000D12C7601882359F00E943A286B017C014A
:10C1A00011E0C114D104E104F10409F410E083E5C5
:10C1B0000E944532882311F40C945A710E94D231A6
:10C1C00020E030E04AE754E40F94062F0F94F7364E
:10C1D0006B017C0111110C945E71C114D104E10456
:10C1E000F10411F00C945E71A114B10411F40C94DB
:10C1F0005E71F5018081882311F40C945E710E94B8
:10C20000B0C9C5010E94F4FA1091FF0383E0809346
:10C21000FF0381E080935205C114D104E104F104CD
:10C2200009F4BEC40F941918C60ED71EE81EF91ED5
:10C230000F9419186C197D098E099F0997FFB8C4CE
:10C2400080915205882309F4B3C480E00E944649D6
:10C25000EFCF429709F0FBCA83E50E94453288235D
:10C2600011F40C945F690E94D23120E030E04AE77B
:10C2700054E40F94062F0F94F73660930B027093DB
:10C280000C0280930D0290930E02EBCA8731910548
:10C2900009F4DCC47CF48531910509F4D3C44697D4
:10C2A00009F0D5CA0F94AC2080915515877F8093F3
:10C2B0005515D7CA8831910509F4DCC4499709F0AE
:10C2C000C6CA8091551582FF03C08B7F8093551598
:10C2D0000E94E3820E94F99AC4CA8F31910509F441
:10C2E000A9C5D4F48C31910509F459C50CF404C5E1
:10C2F0008D31910509F45DC54E9709F0A8CA80916A
:10C30000551583FFAECA0F94580E80911E0490916C
:10C310001F040F946121A5CA8B34910509F4BEC591
:10C3200064F58032910509F44BC58A9709F08FCAEC
:10C3300083E50E944532882309F493CA0E940627A8
:10C34000F82E6FEF7FEF80E50E9477328C0197FD2A
:10C3500088CAE82E60E089E40E949232811189C582
:10C36000802F0F942B23882309F483C50E94823CDD
:10C3700086ED9DE00E94513C74CA8C34910509F40D
:10C3800091C58D34910509F062CA0E94F6C769CA49
:10C390008C36910509F4CAC60CF06AC08535910542
:10C3A00009F4D7C734F58235910509F47FC7C4F481
:10C3B0008135910509F04BCA0E944AC00E94F6C718
:10C3C0000E942ECB0E94BC3968EE73E080E090E0C2
:10C3D0000E94673960E082E29BE00E94AD9A41CA08
:10C3E0008335910509F466C78435910509F434CF86
:10C3F0002ECA8936910509F4E7C63CF58C359105BE
:10C4000009F4C2C78836910509F021CA80918D11BF
:10C4100083FD27CA0E944C4087FD23CA83E50E9402
:10C420004532882379F00E94D2310F94F0368B0187
:10C43000CB010E942EC90635110524F40E94F6C7CF
:10C440000E94F99A0F9450230CCA8A36910509F478
:10C450000DC78B36910509F0FAC960E080E50E94AE
:10C4600086328111FEC91092150C1092630BF9C926
:10C470008137910509F464C69CF48E36910509F460
:10C4800000C60CF4A5C58F36910509F40DC680379A
:10C49000910509F0DCC990E080E00E94D43EE1C93A
:10C4A0008537910511F40C946B6A0CF072C08237D9
:10C4B000910511F40C94656A8337910509F0C7C999
:10C4C00085E59CE00E94513C60E085E49CE00E9490
:10C4D000024660E080E39CE00E94024661E089E25F
:10C4E0009CE00E94024661E08EE19CE00E940246D0
:10C4F00061E08EE09CE00E94024660E085E09CE006
:10C500000E94024661E08BEF9BE00E94024661E0E0
:10C5100081EF9BE00E94024661E089EE9BE00E9471
:10C52000024661E08BED9BE00E94024660E08DECEC
:10C530009BE00E94024660E08EEB9BE00E94024678
:10C5400061E080EB9BE00E94024661E08AE99BE0AB
:10C550000E94024660E089E89BE00E94024660E09B
:10C560008AE79BE00E94024660E085E69BE00E942D
:10C57000024661E082E59BE00E94024660E085E4BD
:10C580009BE00E94024660E081E39BE00E9402463D
:10C5900068C98637910509F4A6C78737910509F060
:10C5A00056C90E94B0DB5DC98F32A1E09A0711F431
:10C5B0000C94C96E0CF008C28D3C910511F40C94DA
:10C5C000B26B0CF0D7C08B39910509F428C60CF07A
:10C5D0004FC08C38910509F4D5C55CF489379105B5
:10C5E00009F035C91092A2071092A1070E9400DC41
:10C5F00038C98139910509F4B2C78639910509F026
:10C6000026C982E40E94FC3110E0882351F0809119
:10C61000FB039091FC031FEF892B19F00E94062762
:10C62000182F85E50E94FC3100E0882351F08091AD
:10C63000FB039091FC030FEF892B19F00E94062752
:10C64000082F82E50E94FC31882309F4E5C7809118
:10C65000FB039091FC03892B09F4E0C70E94062795
:10C6600089830A831B83CE0101960E948134F9C815
:10C67000893C910509F4E1C70CF043C08E3B91055C
:10C6800009F49EC5883C910509F0E1C80E944C4020
:10C69000182F87FDE6C884E40E94FC31882371F1DD
:10C6A0000E94D2316B017C0101E020E030E0A90161
:10C6B0000F94A02E811101C000E00093190620E024
:10C6C00030E0A901C701B6010F94A02E8823B1F074
:10C6D0000E94D2316B017C0120E030E0A9010F946F
:10C6E000A02E882309F49CC734E01302F001112422
:10C6F000E25EF94FC082D182E282F3820E94ECB303
:10C70000B0C88B3C910509F4C2C78C3C910509F077
:10C710009EC880911B0487FDDDC780911C048E702C
:10C7200009F0D8C74091CD135091CE136091CF132B
:10C730007091D0138CE59DE00E9480414091D1130F
:10C740005091D2136091D3137091D41389E59DE079
:10C750000E9480414091D5135091D6136091D71318
:10C760007091D81386E59DE00E9480418AE00E9486
:10C770004A3C77C8823E910511F40C941A6D0CF076
:10C7800077C0833D910511F40C94396C44F548E869
:10C79000C42E42E0D42E51EDE52E59E0F52E10E0E6
:10C7A0008E3C910509F053C8F60181916F010E94FA
:10C7B000FC31882359F00E94D231D7016D937D93CB
:10C7C0008D939C931397812F0E94BCD61F5FB4E07A
:10C7D000EB0EF11C133041F70E9498E842C88C3DE3
:10C7E000910511F40C94F16C8D3D910509F02FC861
:10C7F0000E944C40D82E87FD34C883E50E94453204
:10C80000ED2C0D2C000CFF088701000F111F882351
:10C8100011F40C94006D0E942A27F801EA5CFD4F88
:10C82000918380838701000F111F000F111FF801F2
:10C83000E159FD4F7F01BC01990F880B990B0F94B3
:10C84000A72E2AE037ED43E25CE30F94062FF801B0
:10C85000E65EF94F20813181428153810F94062F8A
:10C86000D7016D937D938D939C9313970C94315CBA
:10C870008C32E1E09E0711F40C940F6E0CF072C044
:10C88000883121E0920711F40C94646D823291405A
:10C8900011F00C94275C8AE50E944532882311F43C
:10C8A0000C94006E0E94D23120E030E040E050EC69
:10C8B0000F94A02EC12CD12CE12C40ECF42E87FD3E
:10C8C00013C00E94D23120E030E040E050E40F94E9
:10C8D000E437C12CD12CE12C30E4F32E181624F0CF
:10C8E0000E94D2316B017C012091B5133091B613B7
:10C8F0004091B7135091B813C701B6010F94062F9A
:10C900000F94F036CB010F94941880E50E94FC310F
:10C9100081110C94086EA70196016091CE0B709165
:10C92000CF0B8091D00B9091D10B0F9484356093F5
:10C93000CE0B7093CF0B8093D00B9093D10B0E94B2
:10C94000D53D4091CE0B5091CF0B6091D00B7091A3
:10C95000D10B86E09EE00E9480418AE00E944A3C22
:10C960000C94315C8D3241E0940711F40C94256EE7
:10C970008E32914011F00C94275C83E50E94FC31CB
:10C98000182F882371F00E94D2310F94F0367093E3
:10C9900074026093730221E0672B09F020E020937A
:10C9A000260C80E50E94FC31882311F40C94A76EBC
:10C9B0002091730230917402232B11F00E941A27E8
:10C9C0008093260C0C94315C853FB1E09B0711F4F9
:10C9D0000C94EF6F0CF068C08A39F1E09F0709F4FE
:10C9E000ABC3ECF5803931E0930711F40C94CD6EB4
:10C9F00024F58336914011F00C94275C80E50E9469
:10CA0000453210E0882339F00E94062780931202F5
:10CA10001092FD0311E083E50E944532882311F452
:10CA20000C94EE700E941A278093110281E080938B
:10CA3000FD030E9422280C94F1708139B1E09B071C
:10CA400011F40C94D16E8239914011F00C94275C52
:10CA500080E00E940FDC0E9498E80C94315C853ADB
:10CA6000F1E09F0711F40C94D86E7CF48D3931E01D
:10CA7000930711F40C941971843A914011F00C94BD
:10CA8000275C0E941C460C94315C8C3AA1E09A070A
:10CA900011F40C943A6F843F914011F00C94275C90
:10CAA0000E94E3DF0C94315C8B35E2E09E0711F4C9
:10CAB0000C9455704CF5883F21E0920711F40C94CA
:10CAC000F76F9CF4863F41E0940711F40C94F36FE8
:10CAD000873F914011F00C94275C61E083E50E9450
:10CAE00092320E9449E90C94315C8C30B2E09B0791
:10CAF00011F40C940A708835924011F00C94275C64
:10CB00000E9405540C94315C803AF3E09F0709F4CD
:10CB100081C1BCF5833533E0930711F40C94157093
:10CB20008438934011F00C94275C8BE40E944532CA
:10CB3000882311F40C94DB700E94D2316B017C01CC
:10CB400020E030E0A9010F94E43787FF02C00C9485
:10CB5000D57020E030E040E251E4C701B6010F9407
:10CB6000A02E181614F40C94D5700E94B0C9C0926F
:10CB7000270CD092280CE092290CF0922A0C0C94ED
:10CB8000315C873EA3E09A0711F40C940971883E4A
:10CB9000934011F00C94275C0E9402720C94315C5B
:10CBA00080915205882321F080E00E944649F8CF09
:10CBB00080910B05882349F019821A821B82CE01CD
:10CBC00001960E94813410920B050E94F99A1092EE
:10CBD00052051093FF030C94315C60E081E19AE010
:10CBE0000E94AD9A5F988A98809108018170809325
:10CBF000060112980C94315C89E29AE00E94513C43
:10CC00001092860782E795E10E9444BE8BE1E2E73D
:10CC1000F5E1DE01119601900D928A95E1F750E061
:10CC200040E0BE016F5F7F4F90E080E00E94ABE488
:10CC3000CE0101960E947B348AE19AE00E94513C29
:10CC40000C94315C0E9497F20C94315C80911E042C
:10CC500090911F04FC012191222331F02032D9F759
:10CC6000DF0111971C92F7CF40E061E00F94122290
:10CC70000C94315C83E50E944532882321F00E94A8
:10CC8000F6260E94E82684E50E9445328823A9F012
:10CC90000E94F6266B017C010E94C882C092260683
:10CCA000D0922706E0922806F0922906CD28CE28B9
:10CCB000CF2819F081E080932E060E944E30882301
:10CCC00021F00F94BD200E949CC70E94F99A0C94F9
:10CCD000315C8091551583FD02C00C94315C83E575
:10CCE0000E944532882311F40C94315C0E94F62690
:10CCF0000E94E8260C94315C83E40E94FC31882376
:10CD000019F184E49AE00E94513C8091B91688237D
:10CD100091F0BE016F5F7F4F86EB96E10E940ABEE5
:10CD20008E010F5F1F4FD8018D918D01882339F03F
:10CD30000E944A3CF8CF8AE39AE00E94513C8AE084
:10CD40000E944A3C0C94315C8091551582FF21C0B1
:10CD500083E59AE00E94513C609151157091521503
:10CD600080915315909154154AE00E94A13F8FE2A3
:10CD70000E944A3C60914D1570914E1580914F155F
:10CD8000909150154AE00E94A13F0E94E2450C9408
:10CD9000315C85E69AE00E94513C0C94315C40E0A5
:10CDA00060E080911E0490911F040F9412220C9455
:10CDB000315C809155158E7F809355150C94315CB4
:10CDC0008091551582FD0E94B0C98091551583FD53
:10CDD00002C00C94315C60E080E50E949232182F12
:10CDE000482F61E080911E0490911F040F9412223D
:10CDF00083E50E944532882321F00E94F6260E9496
:10CE0000E8260F94BD2011110C94315C0E949CC740
:10CE10000C94315C20911E0430911F0490915515A3
:10CE200092609093551540E060E0C9010F94122282
:10CE30000C94315C0E9496826C8F7D8F8E8F9F8FB9
:10CE4000BE016F5F7F4FCE014C960E94722FCE01C4
:10CE500001960E94F4FA0E94D53DBE016F5F7F4F9C
:10CE600086E79AE00E946F3C8AE00E944A3C0C945C
:10CE7000315C61E0802F0F9457166F2D802F0F9437
:10CE80001F166F2D70E0802F0F940F17B9E0EB1273
:10CE90000C94315CF092150C0C94315C0E949CC790
:10CEA0000C94315C0E94E3820C94315C70E060E091
:10CEB00083E50E9477328E34910531F40E9464C874
:10CEC0000E94F99A0C94315C81EE9AE00E94513CE8
:10CED000609191077091920788ED9AE00E94164048
:10CEE00060919307709194078BEC9AE00E94164032
:10CEF00060919107709192078091930790919407A8
:10CF0000681B790B80912E06815021E030E0823041
:10CF100010F030E020E0621B730B80EC9AE00E947E
:10CF200016408AE00E944A3C88EB9AE00E94513CFD
:10CF30008091950790919607A0919707B0919807D7
:10CF40008C8F9D8FAE8FBF8FBE016F5F7F4FCE01E5
:10CF50004C960E94722FBE016F5F7F4F8BEA9AE062
:10CF60000E946F3C8091990790919A07A0919B072E
:10CF7000B0919C078C8F9D8FAE8FBF8FBE016F5F6E
:10CF80007F4FCE014C960E94722FBE016F5F7F4F84
:10CF90008BE99AE00E946F3C20E030E04AE754E4DD
:10CFA00060919D0770919E0780919F079091A007C7
:10CFB0000F947E36AB01BC0183E89AE00E94804169
:10CFC0008DE60E944A3C8AE00E944A3C0C94315C07
:10CFD00080918D1183FF02C00C94315C0E944C4003
:10CFE000082F87FF02C00C94315C83E50E94453214
:10CFF000182F8823A1F00E94D2310F94F036CB0174
:10D000000E942EC90E94D23120E030E04AEA52E468
:10D010000F94A02E18164CF40E949CC70AC082E5FB
:10D020000E9445328111E7CF0DCA0E94F6C70E94C7
:10D03000F99A6091141470911514072E000C880B46
:10D04000990B0F94A72E2091101430911114409138
:10D050001214509113140F94E437181664F089EEEB
:10D060009AE0112351F00F945023612F802F0E94DA
:10D07000FDE60C94315C86EF9AE060E00E94AD9A88
:10D08000F2CF8EE40E944532882311F40C94315C77
:10D090000E94F6266093E3137093E4138093E513E4
:10D0A0009093E6130C94315C83E50E94FC31882355
:10D0B00031F060E083E50E94863280938D110E94FA
:10D0C000D53D81E19BE00E94513C80918D118823E8
:10D0D00051F110E000E020E080918D1190E0B0E08F
:10D0E000A0E0002E04C0B695A795979587950A9461
:10D0F000D2F780FF12C0FF24F394F20E222319F01E
:10D100008CE20E944A3CF801EE0FFF1FE95FF44FEA
:10D11000859194910E94513C2F2D0F5F1F4F053038
:10D120001105D1F60CCE83E09BE007CE109252059C
:10D13000109266020C94315C0E948B390C94315C25
:10D1400083E50E944532882369F00E9406278D33CB
:10D1500020F480930A020C94315C8CE380930A02E1
:10D160000C94315C0E94D53D40910A0250E070E081
:10D1700060E088E19BE00E9405408AE00E944A3C12
:10D180000C94315C80918D1183FF02C00C94315C52
:10D1900083E50E944532882311F40C94315C0E948F
:10D1A000D2310F94F0366E36710514F06EE670E0F1
:10D1B00070936D0B60936C0B0E944FB50C94315CB7
:10D1C0000E948C4C0C94315C0E944C40182F87FDBF
:10D1D0000AC08FE19BE00E94513C812F0E948EE6A5
:10D1E0008AE00E944A3CEAA5E093FF03AC960FB6A2
:10D1F000F894DEBF0FBECDBFDF91CF911F910F918D
:10D20000FF90EF90DF90CF90BF90AF909F908F9066
:10D210007F906F905F904F903F902F90089583E59F
:10D220000E944532882311F40C94315C0E94062739
:10D23000182F8D3308F01CE31093F2030F94191884
:10D240006B017C01212F30E0A8EEB3E00F9438355C
:10D25000C60ED71EE81EF91EC092EE03D092EF0351
:10D26000E092F003F092F1030C94315C60E080E511
:10D270000E94863281110C94315C81E40E94FC3161
:10D280006091150C70E0811102C06FEF70E083E5D2
:10D290000E9469328F3F910519F010F08FEF90E0F6
:10D2A0008093150C8093630B0C94315C1092F60301
:10D2B0000C94315C81E08093F6030C94315C88E53A
:10D2C0000E94FC31811113C089E50E94FC3181115B
:10D2D0000EC08AE50E94FC31811109C085E40E94DC
:10D2E000FC31811104C00E942ECB0C94315C0E9451
:10D2F000B0C988E50E94FC31882331F05F9A8091A3
:10D30000D80B8E7F8093D80B89E50E94FC3188234F
:10D3100031F08A9A8091D80B8D7F8093D80B8AE563
:10D320000E94FC31882359F080910801809581701A
:10D33000809306018091D80B8B7F8093D80B85E476
:10D340000E94FC31882311F40C94315C129A0C94E5
:10D35000315C83E50E94FC31882311F40C94315C2C
:10D360000E94D23120E030E04AE754E40F94062FC7
:10D370000F94F7366093F7037093F8038093F903E3
:10D380009093FA030C94315C0E944C4087FF02C0DA
:10D390000C94315C80911A0484FD09C080911C04B6
:10D3A00087FD05C080911D04837009F489C018E8C9
:10D3B000C12E12E0D12E09E9E02E03E1F02E10E09B
:10D3C000D6018D916D010E944532882309F465C014
:10D3D000133009F06DC00E94D2314B015C0120E096
:10D3E00030E040EA51E40F94A02E87FF4EC0A50123
:10D3F00094016091B9137091BA138091BB1390910D
:10D40000BC130F947E362B013C01AC019B01609153
:10D410000D0C70910E0C80910F0C9091100C0F94CC
:10D42000062F60930D0C70930E0C80930F0C90934D
:10D43000100CA30192016091C9137091CA138091DD
:10D44000CB139091CC130F94062F6093C913709354
:10D45000CA138093CB139093CC136091F90B709106
:10D46000FA0B8091FB0B9091FC0B0F94A52EA3015E
:10D4700092010F94062F0F94F7366093F90B709377
:10D48000FA0B8093FB0B9093FC0B8092B913909254
:10D49000BA13A092BB13B092BC131F5FF4E0EF0E5F
:10D4A000F11C143009F08CCF0E948CC90C94315CB3
:10D4B0000E94D231F701648B758B868B978BEDCFF1
:10D4C00081E00E943BFB0C94315C0E94B0C90E9439
:10D4D00098E80C94315C80911E0490911F040E9486
:10D4E000F4FA0C94315C00911E0410911F0483E047
:10D4F000F12C40E08150E9F0D8019C91292F2B7F3D
:10D500002134C1F711962C912133A1F7913421F0E8
:10D51000953421F441E002C0FF24F39498012E5F7A
:10D520003F4F89012F5F3F4FF80190819032C9F33F
:10D53000E1CF41110E94D53DFF2021F080E39DE025
:10D540000E94513CC8010E94C2470C94315C409338
:10D55000A2074093A1070E9400DC0C94315C70E0AC
:10D5600060E083E50E9477328C01823040F00E94B7
:10D57000823C84E39DE00E94513C0C94315C88E441
:10D580000E9445328823A9F00E942A27F801FF272C
:10D59000EE0FFF1FE455FA4F8E3121E0920714F091
:10D5A0008DE191E08A3A910514F48AEA90E0918342
:10D5B000808386E40E944532882379F00E942A27DE
:10D5C00097FD28C08F3F910519F014F08FEF90E080
:10D5D000F801FF27EA55FA4F808382E40E94453222
:10D5E000882311F40C94315C0E942A27F801FF274C
:10D5F000EE0FFF1FE855FA4F8F36910514F08EE6B7
:10D6000090E08530910514F485E090E0918380836B
:10D610000C94315C80E0DCCF80E022C88FEF20C822
:10D6200080E090E0A0EEBFE380931E0690931F067B
:10D63000A0932006B093210661C80E944C4087FF4A
:10D6400002C00C94315C08E812E079E9E72E73E13E
:10D65000F72EECE8CE2EE2E0DE2ED8018D918D0182
:10D660000E94FC31882349F00E94D2310F94F73692
:10D67000F7016083718382839383F4E0EF0EF11CE2
:10D68000C016D10651F70E943EC90C94315C0E942D
:10D690004C4087FF02C00C94315C68E8E62E62E0E3
:10D6A000F62E10E000E0D7018D917D010E94FC3143
:10D6B000882349F00E94D231F801E756FC4E64A35A
:10D6C00075A386A397A30C5F1F4F0031110559F76F
:10D6D0000C94315C83E50E944532882391F00E94CE
:10D6E000D2316093CD137093CE138093CF13909368
:10D6F000D0136093D5137093D6138093D713909360
:10D70000D81380E50E944532882351F00E94D2311F
:10D710006093CD137093CE138093CF139093D01357
:10D7200082E50E944532882351F00E94D2316093F5
:10D73000D1137093D2138093D3139093D41384E5B1
:10D740000E944532882311F40C94315C0E94D2313E
:10D750006093D5137093D6138093D7139093D813F7
:10D760000C94315C80911A04827151F480911C04F4
:10D770008C7831F480911D04837011F40C94315C29
:10D7800082E40E94FC31882351F00E943A28609381
:10D79000A9137093AA138093AB139093AC1383E5F2
:10D7A0000E94FC31882351F00E94D2316093D9133A
:10D7B0007093DA138093DB139093DC1384E50E945B
:10D7C000FC31882351F00E94D2316093DD137093B5
:10D7D000DE138093DF139093E01388E50E94FC3101
:10D7E000882351F00E94D2316093010C7093020C97
:10D7F0008093030C9093040C89E50E94FC318823EC
:10D8000051F00E94D2316093050C7093060C809306
:10D81000070C9093080C8AE50E94FC318823B1F034
:10D820000E94D2316093090C70930A0C80930B0C08
:10D8300090930C0C2DEC3CEC4CEC5DE30F94A02E83
:10D84000181624F08CE69DE00E94513C85E40E946D
:10D85000FC31882311F40C94315C0E94D231609326
:10D860000D0C70930E0C80930F0C9093100C0C9475
:10D87000315C0E94D53D8EEB9DE00E94513C83E5DA
:10D880000E94FC31882321F00E941A2780931602FF
:10D8900080911602882309F4A1C084E69FE00E94CB
:10D8A000513C86EB9DE00E94513C2091C20B30918F
:10D8B000C30B4091C40B5091C50B6091190270913C
:10D8C0001A0280911B0290911C020F948435AB01C7
:10D8D000BC0184EB9DE00E9480412091C60B3091F9
:10D8E000C70B4091C80B5091C90B609121027091F8
:10D8F000220280912302909124020F948435AB017F
:10D90000BC0181EB9DE00E9480412091CA0B3091C7
:10D91000CB0B4091CC0B5091CD0B609129027091B3
:10D920002A0280912B0290912C020F948435AB0136
:10D93000BC018EEA9DE00E94804186EA9DE00E9443
:10D94000513C2091C20B3091C30B4091C40B5091BC
:10D95000C50B60911D0270911E0280911F02909173
:10D9600020020F948435AB01BC0184EA9DE00E9443
:10D9700080412091C60B3091C70B4091C80B50914C
:10D98000C90B609125027091260280912702909127
:10D9900028020F948435AB01BC0181EA9DE00E940E
:10D9A00080412091CA0B3091CB0B4091CC0B509110
:10D9B000CD0B60912D0270912E0280912F029091DB
:10D9C00030020F948435AB01BC018EE99DE00E94CA
:10D9D00080418AE00E944A3C0C94315C80E69FE0E2
:10D9E0005ECF83E50E944532882311F40C94315CAC
:10D9F0000E942A2790931802809317020C94315C9E
:10DA00000E94D53D85E40E944A3C80E38D0D0E9432
:10DA10004A3CF801EA5CFD4F608171818EEC9DE02B
:10DA20000E943F4085E20E944A3C8AE00E944A3CB4
:10DA30000C94315C80E50E94FC31882311F40C9435
:10DA4000315C70E060E080E50E947732F82E6FEF85
:10DA50007FEF83E50E9477328C010196039710F0E7
:10DA60000C94315CF7FE02C00C94315C8F2D0F9446
:10DA70002B2381110C94B6610E94B0C960E08F2DF8
:10DA80000F9457160F3F100789F001301105C9F0A8
:10DA900010E000E08F2D0F94FA298017910711F400
:10DAA0000C94315C80E00E944649F4CF8F2D0F9496
:10DAB000FA2931E020E0892B09F030E0032F122F02
:10DAC000E9CF01E010E0E6CF80E50E94FC31882339
:10DAD00011F40C94315C0E942A278C01892B09F0E7
:10DAE00082C083E50E94FC31882391F00E942A279E
:10DAF0008F3F980731F48FEB94E10E94C1390C9469
:10DB0000315CBC018FEB94E10E94013A0C94315CD2
:10DB10000E94D53D70E060E088EE9DE00E943F40AD
:10DB20008091C114E8E5CE2EE2E0DE2EC81AD108BD
:10DB300087FDD394CC0CDD1CCC0CDD1C0D2C000C13
:10DB4000EE08FF088091C014A8E88A2E912C881A4C
:10DB5000910887FD9394880C991C880C991C092CBA
:10DB6000000CAA08BB088091BF1490E08F3FC9F158
:10DB7000FC01EE0FFF1FE80FF91FEE5AFB4E8181EB
:10DB8000928163E0880F991F6A95E1F7B0E0A0E009
:10DB900074E0B595A795979587957A95D1F70296F4
:10DBA0009C012F5F3F4F032E000C440B550B28198F
:10DBB00039094A095B09A4EBB0E00F942535A701A8
:10DBC0009601281939094A095B090F940635B901EC
:10DBD00085EE9DE00E943F408AE00E944A3C0C9402
:10DBE000315C80E0DDCF0E94823CB8018FEF9DE088
:10DBF0000E943F4080EF9DE00E94513C0C94315CBC
:10DC000083E50E94453281110C9452640C94315C7E
:10DC10000E941A2781110C948B640C94315C64E08F
:10DC200071E083E50E9469328C0168EE73E080E563
:10DC30000E9469328938F3E19F0710F088E893E188
:10DC4000B8010E94809A0C94315C60E085E40E94E7
:10DC50008632811174C080E50E94FC31882351F026
:10DC60000E94D23160931714709318148093191482
:10DC700090931A1489E40E94FC31882381F00E9459
:10DC8000D2312CEA35EC47E25EE30F94062F609325
:10DC90001B1470931C1480931D1490931E1484E421
:10DCA0000E94FC31882381F00E94D2312CEA35ECAD
:10DCB00047E25EE30F947E3660931F147093201446
:10DCC00080932114909322140E94D53D4091171403
:10DCD000509118146091191470911A148FE19EE0FC
:10DCE0000E9480412CEA35EC47E25EE360911B1410
:10DCF00070911C1480911D1490911E140F947E3607
:10DD0000AB01BC018BE19EE00E9480412CEA35EC26
:10DD100047E25EE360911F147091201480912114FA
:10DD2000909122140F94062FAB01BC0187E19EE075
:10DD30000E9480418AE00E944A3C0C94315C0E941F
:10DD4000823C83E29EE00E94513C0C94315C1111B4
:10DD50000C94315C0E94D53D81E59EE00E94513CCF
:10DD60008091260C882391F089E39EE00E94513C2B
:10DD7000609173027091740280E49EE00E943F40C3
:10DD80008CE39EE00E94513C0C94315C85E39EE064
:10DD9000EDCF0E9491410C94315C0E94B0C90C946B
:10DDA000315C81E00E940FDC0E9498E80C94315CA9
:10DDB0006FEF7FEF89E40E947732E82E6FEF7FEFFD
:10DDC0008AE40E947732082F8AE50E94FC31182FDE
:10DDD000F12C811104C081E50E94FC31F82EE7FC92
:10DDE00006C007FD04C011110AC0F11008C00E944E
:10DDF000823C83E89EE00E94513C0C94315C23E01D
:10DE00002E1510F0043040F00E94823C84E69EE023
:10DE10000E94513C0C94315C0E94D231002E000CC7
:10DE2000110B3E2D44E03402D001112420E030E0FB
:10DE3000A901FF2069F0FD01E00FF11FEE0FFF1FA8
:10DE4000EE0FFF1FE055FA4F20813181428153814F
:10DE50000A0F1B1F000F111F000F111F00551A4F33
:10DE60000F948435D8016D937D938D939C93139774
:10DE70000C94315C0F947D0E81110C94315C6AE539
:10DE8000C62E63E3D62EECEDFBE0FDA3ECA39E01D2
:10DE90002F5F3F4F19018901F12CE12CF6016591AB
:10DEA000759185919491ACA1BDA18D909D90AD90FF
:10DEB000BD90BDA3ACA3A50194010F9483352B01A4
:10DEC0003C01F801408251826282738220E030E09E
:10DED00040EA51EC0F94E43787FD0AC020E030E0BF
:10DEE00040EA51E4C301B2010F94A02E181684F445
:10DEF000F701E155FC4CE4911E1654F4B7FAB094C6
:10DF0000B7F8B094D8018D929D92AD92BC921397C0
:10DF1000F80180809180A280B38020E030E040EA68
:10DF200051ECC501B4010F94E43787FD0AC020E02D
:10DF300030E040EA51E4C501B4010F94A02E181658
:10DF4000ACF40E94823C81EC9EE00E94513C61E076
:10DF500083EB9EE00E94AD9A0E946A2968E270E01D
:10DF600088EC90E00E94809A0C94315CFFEFEF1AED
:10DF7000FF0A24E0C20ED11C0C5F1F4F33E0E316F2
:10DF8000F10409F08BCF51EDE52E59E0F52E10E0AC
:10DF9000F10181919191A191B1911F01F7018193BB
:10DFA0009193A193B1937F01812F0E94BCD61F5FF3
:10DFB000133071F70E9498E860E083EA9EE00E94C7
:10DFC000AD9A63E972E084E690E00E94809A6AEB81
:10DFD00072E084E690E00E94809A0C94315C0E948A
:10DFE00089F20C94315C0E94B8DE0C94315C81E0C3
:10DFF000809395050E9475EC10929505882311F485
:10E000000C94315C0E94D53D8FED9EE00E94513C06
:10E010000C94315C8091551582FD02C00C94315CEA
:10E020008062809355150C94315C8AE50E944532DC
:10E03000882341F10E94D2316B017C0120E030E065
:10E0400040EA51EC0F94E43787FD14C020E030E043
:10E0500040EA51E4C701B6010F94A02E181654F0FF
:10E06000C092CE0BD092CF0BE092D00BF092D10B9E
:10E070000C94315C0E94823C8AEE9EE00E94513CEE
:10E080000C94315C0E94D53D4091CE0B5091CF0B4A
:10E090006091D00B7091D10B87E09FE00E9480418E
:10E0A0008AE00E944A3C0C94315C0E944C40082F4C
:10E0B00087FF02C00C94315C85E50E94FC31882307
:10E0C00059F10E94D2314B015C01E02E002E000C70
:10E0D000FF0820E030E0A9010F94E43787FF04C077
:10E0E000B7FAB094B7F8B09420E030E048E453E4D5
:10E0F000C501B4010F94E437970143E0220F331FA9
:10E100004A95E1F722563A4F1816D4F1D9018D926B
:10E110009D92AD92BC9213978CE40E94FC318823AF
:10E1200011F40C94315C0E94D2316B017C01002E01
:10E13000000C110B20E030E0A9010F94E43787FFB9
:10E1400004C0F7FAF094F7F8F09420E030E048E4E7
:10E1500053E4C701B6010F94E437980193E0220F0E
:10E16000331F9A95E1F722563A4F18169CF0D901C1
:10E170001496CD92DD92ED92FC9217970C94315C3F
:10E1800080E090E0A8E4B3E4F90180839183A28366
:10E19000B383C2CF80E090E0A8E4B3E4F9018483C4
:10E1A0009583A683B7830C94315C88E19FE00E943D
:10E1B000513C0C94315C0E94D53D4091270C50910C
:10E1C000280C6091290C70912A0C87E39FE00E9433
:10E1D00080418AE00E944A3C0C94315C11110C94FD
:10E1E00019650E94D53D80911102811106C08FE40E
:10E1F0009FE00E94513C0C94315C6091120270E0EF
:10E2000082E49FE00E943F408AE00E944A3C0C94D6
:10E21000315C81E0809350021092FD1360E083E551
:10E220000E94923281110C94315C0E94E8450C945A
:10E23000315C83E50E94FC31882341F00E941A275B
:10E240008093D0090E9459340C94315C0E94D53DD2
:10E2500087E69FE00E94513C8091D009882349F0D5
:10E2600084E69FE00E94513C8AE00E944A3C0C9464
:10E27000315C80E69FE0F6CF0091210410912204EA
:10E28000002311F40C94315C0E94D53D84E50E947A
:10E290004A3CB8017727072E000C880B990B0E9487
:10E2A000234080E20E944A3C8CE79FE00E94513C60
:10E2B0000C94315C112311F40C94F4600E94B0C9E9
:10E2C00060E08EEF99E00E94AD9A0C940461EF92A9
:10E2D000FF920F931F93CF93DF938C01E090DA0BA3
:10E2E000F090DB0B6AE070E0C8010F94D238EC01CB
:10E2F000892B09F01882C8010E945C3081E00E94DD
:10E30000E95B209721F08E010F5F1F4FEBCFC70114
:10E31000DF91CF911F910F91FF90EF900C945C30A3
:10E320004F925F926F927F928F929F92AF92BF9225
:10E33000CF92DF92EF92FF920F931F93CF93DF93D1
:10E34000CDB7DEB77C014DB65EB66090DA0B70904B
:10E35000DB0B8DB69EB66AE070E0C7010F94E22D2C
:10E360006C018C010E191F09892B21F4C7010F9430
:10E37000ED2D8C01C80101962DB73EB7281B390B36
:10E380000FB6F8943EBF0FBE2DBF8DB79EB7019656
:10E390005C01A801B7010F940E2EF501E00FF11FEB
:10E3A0001082C5010E945C3081E00E94E95BC114CB
:10E3B000D10451F076019FEFE91AF90A0FB6F894EB
:10E3C0009EBE0FBE8DBEC5CF0FB6F8949EBE0FBECB
:10E3D0008DBEC3010E945C300FB6F8945EBE0FBEC6
:10E3E0004DBEDF91CF911F910F91FF90EF90DF9085
:10E3F000CF90BF90AF909F908F907F906F905F90E5
:10E400004F9008958F929F92AF92BF92CF92DF92DA
:10E41000EF92FF920F931F93CF93DF93CDB7DEB7A9
:10E42000C059D1090FB6F894DEBF0FBECDBF0E9410
:10E430007134882369F083E50E94FC318823E1F080
:10E4400020E040E070E060E082E79FE70E94AE28B5
:10E45000C057DF4F0FB6F894DEBF0FBECDBFDF91C0
:10E46000CF911F910F91FF90EF90DF90CF90BF90D1
:10E47000AF909F908F90089589E899E00E949071E5
:10E4800081E799E00E94907187E08093D80B809398
:10E49000FC058091D2079091D3079E012F5F3F4FDB
:10E4A0007901009799F09F938F9388E699E09F9365
:10E4B0008F933F932F930F94372EC7010E9467715C
:10E4C0000F900F900F900F900F900F908091D007AA
:10E4D0009091D107009709F0F8C08091D40781117D
:10E4E00008C18090D6079090D707A090D807B09029
:10E4F000D90720E030E0A901C501B4010F94A02E96
:10E50000FE01EF57FF4F6F01811104C08091D507C5
:10E510008823E9F0860121E041E0C501B4010F94B0
:10E52000232ADF92CF928091D5071F928F9385E4A3
:10E5300099E09F938F93FF92EF920F94372EC7012C
:10E540000E9467710FB6F894DEBF0FBECDBF609119
:10E55000A6077091A7078091A8079091A907860147
:10E5600023E041E00F94232A5E0131E7A30EB11CA2
:10E570006091AA077091AB078091AC079091AD07AD
:10E58000850123E041E00F94232ABF92AF92DF92EE
:10E59000CF9284E399E09F938F93FF92EF920F9431
:10E5A000372EC7010E9467716091AE077091AF0767
:10E5B0008091B0079091B107860123E041E00F946C
:10E5C000232A89E299E00E949071DF92CF928FE135
:10E5D00099E09F938F93FF92EF920F94372EC7018C
:10E5E0000E9467718091CF078F938091CE078F93A0
:10E5F00088E199E09F938F93FF92EF920F94372ECB
:10E60000C7010E9467716091B2077091B307809152
:10E61000B4079091B50723E041E00F94232ADF92DD
:10E62000CF928EE099E09F938F93FF92EF920F9499
:10E63000372EC7010E9467718091DA078093FE032D
:10E640008091DB078093F60396EBC92E97E0D92ED5
:10E6500021ED822E29E0922E30EFA32E35E0B32E4D
:10E660000FB6F894DEBF0FBECDBF10E0F60181916A
:10E670009191A191B1916F01F40181939193A19333
:10E68000B1934F01F60180859185A285B385F5018F
:10E6900081939193A193B1935F01812F0E94BCD686
:10E6A0001F5F133019F70091DC071091DD0780E63A
:10E6B000D82E015098F11D9DC00111248252984F0F
:10E6C0000E9467711F5F1370F4CF9F938F938FE544
:10E6D00099E09F938F93FF92EF920F94372EC7018B
:10E6E0000E9467710F900F900F900F900F900F90F6
:10E6F000F4CE1F928F931F921F9282E599E09F9311
:10E700008F93FF92EF920F94372EC7010E9467718B
:10E710000FB6F894DEBF0FBECDBFE3CE8EE599E015
:10E720009F938F9387E099E09F938F93FF92EF924F
:10E730000F94372EC7010E9467718091CE098F9385
:10E740008091CD098F938091CC098F938091CB09D3
:10E750008F938091CA098F938091C9098F9380917B
:10E76000C8098F938091C7098F9389EF98E09F9391
:10E770008F93FF92EF920F94372EC7010E9467711B
:10E780000FB6F894DEBF0FBECDBF62CECF93DF933E
:10E79000C091600B80E6C89FE0011124C052D64FA3
:10E7A00080918D1180FF05C00E94D53DCE010E9451
:10E7B000C247CE010E945C3080E0DF91CF910C9483
:10E7C000E95B1F920F920FB60F9211240F900FBEAC
:10E7D0000F901F9018951F920F920FB60F92112451
:10E7E0000BB60F922F938F939F93EF93FF932091EC
:10E7F0002504E091240481E08E0F8F779091C6006C
:10E80000281729F0F0E0EC5DFB4F9283E82FE093AE
:10E810002404FF91EF919F918F912F910F900BBE48
:10E820000F900FBE0F901F9018958EBD0DB407FE70
:10E83000FDCF08958FEF8EBD0DB407FEFDCF8EB5D1
:10E840000895909164009B7F90936400982F906A44
:10E8500096959CBD80FD03C091E0863009F490E060
:10E860009DBD08958F929F92AF92BF92CF92DF92FB
:10E87000EF92FF92FC01C080D180E280F38020E023
:10E8800030E048EC52E4C701B6010F94062F4B016B
:10E890005C0120E030E0A901C701B6010F94A02E71
:10E8A00020E030E040EA50E487FF04C020E030E0A0
:10E8B00040EA50ECC501B4010F94843520E030E00B
:10E8C00040E251E40F947E360F94F0369B018BE2C8
:10E8D00037FF05C022273327261B370B8DE2809395
:10E8E000920BC90168EE73E00F946735CB01EAE043
:10E8F000F0E0BF010F946735805D8093930BC901F1
:10E9000064E670E00F946735CB01BF010F94673563
:10E91000805D8093940BC901BF010F946735282F48
:10E92000CB01BF010F946735805D8093950B8EE21C
:10E930008093960B205D2093970B82E99BE0FF90DC
:10E94000EF90DF90CF90BF90AF909F908F90089501
:10E950009C0197FF26C0EE27FF27E81BF90B2D39F6
:10E960008FEF38070CF05DC08DE28093940BCF01E0
:10E9700064E670E00F946735CB012AE030E0B9011E
:10E980000F946735805D8093950BCF01B9010F948B
:10E990006735CB01B9010F946735805D8093960B85
:10E9A0002AC0283E83E03807B4F1C90168EE73E05D
:10E9B0000F946735CB01EAE0F0E0BF010F946735B3
:10E9C000805D8093940BC90164E670E00F94673515
:10E9D000CB01BF010F946735805D8093950BC90112
:10E9E000BF010F946735CB01BF010F946735805D80
:10E9F0008093960BF901CF016AE070E00F946735C0
:10EA0000805D8093970B84E99BE008958DE237FD4C
:10EA1000C5CF80E2C3CFF90180E2243631050CF086
:10EA2000A4CF80E28093940B8093950BEA30F1059C
:10EA30006CF38DE237FF80E28093950BCF016AE0A3
:10EA400070E00F946735605D6093960BD4CF9C01A6
:10EA5000EAE0F0E0BF010F946735805D8093970B8B
:10EA60002A303105CCF0CB01BF010F946735805DB2
:10EA70008093960B2436310594F0C90164E670E06A
:10EA80000F946735CB01BF010F946735805D80938C
:10EA9000950B85E99BE0089587E99BE0089586E959
:10EAA0009BE0089524E6829FC001112481589F4F66
:10EAB0006FEF70E00F946735262F81E3643609F01D
:10EAC00080E28093940B90E22A3040F03AE0822F6B
:10EAD000632F0F9447350F944735905D9093950BB6
:10EAE000822F6AE00F944735905D9093960B85E2F4
:10EAF0008093970B84E99BE00895FC01A081B1818C
:10EB00001C92A281B3818C918F5F8C930280F381E0
:10EB1000E02D90818CE0989F800D1124E5E0F5E1D7
:10EB200013AE84AF08958091630B8093150C089504
:10EB30006091360270913702072E000C880B990BFA
:10EB40000F94A72E2AE037ED43E25CE30F94062FE3
:10EB500020911A0630911B0640911C0650911D060B
:10EB60000F94062F60936F0270937002809371026E
:10EB7000909372020895CF93DF93EC01CB01BA0119
:10EB80000F94A72E0F94F7366883DF91CF910895E5
:10EB90000F94A72E0F94F736862F0C9452752CEAFB
:10EBA00035EC47E25EE36091530570915405809126
:10EBB0005505909156050F947E3660931F147093FF
:10EBC0002014809321149093221408952CEA35EC9C
:10EBD00047E25EE3609157057091580580915905B1
:10EBE00090915A050F94062F60931B1470931C1478
:10EBF00080931D1490931E1408950C948CC90C944A
:10EC00003EC9CF92DF92EF92FF920F931F930F9422
:10EC100019180091620510916305209164053091E7
:10EC200065056B017C01C01AD10AE20AF30A97015B
:10EC3000860137FD11C02091610520952093610563
:10EC40006A547C4F8F4F9F4F6093620570936305AA
:10EC5000809364059093650581E090916105911121
:10EC600001C080E01F910F91FF90EF90DF90CF9057
:10EC70000895CF92DF92EF92FF92CF93C82F0F9417
:10EC800019186B017C0124EA30E74DE75FE36091DE
:10EC90005D0570915E0580915F05909160050F9410
:10ECA000A02E87FD18C08AEF90E0A0E0B0E08C0DA8
:10ECB0009D1DAE1DBF1D8093790590937A05A0938D
:10ECC0007B05B0937C05C0931402CF91FF90EF9029
:10ECD000DF90CF90089580E090E0DC01E8CF21E064
:10ECE00020934E0560935D0570935E0580935F05EC
:10ECF0009093600520E040E070E060E08091770B49
:10ED00009091780B0C94AE286DEC7CEC8CEC9CE331
:10ED10000C946F766DEC7CEC8CEC9DE30C946F7630
:10ED200060E070E080E89FE30C946F7660E070E054
:10ED300080E291E40C946F762F923F924F925F9213
:10ED40006F927F928F929F92AF92BF92CF92DF92FB
:10ED5000EF92FF920F931F93CF93DF9300D01F92F8
:10ED6000CDB7DEB761E081E00E945F281091760B9D
:10ED7000212E85E0382E310E94EFC92EDD24D39458
:10ED8000E12CF12C05E0011B2EEE422E22E0522E4A
:10ED9000612C712C84E0B82EB11A83E0A82EA11A40
:10EDA00082E0982E911A81E0882E811A11113EC0BE
:10EDB0008091750B8823B9F080917502882361F0EA
:10EDC000622D619581E09091750B911180E024E0B6
:10EDD0004CE455E20F940D111F5F3112E7CF86E02E
:10EDE00080936F0B0CC080917E0B10927E0B88235A
:10EDF00019F30E9472298091700B8823E9F20F9019
:10EE00000F900F900F90DF91CF911F910F91FF9076
:10EE1000EF90DF90CF90BF90AF909F908F907F90BA
:10EE20006F905F904F903F902F900895113041F573
:10EE30008091750B813079F080917502882361F2A1
:10EE400081E09091750B913009F080E020E241E47F
:10EE500055E2682DBFCF80917E0B10927E0B8823E8
:10EE600059F3C982DA82EB82FC82BE016F5F7F4F69
:10EE700080EA0E94E63A8091700B8823E9F2BFCFC6
:10EE8000123009F090C08091750B823081F0809132
:10EE90007502882309F4A0CF81E09091750B923020
:10EEA00009F080E020E245E255E2692D93CF8091A0
:10EEB0007E0B10927E0B882351F3C982DA82EB829B
:10EEC000FC82BE016F5F7F4F88E70E94E63A809127
:10EED000700B8823E1F293CF8091750B833081F022
:10EEE00080917502882309F477CF81E09091750BAA
:10EEF000933009F080E020E249E155E26A2D6ACFC3
:10EF000080917E0B10927E0B882351F349825A82A6
:10EF10006B827C82BE016F5F7F4F8AE00E94E63A7F
:10EF20008091700B8823E1F26ACF8091750B843059
:10EF300081F080917502882309F44ECF81E0909191
:10EF4000750B943009F080E020E24FE055E26B2D24
:10EF500041CF80917E0B10927E0B882351F3498222
:10EF60005A826B827C82BE016F5F7F4F8AE50E946E
:10EF7000E63A8091700B8823E1F241CF80917E0BBD
:10EF800010927E0B8823E1F0C982DA82EB82FC8248
:10EF9000BE016F5F7F4F8CE30E94E63A8091700B59
:10EFA000882371F02CCF133009F496CF143009F474
:10EFB000BCCF153009F010CF8091750B8530F1F280
:10EFC00080917502882309F407CF81E09091750B39
:10EFD000953009F080E020E244E355E2602FFACE5C
:10EFE0000D9425186BEB75E788EC95E70C944D2E86
:10EFF000EF92FF920F931F93CF93DF9361E081E035
:10F000000E945F28C091760B85E0F82EFC0ED3E0BD
:10F01000DC1B12E01C1B01E00C1BEC2EE194C11167
:10F020002DC08091750B8823B1F0809175028823E3
:10F0300059F081E09091750B911180E024E045E951
:10F040005CE26E2D0F940D11CF5FFC12E8CF84E0CF
:10F0500080936F0B0CC080917E0B10927E0B8823E7
:10F0600021F30E9472298091700B8823F1F2DF91C5
:10F07000CF911F910F91FF90EF900895C13051F5FE
:10F080008091750B813079F0809175028823E1F2CF
:10F0900081E09091750B913009F080E020E248E822
:10F0A0005CE2602FCFCF80917E0B10927E0B882385
:10F0B00059F36091AA057091AB054091A705809125
:10F0C000AE059091AF050F94F9158091700B8823D0
:10F0D000D9F2CDCFC230F1F58091750B823081F03D
:10F0E00080917502882309F4AFCF81E09091750B70
:10F0F000923009F080E020E246E65CE2612FA2CF88
:10F1000080917E0B10927E0B882351F34091A705CE
:10F110006FEF7FEF8091AE059091AF050F94F915D9
:10F120008091700B8823E1F2A2CF80917E0B109228
:10F130007E0B8823B1F06091AA057091AB054091D8
:10F14000A70590E080E00F94F9158091700B88235B
:10F1500041F08DCFC33009F077CF8091750B8330AC
:10F1600021F380917502882309F46ECF81E090919C
:10F17000750B933009F080E020E247E75CE26D2FE9
:10F1800061CFEF92FF920F931F93CF93DF9361E0D4
:10F1900081E00E945F28C091760B85E0F82EFC0E7E
:10F1A000D3E0DC1B12E01C1B01E00C1BEC2EE194F5
:10F1B000C1112DC08091750B8823B1F0809175022B
:10F1C000882359F081E09091750B911180E024E043
:10F1D0004AE55CE26E2D0F940D11CF5FFC12E8CF73
:10F1E00084E080936F0B0CC080917E0B10927E0B9D
:10F1F000882321F30E9472298091700B8823F1F2F9
:10F20000DF91CF911F910F91FF90EF900895C13042
:10F2100051F58091750B813079F0809175028823CA
:10F22000E1F281E09091750B913009F080E020E2ED
:10F230004EE45CE2602FCFCF80917E0B10927E0B6C
:10F24000882359F36091A8057091A9054091A605FE
:10F250008091AC059091AD050F94F9158091700BDC
:10F260008823D9F2CDCFC230F1F58091750B823071
:10F2700081F080917502882309F4AFCF81E09091ED
:10F28000750B923009F080E020E24EE25CE2612FE3
:10F29000A2CF80917E0B10927E0B882351F3409178
:10F2A000A6056FEF7FEF8091AC059091AD050F94AF
:10F2B000F9158091700B8823E1F2A2CF80917E0B2B
:10F2C00010927E0B8823B1F06091A8057091A9057A
:10F2D0004091A60590E080E00F94F9158091700BA5
:10F2E000882341F08DCFC33009F077CF8091750B23
:10F2F000833021F380917502882309F46ECF81E079
:10F300009091750B933009F080E020E24EE35CE2CF
:10F310006D2F61CFEF92FF920F931F938091A60BF9
:10F3200009E91BE0882311F006EA1BE083EFE82ED1
:10F330008BE2F82E25EF3BE249E15BE962E07CE2FB
:10F3400089E09CE20F94F51A1F910F91FF90EF90C6
:10F350000895EF92FF920F931F9389E2E82E8AE2BD
:10F36000F82E10E000E02BE23AE247EE5AE966E3BD
:10F370007AE28BE39AE20F94F51A1F910F91FF90B6
:10F38000EF900895EF92FF920F931F938AE6E82E75
:10F3900084E2F82E10E000E02CE634E24DE751E87C
:10F3A0006EE774E285E894E20F94F51A1F910F91CD
:10F3B000FF90EF9008955F926F927F928F929F924D
:10F3C000AF92BF92CF92DF92EF92FF920F931F9373
:10F3D000CF93DF9361E081E00E945F28C091760BBC
:10F3E00065E0662E6C0ED6E0DC1B85E0B82EBC1AFC
:10F3F00084E0A82EAC1A83E0982E9C1A82E0882E16
:10F400008C1A81E0782E7C1A5C2E5194C11136C082
:10F410008091750B8823B1F080917502882359F093
:10F4200081E09091750B911180E024E048E253E275
:10F43000652D0F940D11CF5F6C12E8CF87E080939C
:10F440006F0B0CC080917E0B10927E0B882321F3F2
:10F450000E9472298091700B8823F1F2DF91CF9185
:10F460001F910F91FF90EF90DF90CF90BF90AF90E2
:10F470009F908F907F906F905F900895C13009F0BA
:10F480003FC08091750B8130E9F08091750288232F
:10F4900091F211E08091750B813009F010E06091DC
:10F4A000BD137091BE138091BF139091C0130E9441
:10F4B000B62900E09C014AE153E2672D812F0E94AA
:10F4C000112FB9CF80917E0B10927E0B8823E9F229
:10F4D0000F940514D12CC12CE12C10ECF12E09E76E
:10F4E00014E420E030E040E85FE36DEB73E181E29B
:10F4F00093E20F94FC128091700B882331F2AECF0F
:10F50000C23009F010C18091750B8230D9F0809122
:10F510007502882309F48FCF11E08091750B82303A
:10F5200009F010E06091C1137091C2138091C31370
:10F530009091C4130E94B62900E09C014CE053E274
:10F54000682DBCCF80917E0B10927E0B8823F9F240
:10F550000F940514D12CC12CE12C10ECF12E09E7ED
:10F5600014E420E030E040E85FE361EC73E183E124
:10F5700093E20F94FC128091700B882341F26ECFBE
:10F580008091750B8330D9F080917502882309F43E
:10F5900052CF11E08091750B833009F010E060913B
:10F5A000C5137091C6138091C7139091C8130E9420
:10F5B000B62900E09C014EEF52E2692D7FCF809189
:10F5C0007E0B10927E0B8823F9F20F940514D12C38
:10F5D000C12CE12C10ECF12E09E714E420E030E01E
:10F5E00040E85FE365EC73E185E093E20F94FC1281
:10F5F0008091700B882341F231CF8091750B84305C
:10F60000D9F080917502882309F415CF11E080911B
:10F61000750B843009F010E06091C9137091CA1322
:10F620008091CB139091CC130E94B62900E09C01ED
:10F6300040EF52E26A2D42CF80917E0B10927E0BFA
:10F640008823F9F20F940514D12CC12CE12C10EC75
:10F65000F12E09E714E420E030E040E85FE369ECD4
:10F6600073E187EF92E20F94FC128091700B882374
:10F6700041F2F4CE8091750B8530D9F080917502FE
:10F68000882309F4D8CE11E08091750B853009F0FC
:10F6900010E06091D9137091DA138091DB1390918F
:10F6A000DC130E94B62900E09C0146EE52E26B2D6D
:10F6B00005CF80917E0B10927E0B8823F9F20F9478
:10F6C0000514D12CC12CE12C10ECF12E09E714E427
:10F6D00020E030E0A90169ED73E18BEE92E20F9436
:10F6E000FC128091700B882349F2B8CE80917E0B7A
:10F6F00010927E0B882339F10F940514D12CC12C64
:10F70000E12C10ECF12E09E714E420E030E0A9012F
:10F710006DED73E18CED92E20F94FC128091700B11
:10F72000882389F09BCEC33009F42ACFC43009F472
:10F7300064CFC53009F49ECFC63009F07CCE8091ED
:10F74000750B863099F280917502882309F473CE87
:10F7500011E08091750B863009F010E06091DD13A7
:10F760007091DE138091DF139091E0130E94B6290F
:10F7700000E09C0142ED52E26D2FA0CE65E77DE7EF
:10F7800080E00D94111460E77DE781E00D94111481
:10F790006BE67DE782E00D94111462ED7BE783E078
:10F7A0000D941114CF93DF9300D01F92CDB7DEB725
:10F7B00080917E0B10927E0B882359F010924E059B
:10F7C0000E9472290F900F900F900F90DF91CF91B0
:10F7D00008956091830B7091840B6115710561F13F
:10F7E000072E000C880B990B0F94A72E20915D0516
:10F7F00030915E0540915F05509160050F94062F92
:10F800002091E80B3091E90B4091EA0B5091EB0B02
:10F810000F9484356093E80B7093E90B8093EA0BA7
:10F820009093EB0B83E00E94397681E08093750220
:10F830001092840B1092830B80917502882311F231
:10F840002091710B3091720B4091730B5091740B9E
:10F850006091E80B7091E90B8091EA0B9091EB0BB2
:10F860000F94833569837A838B839C83CE010196C1
:10F870000E943274BC018EE29BE20E945A2DA2CFFC
:10F880002F923F924F925F926F927F928F929F92B0
:10F89000AF92BF92CF92DF92EF92FF921F93CF93DE
:10F8A000DF9300D000D01F921F92CDB7DEB71C01AE
:10F8B000162F80917E0B10927E0B8823E1F0109220
:10F8C0004E050E94722928960FB6F894DEBF0FBE2F
:10F8D000CDBFDF91CF911F91FF90EF90DF90CF9040
:10F8E000BF90AF909F908F907F906F905F904F9060
:10F8F0003F902F9008952091830B3091840B3E838D
:10F900002D83232B09F45CC0A4E06A9FC00111245D
:10F9100098878F83FC01E452F44F80809180A2800D
:10F92000B38020E030E04AE754E4C501B4010F940D
:10F9300083352B013C018091160281117BC020E0B0
:10F9400030E04AE754E4C501B4010F9484356B01FB
:10F950007C01ED81FE81BF01FF0F880B990B0F9495
:10F96000A72E20915D0530915E0540915F05509175
:10F9700060050F94062FA50194010F9484352F8103
:10F9800038852452344F5901D9016D937D938D935D
:10F990009C931397ED81FE81F7FF8BC0A301920129
:10F9A0000F94A02E87FF06C0D5014D925D926D92F7
:10F9B0007C921397812F0E94397681E080937502A3
:10F9C0001092840B1092830B80917502882309F4A6
:10F9D0007ACFF4E01F9FC0011124FC01E452F44FE0
:10F9E0008E53944FDC012D913D914D915C9160813E
:10F9F0007181828193810F94843569837A838B83AB
:10FA00009C832DEC3CEC4CEC5DE360915D057091CA
:10FA10005E0580915F05909160050F94E43787FD46
:10FA200055C0CE0101960E943274BC01C1010E94F2
:10FA30005A2D49CF809131021130A9F0123031F1A5
:10FA4000811108C04090190250901A0260901B0268
:10FA500070901C02C0901D02D0901E02E0901F0208
:10FA6000F090200276CF811108C040902102509082
:10FA700022026090230270902402C0902502D09050
:10FA80002602E0902702F090280263CF811108C07F
:10FA90004090290250902A0260902B0270902C0214
:10FAA000C0902D02D0902E02E0902F02F0903002F4
:10FAB00050CFA70196010F94E43718160CF07ACFB7
:10FAC000F501C082D182E282F38274CFCE01019629
:10FAD0000F947411AACF62E087E29BE20C94407C01
:10FAE00061E080E29BE20C94407C60E089E19BE273
:10FAF0000C94407C0F931F93CF93DF9380917E0BE8
:10FB000010927E0B882331F0DF91CF911F910F91DE
:10FB10000C94722960E085E00E945F28D091760BFA
:10FB2000C0E0D11119C080917502882349F010E01E
:10FB300000E021E041E06DEB79E28C2F0E94CE2CB9
:10FB4000DF5FCF5FC53069F789E080936F0BDF918E
:10FB5000CF911F910F910895D13059F48091750282
:10FB6000882371F310E000E020E041E068EB79E2E7
:10FB7000E4CFD23009F045C080917502882301F3AB
:10FB800010E000E020E041E065EA79E2D6CF809124
:10FB900075028823A9F210E000E020E041E064E96A
:10FBA00079E2CBCF80917502882351F210E000E01A
:10FBB00020E041E069E879E2C0CF809175028823B6
:10FBC00009F4BECF10E000E020E041E06FE779E209
:10FBD000B4CF80917502882309F4B2CF10E000E021
:10FBE00020E041E06BE679E2A8CF8091750288239E
:10FBF00009F4A6CF10E000E020E041E06EE579E2F4
:10FC00009CCFD33021F2D43069F2D530B1F2D63066
:10FC100001F3D73051F3D83009F092CF80917502BB
:10FC2000882309F48DCF10E000E020E041E06CE48F
:10FC300079E283CF0F931F93CF93DF9380917E0B55
:10FC400010927E0B882331F0DF91CF911F910F919D
:10FC50000C94722960E085E00E945F28D091760BB9
:10FC6000C0E0D11119C080917502882349F010E0DD
:10FC700000E021E041E062E479E28C2F0E94CE2C8A
:10FC8000DF5FCF5FC53069F784E080936F0BDF9152
:10FC9000CF911F910F910895D13059F48091750241
:10FCA000882371F310E000E020E041E065E379E2B1
:10FCB000E4CFD23059F480917502882309F310E023
:10FCC00000E020E041E067E279E2D7CFD330C1F62F
:10FCD000809175028823A1F210E000E020E041E06D
:10FCE0006AE179E2CACF0F931F93CF93DF9380919C
:10FCF0007E0B10927E0B882331F0DF91CF911F9104
:10FD00000F910C94722960E085E00E945F28D091E9
:10FD1000760BC0E0D11119C080917502882349F09B
:10FD200010E000E021E040E06BE079E28C2F0E94DF
:10FD3000CE2CDF5FCF5FC53069F786E080936F0B15
:10FD4000DF91CF911F910F910895D13059F4809197
:10FD50007502882371F310E000E020E040E06FEFCF
:10FD600078E2E4CFD23009F580917502882309F357
:10FD700010E000E020E040E061EF78E2D7CF809132
:10FD800075028823B1F210E000E021E040E061EE6E
:10FD900078E2CCCF80917502882359F210E000E020
:10FDA00020E040E065ED78E2C1CFD33041F3D430BC
:10FDB00089F3D53009F0BDCF80917502882309F40D
:10FDC000B8CF10E000E020E040E067EC78E2AECF92
:10FDD000DF92EF92FF920F931F93CF93DF9361E037
:10FDE00081E00E945F28C091760B85E0F82EFC0E22
:10FDF00081E0D2E0DC1BE82EEC1ADC2ED194C1119C
:10FE000028C0882389F08091750B18166CF020911A
:10FE1000830B3091840B2F5F3F4F3093840B2093E3
:10FE2000830B8F5F8093750B80917502882349F057
:10FE300010E000E020E041E06BE077E28D2D0E94D1
:10FE4000CE2C80E0CF5FFC12DACF83E080936F0B83
:10FE500021C0C13039F59091750B913079F08091C6
:10FE60007502882371F381E0913009F080E020E28F
:10FE700047EF56E26E2D0F940D11E3CF80917E0B6C
:10FE800010927E0B882359F3C09345058091700B27
:10FE9000882329F3DF91CF911F910F91FF90EF906D
:10FEA000DF900895C23069F69091750B923069F039
:10FEB00080917502882329F281E0923009F080E078
:10FEC00020E242E057E26D2FD6CF80917E0B109258
:10FED0007E0B882369F3C09345058091700B8823BE
:10FEE00039F3D8CFBF92CF92DF92EF92FF920F9368
:10FEF0001F93CF93DF9381E080934E0561E00E94D2
:10FF00005F28C091760B85E0D82EDC0E81E0D2E030
:10FF1000DC1B9BEFE92E99E2F92EC82ECC1ABC2EE1
:10FF2000B194C11128C0882389F08091750B1816EF
:10FF30006CF02091830B3091840B2F5F3F4F3093F7
:10FF4000840B2093830B8F5F8093750B80917502D8
:10FF5000882349F010E000E020E041E069E17AE226
:10FF60008B2D0E94CE2C80E0CF5FCD11DACF83E0C5
:10FF700080936F0B27C0C13079F58091750B81306C
:10FF800089F080917502882371F381E09091750B5F
:10FF9000913009F080E020E24CE05AE26C2D0F94A1
:10FFA0000D11E1CF80917E0B10927E0B882349F3D7
:10FFB0000E946A29F092DF09E092DE098091700BBD
:10FFC0008823F9F2DF91CF911F910F91FF90EF906D
:10FFD000DF90CF90BF900895C23029F68091750BC5
:10FFE000823081F080917502882309F4BCCF81E0D2
:10FFF0009091750B923009F080E020E241E05AE2E6
:020000021000EC
:100000006D2FCDCF80917E0B10927E0B882351F304
:100010000F94C72110924A150E946A298091700B93
:10002000882301F3CFCF2F923F924F925F926F922E
:100030007F928F929F92AF92BF92CF92DF92EF9278
:10004000FF920F931F93CF93DF93CDB7DEB76F97D8
:100050000FB6F894DEBF0FBECDBF80917E0B10921D
:100060007E0B8823D9F00E9472296F960FB6F89400
:10007000DEBF0FBECDBFDF91CF911F910F91FF90DB
:10008000EF90DF90CF90BF90AF909F908F907F9038
:100090006F905F904F903F902F90089580919107BF
:1000A000909192079B8F8A8F2090930730909407AE
:1000B0008091950790919607A0919707B091980726
:1000C0008C8F9D8FAE8FBF8F4090990750909A076D
:1000D00060909B0770909C0780909D0790909E0772
:1000E000A0909F07B090A00760E085E00E945F2885
:1000F000E090760BF12CDE0111966D01E1108BC0C2
:1001000080917502882361F08A8D9B8D0E942775EE
:100110008C0120E040E069EB78E28F2D0E94CE2C2C
:100120008C8D9D8DAE8DBF8D8E8B9F8BA88FB98F43
:10013000B601CE0146960E94722F92E0E9127CC071
:1001400080917502882349F010E000E020E040E053
:100150006BE978E28F2D0E94CE2C4E8A5F8A688EE2
:10016000798EB601CE0146960E94722FB4E0EB1252
:1001700071C080917502882349F010E000E020E012
:1001800040E066E878E28F2D0E94CE2C20E030E03F
:1001900048EC52E4C501B4010F947E360F94F0365A
:1001A000CB016AE070E00F9467359F938F9320E056
:1001B00030E04AE754E4C501B4010F947E360F9451
:1001C000F0369F938F937F936F938BE798E29F9383
:1001D0008F93DF92CF920F94372E0FB6F894DEBF35
:1001E0000FBECDBF96E0E91243C08091750288230F
:1001F00049F010E000E020E040E06BE678E28F2D6F
:100200000E94CE2CE394F394B5E0FB1277CF88E004
:1002100080936F0B2ACFB1E0EB1282CF80917502F1
:10022000882309F47DCFC1010E9427758C0120E04D
:1002300040E06DEA78E271CFA3E0EA128ECF8091C0
:100240007502882309F489CF860120E040E068E93F
:1002500078E280CF25E0E21299CF80917502882361
:1002600009F494CF860120E040E063E878E28BCF88
:10027000A7E0EA12C7CF80917502882309F4C2CFA4
:10028000860120E040E068E678E2B9CF0F931F9343
:10029000CF93DF93CDB7DEB76E970FB6F894DEBF7E
:1002A0000FBECDBF809110028F9380910F028F936C
:1002B0001F921F9286E392E29F938F938E010F5FAE
:1002C0001F4F1F930F930F94372E81E0809351059A
:1002D000C8010E94B14E109251050FB6F894DEBFCE
:1002E0000FBECDBF6E960FB6F894DEBF0FBECDBF6A
:1002F000DF91CF911F910F910895CF930E94B8DEA7
:100300000E94E3DFC82F882319F080E00E9449E9AA
:100310008C2FCF910C945628EF92FF920F931F933E
:10032000CF93DF9300D000D000D01F921F92CDB7A3
:10033000DEB77C0120915B05422F022E000C550B8D
:1003400080915C058230A1F1833059F18DE896E20D
:100350005F932F939F938F938E010F5F1F4F1F9378
:100360000F930F94372EC7010E942EC981E080930E
:100370005105C8010E94B14E109251050F900F9087
:100380000F900F900F900F902B960FB6F894DEBF42
:100390000FBECDBFDF91CF911F910F91FF90EF90D6
:1003A000089589E996E227FDD3CF84E896E2D0CF7D
:1003B00082EA96E2CDCFE0915B0587E1E802F001A9
:1003C0001124E45FFB4E808591850C948C81AF9263
:1003D000BF92CF92DF92EF92FF921F93CF93DF9362
:1003E000CDB7DEB760970FB6F894DEBF0FBECDBFB6
:1003F0008091DC0B9091DD0BA091DE0BB091DF0BB7
:1004000089839A83AB83BC838091E00B9091E10B4D
:10041000A091E20BB091E30B8D839E83AF83B887ED
:100420008091E40B9091E50BA091E60BB091E70B66
:1004300089879A87AB87BC878091E80B9091E90BFD
:10044000A091EA0BB091EB0B8D879E87AF87B88B9D
:100450000E943EC90E94ECB38BE8A82E8EE2B82E13
:1004600099E1E92E92E0F92E2FE7C22E2EE2D22E4C
:1004700010E0812F0E94BCD6F50185919591A59140
:10048000B491F70180839183A283B383F6018591B0
:100490009591A591B491F70184839583A683B78341
:1004A0001F5FF4E0AF0EB11C88E0E80EF11CE4E041
:1004B000CE0ED11C1330E9F6609196057091970528
:1004C000809198059091990540E00E9429380E94FA
:1004D000F9380E948CC940E150E06CED7BE0CE0120
:1004E00001960F949E38892B89F060960FB6F89488
:1004F000DEBF0FBECDBFDF91CF911F91FF90EF9078
:10050000DF90CF90BF90AF900C9498E860960FB6B4
:10051000F894DEBF0FBECDBFDF91CF911F91FF904A
:10052000EF90DF90CF90BF90AF9008950F931F93FF
:1005300080912E06813019F50F941918009122062A
:10054000109123062091240630912506601B710B23
:10055000820B930B28EE33E040E050E00F94E4343C
:1005600060912606709127068091280690912906B1
:10057000620F731F841F951F1F910F910895609143
:100580002A0670912B0680912C0690912D06D6CFCD
:1005900010922E0610922206109223061092240624
:1005A0001092250610922A0610922B0610922C0605
:1005B00010922D06109226061092270610922806F9
:1005C00010922906089580912E06813079F482E0F8
:1005D00080932E060F94191860932A0670932B06A9
:1005E00080932C0690932D0681E0089580E0089575
:1005F0008F929F92AF92BF92CF92DF92EF92FF9233
:10060000CF93FC01C080D180E280F38020E030E015
:10061000A901C701B6010F94A02E87FF93C0C7019F
:10062000B601905820E030E048EC52E40F94062FD9
:1006300020E030E040EA50E40F94843520E030E0E0
:1006400040E251E40F947E360F94F0366B017C014A
:1006500080E28093910B60E2F0E1CF16F7E2DF06D3
:10066000E104F1048CF0C701B60120E137E240E07B
:1006700050E00F940635CA01B9012AE030E040E0AD
:1006800050E00F940635605D6093920B60E288EE57
:10069000C81683E0D806E104F1048CF0C701B60166
:1006A00028EE33E040E050E00F940635CA01B9016E
:1006B0002AE030E040E050E00F940635605D609342
:1006C000930B60E2E4E6CE16D104E104F1048CF071
:1006D000C701B60124E630E040E050E00F94063553
:1006E000CA01B9012AE030E040E050E00F9406353D
:1006F000605D6093940B8AE0882E912CA12CB12C24
:10070000C701B601A50194010F940635C62FCA0191
:10071000B901A50194010F940635605D6093950BB6
:100720008EE28093960BC05DC093970B81E99BE0AE
:10073000CF91FF90EF90DF90CF90BF90AF909F90C0
:100740008F90089520E030E048EC52E4C701B601F4
:100750006DCF9F92AF92BF92CF92DF92EF92FF92B6
:100760000F931F93CF93DF9300D01F92CDB7DEB7C7
:1007700061E081E00E945F281091760B85E0A82E51
:10078000A10E84E0F82EF11A83E0E82EE11A82E04F
:10079000D82ED11A81E0C82EC11A912E9194111130
:1007A00036C08091750B8823B1F080917502882343
:1007B00059F081E09091750B911180E024E048E5BB
:1007C00054E2692D0F940D111F5FA112E8CF85E04F
:1007D00080936F0B0CC080917E0B10927E0B882350
:1007E00021F30E9472298091700B8823F1F20F90FF
:1007F0000F900F900F90DF91CF911F910F91FF906D
:10080000EF90DF90CF90BF90AF909F900895113000
:10081000D9F58091750B813021F180917502882383
:1008200099F2BB24B3948091750B813009F0B12CFF
:100830008091AD139091AE13A091AF13B091B0130E
:1008400089839A83AB83BC83CE0101960E94F88290
:1008500000E09C0144E454E26C2D8B2D0E94112F8A
:10086000B3CF80917E0B10927E0B8823B1F20F9450
:1008700005146DEA73E18EE494E20F94A81380915D
:10088000700B882351F2B3CF123009F085C08091EC
:10089000750B823011F180917502882309F494CF91
:1008A000BB24B3948091750B823009F0B12C8091F8
:1008B000B1139091B213A091B313B091B413898383
:1008C0009A83AB83BC83CE0101960E94F88200E03C
:1008D0009C0140E354E26D2DC0CF80917E0B1092BD
:1008E0007E0B8823C1F20F94051461EB73E18AE358
:1008F00094E20F94A8138091700B882361F277CF54
:100900008091750B833011F180917502882309F471
:100910005BCFBB24B3948091750B833009F0B12C6D
:100920008091B5139091B613A091B713B091B813FD
:1009300089839A83AB83BC83CE0101960E94F8829F
:1009400000E09C014CE154E26E2D87CF80917E0B3C
:1009500010927E0B8823C1F20F94051465EB73E1AE
:1009600086E294E20F94A8138091700B882361F2C1
:100970003ECF80917E0B10927E0B8823B9F00F94AE
:10098000051469EB73E182E194E20F94A81380915E
:10099000700B882359F02BCF133009F4B1CF1430EA
:1009A00009F012CF8091750B843019F38091750294
:1009B000882309F409CFBB24B3948091750B84304C
:1009C00009F0B12C8091B9139091BA13A091BB1387
:1009D000B091BC1389839A83AB83BC83CE0101960B
:1009E0000E94F88200E09C0148E054E26F2D35CF70
:1009F0008F929F92AF92BF92CF92DF92EF92FF922F
:100A0000CF93FC01C080D180E280F38020E030E011
:100A10004AE754E4C701B6010F94062F4B015C016D
:100A200020E030E0A901C701B6010F94A02E20E01C
:100A300030E040EA50E487FF04C020E030E040EAC4
:100A400050ECC501B4010F94843520E030E040E261
:100A500051E40F947E360F94F0366B017C018BE2EB
:100A6000F7FE09C0F094E094D094C094C11CD11C4E
:100A7000E11CF11C8DE28093910BC701B60120E1CE
:100A800037E240E050E00F9406358AE0882E912C42
:100A9000A12CB12CCA01B901A50194010F9406350E
:100AA000605D6093920BC701B60128EE33E040E031
:100AB00050E00F940635CA01B901A50194010F94C5
:100AC0000635605D6093930BC701B60124E630E004
:100AD00040E050E00F940635CA01B901A501940128
:100AE0000F940635605D6093940B8EE28093950BB6
:100AF000C701B601A50194010F940635C62FCA019E
:100B0000B901A50194010F940635605D6093960BC1
:100B1000C05DC093970B81E99BE0CF91FF90EF9070
:100B2000DF90CF90BF90AF909F908F9008952F92BD
:100B30003F924F925F926F927F928F929F92AF926D
:100B4000BF92CF92DF92EF92FF920F931F93CF93BA
:100B5000DF9300D01F921F92CDB7DEB761E081E036
:100B60000E945F28B090760B2B2C85E08B0D8D8337
:100B700084E0382E3B183AE0432E512C612C712C26
:100B800083E0882E8B1882E0982E9B1881E0A82E97
:100B9000AB18B11040C08091750B8823C1F08091D3
:100BA0007502882361F0622D619581E09091750B4B
:100BB000911180E024E046EF53E20F940D11B394BD
:100BC0009D819B11E6CF85E080936F0B0CC08091D7
:100BD0007E0B10927E0B882311F30E947229809164
:100BE000700B8823E1F20F900F900F900F900F90F1
:100BF000DF91CF911F910F91FF90EF90DF90CF90F9
:100C0000BF90AF909F908F907F906F905F904F902C
:100C10003F902F90089591E0B9123FC08091750BDD
:100C20008130E9F080917502882349F211E08091CA
:100C3000750B813009F010E06091010C7091020C8D
:100C40008091030C9091040C0E94B62900E09C0155
:100C500046EE53E26A2D812F0E94112FB0CF809172
:100C60007E0B10927E0B8823E9F20F940514D12C91
:100C7000C12CE12C10E8F12E07E714E420E030E06D
:100C800040E85FE361E07CE08EEE93E20F94FC12BB
:100C90008091700B882331F2A6CFA2E0BA12D9C09E
:100CA0008091750B8230D9F080917502882309F408
:100CB00086CF11E08091750B823009F010E06091D1
:100CC000050C7091060C8091070C9091080C0E9405
:100CD000B62900E09C0146ED53E2692DBCCF80911E
:100CE0007E0B10927E0B8823F9F20F940514D12C01
:100CF000C12CE12C10E8F12E07E714E420E030E0ED
:100D000040E85FE365E07CE08EED93E20F94FC1237
:100D10008091700B882341F266CF8091750B8330F0
:100D200009F180917502882309F449CF11E080917F
:100D3000750B833009F010E08091090C90910A0C3A
:100D4000A0910B0CB0910C0C89839A83AB83BC836C
:100D5000CE0101960E94F88400E09C0146EC53E22B
:100D6000682D79CF80917E0B10927E0B8823C9F27B
:100D70000F94051420E030E048EC52E46091090C37
:100D800070910A0C80910B0C90910C0C0F94062F13
:100D900020E030E040E251E40F9483350F94F736C1
:100DA0006B010E944529B09275028EEC93E29093FC
:100DB000900B80938F0BA9E0BCE0B0938E0BA093B7
:100DC0008D0B4092890B50928A0B60928B0B709224
:100DD0008C0B85EF9FE7A0E0B0E08093850B9093AC
:100DE000860BA093870BB093880BD092840BC09294
:100DF000830B8BED9EE29093041580930315109264
:100E0000820B1092810B1092800B8091700B8823C3
:100E100009F487CFE8CE80917E0B10927E0B882359
:100E200019F10F940514D12CC12CE12C10E8F12EEE
:100E300007E714E420E030E040E85FE36DE07CE0A9
:100E40008EEB93E20F94FC128091700B882361F07B
:100E5000CACEA3E0BA1609F460CFB4E0BB12AFCE9D
:100E60008091750B8430B9F280917502882309F462
:100E7000A6CE11E08091750B843009F010E06091EE
:100E80000D0C70910E0C80910F0C9091100C0E9423
:100E9000B62900E09C0146EB53E2632DDCCECF92F5
:100EA000DF92EF92FF92FC01C080D180E280F3805C
:100EB00020E030E0A901C701B6010F94A02E87FF02
:100EC00069C0C701B601905820E030E040E251E42B
:100ED0000F94062F20E030E040EA50E40F94843570
:100EE00020E030E040E251E40F947E360F94F0367B
:100EF000FB01E03187E2F80708F453C0CF0160E15D
:100F000077E20F94533580E3860F8093930BE83E8E
:100F100083E0F80708F447C0CF0168EE73E00F9450
:100F20005335CB016AE070E00F945335805D8093B8
:100F3000940B80E2E436F10558F0CF0164E670E0EE
:100F40000F945335CB016AE070E00F945335805D08
:100F50008093950B80E2EA30F10558F02AE030E00A
:100F6000CF01B9010F945335CB01B9010F9453351B
:100F7000805D8093960BCF016AE070E00F9453354B
:100F8000805D8093970B83E99BE0FF90EF90DF906B
:100F9000CF90089520E030E040E251E4C701B6016F
:100FA00097CF80E2B2CF80E2C2CF8F929F92AF9272
:100FB000BF92CF92DF92EF92FF92CF93FC01C0805D
:100FC000D180E280F38020E030E04AE754E4C701BA
:100FD000B6010F94062F4B015C0120E030E040E2A7
:100FE00051ECC701B6010F94A02E181654F420E05E
:100FF00030E048EC52E4C701B6010F94E43787FDB6
:1010000086C020E030E0A901C701B6010F94A02EF0
:1010100087FF6EC060E070E080EA90ECA50194016B
:101020000F94843520E030E040E251E40F947E36A6
:101030000F94F0366B017C01F7FC5FC020E137E2D2
:1010400040E050E00F940635CA01B9012AE030E0D3
:1010500040E050E00F940635605D6093920BC7014D
:10106000B60128EE33E040E050E00F9406359AE0F8
:10107000892E912CA12CB12CCA01B901A501940192
:101080000F940635605D6093930BC701B60124E6AB
:1010900030E040E050E00F940635CA01B901A501E7
:1010A00094010F940635605D6093940B8EE28093FB
:1010B000950BC701B601A50194010F940635C62F03
:1010C000CA01B901A50194010F940635605D6093D2
:1010D000960BC05DC093970B82E99BE0CF91FF9088
:1010E000EF90DF90CF90BF90AF909F908F9008953A
:1010F00060E070E080EA90E491CFF094E094D094C6
:10110000C094C11CD11CE11CF11C6DE2A6CF20E0F3
:1011100030E0A901C701B6010F94A02E87FF6AC075
:1011200060E070E080EA90ECA50194010F948435B2
:1011300020E030E040E251E40F947E360F94F03628
:101140004B015C0120E030E0A901C701B6010F941A
:10115000E43787FD0BC020E030E040E251E4C701F6
:10116000B6010F94A02E60E287FD13C0B7FC47C004
:10117000C501B40128EE33E040E050E00F9406359D
:10118000CA01B9012AE030E040E050E00F94063592
:10119000605D6093930BC501B40124E630E040E04C
:1011A00050E00F9406358AE0C82ED12CE12CF12CAA
:1011B000CA01B901A70196010F940635605D6093DD
:1011C000940B8EE28093950BC501B401A7019601A3
:1011D0000F940635C62FCA01B901A70196010F94D5
:1011E0000635605D6093960BC05DC093970B83E9F5
:1011F0009BE074CF60E070E080EA90E495CFB0941B
:10120000A09490948094811C911CA11CB11C6DE24F
:10121000C0CF2F923F924F925F926F927F928F92A8
:101220009F92AF92BF92CF92DF92EF92FF920F9375
:101230001F93CF93DF9300D000D01F921F92CDB7A2
:10124000DEB761E081E00E945F28B090760B9B2CB6
:1012500085E08B0D8D8353E0852E6CEE262E63EB9F
:10126000362E82E08B198E8391E09B199F8376ED59
:10127000472E76E0572E612C712CA82DAB19A8872C
:10128000B1107FC08091750B882309F453C0809101
:101290007502882361F0692D619581E09091750B4D
:1012A000911180E024E044E252E20F940D1180910C
:1012B0001906882309F491C1B3E024E0A22EBB12E1
:1012C0008EC18091750B833009F40EC18091750237
:1012D000811164C144E0A42E81E08A0DB81221C0BE
:1012E0008091750B8B1509F4BBC180917502882321
:1012F000C1F011E08091750B8B1110E06091A20597
:101300007091A3058091A4059091A5050E94B6292E
:1013100000E09C0147EC51E26B2D6919812F0E947E
:10132000112FB3949D819B11ABCFA394A394A09252
:101330006F0B0EC080917E0B10927E0B882309F4F8
:10134000A6CF0E9472298091700B882309F49FCF49
:1013500028960FB6F894DEBF0FBECDBFDF91CF91B8
:101360001F910F91FF90EF90DF90CF90BF90AF90C3
:101370009F908F907F906F905F904F903F902F90B5
:101380000895B1E0BB1279C08091750B813021F1D5
:1013900080917502882309F48ACF11E08091750B42
:1013A000813009F010E08091270C9091280CA091D9
:1013B000290CB0912A0C89839A83AB83BC83CE011C
:1013C00001960E94D58700E09C0140E152E26F81C6
:1013D000812F0E94112F6BCF80917E0B10927E0B7C
:1013E0008823B1F220E030E048EC52E46091270C11
:1013F0007091280C8091290C90912A0C0F94062F43
:101400000F94F7366B010E944529809275028AE19C
:1014100092E29093900B80938F0B87E29CE09093E5
:101420008E0B80938D0B1092890B10928A0B109269
:101430008B0B10928C0B8FEF9FE7A0E0B0E08093B6
:10144000850B9093860BA093870BB093880BD0925B
:10145000840BC092830B89EF9EE2909304158093D6
:1014600003151092820B1092810B1092800B8091C9
:10147000700B882309F48CCF6BCF92E0B91217CF91
:101480008091750B8230C1F080917502882309F438
:101490000ECF8091190623E032E2811102C02FEFB6
:1014A00031E281E09091750B923009F080E001E02B
:1014B00046E052E26E818DCF8091190690917E0BAD
:1014C00010927E0B992301F3A1E08A2780931906DD
:1014D000809275022114310411F00E94ECB38091C6
:1014E000700B882389F234CF80917E0B10927E0B93
:1014F000882309F4EBCE0F94051420E030E04AE78E
:1015000054E460911E0670911F0680912006909110
:1015100021060F94062F20E030E84BEB54E40F94A3
:1015200083350F94F7366B010E944529B0927502FE
:1015300085EF91E29093900B80938F0B8EE196E074
:1015400090938E0B80938D0B8CED95E0A0E0B0E036
:101550008093890B90938A0BA0938B0BB0938C0B89
:101560004092850B5092860B6092870B7092880B8D
:10157000D092840BC092830B83EF9EE2909304156C
:10158000809303153092820B2092810B1092800B76
:101590008091700B882309F499CEDACE11E0809106
:1015A000750B833009F010E080911E0690911F06A4
:1015B000A0912006B091210689839A83AB83BC83D6
:1015C000CE0101960F94741100E09C014BEE51E2A4
:1015D0006885812F0E94112F7DCE33E0A32EAB10A2
:1015E0007BCE8091750B8A15F9F080917502882366
:1015F00009F472CEFB2CF91811E08091750B8B1158
:1016000010E060919E0570919F058091A0059091DA
:10161000A1050E94B62900E09C0147ED51E26F2D23
:10162000812F0E94112F58CE80917E0B10927E0B3D
:101630008823D9F20F940514D12CC12CE12CF12C64
:1016400008E413E420E030E0A9016EE975E081EEE2
:1016500091E20F94FC128091700B882331F278CEC6
:1016600080917E0B10927E0B882309F43ECE0F945E
:101670000514D12CC12CE12CF12C08E413E420E05A
:1016800030E0A90162EA75E08FEC91E20F94FC1260
:101690008091700B882309F428CE5ACE9C0197FDC7
:1016A0002DC080E2243631055CF0C90164E670E0AB
:1016B0000F946735CB016AE070E00F946735805D69
:1016C0008093950B80E22A3031055CF0EAE0F0E08F
:1016D000C901BF010F946735CB01BF010F94673576
:1016E000805D8093960BC9016AE070E00F946735C6
:1016F000805D8093970B85E99BE008953195219556
:1017000031098DE2DDCF2F923F924F925F926F921F
:101710007F928F929F92AF92BF92CF92DF92EF9281
:10172000FF920F931F93CF93DF93CDB7DEB72D9723
:101730000FB6F894DEBF0FBECDBF10927D0B809127
:101740007E0B10927E0B882371F120E040E070E068
:1017500060E084EA9FE90E94AE2881E080934D0515
:101760008CE29EE29093031480930214109205146D
:10177000109204142D960FB6F894DEBF0FBECDBFA5
:10178000DF91CF911F910F91FF90EF90DF90CF905D
:10179000BF90AF909F908F907F906F905F904F9091
:1017A0003F902F9008952091170230911802409198
:1017B000830B5091840BCA01820F931F243631058D
:1017C00089F4473051053CF006978A309105CCF4F6
:1017D0008AE090E01FC006964A3F5F4FB4F384E66C
:1017E00090E00FC0243631054CF485369105BCF7E6
:1017F0008A30910534F48AE090E009C0843691057E
:1018000074F3883EE3E09E0714F087EE93E08217BE
:10181000930741F090931802809317021092840B63
:101820001092830B80914F05882309F447C1609182
:10183000141470911514072E000C880B990B0F943B
:10184000A72E11E020911014309111144091121420
:10185000509113140F94E43718160CF010E06091B7
:101860006C0B70916D0B072E000C880B990B0F946D
:10187000A72E2091680B3091690B40916A0B509113
:101880006B0B0F94E43718160CF41068109378055E
:101890002091C20B3091C30B4091C40B5091C50BEA
:1018A0006091DC0B7091DD0B8091DE0B9091DF0B72
:1018B0000F9484356B017C0120E030E0A9010F9486
:1018C000A02E20E030E040E05FEB87FD04C020E088
:1018D00030E040E05FE3C701B6010F9484350F9418
:1018E000F036CB010E94A874BC0183E795E00F9409
:1018F000E6382091C60B3091C70B4091C80B509130
:10190000C90B6091E00B7091E10B8091E20B90911B
:10191000E30B0F9484356B017C0120E030E0A901DA
:101920000F94A02E20E030E040E05FEB87FD04C084
:1019300020E030E040E05FE3C701B6010F9484355A
:101940000F94F036CB010E94A874BC018EE695E09E
:101950000F94E6382091CA0B3091CB0B4091CC0B01
:101960005091CD0B6091E40B7091E50B8091E60BEB
:101970009091E70B0F9484356B017C0120E030E0FF
:101980004AE754E40F94062F4B015C0120E030E05D
:10199000A901C701B6010F94A02E20E030E040EA73
:1019A00050EC87FD04C020E030E040EA50E4C5017F
:1019B000B4010F94843520E030E040E251E40F940C
:1019C0007E360F94F0366B017C0180E2F7FE09C091
:1019D000F094E094D094C094C11CD11CE11CF11C83
:1019E0008DE28093910B60E2F0E1CF16F7E2DF0623
:1019F000E104F1048CF0C701B60120E137E240E0D8
:101A000050E00F940635CA01B9012AE030E040E009
:101A100050E00F940635605D6093920B60E228EE13
:101A2000C21623E0D206E104F1048CF0C701B6012E
:101A300028EE33E040E050E00F940635CA01B901CA
:101A40002AE030E040E050E00F940635605D60939E
:101A5000930BC701B60124E630E040E050E00F945C
:101A600006359AE0892E912CA12CB12CCA01B9011E
:101A7000A50194010F940635605D6093940BC70136
:101A8000B601A50194010F940635162FCA01B901BC
:101A9000A50194010F940635112309F47EC28EE24C
:101AA0008093950B605D6093960B105D1093970B80
:101AB00061E97BE086E695E00F94E6380E940176C6
:101AC000F82E81E00E949C2B8091780568E02CE044
:101AD00087FD02C062E122E090913D15943170F4DF
:101AE00090913F15961750F008E01EE287FD02C066
:101AF00002E01EE243E080E50F94A51980913D15B8
:101B00008431A0F480913F15823080F0FF2031F0C5
:101B10008091150C0CEC1DE2811102C006E91DE25A
:101B200022E143E062E088E60F94A51980913D151B
:101B30008C3108F048C18090101490901114A0903E
:101B40001214B0901314C0901414D0901514843152
:101B500090F480913F15883070F0809178050EE701
:101B60001DE280FD02C006E61DE22CE042E068E0D6
:101B700088E00F94A51980913D158830E0F5F110AB
:101B800004C080913E06811136C0B601DD0C880B81
:101B9000990B0F94A72E20E030E040E05FE30F9414
:101BA00084350F94F036CB010E944E8BFC0180816E
:101BB00093E0803229F4818192E0803209F491E04F
:101BC000892F880F880F492F481B842F815F8093AE
:101BD000401587E08093411523E030E0291B31094F
:101BE000CF01820F931F0E94562D69E070E080E0C4
:101BF00090E00E94B12B80913D158C31B0F5809121
:101C00003F15853190F120E030E040E05FE3C50111
:101C1000B4010F9484350F94F036CB010E944E8BA3
:101C2000FC01808193E0803229F4818192E080324E
:101C300009F491E0892F880F880F692F681B862F80
:101C4000815F809340158CE18093411523E030E063
:101C5000291B3109CF01820F931F0E94562D69E085
:101C600070E080E090E00E94B12B8090680B909033
:101C7000690BA0906A0BB0906B0B80913D1588307A
:101C800008F040C0F11004C08091390681113AC0BB
:101C900060916C0B70916D0B072E000C880B990BEB
:101CA0000F94A72E20E030E040E05FE30F948435EE
:101CB0000F94F036CB010E944E8BFC01808193E0A3
:101CC000803229F4818192E0803209F491E0892FF9
:101CD000880F880F292F281B822F845A8093401544
:101CE00087E08093411523E030E0291B3109CF01C3
:101CF000820F931F0E94562D69E070E080E090E013
:101D00000E94B12B80913D158C31B0F580913F152B
:101D1000853190F120E030E040E05FE3C501B4019F
:101D20000F9484350F94F036CB010E944E8BFC014A
:101D3000808193E0803229F4818192E0803209F43D
:101D400091E0892F880F880F492F481B842F845AD0
:101D5000809340158CE18093411523E030E0291BEE
:101D60003109CF01820F931F0E94562D69E070E068
:101D700080E090E00E94B12B80913D158C3118F5E8
:101D800080913F158531F8F08091150C8823D9F0AA
:101D900097E6909340159CE19093411564E6869FE9
:101DA000C001112481589F4F6FEF70E00F94673589
:101DB000CB010E944E8B0E94562D65E270E080E0C0
:101DC00090E00E94B12B0E944E30882369F18091EF
:101DD0003D15843348F580913F158A3228F107E09C
:101DE00028E04AE26AE289E095E10F94A01A05E052
:101DF00022E04CE262E389E095E10F94A01A6AE0E8
:101E00008AE20F94591A60910B1570910C1582E3B8
:101E1000809325158BE28093261525E235E142E378
:101E200089E095E10F94021980913D15853340F4C6
:101E300080913F15813320F06AE486E30F94591AAC
:101E40008091551582FF4BC00E944E30882309F4C3
:101E500046C080914D1590914E15A0914F15B091AF
:101E600050150097A105B105D1F1BC01CD016D5907
:101E70007F4F8F4F9F4F24E630E040E050E00F94BB
:101E8000E4346091511570915215809153159091E1
:101E900054150F94E434223010F180913D158433B1
:101EA000F0F480913F158233D0F088E4289FB00190
:101EB0001124072E000C880B990B0F94A72E2AE0F3
:101EC00037ED43E25CE30F94062F0F94F736262F8D
:101ED00002E042E367E389E095E10F94A01A809164
:101EE0003D158F3208F08FC080913F15883208F47D
:101EF0008AC00E9496824B015C0120E13EE040E0F6
:101F000050E00F94E434E22E732EC22ED32E8CE3D5
:101F1000282E312C412C512CC501B401A201910174
:101F20000F94E434CA01B901A20191010F94E43481
:101F3000662E572E8E010F5F1F4F90E8891691E590
:101F4000990691E0A906B104D0F1C501B40120E8D9
:101F500031E541E050E00F94E43459015F926F9213
:101F6000C60168E170E00F9453359F938F933F93C0
:101F70002F9388E59DE29F938F931F930F930F9468
:101F8000372E0FB6F894DEBF0FBECDBF89E0FAE062
:101F9000AF16B10458F588E029C0662351F08EE2EF
:101FA0008093950B605D6093960B80E28093970B16
:101FB0007FCD80E28093960B8093950BF6CF24E63D
:101FC000C216D10408F0DAC05F926F927F92EF924E
:101FD0008EE49DE29F938F931F930F930F94372E60
:101FE0000FB6F894DEBF0FBECDBF85E0982F990FD6
:101FF000990F891B855A809340158FE28093411574
:10200000C8010E94562D80913D15863208F064C0AB
:1020100080913F158E3108F45FC008E020E84EE162
:1020200060E089E095E10F94A01A80913D15863219
:1020300008F052C080913F158F3108F44DC01092C6
:10204000291583E08093401515E21093411568E54A
:1020500070E080E090E00E94B12B8BE0809340150F
:1020600010934115FF2009F49CC083E795E00E947E
:10207000562D88E28093401515E21093411569E5CD
:1020800070E080E090E00E94B12B80E380934015E7
:1020900010934115FF2009F49BC08EE695E00E9445
:1020A000562D8DE48093401515E2109341156AE595
:1020B00070E080E090E00E94B12B85E580934015B0
:1020C00010934115FF2009F49BC086E695E00E941D
:1020D000562D81E08093291580913D15823348F576
:1020E00080913F158B3228F183E00E949C2B83E086
:1020F0008093401512E31093411566E070E080E094
:1021000090E00E94B12B81E00E949C2B8CE0809398
:1021100040151093411580911702909118020E946A
:102120004E8B0E94562D65E270E080E090E00E94A8
:10213000B12B80913D15813408F01CCB80913F1567
:10214000873308F417CB109240158EE38093411526
:1021500087EE93E10E943D2B182F60E870E087EE38
:1021600093E10E94772C153108F004CB60E270E017
:1021700080E090E00E94B12B1F5FF5CF5F926F92DD
:102180007F92EF9286E49DE29F938F931F930F932C
:102190000F94372E0FB6F894DEBF0FBECDBF86E08A
:1021A00025CF8091FC0580FD60CF03E715E0F801A5
:1021B00061918F01662309F45CCF6F320CF06FE3FD
:1021C000062E000C770B880B990B0E94B12BEFCFDA
:1021D0008091FC05869580FD60CF0EE615E0F80144
:1021E00061918F01662309F45CCF6F320CF06FE3CD
:1021F000062E000C770B880B990B0E94B12BEFCFAA
:102200008091FC058695869580FD5FCF06E615E0FA
:10221000F80161918F01662309F45BCF6F320CF0F6
:102220006FE3062E000C770B880B990B0E94B12BE5
:10223000EFCF2F923F924F925F926F927F928F9249
:102240009F92AF92BF92CF92DF92EF92FF920F9345
:102250001F93CF93DF934C016B015A0160E085E03F
:102260000E945F285090760B53E0652EC114D10474
:1022700011F442E0642ED52D8EE0E82EF12C92E090
:10228000292E2EE3322E35E0432E7D2E7518D111E6
:10229000D6C080917502882399F08091130268E37B
:1022A00077E2823031F068E277E2833011F06BE15F
:1022B00077E210E000E021E041E0872D0E94CE2C83
:1022C000C62DA114B10411F16D120CC080917502DC
:1022D000882341F010E000E020E041E0B501872DC7
:1022E0000E94CE2CC62DCF5F81E090E0C114D104B6
:1022F00011F490E080E021E030E0A114B10411F489
:1023000030E020E0820F931F029781F0CD130DC0C3
:1023100080917502882349F010E000E020E041E060
:1023200061E577E2872D0E94CE2CCF5FCD1368C088
:1023300080917502882309F461C010E000E021E07B
:1023400040E066E477E2872D0E94CE2C109146058E
:1023500093EF9E0D909344058EEF8E0D8093C10BED
:1023600020913D152E151F0411F00CF047C020914F
:102370003F15921708F042C03092401580934115E6
:1023800065E470E080E090E00E94B12B61E3610FB2
:10239000062E000C770B880B990B0E94B12B60E284
:1023A00070E080E090E00E94B12B60911014709179
:1023B000111480911214909113140F94F036CB01E4
:1023C0000E944E8B0E94562D6FE270E080E090E0FC
:1023D0000E94B12B0E940176811108C0419EF0013C
:1023E0001124E65CF94F8481811108C08091141496
:1023F000909115140E944E8B0E94562D20927502CA
:102400008CE0E80EF11CDF5F8AE4E816F10409F0C5
:102410003CCFCF5FC0936F0BDF91CF911F910F9196
:10242000FF90EF90DF90CF90BF90AF909F908F90F4
:102430007F906F905F904F903F902F900895D13094
:1024400059F480917502882309F43ACF10E000E036
:1024500020E041E0B40131CFC114D10409F430CF00
:10246000D23009F02DCF80917502882341F010E021
:1024700000E020E041E0B601872D0E94CE2CC3E0B1
:10248000A114B10409F02FCF2FCF50E040E070E04D
:1024900060E083E597E20C9419914EE557E267E618
:1024A00077E287E797E20C94199150E040E060E80A
:1024B00077E280E997E20C94199150E040E067E1FF
:1024C00078E287E298E20C94199143ED57E26FEDC0
:1024D00077E280EF97E20C94199150E040E060E0E1
:1024E00078E28EE098E20C94199150E040E060E5CB
:1024F00078E28FE598E20C94199150E040E064E3B3
:1025000078E281E498E20C94199150E040E067EBA6
:1025100077E286EC97E20C94199150E040E069E98B
:1025200077E288EA97E20C941991BF92CF92DF92FA
:10253000EF92FF920F931F93CF93DF9381E08093ED
:102540005C0510925B0561E00E945F28C091760BEC
:1025500085E0D82EDC0E81E0D4E0DC1B93E0F92E80
:10256000FC1A92E0E92EEC1AC82ECC1ABC2EB194BB
:10257000C11128C0882389F08091750B18166CF062
:102580002091830B3091840B2F5F3F4F3093840B4E
:102590002093830B8F5F8093750B80917502882346
:1025A00049F010E000E021E041E06BEA76E28B2D9B
:1025B0000E94CE2CCF5F80E0DC12DACF85E08093E2
:1025C0006F0B23C0C13059F58091750B813089F0B4
:1025D00080917502882371F381E09091750B9130A1
:1025E00009F080E024E042EF56E26C2D0F940D11CB
:1025F000E1CF80917E0B10927E0B882349F30E94DD
:1026000072298091700B882319F3DF91CF911F916C
:102610000F91FF90EF90DF90CF90BF900895C23060
:1026200009F069C08091750B823081F0809175024C
:10263000882309F4BFCF81E09091750B923009F0A7
:1026400080E020E247ED56E26E2DD0CF80917E0BE8
:1026500010927E0B882351F38091AC059091AD05CB
:102660000E948C818091700B882301F3CECF8091E2
:10267000750B833081F080917502882309F49ACF1D
:1026800081E09091750B933009F080E020E24AECF4
:1026900056E26F2DABCF80917E0B10927E0B88237C
:1026A00051F38091AE059091AF050E948C8180918D
:1026B000700B882301F3A9CF80917E0B10927E0BC3
:1026C000882319F10F94051460915B0537E16302CB
:1026D000B00111246C5E7B4E0BED11E82DE131E071
:1026E0004AEA50E08BEB96E20F9409128091700B4E
:1026F000882359F08ACFC33009F4B9CFC43009F028
:1027000059CF8091750B8430B9F28091750288237E
:1027100009F450CF11E08091750B843009F010E07E
:1027200020915B0537E12303F0011124E45FFB4EA8
:10273000808591850E944E8B00E09C0143EE56E21D
:102740006D2F812F0E94112F35CF2F923F924F92E4
:102750005F926F927F928F929F92AF92BF92CF9231
:10276000DF92EF92FF920F931F93CF93DF9300D0EE
:1027700000D01F921F92CDB7DEB761E081E00E94CA
:102780005F28B090760BAB2C25E0222E2B0C88E036
:10279000382E3B183BE9432E3FE7532E612C712C1A
:1027A00087E0882E8B1886E0982E9B18B110A0C069
:1027B0008091750B882309F474C080917502882379
:1027C00061F06A2D619581E09091750B911180E027
:1027D00024E040EC52E20F940D112CEA35EC47E274
:1027E0005EE360911B1470911C1480911D149091F4
:1027F0001E140F947E366D837E838F83988760933B
:102800005705709358058093590590935A052CEA03
:1028100035EC47E25EE360911F14709120148091C3
:102820002114909122140F94062F6B017C01C09209
:102830005305D0925405E0925505F092560595E067
:10284000B912FEC18091750B853009F4A0C1809149
:1028500075028823F9F011E08091750B853009F03D
:1028600010E08091171490911814A0911914B09150
:102870001A1489839A83AB83BC83CE0101960E948C
:10288000F88465E06A1900E09C0148E752E2812F74
:102890000E94112FB394B21089CF89E080936F0BFF
:1028A0000EC080917E0B10927E0B882309F485CF99
:1028B0000E9472298091700B882309F47ECF28969C
:1028C0000FB6F894DEBF0FBECDBFDF91CF911F9141
:1028D0000F91FF90EF90DF90CF90BF90AF909F90BF
:1028E0008F907F906F905F904F903F902F900895C2
:1028F00081E0B81230C09091750B9130C9F0809191
:102900007502882309F469CF80913F0624EB32E2F7
:10291000811102C020EB32E261E06A1981E091305E
:1029200009F080E001E047EB52E20E94112F55CF01
:1029300080917E0B10927E0B882309F380913F06D5
:102940008B2580933F0683E0809375028091700B06
:102950008823A9F2B4CF92E0B91289C28091750B95
:10296000823009F468C0809175028823C9F011E0B3
:102970008091750B823009F010E060913C027091FB
:102980003D0280913E0290913F020E94B62962E092
:102990006A1900E09C0142EA52E2812F0E94112F45
:1029A0002CEA35EC47E25EE360911B1470911C1435
:1029B00080911D1490911E140F947E3660935705DC
:1029C000709358058093590590935A052CEA35EC7D
:1029D00047E25EE360911F147091201480912114EE
:1029E000909122140F94062F609353057093540511
:1029F0008093550590935605B8E0BB124BCF80915C
:102A0000750B883009F418C280917502882309F487
:102A100041CF11E08091750B883009F010E0809172
:102A20000F02909110020E944E8B00E09C0146E440
:102A300052E2632D2CCF80917E0B10927E0B882367
:102A400009F491CFD12CC12CE12C10E8F12E0EE825
:102A500013E420E030E0A9016CE372E089EA92E23D
:102A60000F94FC128091700B882309F47CCF27CF40
:102A70008091750B8330E9F080917502882309F409
:102A80008FCF11E08091750B833009F010E06091D9
:102A900038027091390280913A0290913B020E9473
:102AA000B62963E06A1900E09C0144E952E2812FF3
:102AB0003CCF80917E0B10927E0B8823E9F2D12CC3
:102AC000C12CE12C10E8F12E0EE813E420E030E0F8
:102AD000A90168E372E08BE992E20F94FC12809105
:102AE000700B882349F2EBCE80917E0B10927E0B07
:102AF000882309F4C8C120E030E048EC52E460913A
:102B000040027091410280914202909143020F94E1
:102B1000062F0F94F7366B010E94452983E08093BE
:102B200075028CE892E29093900B80938F0B80E477
:102B300092E090938E0B80938D0B1092890B1092E4
:102B40008A0B10928B0B10928C0B88EE93E0A0E016
:102B5000B0E08093850B9093860BA093870BB09386
:102B6000880BD092840BC092830B89EF9EE29093E6
:102B70000415809303151092820B1092810B109212
:102B8000800B8091700B882309F47DC198CE8091D1
:102B90007E0B10927E0B882309F459CE20E030E0A2
:102BA00048EC52E460911714709118148091191434
:102BB00090911A140F94062F20E030E048EC52E474
:102BC0000F9483350F94F7366B010E94452983E0FB
:102BD000809375028EE792E29093900B80938F0B17
:102BE00087E194E190938E0B80938D0B84E690E0C7
:102BF000A0E0B0E08093890B90938A0BA0938B0B9D
:102C0000B0938C0B4092850B5092860B6092870B91
:102C10007092880BD092840BC092830B8BED9EE256
:102C200090930415809303151092820B1092810BE0
:102C30001092800B8091700B882309F408CE3FCE50
:102C400096E0B9127EC08091750B863009F18091B3
:102C50007502882309F41ECE11E08091750B863031
:102C600009F010E08091570590915805A091590501
:102C7000B0915A0589839A83AB83BC83CE010196B8
:102C80000E94F88400E09C014CE652E2692DFFCDE1
:102C900080917E0B10927E0B8823C9F20E944529F9
:102CA00083E08093750282E792E29093900B809389
:102CB0008F0B87E595E090938E0B80938D0B81E0D1
:102CC00090E0A0E0B0E08093890B90938A0BA093F2
:102CD0008B0BB0938C0B8EEF9FE7A0E0B0E080935E
:102CE000850B9093860BA093870BB093880B20E005
:102CF00030E048EC52E46D817E818F8198850F949D
:102D0000062F20E030E040E85FE30F9483350F9416
:102D1000F7367093840B6093830B8BED9EE2909358
:102D200004158093031586EE95E79093820B8093AC
:102D3000810B1092800B8091700B882309F487CF50
:102D4000BECD97E0B91258CE8091750B873009F14E
:102D500080917502882309F49DCD11E08091750B57
:102D6000873009F010E08091530590915405A091AF
:102D70005505B091560589839A83AB83BC83CE01F8
:102D800001960E94F88400E09C0140E652E2682D22
:102D90007ECD80917E0B10927E0B8823C9F20E941B
:102DA000452983E080937502A6E6B2E2B093900BCA
:102DB000A0938F0B83E595E090938E0B80938D0B02
:102DC00084E690E0A0E0B0E08093890B90938A0BBA
:102DD000A0938B0BB0938C0B4092850B5092860B7B
:102DE0006092870B7092880B20E030E048EC52E450
:102DF000C701B6010F94062F20E030E048EC52E402
:102E00000F9483350F94F7367093840B6093830B84
:102E10008BED9EE290930415809303158FEC95E75C
:102E20009093820B8093810B1092800B8091700B9A
:102E3000882309F48DCF43CD80917E0B10927E0BB9
:102E4000882309F4E1CD0F94051406E411E82DE17F
:102E500031E046E950E06FE072E083E592E20F94E2
:102E600009128091700B882309F4CECD28CD93E010
:102E7000B91609F4FDCDA4E0BA12AFCC8091750B60
:102E8000843009F431CE80917502882309F488CD0D
:102E900011E08091750B843009F010E080914002C0
:102EA00090914102A0914202B091430289839A839A
:102EB000AB83BC83CE0101960E94D58764E06A197A
:102EC00000E09C0144E852E2F2CD282F80E2243653
:102ED00028F0822F64E60F944735805D8093950B30
:102EE00090E22A3040F03AE0822F632F0F9447356A
:102EF0000F944735905D9093960B822F6AE00F9464
:102F00004735905D9093970B85E99BE008959F92DC
:102F1000AF92BF92CF92DF92EF92FF920F931F93E7
:102F2000CF93DF9361E081E00E945F28C091760B30
:102F300085E0C82ECC0E11E093E0B92E22E2E22EFD
:102F400028E2F22ED2E0DC1BA12EAC1A9C2E91942A
:102F5000C11132C08091750B8823B1F08091750248
:102F6000882359F081E09091750B911180E024E065
:102F70004EE855E2692D0F940D11CF5FCC12E8CFCA
:102F800083E080936F0B0CC080917E0B10927E0BC0
:102F9000882321F30E9472298091700B8823F1F21B
:102FA000DF91CF911F910F91FF90EF90DF90CF9025
:102FB000BF90AF909F900895C13081F58091750BBF
:102FC0008130C1F0809175028823B9F2DD24D39459
:102FD0008091750B813009F0D12C809112020E94F2
:102FE000659700E09C014CE655E26A2D8D2D0E940C
:102FF000112FC3CF80917E0B10927E0B882311F38B
:1030000021E042E258E262E172E08DE795E20F943E
:10301000B1128091700B8823A9F2C2CFC23009F09F
:10302000ACCF8091750B8230C1F0809175028823FE
:1030300009F4A3CF809111022EE535E2811102C07F
:103040002AE535E281E09091750B923009F080E03D
:1030500001E041E655E26D2FCACF80917E0B1092C0
:103060007E0B882311F38091110281278093110236
:10307000B0927502E114F10411F00E9422288091AF
:10308000700B882391F28CCF2F923F924F925F92D8
:103090006F927F928F929F92AF92BF92CF92DF9268
:1030A000EF92FF920F931F93CF93DF9300D0CDB792
:1030B000DEB7898361E081E00E945F287090760B23
:1030C0003981232F30E03B832A83C901880F991F60
:1030D000FC01E455FA4F6F019C0128553A4F7901E4
:1030E00035E0370D398384E0682E6718570183E097
:1030F000582E57184F0182E0482E47188A819B812D
:103100008A559A4F9B838A8381E0382E3718272C63
:103110002194711037C08091750B882389F08091BC
:103120007502882309F44CC081E09091750B9111D0
:1031300080E024E045ED55E2622D0F940D1140C072
:1031400080917E0B10927E0B882349F30E94722996
:103150008091700B882319F30F900F900F90DF91DF
:10316000CF911F910F91FF90EF90DF90CF90BF9084
:10317000AF909F908F907F906F905F904F903F9017
:103180002F90089591E0791237C08091750B8130AE
:10319000F9F080917502882399F011E08091750B08
:1031A000813009F010E0EA81FB8180810E946597FF
:1031B00000E09C0141EC55E2632D812F0E94112F0C
:1031C0007394F9817F12A5CF85E080936F0BC4CFF4
:1031D00080917E0B10927E0B8823D9F220E050E084
:1031E00040E06A817B818BEC95E20F94B112809173
:1031F000700B882371F2B0CFF2E07F126EC0809125
:10320000750B8230A9F0809175028823C9F211E014
:103210008091750B823009F010E0F401808191817A
:103220000E944E8B00E09C0143EB55E2642DC5CF1C
:1032300080917E0B10927E0B882329F310E000E032
:103240002DE131E045E050E0B6018AEB95E20F94C4
:1032500009128091700B8823B1F27ECF8091750B9B
:103260008330B1F080917502882309F4A9CF11E071
:103270008091750B833009F010E0F5018081918118
:103280000E944E8B00E09C014BEA55E2652D95CFE4
:1032900080917E0B10927E0B882321F310E000E0DA
:1032A0002EE630E045E050E0B7018FEA95E20F945A
:1032B00009128091700B8823A9F24ECF80917E0B6A
:1032C00010927E0B8823A1F00E94E3DF0E94562813
:1032D0008091700B882361F03FCF23E0721609F4D0
:1032E000BDCF34E073126CCF8091750B843031F315
:1032F00080917502882309F463CF81E09091750B6A
:10330000943009F080E020E24CE955E2662D15CFBB
:1033100080E00C94449881E00C9444988F929F92A2
:10332000AF92BF92CF92DF92EF92FF920F931F93D3
:10333000CF93DF93CDB7DEB72C970FB6F894DEBFEF
:103340000FBECDBF8B0140E050E068EC72E44D83CE
:103350005E836F83788740E050E060EA70E44987DD
:103360005A876B877C87813009F1823009F443C02A
:103370008090E40B9090E50BA090E60BB090E70BEB
:10338000F801C084D184E284F3849601A701B401DA
:10339000C5010F94A02E87FD02C064017501C6010E
:1033A000D70189839A83AB83BC8348C0BE01675F22
:1033B0007F4FC80108960E94C4DAB8016C5F7F4F46
:1033C000AE014B5F5F4FC8010E94A2DA0E9498E8ED
:1033D0002C960FB6F894DEBF0FBECDBFDF91CF9114
:1033E0001F910F91FF90EF90DF90CF90BF90AF9023
:1033F0009F908F900895F8012085318542855385EF
:103400006091E40B7091E50B8091E60B9091E70BD6
:103410000F9484356B017C0120E030E040EA53E4F6
:103420000F94A02E87FD06C0C12CD12C80EAE82E77
:1034300083E4F82EC982DA82EB82FC82BE01675FE8
:103440007F4FCE010196B7CF0F931F930F9419189A
:103450000091EB141091EC142091ED143091EE14C6
:103460000115110521053105D9F52091F11422230B
:10347000A1F1E091EF1421502093F11421E02E0FDF
:103480002093EF143091F214231302C01092EF1422
:1034900024E0E29FF0011124ED50FB4E00811181E8
:1034A000228133810093E7141093E8142093E914E8
:1034B0003093EA14600F711F811D911D6093EB140E
:1034C0007093EC148093ED149093EE148091E914B2
:1034D0009091EA14892B09F0409A1F910F91089559
:1034E000601B710B820B930B97FDF7CF40981092E6
:1034F000EB141092EC141092ED141092EE14EDCF28
:103500000F931F93CF93DF938C01EB019091F114F4
:103510002091F214921305C00E94249A0E94FCC3C9
:10352000F5CF8091F01434E0839FF0011124ED5029
:10353000FB4E11830083D383C2839F5F9093F1146A
:103540008F5F281739F08093F014DF91CF911F918E
:103550000F9108951092F014F8CF0F931F93CF930B
:10356000DF938C016F3F19F41092FD1360E02091FE
:10357000FD13862F062E000C990B2817190609F04B
:103580000CF56093FD13C8010F94ED2D800F911F72
:10359000EC01C01BD10BC631D1053CF00197FC01F9
:1035A0002491207C2038D1F3F3CFDD27AE01B80180
:1035B00087EE93E10F940E2EC951DC4E188283E002
:1035C00080937502DF91CF911F910F910895109212
:1035D00052051092660280915515806280935515B0
:1035E0000E94F6C760E081E79EE20E94AD9A0C94CB
:1035F0006A298091551582FD07C080912E06823080
:1036000071F484E69EE20FC08091A60B811104C084
:1036100089E99BE00C94F4FA86EA9BE0FBCF8130C9
:1036200029F087E49EE26FEF0C94AD9A88E59EE264
:10363000FACF89E99BE00F94C5200E946A290C9477
:10364000F99A0F931F930F94191800918C051091FC
:103650008D0520918E0530918F05601B710B820BBB
:10366000930B97FD0CC086B186FB882780F991E00B
:103670008927349B8260329B846080938B05809184
:103680008B05817090918B0591FD826090918A05E8
:10369000981749F0813009F148F0823079F0833091
:1036A00091F080938A051F910F910895913079F0E0
:1036B0009230B9F79091890591500CC0992339F057
:1036C0009330C1F3EECF9130A9F3923051F790913E
:1036D00089059F5F90938905E4CF992359F393302F
:1036E00001F7F5CF4F925F926F927F928F929F92E8
:1036F000AF92BF92CF92DF92EF92FF920F931F9300
:10370000CF93DF9300D01F92CDB7DEB70F94191877
:103710004B015C01809114028F3F09F441C00F946A
:1037200019180091790510917A0520917B05309147
:103730007C05601B710B820B930B97FD31C0809150
:10374000C5149091C6148F5F8F70891749F1E0916D
:10375000140224E0E202F0011124E457FD4F20E0BE
:1037600030E040E752E460817181828193810F945F
:103770007E3669837A838B839C83C12CD12C76011E
:103780008E010F5F1F4F28EE3BE044EE5BE060EEE2
:103790007BE08CED9BE00F948E0D8FEF80931402F5
:1037A0000E94219B80918B0582FF37C08091880504
:1037B000811135C091E09093880520915205211127
:1037C00003C080915105892780937E0B109252058A
:1037D00083E08093750210928B050F9419186C503A
:1037E0007E4F8F4F9F4F60938C0570938D05809314
:1037F0008E0590938F0568E873E182E090E00E9467
:10380000809A16E0115059F00E94249A62E070E00C
:1038100080E090E00F94E617F5CF10928805909124
:103820000901892F80958170109187051817A9F1DA
:103830008093870590FDDBC064EF71E080E090E04D
:103840000E9467390E9497F2123009F0CAC01092A4
:103850004A150F945F2081E080934D058CE29EE233
:103860009093031480930214109205141092041480
:1038700083E0809375020F9419184B015C01DC0101
:10388000CB018C599F4FAF4FBF4F809383059093CF
:103890008405A0938505B09386058091830590915A
:1038A0008405A0918505B0918605A5019401281B8A
:1038B000390B4A0B5B0BDA01C901B7FF05C08091D8
:1038C0005005882309F4C2C1D501C4018C599F4F0A
:1038D000AF4FBF4F8093830590938405A0938505D8
:1038E000B093860560918905062E000C770B77FF53
:1038F00003C0719561957109062E000C770B880B3A
:10390000990B0F94A72E2B013C0120E030E040EAF8
:1039100050E40F94E43787FF84C080917E0B8111BF
:10392000F5C0809103159091041583589B4841F48C
:1039300080911502882309F4FBC081508093150201
:1039400080916F00282F227081FF05C080916F0049
:103950008D7F80936F008091110C9091120CA0913B
:10396000130CB091140C222329F020916F002260D7
:1039700020936F003AE0B695A795979587953A956D
:10398000D1F7009741E0A407B10520F08FEF9FEF3A
:10399000A0E0B0E096958795209175022111D8C0DE
:1039A00030915005311180C180910315909104151B
:1039B00083589B4809F45FC180914E0581115BC11A
:1039C00080917F0590918005A0918105B09182053D
:1039D000881A990AAA0ABB0AB7FC5BC10E946A2925
:1039E00058C160E089E39EE20E94AD9A34CF0F9403
:1039F000AC2080915515877F80935515123009F4BE
:103A00002ACF60E08CE29EE20E94AD9A809103157D
:103A10009091041583589B4809F41DCF0E946A2990
:103A20001ACF80917D0B21E030E040E050E0882308
:103A300009F453C0C090790BD0907A0BE0907B0BC7
:103A4000F0907C0BC114D104E104F104D1F120E029
:103A500030E040EA50E4C301B2010F947E362B01FE
:103A60003C01C501B4016C197D098E099F090F94B1
:103A7000A52E9B01AC01C301B2010F947E3620E05C
:103A800030E04AE754E40F94062F6B017C0120E0FC
:103A900030E040EA52E40F94E43724E630E040E0BE
:103AA00050E087FF12C020E030E040EF51E4C70152
:103AB000B6010F94E4372AE030E040E050E087FFA1
:103AC00004C021E030E040E050E08092790B909219
:103AD0007A0BA0927B0BB0927C0BA09189050A2EE9
:103AE000000CBB0B0F94303525E030E040E050E097
:103AF0000F9406358091830B9091840B280F391F0A
:103B00003093840B2093830B10928905D501C40157
:103B1000805A9541AF4FBF4F80937F0590938005AA
:103B2000A0938105B093820581E080937502F9CE60
:103B30008CE08093150280917D0590917E05019720
:103B400090937E0580937D0581E080937502F8CE89
:103B5000009741F040917D0550917E054817590727
:103B600008F022CF8091500581111DC0223038F01D
:103B7000243008F444C0243011F41092750280916E
:103B80004215811105C081E0809342150F942D19D3
:103B900080910B1590910C150F94061981E080937C
:103BA0004F058093500583E00E949C2B81E0809319
:103BB0002915E0910315F0910415199510924F0500
:103BC0008091500581111FC010927E0B0F9419181F
:103BD000DC01CB0188199909AA09BB0900917D056F
:103BE00010917E0530E020E0081719072A073B07EF
:103BF00008F0DACE90937E0580937D05D5CE81E0E6
:103C000080937502BCCF89E095E10F94A91B91E0E8
:103C1000811101C090E0909350058823A9F20F9480
:103C20001918DC01CB0188199909AA09BB098090F0
:103C30007D0590907E05B12CA12C88169906AA06C8
:103C4000BB0620F490937E0580937D050F900F9026
:103C50000F900F90DF91CF911F910F91FF90EF90F8
:103C6000DF90CF90BF90AF909F908F907F906F909C
:103C70005F904F90089580E6880E8AEE981EA11CF2
:103C8000B11C80927F0590928005A0928105B09230
:103C90008205809150058111D9CF809175028130C4
:103CA000A9F610927502D2CF009709F47CCF52CFBB
:103CB00081E080934D05E2E0F4E18CE29EE29183A5
:103CC0008083138212823E98469A3C98449A3A988E
:103CD000429AEAE0F1E080818E7F808380910B013F
:103CE000809581708093090182E0809387050E940E
:103CF000219B1092890508954F925F926F927F9257
:103D00008F929F92BF92CF92DF92EF92FF920F938A
:103D10001F93CF93DF9300D000D01F921F92CDB797
:103D2000DEB77C016A014901FB0190818CE0989F1C
:103D3000800D1124982FF7012081822F880F820F88
:103D4000880F80934015909341154115510571F1ED
:103D5000FA82E9827C836B83011121C0AE014B5F43
:103D60005F4FB401C6010E94DC296C016D817E8128
:103D70008F8198856115710581059105B9F00E94C3
:103D8000B12BF70180818F5F8083853138F3CE01BD
:103D900001960E947D75E2CFB12C860129C08A016F
:103DA000B12C26C0452846284728B1F728960FB6DB
:103DB000F894DEBF0FBECDBFDF91CF911F910F9161
:103DC000FF90EF90DF90CF90BF909F908F907F906B
:103DD0006F905F904F900895B39407C0B1102EC0BC
:103DE00001151105C9F20F5F1F4F01151105A9F249
:103DF000AE014B5F5F4FB401C6010E94DC296C012C
:103E00004D805E806F807884411451046104710498
:103E1000A9F0F0E24F16510461047104F9F2D301E4
:103E2000C2018D97A109B1090297A105B10530F032
:103E30004BE2441651046104710471F6F70180816C
:103E4000482F4B0D5527551F4631510534F085300D
:103E500020F0CE0101960E947D7581E0411451044D
:103E60006104710409F480E0B80EF70180818B0DC4
:103E70008083BB2009F496CFBA94AE014B5F5F4FAD
:103E8000B401C8010E94DC298C016D817E818F8183
:103E900098850E94B12BEDCFE82F662319F081E0C1
:103EA0008093130240934605E150EB3008F036C092
:103EB0000E2E000CFF0B8827EF59F0468F4F0D9404
:103EC0007B35909F939F6C9F779F7A9F7D9F899F63
:103ED000809F8E9F839F869F85E592E921E02093B6
:103EE0004E0520E040E070E060E00C94AE2885E6EE
:103EF00092E9F4CF8DE692E9F1CF85E792E9EECF32
:103F00008DE792E9EBCF85E892E9E8CF8DE892E979
:103F1000E5CF1092450588EE9EE7E0CF0C946A2924
:103F20008DE492E9DBCF8DE592E9D8CFCF93DF9393
:103F3000EC010E94452920E040E070E060E0CE0105
:103F4000DF91CF910C94AE282F923F924F925F92C7
:103F50006F927F928F929F92AF92BF92CF92DF9299
:103F6000EF92FF920F931F93CF93DF9300D01F9296
:103F70001F92CDB7DEB761E081E00E945F282091FB
:103F8000760B2C832D83822F8B5F8A83922F9195C2
:103F90009B830DE51AE281E0782E721A83E0682E89
:103FA000621A82E0582E521A51E5E52E5AE2F52E99
:103FB00060E4C62E6AE2D62E70EBA72E7AE2B72E08
:103FC000EEE78E2EEAE29E2E8C81811114C0809144
:103FD000750B882309F446C080917502882359F037
:103FE00081E09091750B911180E024E04DE05BE25F
:103FF0006B810F940D118091551582FB222420F8BE
:10400000422C82FD07C04424439490912E069130A7
:1040100009F0412C83FB992790F99983312C83FF78
:1040200003C00E944E30382E442009F4B4C02C81C5
:10403000213009F05FC08091750B8130C9F180910A
:104040007502882361F081E09091750B913009F041
:1040500080E020E246EF5AE2672D0F940D1194E0C4
:10406000492ED0C080917E0B10927E0B882309F4DC
:10407000B3CF0E9472298091700B882309F4ACCFD2
:104080000F900F900F900F900F90DF91CF911F9195
:104090000F91FF90EF90DF90CF90BF90AF909F90E7
:1040A0008F907F906F905F904F903F902F900895EA
:1040B00080917E0B10927E0B882309F2F0924805C6
:1040C000E09247050E941C2D8091D009882319F0A9
:1040D00080E00E94A73260E084E49AE20E94AD9AF8
:1040E000D092DF09C092DE098091700B882309F419
:1040F000A6CFC6CF8C81823031F58091750B82308E
:1041000099F080917502882361F081E09091750BA0
:10411000923009F080E023E04BEE5AE2652D0F94D7
:104120000D1184E0482E8AC080917E0B10927E0B88
:10413000882339F389EA99E70E94969F8091700B52
:104140008823F9F29DCF9C8124E0422E933009F020
:104150003FC08091750B833079F080917502882380
:1041600001F381E09091750B933009F080E023E03A
:1041700046EE5AE2662D71CF80917E0B10927E0B37
:10418000882359F38CEA92EA0E94969F8091700BE3
:10419000882319F375CF80912E06823039F00E9462
:1041A0004E30882309F402C1211000C12C8132E075
:1041B000432E213009F0FCC08091750B813009F449
:1041C000CBC0809175028111E4C042E0442E43943B
:1041D0008C81481217C08091750B841509F412C1A7
:1041E00080917502882371F06C819D81691B81E04B
:1041F0009091750B2C81921380E023E046EC5AE2FB
:104200000F940D1181E0840D9C81891317C080915A
:10421000750B891709F407C180917502882371F025
:104220006C812D81621B81E09091750B2C81921322
:1042300080E023E048EB5AE20F940D1182E0840DF8
:104240009091260C91110CC0409173025091740210
:104250002091141430911514241735070CF405C15E
:104260009C81891316C09091750B2C81921709F4CB
:10427000EBC080917502882361F06C818D81681B91
:1042800081E02C81921380E020E240EA5AE20F9410
:104290000D1183E0480E9C81491217C08091750B67
:1042A000841509F40AC180917502882371F06C812C
:1042B0002D81621B81E09091750B2C81921380E01F
:1042C00023E042E85AE20F940D1181E0840D9981B8
:1042D000992309F425C1311036C02C81821315C0F1
:1042E0009091750B921709F4F9C08091750288239B
:1042F00061F06C818D81681B81E02C81921380E0DC
:1043000020E24FE65AE20F940D1182E0840D9C8169
:10431000891317C08091750B891709F4F0C080913B
:104320007502882371F06C812D81621B81E0909170
:10433000750B2C81921380E023E041E65AE20F9442
:104340000D1183E0840D9C819F5F9C832A819213D1
:104350003BCE80936F0B94CE80917E0B10927E0BA0
:10436000882309F42ECF0E94F99A0E944E308823A8
:1043700041F08091551582FD04C01093DF09009330
:10438000DE090E949CC78091700B882309F419CF25
:1043900077CE81E09091750B913009F080E020E2BA
:1043A00049ED5AE2672D0F940D110FCF4424439429
:1043B0008C8148120CCF8091750B8415A1F08091EF
:1043C0007502882309F403CF6C819D81691B81E00C
:1043D0009091750B2C81921380E023E042ED5AE21C
:1043E0000F940D11F4CE80917E0B10927E0B8823DA
:1043F00031F38FE897EA0E94969F8091700B882393
:10440000F1F23ECE80917E0B10927E0B882309F450
:10441000E7CE88E394EA0E94969F8091700B8823F0
:1044200009F4DECE2DCE80917E0B10927E0B882378
:1044300009F4F2CE8EE99AEA0E94969F8091700B61
:10444000882309F4E9CE1CCE80917E0B10927E0B5E
:10445000882309F40ECFB092DF09A092DE09809183
:10446000700B882309F405CF0BCE9C81891311CFE3
:104470008091750B891791F080917502882309F45A
:1044800008CF6C812D81621B81E09091750B2C818E
:10449000921380E023E040E95AE2F9CE80917E0B4E
:1044A00010927E0B882341F385E992E90E94969F42
:1044B0008091700B882301F3E3CD80917E0B1092E5
:1044C0007E0B882309F4EFCE85EB9CEA0E94969F31
:1044D0008091700B882309F4E6CED2CD80917E0BBB
:1044E00010927E0B882309F400CF9092DF0980920E
:1044F000DE098091700B882309F4F7CEC1CD80913D
:104500007E0B10927E0B882309F409CF8EEF95EA7B
:104510000E94969F8091700B882309F400CFB0CD44
:104520009C81891317C09091750B2C81921302C046
:1045300010927E0B80917502882361F06C818D81D1
:10454000681B81E02C81921380E020E242E05BE274
:104550000F940D1182E0F6CE9F92AF92BF92CF9250
:10456000DF92EF92FF920F931F93CF93DF9361E05F
:1045700081E00E945F28C091760B85E0A82EAC0EEA
:10458000D6E0DC1B85E0F82EFC1A84E0E82EEC1A5D
:1045900083E0D82EDC1A82E0C82ECC1A81E0B82E37
:1045A000BC1A9C2E9194C1112DC08091750B88234B
:1045B00089F080917502882309F442C081E09091CE
:1045C000750B911180E024E041E45DE2692D0F94C8
:1045D0000D1136C080917E0B10927E0B882349F31B
:1045E0000E9472298091700B882319F3DF91CF917B
:1045F0001F910F91FF90EF90DF90CF90BF90AF9001
:104600009F900895C130D1F58091750B8130F9F0FC
:10461000809175028823A1F011E08091750B8130A3
:1046200009F010E080911702909118020E944E8BC1
:1046300000E09C0145E35DE26B2D812F0E94112F6C
:10464000CF5FAC12B0CF87E080936F0BCFCF80915C
:104650007E0B10927E0B8823D9F210E000E027EE4B
:1046600033E04AE050E067E172E08BE39DE20F94B3
:1046700009128091700B882359F2B8CFC23009F02B
:10468000D7C08091750B8230B1F08091750288237C
:10469000B9F211E08091750B823009F010E0809141
:1046A0001414909115140E944E8B00E09C0147E277
:1046B0005DE26C2DC2CF80917E0B10927E0B882321
:1046C00021F30F94051400EF17E72DE131E050E0DE
:1046D00040E064E174E18EE29DE20F940912809162
:1046E000700B882391F282CF8091750B8330B9F0E3
:1046F00080917502882309F4A3CF11E08091750B96
:10470000833009F010E080916C0B90916D0B0E944A
:104710004E8B00E09C014FE15DE26D2D8ECF8091CC
:104720007E0B10927E0B882319F30F9405140FE46F
:1047300015EB2EE630E050E040E06CE67BE083E2F3
:104740009DE20F9409128091700B882389F24ECF5D
:104750008091750B8430A9F080917502882309F44B
:104760006FCF11E08091750B843009F010E08091DB
:10477000630B0E94659700E09C014BE05DE26E2DAB
:104780005CCF80917E0B10927E0B882329F30F94CF
:10479000051420E043E955E763E67BE085E19DE20F
:1047A0000F94B1128091700B8823B1F21FCF8091CA
:1047B000750B8530B9F080917502882309F440CFDC
:1047C00011E08091750B853009F010E08091360280
:1047D000909137020E944E8B00E09C0141E05DE227
:1047E0006F2D2BCF80917E0B10927E0B882319F3B7
:1047F00008E915E727EE33E04AE050E066E372E0AF
:1048000086E09DE20F9409128091700B882399F243
:10481000EDCE80917E0B10927E0B8823C9F082ED45
:104820009DE20E94969F8091700B882389F0DECED6
:10483000C33009F459CFC43009F48ACFC53009F424
:10484000B6CFC63009F0FCCE8091750B863009F3E7
:1048500080917502882309F4F3CE81E09091750B65
:10486000963009F080E023E042EF5CE26D2FAFCE9E
:104870002F923F924F925F926F927F928F929F9270
:10488000AF92BF92CF92DF92EF92FF920F931F935E
:10489000CF93DF9361E081E00E945F28C091760BA7
:1048A0008C2E85E0282E2C0E85E0382E3C1AD4E084
:1048B000DC1B93E6C92E9BE0D92E2DECA22E2CE218
:1048C000B22E412C512C32014A9482E0F82EFC1A6F
:1048D00081E0E82EEC1A86E0982E9C1AC11135C0B2
:1048E0008091750B882391F080917502882309F4DB
:1048F0004BC0682D619581E09091750B911180E01E
:1049000024E04DEE5CE20F940D113EC080917E0BD1
:1049100010927E0B882341F30E9472298091700BC4
:10492000882311F3DF91CF911F910F91FF90EF90AA
:10493000DF90CF90BF90AF909F908F907F906F90BF
:104940005F904F903F902F900895C13009F04DC077
:104950008091750B813079F1809175028823A1F0E7
:1049600011E08091750B813009F010E080911414F2
:10497000909115140E944E8B00E09C014FED5CE27B
:104980006E2D812F0E94112F80916C0B90916D0BD9
:10499000892B39F48091141490911514892B09F402
:1049A0000DC1C63009F4E3C087E0CF5FC21196CFD6
:1049B00080936F0BB7CF80917E0B10927E0B882374
:1049C00059F20F94051400EF17E72DE131E050E0A4
:1049D00040E064E174E186EE9CE20F94091280915C
:1049E000700B882309F4B8CF9DCFC23009F0E8C01E
:1049F0008091750B8230B1F080917502882321F28D
:104A000011E08091750B823009F010E080916C0B01
:104A100090916D0B0E944E8B00E09C0147ED5CE293
:104A20006F2DAFCF80917E0B10927E0B882321F3E8
:104A30000F9405140FE415EB2EE630E050E040E053
:104A40006CE67BE08BED9CE20F9409128091700B79
:104A5000882391F267CF8091750B8330B1F08091FC
:104A60007502882309F490CF11E08091750B833093
:104A700009F010E08091630B0E94527563E06819A1
:104A800000E09C0143EC5CE27CCF80917E0B1092B5
:104A90007E0B882321F30F9405140091630B10E023
:104AA0000E944529C0937502B092900BA0928F0B83
:104AB000D0928E0BC0928D0B1092890B10928A0BA4
:104AC00010928B0B10928C0B4092850B5092860BA0
:104AD0006092870B7092880B1093840B0093830B6A
:104AE00082EF97E7909304158093031583E995E788
:104AF0009093820B8093810B1092800B8091700BAE
:104B0000882309F4ACCF0ECF8091750B843081F0EF
:104B100080917502882309F437CF81E09091750B5D
:104B2000943009F080E023E047EB5CE26D2FEBCEA0
:104B300080917E0B10927E0B882351F381EC98E7D5
:104B40000E94969F8091700B882311F3EBCE809189
:104B50007E0B10927E0B882309F440C088EF97E704
:104B60000E94969F8091700B8823C1F1DBCE8091CB
:104B7000750B863091F080917502882309F414CF6B
:104B800081E09091750B963009F080E020E241EAD7
:104B90005CE2692D0F940D1107CF80917E0B10926E
:104BA0007E0B882341F30E94BC390E944AC00E94B8
:104BB0006A298091700B8823F1F2B4CE86E0F5CE9D
:104BC000C33009F448CFC43009F49ECFC53009F092
:104BD000DBCE8091750B853009F4B9CF80917502D9
:104BE000882309F4D1CE81E09091750B953009F0BE
:104BF00080E023E04AEA5CE2632D85CE5F926F920B
:104C00007F928F929F92AF92BF92CF92DF92EF925C
:104C1000FF920F931F93CF93DF93CDB7DEB76B97C0
:104C20000FB6F894DEBF0FBECDBF01E0009386073C
:104C300010924306109242068DE895E10E9444BE10
:104C40008BE1EDE8F5E1DE01119601900D928A9578
:104C5000E1F750E040E0BE016F5F7F4F90E080E001
:104C60000E94ABE4CE0101960E947B34A0904206E4
:104C7000B090430661E081E00E945F281091760BBE
:104C8000612E85E0782E710E512E5194450181E000
:104C9000881A9108F02EF11A111114C08091750B29
:104CA000882309F45EC080917502882359F081E061
:104CB0009091750B911180E024E049E25CE2652D52
:104CC0000F940D1169E97BE08DE895E10E940ABE21
:104CD0008091990B8F3209F479C08091551583FF2B
:104CE00075C0113009F070C09091750B913009F0CA
:104CF0005CC080917E0B10927E0B882309F455C016
:104D000080914B158823C1F0815080934B15E2E7C9
:104D1000F5E1882351F08150990B2BE1289FF00198
:104D2000299FF00D1124E855FA4E8BE1ADE8B5E16D
:104D300001900D928A95E1F781E090E020914B156A
:104D4000211102C090E080E09093840B8093830B4C
:104D50001092760B81E08093700B83E08093750254
:104D60000EC080917E0B10927E0B882309F49BCF9E
:104D70000E9472298091700B882309F494CF6B965E
:104D80000FB6F894DEBF0FBECDBFDF91CF911F915C
:104D90000F91FF90EF90DF90CF90BF90AF909F90DA
:104DA0008F907F906F905F90089580917502882317
:104DB00009F4AEC081E0913009F080E020E245E2E4
:104DC0005CE26F2D0F940D1182E001C081E09091A3
:104DD0007502992309F49DC0082FD12CC12CE12E16
:104DE000E618802FCA14DB0409F493C001136FC0C6
:104DF00070E060E0C4018C199D090F94DA21809164
:104E000055159091750B84FF67C0901355C0809124
:104E10007E0B10927E0B882309F44EC019821C82EF
:104E20008091901562E775E1882311F06DE875E1D6
:104E300021E049E95BE0CE0101960E94B2E38823BC
:104E400079F18BE1FE013196ADE8B5E101900D926B
:104E50008A95E1F7A0914B15AA3080F481E08A0F82
:104E600080934B158BE18A9FD0011124A855BA4E2F
:104E7000EDE8F5E101900D928A95E1F7CE010196FA
:104E80000E947B341092760B82E090E09093840B2A
:104E90008093830B81E08093700B109250055DCF5F
:104EA0000E94D53D69E97BE08FE09CE20E946F3C67
:104EB0008AE00E944A3CE2CF80917502882339F053
:104EC00081E0911380E041E06E2D0F9447118FEF48
:104ED000C81AD80A0F5F85CF901759F080917502D4
:104EE0008823A9F381E09091750B911380E040E055
:104EF000EBCF80917E0B10927E0B882379F38AE8AA
:104F000099E70E94969F8091700B882339F337CFE1
:104F100082E01F5F7112C0CE80936F0B30CF2F9253
:104F20003F924F925F926F927F928F929F92AF9239
:104F3000BF92CF92DF92EF92FF920F931F93CF9386
:104F4000DF9300D01F92CDB7DEB761E081E00E9411
:104F50005F282091760B2B83B22E2B5F298327EAC3
:104F6000822E2BE2922E86E08B198A83552453944D
:104F700085E0A82EAB1884E0782E7B1833E0432E12
:104F8000342C3B1882E0682E6B18252C2B188B8153
:104F90008111A5C08091750B882309F47BC0809195
:104FA0007502882361F06B2D619581E09091750BFE
:104FB000911180E024E04EEE5BE20F940D118091A0
:104FC000FC058770873009F054C180919A05909153
:104FD0009B05892B09F477C18B81873009F076C155
:104FE0009091EC0B9C838091750B8730A1F480919C
:104FF0007E0B10927E0B882371F095259C83409246
:10500000750284EF97E3892B11F00E94F4378091A9
:10501000700B81114DC080917502882309F478C10D
:105020002C81222309F422C12DE83BE267E06B19B1
:1050300081E09091750B973009F080E001E040E944
:105040005BE20E94112F88E08C838C818F5F9B81B3
:10505000891315C09091750B2B81921709F45BC1D0
:1050600080917502882359F06B816B1981E02B8147
:10507000921380E020E24CE55BE20F940D118B81EE
:105080008F5F8B839981981382CF2C812E5F209321
:105090006F0B0EC080917E0B10927E0B882309F45B
:1050A0007ECF0E9472298091700B882309F477CFFC
:1050B0000F900F900F900F90DF91CF911F910F9154
:1050C000FF90EF90DF90CF90BF90AF909F908F9028
:1050D0007F906F905F904F903F902F9008959B81AD
:1050E000913019F58091750B813081F080917502B6
:1050F000882309F464CF81E09091750B913009F019
:1051000080E023E044EE5BE2622D57CF80917E0B7E
:1051100010927E0B882351F38EEB99EA0E94969FA2
:105120008091700B882311F3C3CF2B81223009F0BB
:1051300005C19091750B923071F0809175028823B2
:1051400009F43DCF81E0923009F080E020E246EDA5
:105150005BE2662D32CF80917E0B10927E0B88230E
:1051600061F320EE3BE23093DF092093DE0980916A
:10517000700B882311F39CCF9091750B933071F0D5
:1051800080917502882309F41ACF81E0933009F0E9
:1051900080E020E249EC5BE2632D0FCF80917E0B33
:1051A00010927E0B882361F320ED3BE23093DF0900
:1051B0002093DE098091700B882311F379CF9091B1
:1051C000750B943071F080917502882309F4F7CE45
:1051D00081E0943009F080E020E24CEB5BE2672D47
:1051E000ECCE80917E0B10927E0B882361F323EC32
:1051F0003BE23093DF092093DE098091700B882316
:1052000011F356CF9091750B953071F08091750226
:10521000882309F4D4CE81E0953009F080E020E2C3
:105220004FEA5BE26A2DC9CE80917E0B10927E0B15
:10523000882361F326EB3BE23093DF092093DE09FC
:105240008091700B882311F333CF80917E0B1092E5
:105250007E0B882309F484C09092DF098092DE09D6
:105260008091700B882309F47BC022CF29E83BE2B0
:10527000DDCE97E09C839C812B819213E6CE8091BA
:10528000750B891731F180917502882309F4DDCE01
:10529000FB80FB1811E08091750B9B81891310E056
:1052A0006091490570914A0580914B0590914C059C
:1052B0000E94B62900E09C0141E75BE26F2D812F3F
:1052C0000E94112FC2CE27E02C83D5CF88E08C839B
:1052D000D2CF80917E0B10927E0B8823A1F20F9487
:1052E00005148EEEC82E88E3D82EE12CF12C08ECA4
:1052F00012E420E030E0A90169E475E08DE79BE26B
:105300000F94FC128091700B882309F4BCCFD0CE8F
:1053100028E02C839ACE80917E0B10927E0B8823FE
:1053200009F49ECE2DE63BE23093DF092093DE099F
:105330008091700B882309F493CEBACE8B81833091
:1053400009F41ACF843009F43ACF853009F45ACFE2
:10535000863009F034CE9091750B963009F475CFF4
:1053600080917502882309F42ACE81E0963009F0F5
:1053700080E020E24DE95BE26A811FCEDF92EF928E
:10538000FF920F931F93CF93DF9361E081E00E9420
:105390005F28C091760B85E0E82EEC0ED4E0DC1B94
:1053A00013E01C1B02E00C1B81E0F82EFC1ADC2E23
:1053B000D194C1112EC08091750B8823B1F08091DA
:1053C0007502882359F081E09091750B911180E06E
:1053D00024E045E55BE26D2D0F940D11CF5FEC12DB
:1053E000E8CF85E080936F0B0CC080917E0B10920C
:1053F0007E0B882321F30E9472298091700B8823F1
:10540000F1F2DF91CF911F910F91FF90EF90DF901C
:105410000895C13011F58091750B813079F080913C
:1054200075028823D9F281E09091750B913009F0D3
:1054300080E023E04EE45BE26F2DCECF80917E0BC7
:1054400010927E0B882359F38EEB9BE70E94969F68
:105450008091700B882319F3D4CFC23009F055C066
:105460008091750B823081F080917502882309F458
:10547000B5CF81E09091750B923009F080E023E088
:1054800047E45BE2602FA8CF80917E0B10927E0BE9
:10549000882351F383EC9BE70E94969F8091700BC9
:1054A000882311F3AECF8091750B833081F080910A
:1054B0007502882309F492CF81E09091750B9330A7
:1054C00009F080E023E040E45BE2612F85CF80912A
:1054D0007E0B10927E0B882351F388EC9BE70E9491
:1054E000969F8091700B882311F38BCF80917E0B58
:1054F00010927E0B882391F08DEC9BE70E94969F83
:105500008091700B882351F07CCFC33061F2C4309E
:1055100009F064CF8091750B843041F3809175025E
:10552000882309F45BCF81E09091750B943009F0EA
:1055300080E023E047E35BE26D2F4ECF6F927F92D6
:105540008F929F92AF92BF92CF92DF92EF92FF9293
:105550000F931F93CF93DF9361E081E00E945F2858
:10556000C091760B1C2F85E0A82EAC0E82E0F82EA1
:10557000FC1AEE24E39493E0B92E9E2C9C1A8C2EF8
:1055800081947B2C7C1A29E5C22E24E3D22EC111F2
:10559000D8C08091750B882309F4B6C0809175023C
:1055A000882359F081E09091750B911180E024E0FF
:1055B0004FE756E2682D0F940D110E942E29682E98
:1055C000811128C1D4E0C33009F025C18091750B49
:1055D000833009F401C18091750281110EC1D4E0BC
:1055E00081E08D0F8C1309C08091750B8C1709F425
:1055F00039C18091750281114EC182E08D0F8C13EB
:1056000015C08091750B8C1709F45AC180917502F1
:10561000882361F06C2F611B81E09091750B9C13C6
:1056200080E023E043E256E20F940D1183E08D0FFA
:105630008C1315C08091750B8C1709F452C18091A1
:105640007502882361F06C2F611B81E09091750BCE
:105650009C1380E023E041E156E20F940D1184E0B9
:105660008D0F8C1315C08091750B8C1709F44AC1EE
:1056700080917502882361F06C2F611B81E090910D
:10568000750B9C1380E020E242E056E20F940D116E
:1056900085E08D0F611032C08C1315C08091750BA1
:1056A0008C1709F440C180917502882361F06C2F3A
:1056B000611B81E09091750B9C1380E020E244EF28
:1056C00055E20F940D1186E08D0F8C1315C080915B
:1056D000750B8C1709F438C180917502882361F02D
:1056E0006C2F611B81E09091750B9C1380E020E290
:1056F00043EE55E20F940D1187E08D0FCF5FAC1292
:1057000046CF80936F0B0EC080917E0B10927E0B64
:10571000882309F443CF0E9472298091700B88235B
:1057200009F43CCFDF91CF911F910F91FF90EF9043
:10573000DF90CF90BF90AF909F908F907F906F90B1
:105740000895C13019F58091750B813081F08091F9
:105750007502882309F431CF81E09091750B913067
:1057600009F080E023E04DE656E2692D24CF8091D8
:105770007E0B10927E0B882351F385E99DEA0E94EF
:10578000969F8091700B882311F3CCCFC23009F023
:1057900014CF8091750B823081F08091750288233F
:1057A00009F40BCF81E09091750B923009F080E005
:1057B00023E04EE556E26F2DFECE80917E0B1092D7
:1057C0007E0B882351F382ED9DE20E94969F80918B
:1057D000700B882311F3A6CF80917E0B10927E0B65
:1057E000882309F4F8CE8CE996E70E94969F809171
:1057F000700B882309F4EFCE95CF81E09091750B63
:10580000933009F080E023E046E556E2672D0F94DF
:105810000D11E5CED3E0DC13E3CE8091750B8D172F
:1058200091F080917502882309F4DACE6C2F611B08
:1058300081E09091750B9C1380E023E04BE456E2ED
:105840000F940D11CDCE80917E0B10927E0B88238C
:1058500041F387E897E90E94969F8091700B882317
:1058600001F360CF80917E0B10927E0B882309F4A8
:10587000C0CE8091D0098E258093D009B092750258
:10588000C114D10411F00E9459348091700B882307
:1058900009F4AFCE47CF8091D00928E336E28111D9
:1058A00002C024E336E26C2F611B81E09091750BFE
:1058B0009C1380E001E04BE356E20E94112F9DCE45
:1058C00080917E0B10927E0B882309F49FCE88E88E
:1058D00099E90E94969F8091700B882309F496CED7
:1058E00021CF80917E0B10927E0B882309F4A7CEE6
:1058F0008BE899E90E94969F8091700B882309F4A8
:105900009ECE10CF80917E0B10927E0B882309F4DF
:10591000AFCE0E94E3DF0E9456288091700B88234F
:1059200009F4A6CEFFCE80917E0B10927E0B8823C9
:1059300009F4B9CE0E9489F20E9456288091700B1A
:10594000882309F4B0CEEECE80917E0B10927E0BB0
:10595000882309F4C1CE0E94B8DE0E944A288091B3
:10596000700B882309F4B8CEDDCEDF92EF92FF9260
:105970000F931F93CF93DF9361E081E00E945F2834
:10598000C091760B85E0E82EEC0ED4E0DC1B13E032
:105990001C1B02E00C1B81E0F82EFC1ADC2ED194BB
:1059A000C1112EC08091750B8823B1F080917502D2
:1059B000882359F081E09091750B911180E024E0EB
:1059C00046EF59E26D2D0F940D11CF5FEC12E8CF29
:1059D00085E080936F0B0CC080917E0B10927E0B44
:1059E000882321F30E9472298091700B8823F1F2A1
:1059F000DF91CF911F910F91FF90EF90DF9008956D
:105A0000C13011F58091750B813079F0809175026C
:105A10008823D9F281E09091750B913009F080E0F4
:105A200023E049EE59E26F2DCECF80917E0B10928C
:105A30007E0B882359F38AE79DE70E94969F809109
:105A4000700B882319F3D4CFC23009F055C0809170
:105A5000750B823081F080917502882309F4B5CFEF
:105A600081E09091750B923009F080E023E04EEDDB
:105A700059E2602FA8CF80917E0B10927E0B882375
:105A800051F38AE19EE70E94969F8091700B8823D4
:105A900011F3AECF8091750B833081F08091750248
:105AA000882309F492CF81E09091750B933009F02F
:105AB00080E023E042ED59E2612F85CF80917E0B9B
:105AC00010927E0B882351F383E79EE70E94969FF6
:105AD0008091700B882311F38BCF80917E0B1092F5
:105AE0007E0B882391F083E190E80E94969F80913D
:105AF000700B882351F07CCFC33061F2C43009F0C1
:105B000064CF8091750B843041F3809175028823B6
:105B100009F45BCF81E09091750B943009F080E03F
:105B200023E044EC59E26D2F4ECF6F927F928F921B
:105B30009F92AF92BF92CF92DF92EF92FF920F931C
:105B40001F93CF93DF9361E081E00E945F28C091B3
:105B5000760B1C2F85E0782E7C0E85E0F82EFC1A43
:105B600093E0892E84E0E82EEC1A682C6C1A2AE85F
:105B7000A22E24E2B22E82E0D82EDC1A81E0C82EBA
:105B8000CC1A86E0982E9C1AC11130C08091750BFA
:105B9000882389F0809175028823A1F1612F619596
:105BA00081E09091750B911180E024E041E055E295
:105BB0000F940D1127C080917E0B10927E0B8823CD
:105BC00049F30E9472298091700B882319F3DF91A9
:105BD000CF911F910F91FF90EF90DF90CF90BF90EA
:105BE000AF909F908F907F906F900895C13009F093
:105BF0007BC09091750B913009F44FC08091750274
:105C000081115FC00E942E2981110BC1D7E0C630DF
:105C100009F008C18091750B863009F4E4C08091C9
:105C200075028111F1C0D7E081E08D0F8C1315C092
:105C30008091750B8C1709F41CC180917502882323
:105C400061F06C2F611B81E09091750B9C1380E0DB
:105C500023E041EA54E20F940D1182E08D0F8C1382
:105C600015C08091750B8C1709F414C180917502D1
:105C7000882361F06C2F611B81E09091750B9C1360
:105C800080E023E04FE854E20F940D11CF5FC7117D
:105C90007BCFDD5FD0936F0B9ACF80917E0B1092FC
:105CA0007E0B882309F4AACF809131028C27809340
:105CB0003102809275028091700B882309F49ECF87
:105CC00086CF809131022FEE34E2811102C02BEE9B
:105CD00034E281E0913009F080E001E042EF54E2EB
:105CE0006C2D0E94112F8ECFC23009F0E4C080913C
:105CF000750B823081F080917502882309F482CF80
:105D000081E09091750B923009F080E020E24AED3D
:105D100054E26D2D4DCF80917E0B10927E0B882327
:105D200051F3B092DF09A092DE090E946A298091A6
:105D3000700B882301F34BCF8091750B833081F07A
:105D400080917502882309F45DCF81E09091750BF5
:105D5000933009F080E023E041ED54E2662D28CF36
:105D600080917E0B10927E0B882351F38BED99E787
:105D70000E94969F8091700B882311F328CF809109
:105D8000750B843081F080917502882309F43ACF35
:105D900081E09091750B943009F080E023E044ECB1
:105DA00054E26E2D05CF80917E0B10927E0B8823DE
:105DB00051F389E79FEA0E94969F8091700B882398
:105DC00011F305CF80917E0B10927E0B882309F48E
:105DD00080C087E995E80E94969F8091700B882388
:105DE00009F477C0F4CE80917E0B10927E0B88234D
:105DF00009F415CF89EA93E80E94969F8091700B71
:105E0000882309F40CCFE3CE81E09091750B963096
:105E100009F080E023E046EB54E2692D0F940D1168
:105E200002CFD6E0DC1300CF8091750B8D1791F077
:105E300080917502882309F4F7CE6C2F611B81E0F5
:105E40009091750B9C1380E023E04AEA54E20F9492
:105E50000D11EACE80917E0B10927E0B882341F3C8
:105E600085EA93E90E94969F8091700B882301F345
:105E7000AECE80917E0B10927E0B882309F4DDCE8E
:105E800089E099E80E94969F8091700B882309F41D
:105E9000D4CE9DCE80917E0B10927E0B882309F488
:105EA000E5CE82EC99E70E94969F8091700B882343
:105EB00009F4DCCE8CCEC33009F43ECFC43009F4F3
:105EC0005ECFC53009F09ECE8091750B853009F408
:105ED00079CF80917502882309F494CE81E0909166
:105EE000750B953009F080E023E04FEB54E26F2D05
:105EF0005FCE3F924F925F926F927F928F929F926E
:105F0000AF92BF92CF92DF92EF92FF920F931F93C7
:105F1000CF93DF9300D01F92CDB7DEB761E081E071
:105F20000E945F281091760BF12E85E0382E310EFD
:105F3000812C912C5401839487E0C82EC11A86E0ED
:105F4000D82ED11A85E0E82EE11A11113DC08091BA
:105F5000750B8823B9F080917502882361F06F2D4D
:105F6000619581E09091750B911180E024E044EA05
:105F700053E20F940D111F5F3112E7CF88E0809339
:105F80006F0B0CC080917E0B10927E0B882319F34F
:105F90000E9472298091700B8823E9F20F900F9074
:105FA0000F900F90DF91CF911F910F91FF90EF9085
:105FB000DF90CF90BF90AF909F908F907F906F9029
:105FC0005F904F903F900895113009F083C0809109
:105FD000750B813029F180917502882361F2772455
:105FE00073948091750B813009F0712C8091CD13E1
:105FF0009091CE13A091CF13B091D01389839A833F
:10600000AB83BC83CE0101960E944F8761E06F197C
:1060100000E09C0148E953E2872D0E94112FABCF8D
:1060200080917E0B10927E0B8823A9F20F940514A9
:106030002AE037ED43E25DE36091CD137091CE131A
:106040008091CF139091D0130F94062F20E030E071
:1060500040E85FE30F9483350F94F7362B010E94DD
:10606000452983E0809375028EE993E29093900B2B
:1060700080938F0B8DEC93E190938E0B80938D0B1F
:106080008092890B90928A0BA0928B0BB0928C0B12
:1060900087E79FE0A0E0B0E08093850B9093860BAC
:1060A000A093870BB093880B5092840B4092830B84
:1060B00087EE9EE290930415809303151092820B55
:1060C0001092810B1092800B8091700B882309F441
:1060D00082CF64CF123009F0E2C28091750B82301A
:1060E00019F180917502882309F445CF77247394C0
:1060F0008091750B823009F0712C8091D1139091B1
:10610000D213A091D313B091D41389839A83AB8314
:10611000BC83CE0101960E944F8762E06F1900E0B8
:106120009C0144E853E278CF80917E0B10927E0B65
:106130008823B9F20F9405142AE037ED43E25CE3BB
:106140006091D1137091D2138091D3139091D41395
:106150000F94062F20E030E040E85FE30F94833592
:106160000F94F7362B010E94452983E08093750236
:106170008EE893E29093900B80938F0B81ED93E1E7
:1061800090938E0B80938D0B8092890B90928A0B4B
:10619000A0928B0BB0928C0B8DED93E0A0E0B0E061
:1061A0008093850B9093860BA093870BB093880BFD
:1061B0005092840B4092830B8DEE9EE290930415D7
:1061C000809303151092820B1092810B1092800B1A
:1061D0008091700B882309F484CFE0CE8091750BF9
:1061E000833019F180917502882309F4C4CE772495
:1061F00073948091750B833009F0712C8091D513C5
:106200009091D613A091D713B091D81389839A8314
:10621000AB83BC83CE0101960E944F8763E06F1968
:1062200000E09C0142E753E2F7CE80917E0B109292
:106230007E0B8823B9F20F9405142AE037ED43E270
:106240005DE36091D5137091D6138091D71390912F
:10625000D8130F94062F20E030E040E85FE30F945E
:1062600083350F94F7362B010E9445291093750250
:106270008BE793E29093900B80938F0B85ED93E1E6
:1062800090938E0B80938D0B8092890B90928A0B4A
:10629000A0928B0BB0928C0B87E79FE0A0E0B0E060
:1062A0008093850B9093860BA093870BB093880BFC
:1062B0005092840B4092830B87EE9EE290930415DC
:1062C000809303151092820B1092810B1092800B19
:1062D0008091700B882309F485CF60CE8091750B77
:1062E0008430F9F080917502882309F444CE772434
:1062F00073948091750B843009F0712C609199131F
:1063000070919A1380919B1390919C130F94A52EDA
:106310000E94892964E06F1900E09C0144E653E281
:106320007BCE80917E0B10927E0B8823D9F20F9446
:1063300005146091991370919A1380919B13909119
:106340009C130F94A52E2AE037ED43E25DE30F94F2
:10635000062F20E030E040E850E40F9483350F949E
:10636000F7362B010E94452983E0809375028BE666
:1063700093E29093900B80938F0B89E993E1909334
:106380008E0B80938D0B84E090E0A0E0B0E08093D2
:10639000890B90938A0BA0938B0BB0938C0B84E7A3
:1063A0009FE0A0E0B0E08093850B9093860BA093D4
:1063B000870BB093880B5092840B4092830B8FEC29
:1063C0009EE290930415809303158FEF95E79093C9
:1063D000820B8093810B1092800B8091700B88232D
:1063E00009F480CFDBCD8091750B8530F1F0809181
:1063F0007502882309F4BFCD772473948091750BBF
:10640000853009F0712C60919D1370919E138091DD
:106410009F139091A0130F94A52E0E94892900E04C
:106420009C0146E553E26E2DF7CD80917E0B1092D4
:106430007E0B8823E1F20F94051460919D137091F7
:106440009E1380919F139091A0130F94A52E2AE084
:1064500037ED43E25DE30F94062F20E030E040E8A3
:1064600050E40F9483350F94F7362B010E94452991
:1064700083E0809375028DE593E29093900B809377
:106480008F0B8DE993E190938E0B80938D0B84E0BD
:1064900090E0A0E0B0E08093890B90938A0BA093EA
:1064A0008B0BB0938C0B84E79FE0A0E0B0E080936F
:1064B000850B9093860BA093870BB093880B50921B
:1064C000840B4092830B8FEC9EE290930415809393
:1064D00003158FEF95E79093820B8093810B1092B9
:1064E000800B8091700B882309F481CF57CD809168
:1064F000750B8630F1F080917502882309F43BCD4D
:10650000772473948091750B863009F0712C60911B
:10651000A1137091A2138091A3139091A4130F94CF
:10652000A52E0E94892900E09C0148E453E26D2DCC
:1065300073CD80917E0B10927E0B8823E1F20F9435
:1065400005146091A1137091A2138091A3139091EF
:10655000A4130F94A52E2AE037ED43E25DE30F94D8
:10656000062F0F94F7362B010E94452983E0809374
:1065700075028FE493E29093900B80938F0B81EAE6
:1065800093E190938E0B80938D0B1092890B109258
:106590008A0B10928B0B10928C0B88E79FE0A0E087
:1065A000B0E08093850B9093860BA093870BB093FC
:1065B000880B5092840B4092830B8FEC9EE2909359
:1065C0000415809303158FEF95E79093820B8093CA
:1065D000810B1092800B8091700B882309F48BCF74
:1065E000DDCC80917E0B10927E0B882309F46BC06A
:1065F0000F9405146091A5137091A6138091A713B1
:106600009091A8130F94A52E2AE037ED43E25CE3A6
:106610000F94062F20E030E040E85FE30F948335CD
:106620000F94F7362B010E94452983E08093750271
:1066300081E493E29093900B80938F0B85EA93E132
:1066400090938E0B80938D0B8092890B90928A0B86
:10665000A0928B0BB0928C0B8DED93E0A0E0B0E09C
:106660008093850B9093860BA093870BB093880B38
:106670005092840B4092830B85ED9EE2909304151B
:10668000809303158FEF95E79093820B8093810B96
:106690001092800B8091700B8823A9F07FCC13306F
:1066A00009F49CCD143009F419CE153009F49BCEB1
:1066B000163009F41CCF173009F05DCC8091750BB2
:1066C000873009F48ECF80917502882309F453CC6A
:1066D000772473948091750B873009F0712C609149
:1066E000A5137091A6138091A7139091A8130F94EE
:1066F000A52E0E94892900E09C014AE353E26C2DFB
:106700008BCCFC0120E03EE2DB014D91BD0140322B
:1067100049F0283011F430833196DB0111974C9108
:10672000408331962F5F2B3079F710820895909136
:106730006F00292F227091FF05C090916F009D7FFF
:1067400090936F0034E0839FC0011124FC01E0535B
:10675000F94F40815181628173818C53994FFC01C3
:10676000408351836283738381E0809333062223C5
:1067700029F080916F00826080936F000895CF931D
:10678000DF9390916F00292F227091FF05C09091A7
:106790006F009D7F90936F0094E0899FA00111246A
:1067A000FA01E053F94F6081718182819381222344
:1067B00029F020916F00226020936F00EA01CA5EE9
:1067C000D34F0F94A72E288139814A815B810F9482
:1067D000062FDF91CF910895CF92DF92EF92FF9233
:1067E00080911906882309F457C0C0901E06D090E6
:1067F0001F06E0902006F090210620E030E0A9017D
:10680000C701B6010F94A02E882309F445C020E0EB
:1068100030E040E05FE3C701B6010F94062F9B0113
:10682000AC010F94062F2BED3FE049E450E40F94A8
:10683000062F9B01AC0160E070E080E89FE30F94BD
:106840007E366B017C01C0921A06D0921B06E09244
:106850001C06F0921D066091360270913702072ED9
:10686000000C880B990B0F94A72E2AE037ED43E21A
:106870005CE30F94062FA70196010F94062F6093F7
:106880006F02709370028093710290937202FF9076
:10689000EF90DF90CF900895C12CD12C80E8E82EA6
:1068A0008FE3F82ED0CF8F929F92AF92BF92CF926C
:1068B000DF92EF92FF92CF93DF93EC018090150669
:1068C00090901606A0901706B090180620E030E0D1
:1068D000A901C501B4010F94A02E882309F454C066
:1068E000C880D980EA80FB80A7019601C501B40168
:1068F0000F94A02E18160CF04CC020911106309168
:1069000012064091130650911406C701B6010F9468
:10691000A02E882331F1C0921106D0921206E09287
:106920001306F092140620910D0630910E06409148
:106930000F0650911006688179818A819B810F949E
:10694000062F9B01AC0160E070E080E89FE30F94AC
:1069500083356093320270933302809334029093B4
:10696000350260913202709133028091340290912D
:106970003502DF91CF91FF90EF90DF90CF90BF90E5
:10698000AF909F908F90089560E070E080E89FE363
:10699000F0CF60E070E0CB01ECCFCF92DF92EF92CE
:1069A000FF928091A207811105C08091A4078823DE
:1069B00009F470C080915106659B66C08160809328
:1069C0005106909103018091510691FF5FC0826052
:1069D00080935106809151064B9B5AC084608093EE
:1069E0005106C090B506C0FE10C08091A30780FF7D
:1069F0000CC08091510680FF08C08091610B8160BE
:106A00008093610B80E00E9497B3D12CF12CE12C94
:106A1000D701C601B695A7959795879580FF11C0B8
:106A20008091A307869580FF0CC08091510681FF5D
:106A300008C08091610B82608093610B81E00E94AD
:106A400097B382E0F694E794D794C7948A95D1F7E8
:106A5000C0FE20C08091A3078695869580FF1AC04E
:106A60008091A4078823B1F08091510682FF12C063
:106A70008091610B84608093610B82E0FF90EF90C6
:106A8000DF90CF900C9497B38E7F99CF8D7FA0CF5E
:106A90008B7FA5CFFF90EF90DF90CF900895CF929E
:106AA000DF92EF92FF9260916C0B70916D0B61150C
:106AB0007105B9F1C090680BD090690BE0906A0B3A
:106AC000F0906B0B66507109072E000C880B990B28
:106AD0000F94A72EA70196010F94E43718160CF512
:106AE00020E030E040E050E4C701B6010F94843567
:106AF0000F94F73670930507609304070F941918E5
:106B0000605A75418F4F9F4F609306077093070738
:106B10008093080790930907FF90EF90DF90CF9044
:106B20000895109206071092070710920807109216
:106B30000907F2CF61E0FC0180810F941F168FEFEF
:106B40000C941574CF93C82FCB010E94513C80ED5B
:106B500092E30E94513C81EC92E3CC2311F086EC4D
:106B600092E30E94513C8AE0CF910C944A3CDF9220
:106B7000EF92FF920F931F93CF93DF938C01C62F59
:106B8000D22FF32EE42ED52EFC0182810E94217497
:106B900060E0F80180810F941F160F9472188C2FFB
:106BA00080640E9415748D2D0E9415748E2D0E9494
:106BB00015748F2D0E9415748D2F0E94157487E80F
:106BC000C11101C085E90E941574CC3011F40E94F6
:106BD0001A74C0E00E941A74F801838387FF04C00E
:106BE000CF3F11F0CF5FF6CFDF91CF911F910F9183
:106BF000FF90EF90DF9008950F931F93CF93DF9353
:106C0000EC0189018C81833039F089E0440F551FF4
:106C1000661F771F8A95D1F79A01AB0168E1CE0113
:106C20000E94B7B581114AC08EEF8EBDF801C80130
:106C30009E5F0DB407FEFDCF20812EBD0DB407FE73
:106C4000FDCF21812EBD3296E817F90791F70DB4DB
:106C500007FEFDCF8FEF0E9415748FEF0E94157411
:106C60000E941A748B838F71853089F40F94721887
:106C7000182F882301F120E030E0A9016DE0CE015A
:106C80000E94B7B5882351F086E1898305C083E16E
:106C90008983CE010E949AB510E004C00E941A7444
:106CA0008111F2CFCE010E949AB5812FDF91CF9151
:106CB0001F910F91089587E18983F4CF86E0E5CF96
:106CC000CF92DF92EF92FF920F931F93CF93DF93B8
:106CD000EC0189018C81833039F089E0440F551F24
:106CE000661F771F8A95D1F79A01AB0161E1CE014A
:106CF0000E94B7B5882381F084E08983CE010E9489
:106D00009AB510E0812FDF91CF911F910F91FF90E5
:106D1000EF90DF90CF9008950F9419186B017C01CC
:106D20002CE2C20E21E0D21EE11CF11C0E941A745A
:106D30008B838F3F61F40F9419186C197D098E09AC
:106D40009F0997FDF3CF81E1898310E01BC08E3F3F
:106D5000E9F48FEF8EBDF801D801A150BE4F0DB4FC
:106D600007FEFDCF9EB591938EBDAE17BF07B9F755
:106D70000DB407FEFDCF8EB58C930E941A740E944D
:106D80001A7411E0CE010E949AB5BCCF8FE0DCCF1F
:106D90008091C5149091C614891B80958F7019F449
:106DA0000E944649F5CF8091C5148F5F8F70E091A6
:106DB000C51496E5E99FF0011124E55DF34FDF016D
:106DC0001D929A95E9F798E090834091D7145091DD
:106DD000D8146091D9147091DA14458B568B678B57
:106DE000708F4091DB145091DC146091DD14709130
:106DF000DE14418F528F638F748F4091DF14509156
:106E0000E0146091E1147091E214458F568F678F02
:106E100070A34091E3145091E4146091E5147091D3
:106E2000E61441A352A363A374A32091C5149091C7
:106E3000C614291303C094E69093C2148093C5141A
:106E400080916F00826080936F000895CF92DF92EF
:106E5000EF92FF920F931F93C12CD12C76018C01DE
:106E600028EE3BE044EE5BE060EE7BE08CED9BE0E7
:106E70000F948E0D1F910F91FF90EF90DF90CF90A8
:106E80000895CF9380919613C1E08823A1F040919B
:106E90008E1350918F1360919013709191132EE87F
:106EA00031E180919713909198130E94FCB5C82FFF
:106EB000811104C0C0E08C2FCF91089540919213AE
:106EC000509193136091941370919513411551054E
:106ED0006105710591F02EE831E180919713909151
:106EE00098130E94FCB5882329F3109292131092F4
:106EF0009313109294131092951310929613DBCF64
:106F0000CF92DF92EF92FF92CF936B017C01C42F5F
:106F100080918E1390918F13A0919013B091911343
:106F20008C159D05AE05BF0501F10E9441B7811189
:106F300008C0C0E08C2FCF91FF90EF90DF90CF90F2
:106F400008952EE831E1B701A60180919713909141
:106F500098130E9460B6882361F3C0928E13D0927A
:106F60008F13E0929013F0929113CC2321F081E0E3
:106F700080939613DFCFC1E0DDCF4F925F926F9287
:106F80007F928F929F92AF92BF92CF92DF92EF92B9
:106F9000FF920F931F93CF93DF93EC014230510583
:106FA0006105710590F480E0DF91CF911F910F9101
:106FB000FF90EF90DF90CF90BF90AF909F908F9019
:106FC0007F906F905F904F90089589859A85AB85EB
:106FD000BC850196A11DB11D84179507A607B707AB
:106FE00010F38F898031C9F5852E962EA72EBB24EC
:106FF0008B899C89AD89BE89880E991EAA1EBB1EED
:10700000280139016A017B0141E0C501B4010E94F8
:1070100080B7882341F29F89903181F5DD24EE24E9
:10702000FF24F601EE0FFF1FE257FE4E118300838F
:107030009A89923008F4B8CF4D815E816F8178854E
:10704000840E951EA61EB71E8092921390929313E3
:10705000A0929413B0929513A7CF803209F0A3CFDA
:107060008B899C89AD89BE894A015B01E7E0B694B2
:10707000A79497948794EA95D1F7BECFE894C7F880
:10708000DD24EE24FF24F601EE0FFF1FEE0FFF1F9D
:10709000E257FE4E4082518262827382C9CFCF9204
:1070A000DF92EF92FF920F931F93CF93DF93FC0138
:1070B00081859285A385B4850196A11DB11D841794
:1070C0009507A607B70750F480E0DF91CF911F9195
:1070D0000F91FF90EF90DF90CF90089587898031D6
:1070E000A9F5BB27A72F962F852FC388D488E588BD
:1070F000F6888C0D9D1DAE1DBF1DE9016A017B0147
:107100008F0140918E1350918F1360919013709165
:10711000911384179507A607B70749F5F8018789E2
:10712000803169F5B701A601552766277727440FF7
:10713000551F42575E4EFA0180819181B0E0A0E078
:1071400088839983AA83BB8381E0BFCF803209F013
:10715000BBCFC388D488E588F688DB01CA01C7E0C5
:10716000B695A79597958795CA95D1F7C2CF40E078
:10717000BC01CD010E9480B78111D0CFA5CFB7014E
:10718000A6014F77552766277727440F551F440FD1
:10719000551F42575E4EFA0180819181A281B381D1
:1071A000BF70CECF4F925F926F927F92AF92BF929D
:1071B000CF92DF92EF92FF920F931F93CF93DF93C3
:1071C00000D01F92CDB7DEB78C0149835A836B8301
:1071D0007C835901C12CD12C7601412C82E0582EA0
:1071E000612C712C49815A816B817C819E012F5FBA
:1071F0003F4FC8010E944FB8882319F1F8018585D7
:10720000A301920104C0220F331F441F551F8A950A
:10721000D2F7DA01C901C80ED91EEA1EFB1E498148
:107220005A816B817C8187898031F1F481E0483F0C
:107230005F4F61057105B0F2F501C082D182E28233
:10724000F3820F900F900F900F90DF91CF911F91CD
:107250000F91FF90EF90DF90CF90BF90AF907F9015
:107260006F905F904F90089581E0483F5F4F6F4F60
:107270007F4008F4B7CFE0CF0F931F93CF93DF93F6
:10728000FC012381222331F080E0DF91CF911F9117
:107290000F9108958B01EC01FB018789803139F54D
:1072A00082E08B831D8A1E8A1F8A188E808D918DA5
:1072B000B0E0A0E025E0880F991FAA1FBB1F2A9508
:1072C000D1F7898B9A8BAB8BBC8B1A8F098F81E09E
:1072D0008983188619861A861B861C821D821E8247
:1072E0001F82188A1C861D861E861F86CECF80327E
:1072F00059F683E08B83428D538D648D758D4D8B54
:107300005E8B6F8B788F9E012F5E3F4FC8010E946E
:10731000D2B88111DACFB8CF3F924F925F926F927D
:107320007F928F929F92AF92BF92CF92DF92EF9215
:10733000FF920F931F93CF93DF93CDB7DEB72C97B8
:107340000FB6F894DEBF0FBECDBF5C01DC015996CD
:107350008D909C90F40181859285A385B4859C01D4
:10736000AD012F5F3F4F4F4F5F4F29873A874B87C4
:107370005C87D50114964D905D906D907C90179729
:10738000411451046104710409F459C0BFEF4B1A50
:107390005B0A6B0A7B0A312C730162011D821E821B
:1073A0001F821886F40181859285A385B4852D817D
:1073B0003E814F815885281739074A075B0708F037
:1073C00056C089859A85AB85BC858C159D05AE0513
:1073D000BF0550F482E0C82ED12CE12CF12C92E0B4
:1073E000492E512C612C712C9E012F5F3F4FB7010C
:1073F000A601C4010E944FB88823C9F189819A81EE
:10740000AB81BC81892B8A2B8B2B01F126013701A3
:107410009FEF491A590A690A790A2D813E814F81E5
:1074200058852F5F3F4F4F4F5F4F2D833E834F83D4
:1074300058873FEFC31AD30AE30AF30AB3CF408059
:1074400051806280738033243394A6CFC414D50452
:10745000E604F70411F70FEF1FEF2FEF3FE0B7013E
:10746000A601C4010E94BDB7782E81111AC0712CEB
:10747000872D2C960FB6F894DEBF0FBECDBFDF91DF
:10748000CF911F910F91FF90EF90DF90CF90BF9021
:10749000AF909F908F907F906F905F904F903F90B4
:1074A0000895F50144815581668177814115510523
:1074B0006105710539F097018601C4010E94BDB7CD
:1074C0008823A9F2D5011496CD92DD92ED92FC921B
:1074D0001797332051F0D701C6010196A11DB11DA8
:1074E000F40180839183A283B383F5018589968912
:1074F000A789B08D892B8A2B8B2B09F0B9CFC58A30
:10750000D68AE78AF08E818180688183B1CF8F929D
:107510009F92AF92BF92CF92DF92EF92FF920F9322
:107520001F93CF93DF93EC018B8181110EC080E01C
:10753000DF91CF911F910F91FF90EF90DF90CF904F
:10754000BF90AF909F908F90089509891A892B89D9
:107550003C89041715072607370748F34A015B01E2
:10756000823031F488869986AA86BB8681E0E0CF96
:1075700081149104A104B10449F4188619861A866D
:107580001B861C821D821E821F82F0CF08851985F2
:107590002A853B85E98DFA8D858590E00996B901AC
:1075A000A8014150510961097109082E04C076955E
:1075B0006795579547950A94D2F775016401E1E004
:1075C000CE1AD108E108F10804C0F694E794D794E4
:1075D000C7948A95D2F7C416D506E606F70620F0BA
:1075E000012B022B032B11F58D899E89AF89B88D54
:1075F0008C839D83AE83BF838E010C5F1F4FC114AC
:10760000D104E104F10409F4ADCF4C815D816E81B8
:107610007F819801898D9A8D0E944FB891E0C91A97
:10762000D108E108F1088111EACF81CFC41AD50A47
:10763000E60AF70AE1CF2F923F924F925F926F9244
:107640007F928F929F92AF92BF92CF92DF92EF92F2
:10765000FF920F931F93CF93DF9300D01F92CDB76C
:10766000DEB79C838B834B017A01DC0113968C91EE
:10767000811119C08FEF9FEF0F900F900F900F9017
:10768000DF91CF911F910F91FF90EF90DF90CF90FE
:10769000BF90AF909F908F907F906F905F904F9032
:1076A0003F902F900895EB81FC81818180FFE2CF94
:1076B00081899289A389B4894085518562857385C2
:1076C000841B950BA60BB70BA70170E060E0841735
:1076D0009507A607B70708F47C0167018B819C8199
:1076E00004969A838983612C32E0732EC114D104ED
:1076F00009F4B7C0AB81BC8118964D915D916D9135
:107700007C911B975A01B1E0BB22EB81FC81818DFA
:10771000928D1A012B0129E05694479437942794AF
:107720002A95D1F72381223091F5DC015A966D918B
:107730007D918D919C915D97620D731D841D951DAA
:1077400083010A191B09C016D10608F48601011528
:10775000B2E01B0771F420918E1330918F1340918A
:10776000901350919113621773078407950709F0DE
:1077700059C040E00E9480B7882309F47BCFB5014F
:1077800062577E4EA801C4010F94AB3857C0FC016C
:10779000148111501221A114B10481F411110EC0F1
:1077A000452B462B472B79F5EB81FC818589968902
:1077B000A789B08D84839583A683B783AB81BC8171
:1077C0005996ED91FC915A9714966D917D918D91FA
:1077D0009C9117976250710981099109258504C010
:1077E000660F771F881F991F2A95D2F72685378540
:1077F00040895189620F731F841F951F610F711D8E
:10780000811D911D9DCFAB81BC8114964D915D91E1
:107810006D917C91179729813A810E944FB881110F
:10782000CDCF28CF9401AB01BC01809197139091EB
:1078300098130E9460B6882309F41CCF800E911E15
:10784000EB81FC8180859185A285B385800F911F96
:10785000A11DB11D80879187A287B387C01AD10A65
:1078600045CFC70109CFCF93DF93EC01462F41707D
:107870006C857D858E859F850E9480B7882351F019
:10788000888920E2829FC001112482579E4EDF9199
:10789000CF91089590E080E0FACFCF93DF93EC0191
:1078A0008B81882349F1898187FF22C061E0CE0165
:1078B0000E9433BCFC01892BF9F08081853EE1F008
:1078C0008B81823040F489899A89AB89BC89848F05
:1078D000958FA68FB78F8D899E89938F828F8D8983
:1078E0009E89AF89B88DB58BA48B89818F77898369
:1078F000DF91CF910C9441B781E0888380E0DF91E4
:10790000CF9108952F923F924F925F926F927F9204
:107910008F929F92AF92BF92CF92DF92EF92FF929F
:107920000F931F93CF93DF9300D01F92CDB7DEB795
:107930008C014B011A01DC0113968C911397813055
:1079400009F0CAC011968C9181FFC6C082FDB0C0FB
:107950006101D80118964D915D916D917C911B97B5
:10796000C114D10409F41AC159968D919C915A976A
:10797000FC0174802FEF270D2A013B0139E076943A
:107980006794579447943A95D1F7722E74207A01F0
:10799000F1E0FF22711020C0E114F104E9F4149623
:1079A0004D915D916D917C91179741155105610540
:1079B000710509F097C055968D919D910D90BC91E0
:1079C000A02D0097A105B10509F0A5C0C8010E942E
:1079D0008CB9882309F480C0A12C82E0B82EAE189F
:1079E000BF08CA14DB0408F45601D80159964D911A
:1079F0005C915A9714968D919D910D90BC91A02DFC
:107A00000297A109B109FA01258504C0880F991FC1
:107A1000AA1FBB1F2A95D2F74685578560897189B1
:107A2000840F951FA61FB71F9C01AD01270D311DA7
:107A3000411D511D29013A01A11432E0B30609F09C
:107A400078C080918E1390918F13A0919013B09174
:107A50009113481659066A067B0669F4109296132C
:107A60008FEF9FEFDC0180938E1390938F13A09381
:107A70009013B09391139401B301A20180919713D5
:107A8000909198130E94FCB5882331F1F80180850C
:107A90009185A285B3858A0D9B1DA11DB11D80878F
:107AA0009187A287B3878A0C9B1CCA18DB0851CF29
:107AB000F801418952896389748980859185A285FD
:107AC000B385481759076A077B0709F441CFC801F6
:107AD0000E9487BA81113CCF81E0D8018C938FEF4F
:107AE0009FEF72C09E012F5F3F4F0E944FB88823C7
:107AF00099F389819A81AB81BC81F801218D328D06
:107B0000F9012789203169F4883FFFEF9F07A1051C
:107B1000B10508F05BCFF80184839583A683B78312
:107B20005BCF883F2FEF9207A2072FE0B20798F3B1
:107B30004DCFE114F10451F5D80118964D915D91A6
:107B40006D917C911B9751968D919D910D90BC915B
:107B5000A02D481759076A077B07C0F00E9441B75C
:107B6000882309F4B9CF81E08093961340928E1355
:107B700050928F136092901370929113A501B401EB
:107B8000C70182579E4E0F94AB3880CF41E0C301AE
:107B9000B2010E9480B78111F1CF9ECFF801818997
:107BA0009289A389B48984179507A607B70738F483
:107BB0008181418B528B638B748B80688183F80148
:107BC000818183FD18C0C1010F900F900F900F901D
:107BD000DF91CF911F910F91FF90EF90DF90CF90A9
:107BE000BF90AF909F908F907F906F905F904F90DD
:107BF0003F902F900895C8010E944DBC8111E3CFA2
:107C00006BCFCF93DF93EC010E944DBC1B82DF91C1
:107C1000CF910895CF93DF93EB01FC0123812111D4
:107C200004C080E0DF91CF9108952250223028F4E3
:107C30008FE28883198281E0F5CF60E00E9433BC37
:107C4000009779F3DC0160E080E09EE22D91203224
:107C500099F0883031F49E01260F311DF90190838F
:107C60006F5F9E01260F311DAD0141505109FA0190
:107C70004081F90140836F5F8F5F8B3039F7FE01E0
:107C8000E60FF11D1082D7CF40E050E0BA010C940E
:107C900087BA4F925F926F927F92AF92BF92CF92CC
:107CA000DF92EF92FF920F931F93CF93DF931F9278
:107CB000CDB7DEB78C017B015A01C22EDB0159968C
:107CC0008D919C91F801928F818FCB010E9444BECF
:107CD000712CF70180859185A285B38541895289F0
:107CE0006389748984179507A607B70708F052C0FF
:107CF00055E0B695A795979587955A95D1F7F82FA2
:107D0000FF70DF2ED70113968C91823010F480E043
:107D1000DBC041E050E0BE016F5F7F4FC7010E94B2
:107D20001BBB0197A1F7F70180859185A285B385DB
:107D30004F96A11DB11D80879187A287B387F0E27E
:107D4000DF9EB001112462577E4E61157105F9F274
:107D5000DB018C91882341F0853E09F04CC07720EF
:107D600029F077247394B5CF71100EC080918E13D3
:107D700090918F13A0919013B0919113F801848783
:107D80009587A687B787D08ADB018C918111E9CFCF
:107D9000772473948C2D8274823409F0B8CF7720C5
:107DA00009F4A2C0F801D08861E0C8010E9433BC88
:107DB000009709F4ACCF20E2DC011D922A95E9F787
:107DC0002BE0F501DC0101900D922A95E1F721E20B
:107DD00038E2FC01318B208B40E058E05787468722
:107DE000338B228B318F208F578B468B0E9441B76C
:107DF000811109C08CCF4BE050E0C5010F949E3833
:107E0000892B09F066CFF0E2DF9ED00111249D019D
:107E100022573E4EF9018385817121F08C2D8271AC
:107E200009F0FCC0F801818D928D40918E13509124
:107E30008F136091901370919113448755876687D3
:107E40007787D08AFD01E257FE4E44885588712C11
:107E5000612C320155244424D80155964D925D92EF
:107E60006D927C925897428D538D70E060E044296A
:107E700055296629772955964D935D936D937C938B
:107E80005897D9011B962C91287109F0B9C0848D9F
:107E9000958DA68DB78DF801818B928BA38BB48BBA
:107EA00081E083838C2D8F70F80181831482158289
:107EB00016821782108611861286138681E0C4FE10
:107EC00003C0C8010E9460FA0F90DF91CF911F910B
:107ED0000F91FF90EF90DF90CF90BF90AF907F9089
:107EE0006F905F904F900895D70113968C911397E0
:107EF000823009F40CCF51968D919D910D90BC91DB
:107F0000A02D803E9F4FAF41B10508F000CFC701C3
:107F10000E948CB9882309F4FACE0E9441B78823C5
:107F200009F4F5CED7015996ED91FC915A97149624
:107F30004D905D906D907C901797B2E04B1A510870
:107F400061087108858504C0440C551C661C771CAB
:107F50008A95D2F786859785A089B189480E591EE2
:107F60006A1E7B1E81E08093961340928E1350927E
:107F70008F136092901370929113EEE8F1E180E01C
:107F800092E0DF019C011D9221503040E1F7DD2499
:107F9000D394D7015996ED91FC918481D81698F429
:107FA0002EE831E1B301A2014D0D511D611D711D7E
:107FB00080919713909198130E94FCB5882309F43F
:107FC000A6CED394E6CF258580E092E0A0E0B0E095
:107FD00004C0880F991FAA1FBB1F2A95D2F7F7016B
:107FE0004189528963897489840F951FA61FB71F21
:107FF000818B928BA38BB48B8EE891E1D12CDBCE5D
:10800000203161F498012F5E3F4F0E94D2B888233F
:1080100029F084E0D80113968C9344CFD8011396AD
:108020001C9275CE0F930FB70F9300916E000B7FCC
:1080300000936E0078940F930BB70F930CB70F92C9
:108040001F922F933F934F935F936F937F938F93E1
:108050009F93AF93BF93EF93FF9311240E9481C12D
:10806000FF91EF91BF91AF919F918F917F916F9110
:108070005F914F913F912F911F900F900CBF0F91E7
:108080000BBF0F910460F89400936E000F910FBF27
:108090000F91189510923F068091640290916502AD
:1080A0000F971816190614F490E080E090931514B9
:1080B000809314140F94251810926D0B10926C0B72
:1080C0000E944FB580916402909165020F97181637
:1080D000190614F490E080E0909315148093141422
:1080E0000F942518109216142C9810926D0B109264
:1080F0006C0B10926E0B80910201807280930001D4
:1081000008958F929F92AF92BF92CF92DF92EF929B
:10811000FF920F931F93CF93DF93B0E4A0E06A2FF9
:1081200070E0AB014B0F511D55954795411119C09A
:10813000E0EAFDE365917491072E000C880B990B22
:108140000F94A72EDF91CF911F910F91FF90EF9089
:10815000DF90CF90BF90AF909F908F900895B42FF5
:10816000E0CFA41711F0B41303C0ECE9FEE3E2CFB3
:108170009A0121503109220F331F220F331FF901B9
:10818000E256F24CE590F490F901EE55F24CC591AF
:10819000D4918E159F051CF3A42FC817D9070CF492
:1081A000BECFF901E056F24C05911491F901EC555E
:1081B000F24CC590D490BC016E197F09072E000CBB
:1081C000880B990B0F94A72E4B015C01B601601B25
:1081D000710B072E000C880B990B0F94A72E9B0197
:1081E000AC01C501B4010F94062F4B015C01BE0127
:1081F0006E197F09072E000C880B990B0F94A72E80
:108200009B01AC01C501B4010F947E366B017C016A
:10821000B801110F880B990B0F94A72E9B01AC018D
:10822000C701B6010F9484358DCFCF93DF93CCE097
:10823000D4E18A819B810E94CCF96C837D838E83FB
:108240009F83C4E6DBE08A819B810E9481C06C83AE
:108250007D838E839F83A89510924006DF91CF91F6
:108260000895EF92FF920F931F93CF93C82F7B0136
:108270008A0180915002882399F00E94823CC701B4
:108280000E94513C86ED9BE30E94513CC11125C0E8
:1082900060E070E0CB010E9423408AE00E944A3CEB
:1082A0008091E006811126C01092500281E08093F7
:1082B000E0060E944AC0C5E1C150409A99F069E1C8
:1082C00070E080E090E00F94E617409860E570E081
:1082D00080E090E00F94E617EFCF82ED9BE30E94E1
:1082E000513CDBCFC801CF911F910F91FF90EF90D0
:1082F0000C94D43ECF911F910F91FF90EF900C946E
:108300004AC00F931F93CF93DF93809153028F370F
:1083100008F4A1C08F5790911614909315079923D4
:1083200009F497C02C9A20916E0B2093140790911A
:108330000201211190959072909300018F5F8093BC
:1083400053028091130791E08927809313078111CD
:108350000E94219B80915202C1E0C80F85300CF031
:10836000C0E0823009F42EC10CF082C0882309F4E9
:1083700097C0813009F41AC1C09352022091D60BE4
:108380003091D70B2115310509F449C0F89460915B
:1083900009016270809108018170809306018091CB
:1083A0000B01121613060CF0809582708093090160
:1083B000409184005091850080910B0180958870D8
:1083C000809309018091840090918500841B950B16
:1083D000B0E0A0E073E0880F991FAA1FBB1F7A9539
:1083E000D1F78097A105B10568F380910B018870E2
:1083F0008093090180910B016111809582708093B7
:10840000090178948091D60B9091D70B1216130620
:108410000CF007C101979093D70B8093D60B0E9465
:10842000CDB480918B1190918C11009769F00197D8
:1084300090938C1180938B11892B31F48BE19DE308
:108440009093DF098093DE09DF91CF911F910F9107
:1084500008952C9868CF90911507891708F02C98EB
:1084600090911407891708F469CF9091020163CFA6
:10847000843009F4BFC00CF4B8C0853009F07CCF5B
:1084800090911207911102C08093120780911207F8
:10849000815080931207882309F46ECFC5E06CCF1A
:1084A000809151028F5F80311CF48093510264CF20
:1084B0001092510280914006811113C080910C14DA
:1084C00090910D1490930F1480930E148091640B6F
:1084D0009091650B9093670B8093660B81E080937E
:1084E000400610920D1410920C141092650B10920D
:1084F000640B00910E1410910F148091141490913C
:108500001514D1E0181619062CF08091161481115B
:1085100001C0D0E0809160029091610208171907B4
:108520003CF445EB5CE366ED7CE380E00E9431C106
:10853000DD2371F080915E0290915F0280179107B8
:108540003CF448EE5CE369E07DE380E00E9431C1E9
:1085500000916C0B10916D0B2091660B3091670BA5
:1085600080918E0790918F07821793073CF045EC1E
:108570005CE366ED7CE38FEF0E9431C110161106BB
:108580000CF0FACE2091660B3091670B80915C0263
:1085900090915D02281739070CF4EECE48EF5CE3AA
:1085A00069E07DE38FEF0E9431C1E6CE88E08093E1
:1085B0007B0085E480937C0080917A0080648093C6
:1085C0007A00DACE80917A0086FD27C0209178006B
:1085D0003091790080910C1490910D14820F931FAB
:1085E00090930D1480930C14C7CE88E080937B0089
:1085F00086E4E0CF80917A0086FD11C0209178005A
:10860000309179008091640B9091650B820F931FDC
:108610009093650B8093640BAFCEC2E0ADCEC4E007
:10862000ABCE0196F8CE2F923F924F925F926F920F
:108630007F929F92AF92BF92CF92DF92EF92FF9282
:108640000F931F93CF93DF936C011B01922E8091A8
:108650003E06D0E0C0E0222321F080913906C1E03F
:10866000D0E081112DC0FA0140805180628073807A
:10867000CE01880F991F880F991F9C01265F384FE4
:108680005901A3019201F501608171818281938179
:108690000F94A02E882309F1F50140825182628255
:1086A0007382BB24B39420E030E0A901C301B2017E
:1086B0000F94E43718160CF0B12CF601B4820DC0FB
:1086C000F6011482FE01EE0FFF1FEE0FFF1FE65FA3
:1086D000F84F1082118212821382F6018481823057
:1086E000E9F0833009F46BC0813009F047C0FE0126
:1086F000EE0FFF1FEE0FFF1FE65FF84F2081318165
:1087000042815381F10160817181828193810F9453
:10871000A02E87FD33C082E0F6018483CC0FDD1FDD
:10872000CC0FDD1FC65FD84FB70190E080E00F94FB
:10873000A52E9B01AC01688179818A819B810F9470
:1087400083359B01AC01F10160817181828193814C
:108750000F94E43787FD24C00F9419182B013C01B6
:108760009801A8EEB3E00F943835460E571E681EE8
:10877000791EF6014082518262827382DF91CF912D
:108780001F910F91FF90EF90DF90CF90BF90AF902F
:108790009F907F906F905F904F903F902F900895A3
:1087A0000F941918F6010081118122813381601B19
:1087B000710B820B930B97FDE1CF83E08483FFEF76
:1087C0004EE75CE39F1202C041E95CE365EA7CE3AB
:1087D000892DDF91CF911F910F91FF90EF90DF9046
:1087E000CF90BF90AF909F907F906F905F904F9091
:1087F0003F902F900C9431C12F923F924F925F92F5
:108800006F927F928F929F92AF92BF92CF92DF92A0
:10881000EF92FF920F931F93CF93DF93CDB7DEB705
:1088200063970FB6F894DEBF0FBECDBF80914006B0
:10883000811119C063960FB6F894DEBF0FBECDBF8D
:10884000DF91CF911F910F91FF90EF90DF90CF902C
:10885000BF90AF909F908F907F906F905F904F9060
:108860003F902F9008950E9415C10F9419184B0145
:108870005C016091640270916502072E000C880B08
:10888000990B0F94A72E9B01AC016091101470916D
:10889000111480911214909113140F94E437181648
:1088A0000CF469C280913E06882309F46FC260917E
:1088B000141470911514072E000C880B990B0F944B
:1088C000A72E69837A838B839C8324E0E22EF12C8C
:1088D0000CE310E020E0AE014F5F5F4F60E174E118
:1088E0008FEF96E00E9413C3409010145090111423
:1088F0006090121470901314609162027091630280
:10890000072E000C880B990B0F94A72E9B01AC012E
:10891000C301B2010F94E43718160CF021C1609125
:10892000640270916502072E000C880B990B0F945E
:10893000A72E9B01AC01C301B2010F94A02E87FFAB
:108940000FC160911414709115146115710509F42B
:1089500046C2072E000C880B990B0F94A72EA3017B
:1089600092010F9483356B017C0120E030E040E2FE
:1089700051EC0F94A02E87FD32C280913E068111EA
:108980002EC220E030E040E251E4C701B6010F946E
:10899000E43718160CF42AC28091F50681112BC217
:1089A0008091ED069091EE06A091EF06B091F00651
:1089B0008D839E83AF83B8872091F1063091F206B4
:1089C0004091F3065091F40629873A874B875C87DC
:1089D000A30192016091E1067091E2068091E306A5
:1089E0009091E4060F94833520911F143091201448
:1089F00040912114509122140F94062F2D813E8115
:108A00004F8158850F94833520ED3CEC4CE45DE3B9
:108A10000F94062F2D813E814F8158850F94843508
:108A20006D837E838F8398876093ED067093EE0647
:108A30008093EF069093F00680911B1490911C1484
:108A4000A0911D14B0911E148D879E87AF87B88B9F
:108A500029853A854B855C85C701B6010F9484351D
:108A60001B018C0120E030E0A9010F94A02E87FDAE
:108A7000CDC12D853E854F85588960E070E08FE738
:108A800093E40F947E366987798B8A8B9B8B910157
:108A9000A8010F94A02E87FF04C0298439880A8971
:108AA0001B89C101D8018093F1069093F206A0932F
:108AB000F306B093F40620911714309118144091E6
:108AC000191450911A14C701B6010F94062F6B01A7
:108AD0007C01C092E506D092E606E092E706F092AD
:108AE000E8069101A8016D857E858F8598890F9490
:108AF000062F9B01AC012093E9063093EA064093D0
:108B0000EB065093EC06C701B6010F9484352D8116
:108B10003E814F8158850F9484356B017C0120E0A4
:108B200030E0A9010F94A02E87FD5CC120E030E069
:108B30004FE753E4C701B6010F94E43718160CF45D
:108B400058C1C701B6010F94F036759567954092EC
:108B5000E1065092E2066092E3067092E40601C0DC
:108B600060E0609316148091081490910914A0910C
:108B70000A14B0910B140097A105B10509F1A501E4
:108B80009401281B390B4A0B5B0BDA01C901B7FDB5
:108B900017C0609106147091071490E080E00F9464
:108BA000A52E9B01AC01C301B2010F94A02E87FF3B
:108BB00013C14AE35CE36CE47CE380E00E9431C1D2
:108BC00020E030E040EF52E46091680B7091690B57
:108BD00080916A0B90916B0B0F94E43718160CF48C
:108BE000F0C08091060790910707A0910807B09107
:108BF00009070097A105B10539F1A5019401281BCA
:108C0000390B4A0B5B0BDA01C901B7FD1DC060913E
:108C100004077091050790E080E00F94A52E9B015A
:108C2000AC016091680B7091690B80916A0B909117
:108C30006B0B0F94A02E87FFCCC044EF5BE367E083
:108C40007CE38FEF0E9431C18091FB069091FC067E
:108C5000A091FD06B091FE06A5019401281B390BD9
:108C60004A0B5B0BDA01C901B7FDE4CDD501C401A4
:108C700088579C4EAF4FBF4F8093FB069093FC06E6
:108C8000A093FD06B093FE0680913906882309F46F
:108C90005BC060916C0B70916D0B072E000C880B04
:108CA000990B0F94A72E69837A838B839C8382E030
:108CB000E82EF12C04E610E02FEFAE014F5F5F4F7E
:108CC00068E67BE086EF96E00E9413C38091390648
:108CD000811132C0C090680BD090690BE0906A0B94
:108CE000F0906B0B20E030E040EA50E4C701B601A1
:108CF0000F94E43787FD20C020E030E040EF52E4DD
:108D0000C701B6010F94A02E1816B4F060916C0B39
:108D100070916D0B072E000C880B990B0F94A72EEA
:108D20009B01AC01C701B6010F94A02E87FF5CC068
:108D30008FE780936E0B7ECD10926E0B80910201B7
:108D400080728093000176CD809135069091360631
:108D5000A0913706B09138060097A105B10509F436
:108D600098CF881A990AAA0ABB0AB7FC92CF81E069
:108D7000809339068ECF4BE55CE36EE67CE380E0C2
:108D80000E9431C180913E06811191CD80913A06B9
:108D900090913B06A0913C06B0913D060097A1053D
:108DA000B10509F484CDA5019401281B390B4A0BA8
:108DB0005B0BDA01C901B7FD7ACD81E080933E06F5
:108DC00076CD46E15CE36AE27CE38FEF0E9431C13D
:108DD00008CF0E944FB538CF0F942518F1CE81E00F
:108DE0008093F50660E0B3CE80E0A3CF81E080936E
:108DF000F5066FE7ACCE1092F50619861A861B862B
:108E00001C861D821E821F821886E2CD212C312CE9
:108E100000E010E046CE80913406882339F060915E
:108E200047157091481580914915089560E070E0EC
:108E300080E00895BC012091C2063091C3064091A4
:108E4000C2065091C3062417350731F481E0261776
:108E5000370709F080E008959A01F1CF0F930FB71B
:108E60000F9300916E000F930B7F00936E000091A3
:108E70006F000D7F00936F000F930BB70F930CB72C
:108E80000F921F922F933F934F935F936F937F9314
:108E90008F939F93AF93BF93EF93FF9311240E94FF
:108EA000CBCDFF91EF91BF91AF919F918F917F912A
:108EB0006F915F914F913F912F911F900F900CBF39
:108EC0000F910BBF0F910260F89400936F000F9108
:108ED00000936E000F910FBF0F9118958091A3071B
:108EE00080FF1DC089988FEF809370068091A30743
:108EF000869580FF17C08F988FEF809371068091C1
:108F0000A3078695869580FF10C080910B01809500
:108F10008270809309018FEF809372060895899A79
:108F200081E0E2CF8F9A81E0E8CF80910B018270DF
:108F30008093090181E0F0CFCF93C0912E0680E0AD
:108F4000C13069F1C23069F50E94968260932606AD
:108F500070932706809328069093290681E08093DA
:108F60002E060F941918609322067093230680939F
:108F7000240690932506C23089F080919107909144
:108F800092070196909392078093910710922F0673
:108F900010923006109231061092320681E0CF9185
:108FA00008950E94C882DACFCF93DF9300D01F923A
:108FB000CDB7DEB780919007882389F083E390E0F6
:108FC0009C838B831A8219829E012F5F3F4F40E161
:108FD00050E061E977E0CE0103960E944D3F0F908B
:108FE0000F900F900F90DF91CF910895CF92DF9265
:108FF000EF92FF9280912E068150823008F062C07D
:1090000010922E060F94191860932A0670932B065F
:1090100080932C0690932D0680919307909194074E
:1090200001969093940780939307C0902F06D09059
:109030003006E0903106F09032060E949682AB0135
:10904000BC0140932F065093300660933106709315
:1090500032068091950790919607A0919707B0915D
:1090600098078C199D09AE09BF09840F951FA61F8B
:10907000B71F8093950790939607A0939707B09397
:1090800098070E949682C0909907D0909A07E09026
:109090009B07F0909C07C616D706E806F90650F421
:1090A0000E9496826093990770939A0780939B071A
:1090B00090939C070E94D4C781E0FF90EF90DF90CF
:1090C000CF90089580E0F9CFCF93DF9300D01F9227
:1090D0001F92CDB7DEB781E08093900780E1E1E990
:1090E000F7E0DF011D928A95E9F70E94D4C786E177
:1090F0008D8382E390E09C838B831A8219829E0188
:109100002F5F3F4F41E050E0BE016B5F7F4FCE01CC
:1091100003960E944D3F0F900F900F900F900F906D
:10912000DF91CF910895CF92DF92EF92FF92CF938C
:10913000DF93EC0108960E9453B46B017C0120E0A0
:1091400030E0A9010F94A02E20E030E0A90188238F
:1091500059F0CE010E9498359B01AC01C701B601C0
:109160000F94062F9B01AC01688579858A859B85C4
:109170000F948335688779878A879B87DF91CF91A2
:10918000FF90EF90DF90CF9008958F929F92AF92D3
:10919000BF92CF92DF92EF92FF920F931F93CF93E4
:1091A000DF93CDB7DEB72C970FB6F894DEBF0FBEB6
:1091B000CDBF6C017B018A01CA010E9453B44B01EF
:1091C0005C0119861A861B861C86F60180819181B6
:1091D000A281B38189839A83AB83BC83F7018081A9
:1091E0009181A281B3818D839E83AF83B88720E074
:1091F00030E0A901C501B4010F94A02E20E030E0B9
:10920000A901882361F0CE0101960E9498359B0147
:10921000AC01C501B4010F94062F9B01AC01F8010C
:1092200060817181828193810F948435F80160831C
:109230007183828393832C960FB6F894DEBF0FBEA2
:10924000CDBFDF91CF911F910F91FF90EF90DF90F5
:10925000CF90BF90AF909F908F900895209164021F
:10926000309165022F503109821793070CF49C014D
:1092700030931514209314140D942518AF92BF92B7
:10928000CF92DF92EF92FF920F931F93CF93DF93D2
:10929000C9E9D3E10DEE1BE089EAA82E83E1B82EDF
:1092A000C12CD12C7601C3946991799189919991BE
:1092B0000F94A52E288939894A895B890F94062F36
:1092C0000F94F736F80161937193819391938F0115
:1092D000C616D706E806F90610F46B017C01AC1639
:1092E000BD0611F76FEF7FEFCB01A70196010F9439
:1092F000E4342093FD0B3093FE0B4093FF0B50930F
:10930000000CDF91CF911F910F91FF90EF90DF90B4
:10931000CF90BF90AF9008950F931F93CF93DF939B
:109320000DEA13E1C6E1DCE0F801219131914191B0
:1093300051918F0160E070E080E89FE30F947E36EA
:109340006993799389939993FCE0C632DF0761F7BB
:109350000F94FA0DDF91CF911F910F910C943EC99C
:109360009091C5148091C614981306C080918B11FA
:1093700090918C11892B21F080E00E944649F0CF1A
:109380000895CF92DF92EF92FF92FC01C080D180CE
:10939000E280F3802091B9133091BA134091BB134E
:1093A0005091BC13C701B6010F94062F0F94F137EB
:1093B0006093E3147093E4148093E5149093E6149F
:1093C000C092D314D092D414E092D514F092D61453
:1093D0009091C5148091C614981731F0FF90EF90CA
:1093E000DF90CF900C94C8B60E94B0C980916F00F6
:1093F000982F927081FF05C080916F008D7F8093C0
:109400006F004091E3145091E4146091E514709161
:10941000E6144093DC065093DD066093DE067093FD
:10942000DF06992329F080916F00826080936F009E
:10943000FF90EF90DF90CF9008958F929F92AF9220
:10944000BF92EF92FF920F931F93CF93DF937B0115
:109450008A01E901FC0180809180A280B380209183
:10946000AD133091AE134091AF135091B013C501BD
:10947000B4010F94062F0F94F1376093D7147093B3
:10948000D8148093D9149093DA142091B1133091A9
:10949000B2134091B3135091B413F70160817181FD
:1094A000828193810F94062F0F94F1376093DB1420
:1094B0007093DC148093DD149093DE142091B51327
:1094C0003091B6134091B7135091B813F8016081F1
:1094D0007181828193810F94062F0F94F1376093ED
:1094E000DF147093E0148093E1149093E2142091C0
:1094F000B9133091BA134091BB135091BC136881DA
:1095000079818A819B810F94062F0F94F1376093A4
:10951000E3147093E4148093E5149093E61480921E
:10952000C7149092C814A092C914B092CA14F7013B
:1095300080819181A281B3818093CB149093CC14CC
:10954000A093CD14B093CE14F80180819181A281B3
:10955000B3818093CF149093D014A093D114B0937F
:10956000D21488819981AA81BB818093D31490936E
:10957000D414A093D514B093D6149091C5148091AF
:10958000C614981761F0DF91CF911F910F91FF9052
:10959000EF90BF90AF909F908F900C94C8B60E94B0
:1095A000B0C980916F00982F927081FF05C08091A3
:1095B0006F008D7F80936F004091D7145091D81425
:1095C0006091D9147091DA144093D0065093D1066B
:1095D0006093D2067093D3064091DB145091DC1453
:1095E0006091DD147091DE144093D4065093D5063B
:1095F0006093D6067093D7064091DF145091E01423
:109600006091E1147091E2144093D8065093D9060A
:109610006093DA067093DB064091E3145091E414F2
:109620006091E5147091E6144093DC065093DD06DA
:109630006093DE067093DF06992329F080916F0016
:10964000826080936F00DF91CF911F910F91FF9007
:10965000EF90BF90AF909F908F9008959091C51418
:109660008091C61498131FC080918B1190918C111A
:10967000892BC9F45F9A8091D80B8E7F8093D80B89
:109680008A9A8091D80B8D7F8093D80B80910801A6
:1096900080958170809306018091D80B8B7F809399
:1096A000D80B129A089580E00E944649D7CFCF93F5
:1096B000DF9390916F00292F227091FF05C0909148
:1096C0006F009D7F90936F0094E0899FA00111240B
:1096D000FA01EC53F94F60817181828193812223D9
:1096E00029F020916F00226020936F00EA01CA5E8A
:1096F000D34F0F94A72E288139814A815B810F9423
:10970000062FDF91CF9108954F925F926F927F92D3
:109710008F929F92AF92BF92CF92DF92EF92FF9281
:109720000F931F93CF93DF93CDB7DEB768970FB634
:10973000F894DEBF0FBECDBF8C015B015A83498315
:10974000FC01EF5BFF4F60817181828193810F94F7
:10975000A52E6B017C01D5012D913D914D915C9120
:109760000F94062F0F9462362B013C01E981FA8198
:109770002081318142815381C701B6010F94062FA8
:109780000F9462364B015C01C301B2010F94F736AE
:10979000698B7A8B8B8B9C8B683771058105910562
:1097A00040F428E730E040E050E0298B3A8B4B8BC7
:1097B0005C8BC501B4010F94F7366D877E878F8768
:1097C000988B683771058105910540F488E790E032
:1097D000A0E0B0E08D879E87AF87B88BF801E35B90
:1097E000FF4F208131814281538129833A834B830A
:1097F0005C83CA01B9010F94A72E2B013C01698932
:109800007A898B899C890F94A52E69877A878B87A3
:109810009C8720E030E0A901C301B2010F94A02E83
:10982000882309F43BC1A7019601C701B6010F9433
:10983000062F4B015C0129853A854B855C85CA0161
:10984000B9010F94062F9B01AC01C501B4010F941F
:1098500083354B015C01A3019201C301B2010F9456
:1098600084359B01AC01C501B4010F947E360F9481
:1098700062360F94F7366D837E838F839887698174
:109880007A818B819C8190958095709561957F4FB1
:109890008F4F9F4F0F94A72E4B015C016D857E85E6
:1098A0008F8598890F94A52E69837A838B839C83F7
:1098B00020E030E0A901C501B4010F94A02E882357
:1098C00009F4F0C029813A814B815C81CA01B90158
:1098D0000F94062F6D8B7E8B8F8B988FA70196012F
:1098E000C701B6010F94062F9B01AC016D897E89DB
:1098F0008F89988D0F9483356B017C01A5019401AC
:10990000C501B4010F9484359B01AC01C701B601B8
:109910000F947E360F942637D80195968D909D90A2
:10992000AD90BC909897750164012D813E814F8167
:109930005885C21AD30AE40AF50A0F94F736C61AF4
:10994000D70AE80AF90AF7FE6EC020E030E0A90164
:10995000C301B2010F94A02E882309F4A7C0C5014A
:10996000B4010F94A52E6B017C01A3019201C301E8
:10997000B2010F9484359B01AC01C701B6010F946D
:10998000062F6B017C0129853A854B855C85CA01D0
:10999000B9010F94062F9B01AC01C701B6010F94CA
:1099A00083356B017C0129813A814B815C81CA013D
:1099B000B9010F94062F9B01AC01C701B6010F94AA
:1099C00084356B017C0120E030E040E850E4C301C5
:1099D000B2010F94062F9B01AC01C701B6010F9491
:1099E0007E360F9462366B017C0120E030E0A901E5
:1099F0000F94E43718161CF0C12CD12C7601C70146
:109A0000B6010F94F7366D837E838F839887861611
:109A10009706A806B90620F48D829E82AF82B8868A
:109A2000C12CD12C76018D819E81AF81B885F80142
:109A300081A792A7A3A7B4A7C80ED91EEA1EFB1E32
:109A4000C5A6D6A6E7A6F0AAEB5BFF4F29893A89FF
:109A50004B895C89208331834283538334968D857F
:109A60009E85AF85B88980839183A283B3836896EE
:109A70000FB6F894DEBF0FBECDBFDF91CF911F911F
:109A80000F91FF90EF90DF90CF90BF90AF909F909D
:109A90008F907F906F905F904F90089560E070E09E
:109AA000CB01E5CE60E070E0CB0134CF60E070E048
:109AB000CB0197CF80916F00982F927081FF05C0E6
:109AC00080916F008D7F80936F001092110C109227
:109AD000120C1092130C1092140C992329F08091FF
:109AE0006F00826080936F0008950F931F938091A1
:109AF000C5149091C614891B8F7009F449C09091C8
:109B0000C214992361F0833040F48FEF890F29F05C
:109B10008093C21490E080E038C01092C21480910B
:109B2000C61426E5829FC0011124855D934FFC0178
:109B3000208120FDEFCF4091110C5091120C6091CB
:109B4000130C7091140CEE5AFF4F00811181228189
:109B50003381401B510B620B730B4093110C5093DC
:109B6000120C6093130C7093140C2091C6142F5F89
:109B70002F702093C3143091C6142091C414321353
:109B800004C02091C3142093C4141F910F91089511
:109B90000E945ACDBFCF2F923F924F925F926F9209
:109BA0007F928F929F92AF92BF92CF92DF92EF926D
:109BB000FF920F931F93CF93DF9300D01F921F92BA
:109BC000CDB7DEB78FEF9FEF909389008093880029
:109BD0002AE02983312C212C78948091BE06909123
:109BE000BF06A091C006B091C106892B8A2B8B2B92
:109BF00009F0D7C1809133068823E1F08091C20635
:109C00009091C30610923306892B09F4CAC11092B1
:109C1000B5061092C3061092C2069091C5148091A9
:109C2000C614981709F4BDC18091C6148F5F8F7058
:109C30008093C6148091C2069091C306892B09F4C3
:109C4000B0C10091BA061091BB062091BC063091BC
:109C5000BD068091B6069091B706A091B806B09166
:109C6000B9064091A80650E070E060E0801B910BBF
:109C7000A20BB30B481759076A077B0710F4DB01E7
:109C8000CA01482F800F911FA21FB31F8093BA06ED
:109C90009093BB06A093BC06B093BD0620918400B0
:109CA00030918500205E3F4F80918E0690918F0607
:109CB000A0919006B0919106C0907E06D0907F064C
:109CC000E0908006F09081068C0D9D1DAE1DBF1D9D
:109CD00080938E0690938F06A0939006B093910682
:109CE000B7FD1CC0889AC090D006D090D106E090F5
:109CF000D206F090D30690917006892F990F990B98
:109D0000AA0BBB0B8C0D9D1DAE1DBF1D8093D006F5
:109D10009093D106A093D206B093D3068091920679
:109D200090919306A0919406B0919506C0908206FA
:109D3000D0908306E0908406F09085068C0D9D1DE2
:109D4000AE1DBF1D8093920690939306A093940638
:109D5000B0939506B7FD1CC08E9AC090D406D090E3
:109D6000D506E090D606F090D70690917106892F1F
:109D7000990F990BAA0BBB0B8C0D9D1DAE1DBF1D22
:109D80008093D4069093D506A093D606B093D706B9
:109D90008091960690919706A0919806B0919906A9
:109DA000C0908606D0908706E0908806F0908906DD
:109DB0008C0D9D1DAE1DBF1D80939606909397063A
:109DC000A0939806B0939906B7FD21C080910B012E
:109DD0008095887080930901C090D806D090D906EC
:109DE000E090DA06F090DB0690917206892F990FC9
:109DF000990BAA0BBB0B8C0D9D1DAE1DBF1D809337
:109E0000D8069093D906A093DA06B093DB06C090EB
:109E10009A06D0909B06E0909C06F0909D0680915B
:109E20008A0690918B06A0918C06B0918D068C0DC0
:109E30009D1DAE1DBF1D80939A0690939B06A09317
:109E40009C06B0939D06B7FD38C08090DC069090CC
:109E5000DD06A090DE06B090DF0650917306C52E99
:109E6000550FDD08EE08FF08C80CD91CEA1CFB1CC6
:109E7000C092DC06D092DD06E092DE06F092DF06AC
:109E8000C0907A06D0907B06E0907C06F0907D062C
:109E90008C199D09AE09BF0980939A0690939B0681
:109EA000A0939C06B0939D068091A6069091A3076F
:109EB00093FF75C081508093A60680918400909195
:109EC000850082179307C8F380918E0690918F06C4
:109ED000A0919006B0919106B7FD15C0C0907A068A
:109EE000D0907B06E0907C06F0907D068C199D0951
:109EF000AE09BF0980938E0690938F06A0939006BB
:109F0000B093910688988091920690919306A091C3
:109F10009406B0919506B7FD15C0C0907A06D09012
:109F20007B06E0907C06F0907D068C199D09AE09B9
:109F3000BF098093920690939306A0939406B093E2
:109F400095068E988091960690919706A091980616
:109F5000B0919906B7FD19C0C0907A06D0907B06E3
:109F6000E0907C06F0907D068C199D09AE09BF0932
:109F70008093960690939706A0939806B0939906BF
:109F800080910B01887080930901415051F08091BC
:109F900084009091850082179307C8F383CE8F5F6A
:109FA0008ACF80914C0290914D02A0914E02B091C7
:109FB0004F02892B8A2B8B2B09F096C08091A70624
:109FC000882309F481C08091A6068090BA069090FB
:109FD000BB06A090BC06B090BD06C090A206D09073
:109FE000A306E090A406F090A506C814D904EA04DC
:109FF000FB0408F048C0209174063091750640912A
:10A0000078065091790642175307E8F581508093FE
:10A01000A6062150310930937506209374064091AD
:10A0200048025091490260914A0270914B0280911E
:10A03000A60687FD4DC0169A2091840030918500B8
:10A04000205E3F4F8091A606882309F445C0149AEC
:10A05000809184009091850082179307C8F38091C6
:10A06000A60687FF37C08F5F8093A606149880915D
:10A07000A606882339F38091840090918500821789
:10A080009307C8F3DDCF8C149D04AE04BF0488F49D
:10A0900020917406309175064091760650917706AE
:10A0A0002417350730F48F5F8093A6062F5F3F4F4C
:10A0B000B2CF8FEF9FEFDC0180934802909349026B
:10A0C000A0934A02B0934B024FEF5FEFBA01AFCFBC
:10A0D0001698B2CF8150C8CF40934C0250934D0296
:10A0E00060934E0270934F028091BE069091BF061E
:10A0F000A091C006B091C106892B8A2B8B2B09F049
:10A10000F9C4A091C206B091C306109709F491C595
:10A110008090BA069090BB06A090BC06B090BD0699
:10A120004091B6065091B7066091B8067091B90695
:10A1300084169506A606B70608F474C01092B506F4
:10A140001092C3061092C2069091C5148091C61455
:10A15000981709F46EC58091C6148F5F8F70809335
:10A16000C61480EDC82E87E0D82EE12CF12C80910A
:10A17000C2069091C306892B09F0B4C40E9475CD24
:10A180009093C3068093C206892B09F4ABC4A091B7
:10A19000C206B091C306BB83AA838C9183FF34C3EC
:10A1A00055968D919D910D90BC91A02D8093D006D8
:10A1B0009093D106A093D206B093D306EA81FB8197
:10A1C000818D928DA38DB48D8093D4069093D50606
:10A1D000A093D606B093D706858D968DA78DB0A196
:10A1E0008093D8069093D906A093DA06B093DB0645
:10A1F00081A192A1A3A1B4A18093DC069093DD0676
:10A20000A093DE06B093DF069091C5148091C6142A
:10A21000981709F4B3CF8091C6148F5F8F70809325
:10A22000C614ACCF4091B1065091B2066091B3060E
:10A230007091B406481559056A057B0508F404C1F8
:10A240004091AD065091AE066091AF067091B00698
:10A25000D1960D911D912D913C91D497EE27419F60
:10A26000F12D529FC001629F900D619F800D911D45
:10A27000429FF00D811D9E1F519FF00D811D9E1F5D
:10A28000609FF00D811D9E1F509FF10D8E1F9E1F20
:10A29000F6958E1F9E1F349F800D911D359F900D4A
:10A2A0001124FD01EB5BFF4F00811181228133817D
:10A2B000080F191F211D311D0093A9061093AA062E
:10A2C0002093AB063093AC063497C080D180E280F7
:10A2D000F380C016D106E206F30640F4C092A90648
:10A2E000D092AA06E092AB06F092AC068090A90646
:10A2F0009090AA06A090AB06B090AC0682EB9BE3D0
:10A3000021E0FC01C590D590E590F490C814D904E3
:10A31000EA04FB0458F4B694A79497948794220F08
:10A320000496EEECFBE3E817F90759F72093A8062B
:10A33000F0E28F169104A104B10428F410E2812EFA
:10A34000912CA12CB12C20E2821A9108A108B1080D
:10A35000811438E09306A104B10408F452C0E4E08B
:10A360009E9EC00111248E54984CFC01329625917A
:10A370003491F82DEE27F39F8001F29F010D1E1FEF
:10A3800006940E1F1E1F112430E020E0FC01C59032
:10A39000D490F12CE12CC01AD10AE20AF30A4C0D38
:10A3A0005D1D6E1D7F1D4093AD065093AE066093FC
:10A3B000AF067093B0068091A6069091A7069923E8
:10A3C00009F46AC1882309F4D2CED7968D919C9165
:10A3D000B0E0A0E0409148025091490260914A02E9
:10A3E00070914B0284179507A607B70709F4BFCEF3
:10A3F00010924C0210924D0210924E0210924F0297
:10A40000B6CE950184013695279517950795C80115
:10A410008C7F8E549C4CFC01C590D490FC013296EC
:10A4200025913491882D8770882E829EC001839E4D
:10A43000900D1124F3E096958795FA95E1F7C81AE7
:10A44000D90AF12CE12CABCF2091A2063091A306C2
:10A450004091A4065091A5062A833B834C835D83DB
:10A46000281539054A055B0508F01AC140919E067A
:10A4700050919F066091A0067091A106D1960D9112
:10A480001D912D913C91D4978827419F912D529FEA
:10A490006001629FD00C619FC00CD11C429F900D47
:10A4A000C11CD81E519F900DC11CD81E609F900DDD
:10A4B000C11CD81E509F910DC81ED81E9695C81E4F
:10A4C000D81E349FC00CD11C359FD00C1124F12C08
:10A4D000E12C0091A9061091AA062091AB063091BB
:10A4E000AC06FD01E75BFF4F4080518062807380C6
:10A4F000C016D106E206F30658F40C191D092E0900
:10A500003F09401651066206730610F4280139010E
:10A5100082EB9BE321E0FC01C590D590E590F4909F
:10A52000C414D504E604F70458F476946794579459
:10A530004794220F0496EEECFBE3E817F90759F76E
:10A540002093A806F0E24F1651046104710428F428
:10A5500000E2402E512C612C712C30E2431A51083C
:10A5600061087108411488E058066104710408F418
:10A570006EC0E4E05E9EC00111248E54984CFC0134
:10A58000329605911491342DFF24319FF001309FB4
:10A59000E10DFF1D0694EF1DFF1D11242F01712CED
:10A5A000612CFC01C590D490F12CE12CC418D50885
:10A5B000E608F7084C0D5D1D6E1D7F1D40939E063D
:10A5C00050939F066093A0067093A1068091A70602
:10A5D000882309F45FC04A815B816C817D81420FD1
:10A5E000511D611D711D481559056A057B05C8F48B
:10A5F0008091A606882309F4BACDD7964D915C9137
:10A60000D89770E060E000914802109149022091D3
:10A610004A0230914B02401751076207730709F451
:10A62000A6CD10924C0210924D0210924E02109242
:10A630004F02D7968D919C91B0E0A0E080934802A4
:10A6400090934902A0934A02B0934B0290CD7301BC
:10A650006201F694E794D794C794C6018C7F8E5418
:10A660009C4CFC01C590D490FC013296059114914C
:10A67000842D8770482E409EC001419E900D11246C
:10A6800013E0969587951A95E1F7C81AD90AF12C27
:10A69000E12C90CF8091A606882309F468CDA8CE3E
:10A6A0008091A6068823D9F0D7964D915C91D897D2
:10A6B00070E060E0009148021091490220914A0246
:10A6C00030914B02401751076207730741F0109217
:10A6D0004C0210924D0210924E0210924F02409185
:10A6E000440250914502609146027091470277FF03
:10A6F0005FC0AF5BBF4FCD90DD90ED90FC9082EBE3
:10A700009BE321E0FC0145915591659174914C15B5
:10A710005D056E057F0558F4F694E794D794C794C9
:10A72000220F0496AEECBBE3A817B90759F72093A4
:10A73000A806B0E2CB16D104E104F10428F470E2DB
:10A74000C72ED12CE12CF12CE0E2CE1AD108E10881
:10A75000F108C114F8E0DF06E104F10408F431C0A7
:10A7600024E0D29EC00111248E54984CFC013296F4
:10A77000259134917C2D6627739FA001729F410D16
:10A78000561F0694461F561F112470E060E0FC011E
:10A7900085919491B0E0A0E0841B950BA60BB70BBC
:10A7A0008093440290934502A0934602B0934702DF
:10A7B000C0904402D0904502E0904602F0904702DB
:10A7C000D6CCD701C601B695A795979587958C7F6E
:10A7D0008E549C4CFC0125913491FC01329645919C
:10A7E00054918C2D8770C82EC49EC001C59E900DBB
:10A7F000112463E0969587956A95E1F7281B390B3C
:10A80000C901B0E0A0E0CCCFAA81BB815596CD9024
:10A81000DD90ED90FC90589781E0C114D104E104E3
:10A82000F10409F480E0EA81FB81018D128D238D12
:10A83000348D011511052105310509F08260AA81C9
:10A84000BB815D964D915D916D917C919097411585
:10A8500051056105710509F084608093B506109279
:10A860009E0610929F061092A0061092A1061092CA
:10A87000AD061092AE061092AF061092B006EA81B5
:10A88000FB8185A196A1A7A1B0A58093B606909360
:10A89000B706A093B806B093B9068824992454014A
:10A8A000881A990AAA0ABB0A80929A0690929B0675
:10A8B000A0929C06B0929D06809296069092970672
:10A8C000A0929806B0929906809292069092930672
:10A8D000A0929406B092950680928E0690928F0672
:10A8E000A0929006B0929106CC0CDD1CEE1CFF1CD1
:10A8F000C0927E06D0927F06E0928006F09281069A
:10A90000000F111F221F331F00938206109383062E
:10A910002093840630938506440F551F661F771FCA
:10A920004093860650938706609388067093890645
:10A9300041A152A163A174A1440F551F661F771F47
:10A9400040938A0650938B0660938C0670938D0615
:10A95000880F991FAA1FBB1F80937A0690937B06CE
:10A96000A0937C06B0937D061092BA061092BB06A7
:10A970001092BC061092BD0681A592A5A3A5B4A510
:10A980008093B1069093B206A093B306B093B40639
:10A9900085A596A5A7A5B0A98093A2069093A30626
:10A9A000A093A406B093A50686A98093A706882342
:10A9B00009F411C183AD94AD909379068093780624
:10A9C00081AD92AD909377068093760610924C02FB
:10A9D00010924D0210924E0210924F0287A990AD34
:10A9E000B0E0A0E08093480290934902A0934A020D
:10A9F000B0934B02AA81BB81D5968C919091A3070D
:10AA0000891721F08093A3070E946EC70E94CDB4DE
:10AA10002FEF3FEFA901209344023093450240936A
:10AA20004602509347024A815B814B5B5F4FDA01DC
:10AA30004D915D916D917C914093A9065093AA062A
:10AA40006093AB067093AC0682EB9BE321E0FC01C4
:10AA5000C590D590E590F490C416D506E606F706A5
:10AA600058F47695679557954795220F0496EEEC26
:10AA7000FBE3E817F90759F72093A8064032510580
:10AA80006105710520F440E250E060E070E0405262
:10AA90005109610971094115F8E05F076105710508
:10AAA00008F4A5C024E0529FC00111248E54984C94
:10AAB000FC01329625913491AA27439FF001429FD1
:10AAC000E10DFA1F0694EA1FFA1F1124AF0170E08E
:10AAD00060E0FC01C590D490F12CE12CC41AD50A99
:10AAE000E60AF70AC092BE06D092BF06E092C00600
:10AAF000F092C1060091BE061091BF062091C006DB
:10AB00003091C10640914C0250914D0260914E022D
:10AB100070914F02D901C8014017510762077307AE
:10AB200010F4DB01CA010097E1E0AE07B10520F0A7
:10AB30008FEF9FEFA0E0B0E0081B190B2A0B3B0B37
:10AB40000093BE061093BF062093C0063093C10643
:10AB50004F3FFFEF5F076F077F0761F0481B590BFF
:10AB60006A0B7B0B40934C0250934D0260934E0254
:10AB700070934F02F8942091840030918500205FFB
:10AB80003F4F498141504983442309F450C0280E66
:10AB9000391E2216330610F40C94ECCD3092890045
:10ABA0002092880078940F900F900F900F900F9044
:10ABB000DF91CF911F910F91FF90EF90DF90CF9099
:10ABC000BF90AF909F908F907F906F905F904F90CD
:10ABD0003F902F9008952FEF3FEFA9012093480257
:10ABE0003093490240934A0250934B0203CFDB015A
:10ABF000CA01B695A795979587958C7F8E549C4CE6
:10AC0000FC01C590D490FC01329625913491477097
:10AC1000429FC001439F900D112433E09695879584
:10AC20003A95E1F7C81AD90AF12CE12C5BCF19014A
:10AC3000B5CF80EDC82E87E0D82EE12CF12C9ECA2E
:10AC4000CF92DF92EF92FF921F93CF93DF93EC01AD
:10AC500010913102111116C0C0901902D0901A0241
:10AC6000E0901B02F0901C02288139814A815B81AF
:10AC7000C701B6010F94E437181624F4C882D982AC
:10AC8000EA82FB82C0901D02D0901E02E0901F025B
:10AC9000F0902002288139814A815B81C701B60189
:10ACA0000F94A02E87FF04C0C882D982EA82FB825B
:10ACB000111116C0C0902102D0902202E090230210
:10ACC000F09024022C813D814E815F81C701B60145
:10ACD0000F94E437181624F4CC82DD82EE82FF82D2
:10ACE000C0902502D0902602E0902702F090280222
:10ACF0002C813D814E815F81C701B6010F94A02E4A
:10AD000087FF04C0CC82DD82EE82FF82111116C063
:10AD1000C0902902D0902A02E0902B02F0902C02E1
:10AD2000288539854A855B85C701B6010F94E437CC
:10AD3000181624F4C886D986EA86FB86C0902D02B0
:10AD4000D0902E02E0902F02F090300228853985B5
:10AD50004A855B85C701B6010F94A02E87FF04C00A
:10AD6000C886D986EA86FB86DF91CF911F91FF9036
:10AD7000EF90DF90CF900895CF93DF9324E0829FF0
:10AD8000C0011124EC01CE53D44FFC01EF52F64F19
:10AD900080519A4FDC012D913D914D915C916081E4
:10ADA0007181828193810F948435688379838A834A
:10ADB0009B83DF91CF9108952F923F924F925F92A4
:10ADC0006F927F928F929F92AF92BF92CF92DF92BB
:10ADD000EF92FF920F931F93CF93DF93CDB7DEB720
:10ADE000E4970FB6F894DEBF0FBECDBF8091160278
:10ADF000882321F08DEF95E00E9420D680918D115F
:10AE000083FD7DC0C0900906D0900A06E0900B0635
:10AE1000F0900C062091E80B3091E90B4091EA0B81
:10AE20005091EB0BC701B6010F94A02E882309F4B3
:10AE300066C08091260C81111FC060911014709122
:10AE4000111480911214909113140F94F0362091E4
:10AE50007302309174026217730774F4C092E80BA6
:10AE6000D092E90BE092EA0BF092EB0B0E94D53DF9
:10AE70008FE393E30E94513C8090090690900A066C
:10AE8000A0900B06B0900C062091E80B3091E90BD6
:10AE90004091EA0B5091EB0BC501B4010F9483353F
:10AEA0006B017C0120E030E0A9010F94E43787FFBB
:10AEB00004C0F7FAF094F7F8F09420916F02309103
:10AEC00070024091710250917202C701B6010F9455
:10AED000062F20E030E048E453E40F94E4371816DE
:10AEE00074F48092E80B9092E90BA092EA0BB09276
:10AEF000EB0B0E94D53D80E293E30E94513C809190
:10AF0000EC0BE0901702F0901802882309F1809072
:10AF1000150690901606A0901706B090180620E02F
:10AF200030E0A901C501B4010F94A02E882309F4D3
:10AF30005BC02091050630910606409107065091AE
:10AF40000806C501B4010F94E43718160CF44CC080
:10AF5000B701FF0C880B990B0F94A72E20916B0261
:10AF600030916C0240916D0250916E020F94062F49
:10AF70002AE037ED43E25CE30F94062F69837A837E
:10AF80008B839C83C12CD12C76018E010F5F1F4FC8
:10AF900029E036E045E056E061E076E08DEF95E0AF
:10AFA0000F948E0D80E1EDEFF5E0ACEDBBE001908C
:10AFB0000D928A95E1F7E4960FB6F894DEBF0FBEC6
:10AFC000CDBFDF91CF911F910F91FF90EF90DF9058
:10AFD000CF90BF90AF909F908F907F906F905F9039
:10AFE0004F903F902F900895B701FF0C880B990B5D
:10AFF0000F94A72E20916B0230916C0240916D024C
:10B0000050916E020F94062F2AE037ED43E25CE385
:10B010000F94062F69A37AA38BA39CA32091DC0B2A
:10B020003091DD0B4091DE0B5091DF0B6091FD05FF
:10B030007091FE058091FF05909100060F94833575
:10B040002B013C012091E00B3091E10B4091E20B90
:10B050005091E30B60910106709102068091030606
:10B06000909104060F94833569A77AA78BA79CA7B4
:10B0700020E030E0A901C301B2010F94A02E81119C
:10B080000FC020E030E0A90169A57AA58BA59CA599
:10B090000F94A02EC12CD12C7601882309F455C120
:10B0A0002091E40B3091E50B4091E60B5091E70BBA
:10B0B000609105067091060680910706909108063A
:10B0C0000F9483356DA77EA78FA798AB2091E80BCF
:10B0D0003091E90B4091EA0B5091EB0B609109061E
:10B0E00070910A0680910B0690910C060F9483359F
:10B0F0006DA37EA38FA398A7A3019201C301B20100
:10B100000F94062F6B017C0129A53AA54BA55CA5E0
:10B11000CA01B9010F94062F9B01AC01C701B6010A
:10B120000F9484356B017C012DA53EA54FA558A930
:10B13000CA01B9010F94062F9B01AC01C701B601EA
:10B140000F9484350F9432386B017C012DEB37E37B
:10B1500046E855E30F94A02E87FF13C020E030E0AF
:10B16000A9016DA17EA18FA198A50F94E437CDA070
:10B17000DEA0EFA0F8A487FF04C0F7FAF094F7F878
:10B18000F0942DEB37E346E855E3C701B6010F9481
:10B19000A02E87FD07CF20E030E040EA50E4C70151
:10B1A000B6010F947E360F94F7361B01672B19F406
:10B1B00022242394312CB10190E080E00F94A52E3D
:10B1C0009B01AC0160E070E080E89FE30F947E3665
:10B1D0004B015C01AC019B01C701B6010F94062F26
:10B1E00069AB7AAB8BAB9CABA5019401C301B201F7
:10B1F0000F94062F698B7A8B8B8B9C8BA501940106
:10B2000069A57AA58BA59CA50F94062F6D8B7E8BC7
:10B210008F8B988FA50194016DA57EA58FA598A908
:10B220000F94062F698F7A8F8B8F9C8FA5019401C5
:10B230006DA17EA18FA198A50F94062F6D8F7E8F93
:10B240008F8F98A380E1ECEDFBE0DE011196019079
:10B250000D928A95E1F77724739481E0281A3108DA
:10B2600009F46FC080916806811110C00F941918FD
:10B2700068537F4F8F4F9F4F6093640670936506AE
:10B280008093660690936706709268060E94FCC3DE
:10B290000F941918C0906406D0906506E090660679
:10B2A000F09067066C197D098E099F0997FD11C002
:10B2B0000F94191868537F4F8F4F9F4F6093640608
:10B2C00070936506809366069093670680E00E94FF
:10B2D0004649FE0131967F016E01F1E1CF0ED11C8E
:10B2E0005601F70161917191819191917F01F60170
:10B2F00021913191419151916F014701F4E08F1AF1
:10B3000091080F948435F401608371838283938361
:10B31000AE14BF0431F7C9A8DAA8EBA8FCA88E01C7
:10B320000F5D1F4F9E01235F3F4FAE01475F5F4F91
:10B33000BE016B5F7F4FCE0101960F948E0D811180
:10B340008CCFC9A8DAA8EBA8FCA88E010F5D1F4F0F
:10B350001FCE8091600690916106A0916206B09127
:10B36000630680936B0290936C02A0936D02B0937E
:10B370006E0280915E0690915F0690931802809312
:10B380001702089580916B0290916C02A0916D025A
:10B39000B0916E028093600690936106A09362065E
:10B3A000B0936306809117029091180290935F0604
:10B3B00080935E0684E690E09093180280931702D3
:10B3C00008954F925F926F927F928F929F92AF9269
:10B3D000BF92CF92DF92EF92FF920F931F93CF9382
:10B3E000DF93CDB7DEB72C970FB6F894DEBF0FBE54
:10B3F000CDBF2B013C0129873A874B875C874701EA
:10B400005801F601E080F1800281138120E030E0F4
:10B41000A901B701C8010F94A02E81118EC0EEE6DC
:10B42000F3E385919591A591B491582F492F3A2F27
:10B430002B2F852F942FA32FB22F89839A83AB8331
:10B44000BC8320E030E0A901B701C8010F94A02E11
:10B45000811108C0E0906702F090680200916902D3
:10B4600010916A02C701D8018D839E83AF83B8878C
:10B47000A50194016091E40B7091E50B8091E60BBE
:10B480009091E70B0F94A02E87FF0CC08092E40BE5
:10B490009092E50BA092E60BB092E70BCE010196DD
:10B4A0000E9426B74092DC0B5092DD0B6092DE0BBF
:10B4B0007092DF0B89859A85AB85BC858093E00B04
:10B4C0009093E10BA093E20BB093E30BCE010596B2
:10B4D0000E9426B7A50194016091E40B7091E50BE1
:10B4E0008091E60B9091E70B0F94E437181664F403
:10B4F0008092E40B9092E50BA092E60BB092E70BE2
:10B50000CE0101960E9426B70E94B0C92C960FB6B4
:10B51000F894DEBF0FBECDBFDF91CF911F910F9189
:10B52000FF90EF90DF90CF90BF90AF909F908F9063
:10B530007F906F905F904F9008955E2D4F2D302F2C
:10B54000212F77CFCF92DF92EF92FF920F931F932D
:10B550006A01E090E40BF090E50B0091E60B10918E
:10B56000E70BFB012081318142815381FC01608125
:10B570007181828193810E94E1D91F910F91FF9087
:10B58000EF90DF90CF900895CF92DF92EF92FF92ED
:10B590000F931F936B01FC01E080F1800281138106
:10B5A000ECEDFBE02481358146815781608171811A
:10B5B000828193810E94E1D91F910F91FF90EF90BA
:10B5C000DF90CF9008958F929F92AF92BF92CF92CB
:10B5D000DF92EF92FF921F93CF93DF93CDB7DEB749
:10B5E00060970FB6F894DEBF0FBECDBF182F80E076
:10B5F0000E94BFB34B015C018092520690925306A9
:10B60000A0925406B092550681E00E94BFB36B0130
:10B610007C01C0925606D0925706E0925806F092EE
:10B62000590682E00E94BFB360935A0670935B068E
:10B6300080935C0690935D0689829A82AB82BC827D
:10B64000CD82DE82EF82F88669877A878B879C8736
:10B650008091E80B9091E90BA091EA0BB091EB0B74
:10B660008D879E87AF87B88B8091EC0B882321F064
:10B67000CE0101960E9493C81E3FD9F480E1FE01DD
:10B680003196ACEDBBE001900D928A95E1F76096A2
:10B690000FB6F894DEBF0FBECDBFDF91CF911F91E3
:10B6A000FF90EF90DF90CF90BF90AF909F908F90E2
:10B6B000089584E0189FF0011124DF01A452B44FD3
:10B6C00081E090E08C0F9D1FE80FF91F40815181B0
:10B6D000628173814D935D936D937C931397D7CF64
:10B6E0000D94FA0D1F93CF93DF9300D000D01F92DB
:10B6F0001F92CDB7DEB769837A838B839C832D83BA
:10B700003E834F8358870E94683E882359F081E02A
:10B7100028960FB6F894DEBF0FBECDBFDF91CF9154
:10B720001F910895BE016B5F7F4FCE0101960E946D
:10B73000C4DA8091610B182F147082FD0CC0109236
:10B74000610B82E00E94E3DA0E9470DB81E011234A
:10B75000F9F280E0DDCF0E94193E882381F3D7CF34
:10B76000CF93DF9300D01F92CDB7DEB784EF91E087
:10B77000A0E0B0E089839A83AB83BC83BE016F5F96
:10B780007F4F8CE30E94E63A85EE92E30E94513CA3
:10B790008CB16FED72E385FB882780F90E94A2B51A
:10B7A0008091030169ED72E3869581700E94A2B5D4
:10B7B00089B163ED72E383FB882780F90E94A2B50B
:10B7C0008EEE92E0A0E0B0E04B9911C089839A839D
:10B7D000AB83BC83BE016F5F7F4F8AE00E94E63A75
:10B7E0000F900F900F900F90DF91CF910895898364
:10B7F0009A83AB83BC83BE016F5F7F4F8AE5EECF38
:10B800008091A207811104C08091A407882331F0A0
:10B8100062E070E080E090E00C9467390895BF9298
:10B82000CF92DF92EF92FF920F931F93CF93DF930C
:10B8300000D000D01F921F92CDB7DEB79091A40721
:10B84000981709F47AC0B82E80E090E0A0E2B1E445
:10B850008D839E83AF83B887C090CE0BD090CF0BE3
:10B86000E090D00BF090D10B20E030E0A901C701AF
:10B87000B6010F94A02E87FF0CC0A701960160E0CF
:10B8800070E080E291E40F9483356D837E838F8333
:10B89000988720E030E040EA53E46D817E818F811B
:10B8A00098850F94E437181644F480E090E0A0EAFD
:10B8B000B3E48D839E83AF83B8872D813E814F8112
:10B8C00058856091E40B7091E50B8091E60B9091A7
:10B8D000E70B0F94A02E87FF0BC019821A821B82E0
:10B8E0001C82BE016F5F7F4FCE0105960E94C4DAB5
:10B8F0006091DC0B7091DD0B8091DE0B9091DF0B82
:10B900002091E00B3091E10B4091E20B5091E30B61
:10B9100019821A821B821C82E090E40BF090E50BE6
:10B920000091E60B1091E70BFE0131966F010E942A
:10B93000E1D9B092A4070E9400DC80E028960FB6FF
:10B94000F894DEBF0FBECDBFDF91CF911F910F9155
:10B95000FF90EF90DF90CF90BF9008958091610BA2
:10B96000882319F01092610B089583EB92E30C94F5
:10B97000D43E4F925F926F927F928F929F92AF923E
:10B98000BF92CF92DF92EF92FF920F931F93CF93CC
:10B99000DF93CDB7DEB768970FB6F894DEBF0FBE62
:10B9A000CDBF2A013B016901E82EF12CF701E155D9
:10B9B000FC4CE491AA24A3941E160CF4A12CBB24E5
:10B9C000B39420E030E0A901C301B2010F94E43741
:10B9D00018160CF0B12C80E00E94BFB369837A8303
:10B9E0008B839C8381E00E94BFB36D837E838F83B2
:10B9F000988782E00E94BFB369877A878B879C878C
:10BA000083E00E94BFB36D877E878F87988BEE0C93
:10BA1000FF1CEE0CFF1C88248394912C8C0E9D1E21
:10BA20008E0C9F1CF40110821182128213829E01DF
:10BA3000235F3F4FAE01475F5F4FBE016B5F7F4F9C
:10BA4000CE0101960E941DCAF40140825182628299
:10BA500073821D8A1E8A1F8A188E20E030E0A90199
:10BA6000B801C6010F94A02E811109C0F701EA594F
:10BA7000FC4C85919591A591B4918C016D01C80103
:10BA8000D601898B9A8BAB8BBC8B80918B1190915B
:10BA90008C11892B91F4CE0145967C018E010F5EAD
:10BAA0001F4F9E01235F3F4FAE01475F5F4FBE01B7
:10BAB0006B5F7F4F44970E94DEFC0E94B0C9AB10C1
:10BAC0000E94AEDC68960FB6F894DEBF0FBECDBF05
:10BAD000DF91CF911F910F91FF90EF90DF90CF906A
:10BAE000BF90AF909F908F907F906F905F904F909E
:10BAF00008954F925F926F927F928F929F92AF9232
:10BB0000BF92CF92DF92EF92FF920F931F93CF934A
:10BB1000C82FE82EF12CF701E155FC4CB49082308F
:10BB2000C9F481E00E940FDC882381F0CF911F913E
:10BB30000F91FF90EF90DF90CF90BF90AF909F90CC
:10BB40008F907F906F905F904F9008950E94683E15
:10BB50008111ECCF6701CC0CDD1CCC0CDD1CF60197
:10BB6000ED55FC4C45905590659074906B2DBB0C39
:10BB7000770B880B990B0F94A72E4B015C0120E0EB
:10BB800030E040EC5FE3C301B2010F94062FA50142
:10BB900094010F94062FAB01BC0100E010E0980166
:10BBA0008C2F0E94B9DCC23009F0B4C00E94193E4B
:10BBB000E0E070E060E880E42E2F372F462F582F0A
:10BBC000C501B4010F94062F4B015C0120E030E069
:10BBD000A9010F94A02E882369F100E010E020E075
:10BBE00031E4C23019F000E010E09801B501A40181
:10BBF00070588C2F0E94B9DCC23009F097C00E94A7
:10BC0000683E811193CF412C512C80E8682E80E44E
:10BC1000782EA5019401C501B4010F948435AB01C0
:10BC2000BC01930182018C2F0E94B9DCC23011F457
:10BC30000E94193E81E090E0A0E0B0E00C2E04C02C
:10BC4000880F991FAA1FBB1F0A94D2F72091D80B07
:10BC5000282B2093D80B2091FC05822B8093FC0588
:10BC6000F601E051FA4F10821182128213828C2F5A
:10BC70000E94BCD6F601E65AFC4C85919591A5919F
:10BC8000B491F601E452F44F80839183A283B3838D
:10BC9000C230D1F42091CE0B3091CF0B4091D00B1C
:10BCA0005091D10B6091E40B7091E50B8091E60B04
:10BCB0009091E70B0F9483356093E40B7093E50B41
:10BCC0008093E60B9093E70B0E9470DBF601E35044
:10BCD000FA4FD601A452B44F8D919D910D90BC9115
:10BCE000A02D80839183A283B383C23009F01ECF3D
:10BCF00080E0CF911F910F91FF90EF90DF90CF9058
:10BD0000BF90AF909F908F907F906F905F904F907B
:10BD10000C940FDCF601E956FC4C85919591A591A8
:10BD2000B491E82F792F6A2F8B2F46CFF701EC566D
:10BD3000FC4C6491611107C00E94D53D82E793E3FA
:10BD40000E94513C6AE0F601EA59FC4C459055903E
:10BD50006590749070E090E080E00F94A72E9B01B6
:10BD6000AC01C301B2010F947E362B013C0151CFCF
:10BD7000A9E9B3E190E080E0FC01EB54F04D45917E
:10BD800055916591749154964D935D936D937C9309
:10BD90005797FC01EB55F04D459155916591749184
:10BDA00094964D935D936D937C939797FC01EB561E
:10BDB000F04D45915591659174914D935D936D93BF
:10BDC0007D93049680319105B9F680E29EE4A0E06F
:10BDD000B0E08093A9139093AA13A093AB13B093F0
:10BDE000AC1380E090E0AAEFB3E48093CD1390937E
:10BDF000CE13A093CF13B093D0138093D11390930D
:10BE0000D213A093D313B093D41380E090E0AAE7A9
:10BE1000B4E48093D5139093D613A093D713B09323
:10BE2000D8131092D9131092DA131092DB131092D8
:10BE3000DC131092DD131092DE131092DF131092B8
:10BE4000E01380E090E0A0E2B1E48093010C9093D5
:10BE5000020CA093030CB093040C8093050C9093F8
:10BE6000060CA093070CB093080C8DEC9CECACEC8A
:10BE7000BEE38093090C90930A0CA0930B0CB09333
:10BE80000C0C80E090E0A0EAB0E480930D0C90935D
:10BE90000E0CA0930F0CB093100CE1EDF9E08CE0C8
:10BEA000DF011D928A95E9F7109296051092970589
:10BEB00010929805109299050E94FA371092CE0BB5
:10BEC0001092CF0B1092D00B1092D10B88EC90E017
:10BED0009093AD058093AC0586EE90E09093AF050E
:10BEE0008093AE058CE390E09093A9058093A8051C
:10BEF00080E590E09093AB058093AA051092A6058B
:10BF00001092A70582E598EBA6EAB1E48093171496
:10BF100090931814A0931914B0931A148EEA9AE609
:10BF2000A4EABEE380931B1490931C14A0931D14E9
:10BF3000B0931E1481EF97E4A9EAB3E480931F1431
:10BF400090932014A0932114B093221481E0809345
:10BF5000D0090E9459341092190680E090E0A0EEBA
:10BF6000BFE380931E0690931F06A0932006B09314
:10BF700021061092A2071092A1070E9400DC1092E5
:10BF8000270C1092280C1092290C10922A0C80E099
:10BF900090E0A8ECB2E480939E0590939F05A09357
:10BFA000A005B093A1051092A2051092A3051092CE
:10BFB000A4051092A5050E94E7810E94D53D82E765
:10BFC0009FE20C94513CDF92EF92FF920F931F93EC
:10BFD000CF93DF93CDB7DEB7CA58D1090FB6F89427
:10BFE000DEBF0FBECDBFC358DF4F188219821A8241
:10BFF0001B82CD57D04080916E0390916F03A0912A
:10C000007003B0917103CF57DF4F88839983AA8360
:10C01000BB83C158D040CB57DF4F19821882C55817
:10C02000D04084E690E0C957DF4F99838883C75892
:10C03000D040109250069E012B573F4F44E050E0F5
:10C04000BE016F577F4FCE0189579F4F0E944D3FD2
:10C05000C957DF4F88819981C758D0400296C95788
:10C06000DF4F99838883C758D040CB57DF4F198261
:10C070001882C558D04081E0C657DF4F8883CA5820
:10C08000D0409E012B573F4F41E050E0BE01665724
:10C090007F4FCE0189579F4F0E944D3F9E012B57E6
:10C0A0003F4F48E450E069E973E1CE0189579F4F63
:10C0B0000E944D3F9E012B573F4F40E150E061E011
:10C0C0007CE0CE0189579F4F0E944D3F8AE097ED5B
:10C0D000A3EABCE3C358DF4F88839983AA83BB8359
:10C0E000CD57D0409E012B573F4F44E050E0BE015A
:10C0F00063587F4FCE0189579F4F0E944D3F9E014D
:10C100002B573F4F4CE050E061ED79E0CE0189576D
:10C110009F4F0E944D3F7E018DE6E80EF11CF70116
:10C12000108219821A821B821C829E012B573F4F5C
:10C1300041E050E0B701CE0189579F4F0E944D3F2B
:10C140009E012B573F4F44E050E08E010F5F1F4F81
:10C15000B801CE0189579F4F0E944D3F809115062F
:10C1600090911606A0911706B091180689839A83BC
:10C17000AB83BC839E012B573F4F44E050E0B80196
:10C18000CE0189579F4F0E944D3FC358DF4F188201
:10C1900019821A821B82CD57D04083E0F701808339
:10C1A00089839E012B573F4F44E050E0BE01635806
:10C1B0007F4FCE0189579F4F0E944D3F9E012B57C5
:10C1C0003F4F41E050E0B701CE0189579F4F0E9499
:10C1D0004D3F9E012B573F4F41E050E0B801CE014B
:10C1E00089579F4F0E944D3F2AE0D22EDA949E013C
:10C1F0002B573F4F44E050E0DD2049F0BE0163582B
:10C200007F4FCE0189579F4F0E944D3FEFCF6EEC7D
:10C210007BE0CE0189579F4F0E944D3FC358DF4FAF
:10C22000188219821A821B82CD57D0409AE0D92EEB
:10C23000DA94DD2071F09E012B573F4F44E050E02F
:10C24000BE0163587F4FCE0189579F4F0E944D3FDB
:10C25000EFCF84E08983F70180839E012B573F4F06
:10C2600041E050E0B801CE0189579F4F0E944D3FF9
:10C270009E012B573F4F41E050E0B701CE01895757
:10C280009F4F0E944D3F9E012B573F4F44E050E08F
:10C290006AE975E0CE0189579F4F0E944D3F9E018C
:10C2A0002B573F4F44E050E061E975E0CE018957DC
:10C2B0009F4F0E944D3F9E012B573F4F40E450E05F
:10C2C00060EB75E0CE0189579F4F0E944D3F198268
:10C2D0008FEFF70180839E012B573F4F41E050E0E5
:10C2E000B801CE0189579F4F0E944D3F9E012B57A9
:10C2F0003F4F41E050E0B701CE0189579F4F0E9468
:10C300004D3F9E012B573F4F44E050E06CE273E0FD
:10C31000CE0189579F4F0E944D3F9E012B573F4FA3
:10C3200041E050E060E975E0CE0189579F4F0E94DF
:10C330004D3F9E012B573F4F44E050E06CEA75E0C3
:10C34000CE0189579F4F0E944D3F9E012B573F4F73
:10C3500044E050E068EA75E0CE0189579F4F0E94A3
:10C360004D3F9E012B573F4F42E050E066EA75E09B
:10C37000CE0189579F4F0E944D3F80E090E0A0E89A
:10C38000BFE38D879E87AF87B88B809117149091FC
:10C390001814A0911914B0911A1489839A83AB834D
:10C3A000BC8380911B1490911C14A0911D14B0911A
:10C3B0001E148D839E83AF83B88780911F14909144
:10C3C0002014A0912114B091221489879A87AB87F9
:10C3D000BC879E012B573F4F40E150E0B801CE0192
:10C3E00089579F4F0E944D3F84E190E09A83898353
:10C3F0009E012B573F4F42E050E0B801CE018957D4
:10C400009F4F0E944D3F8CE0ECE9F2E0D801019093
:10C410000D928A95E1F79E012B573F4F4CE050E07B
:10C42000B801CE0189579F4F0E944D3F80E290E0B6
:10C430009A8389839E012B573F4F42E050E0B80119
:10C44000CE0189579F4F0E944D3F8091D00989832B
:10C450009E012B573F4F41E050E0B801CE01895774
:10C460009F4F0E944D3F80E2E8EAF2E0D801019040
:10C470000D928A95E1F79E012B573F4F40E250E025
:10C48000B801CE0189579F4F0E944D3FF70110829E
:10C490009E012B573F4F41E050E0B701CE01895735
:10C4A0009F4F0E944D3F9E012B573F4F41E050E070
:10C4B00069E176E0CE0189579F4F0E944D3F9E0172
:10C4C0002B573F4F44E050E06EE176E0CE018957B4
:10C4D0009F4F0E944D3F8AE1F80111928A95E9F73A
:10C4E0009E012B573F4F4AE150E0B801CE018957DA
:10C4F0009F4F0E944D3F84E3E8ECF2E0D8010190A9
:10C500000D928A95E1F79E012B573F4F44E350E08F
:10C51000B801CE0189579F4F0E944D3F1A82198260
:10C520001C821B821E821D829E012B573F4F46E0BC
:10C5300050E0B801CE0189579F4F0E944D3F8DE0DA
:10C54000F80111928A95E9F79E012B573F4F4DE074
:10C5500050E0B801CE0189579F4F0E944D3F9E0188
:10C560002B573F4F44E050E067E27CE0CE01895713
:10C570009F4F0E944D3F8CE0D82EF8018D2D1192D7
:10C580008A95E9F79E012B573F4F4CE050E0B801E8
:10C59000CE0189579F4F0E944D3F8CE6F8011192C2
:10C5A0008A95E9F79E012B573F4F4CE650E0B801C2
:10C5B000CE0189579F4F0E944D3F9E012B573F4F01
:10C5C0004CE050E064E476E0CE0189579F4F0E9432
:10C5D0004D3F9E012B573F4F48E050E06EE975E01C
:10C5E000CE0189579F4F0E944D3FF7011192DA9477
:10C5F000E9F7C757DF4F1882C958D04080E090E074
:10C60000A0E4B0E4ED968CAF9DAFAEAFBFAFED97B9
:10C610009E012B573F4F44E050E0B701CE018957B0
:10C620009F4F0E944D3F9E012B573F4F44E050E0EB
:10C63000B7016C5F7F4FCE0189579F4F0E944D3FDE
:10C640009E012B573F4F44E050E0B701685F7F4F9A
:10C65000CE0189579F4F0E944D3F9E012B573F4F60
:10C6600041E050E0BE0167577F4FCE0189579F4F91
:10C670000E944D3F9E012B573F4F44E050E0BE01CA
:10C6800067587F4FCE0189579F4F0E944D3FD090F2
:10C690005006D11054C0C957DF4F08811981C758BF
:10C6A000D04004561109CB57DF4F88819981C55876
:10C6B000D040F7019183808384E690E0C957DF4F33
:10C6C00099838883C758D0409E012B573F4F44E041
:10C6D00050E060E373E0CE0189579F4F0E944D3FC9
:10C6E0009E012B573F4F42E050E0B701CE018957E2
:10C6F0009F4F0E944D3F0E94D53DB80187EA9EE2C0
:10C700000E941640F7014081518170E060E08AE9A3
:10C710009EE20E94054087E99EE20E94513C0E364F
:10C72000124041F00E94823C89EB9EE20E94513C03
:10C73000DD24D394809150068D29809350069091EA
:10C74000500681E08927C657DF4F0FB6F894DEBF49
:10C750000FBECDBFDF91CF911F910F91FF90EF9052
:10C76000DF9008952F923F924F925F926F927F9247
:10C770008F929F92AF92BF92CF92DF92EF92FF92F1
:10C780000F931F93CF93DF93CDB7DEB7C354D10977
:10C790000FB6F894DEBF0FBECDBF4C015B016A013E
:10C7A000222E19821C821C8E1F8E6115710521F5A7
:10C7B00010E0CE014C960E947B34CE0101960E947F
:10C7C0007B34812FCD5BDF4F0FB6F894DEBF0FBEF9
:10C7D000CDBFDF91CF911F910F91FF90EF90DF9030
:10C7E000CF90BF90AF909F908F907F906F905F9011
:10C7F0004F903F902F900895FC0183818111D8CFF5
:10C80000FA0180818F32A9F18B01CE0101967C0162
:10C810003C0180E2382E2E019CE1490E511C2396EA
:10C82000EFAE23972496FFAE249722963FAE229731
:10C8300021963FAE21973FAE3EAE3DAE3CAE3BAE05
:10C840003AAE39AE38AE3FAA960190E047E0D90142
:10C850008D91882309F448C08F3209F445C0282FF0
:10C860008E3209F54A3009F4A3CF98E04AE09D01E1
:10C87000EECFFB01838182508B01823060F0618DAD
:10C88000728DCE014C960E943CB98E01045E1F4F02
:10C89000882309F48DCFC6016C010196F601208131
:10C8A0002F32D1F3B2CFEBE3FDE33491332321F008
:10C8B00031968313FACF7CCF491708F479CF8132B0
:10C8C00008F476CF8F3709F473CF3FE9380F3A3148
:10C8D00010F420EE280FE7E3F0E0EC0FFD1FE90F66
:10C8E000F11D20839F5FC3CF8FA9803209F460CFF1
:10C8F0006901F90180812F5F3F4F8F32C9F388238F
:10C9000001F121E0AE01495C5F4FB801C7010E940F
:10C9100049BE882309F44CCF0A151B0519F0C8013C
:10C920000E9401BE942D852D6E147F0431F0239654
:10C930009FAD239724968FAD24978701E92EF82E7B
:10C9400074CF222DAE01495C5F4FB801C4010E9433
:10C9500049BE182F2ECF2F923F924F925F926F9227
:10C960007F928F929F92AF92BF92CF92DF92EF927F
:10C97000FF920F931F93CF93DF93CDB7DEB7C556CA
:10C98000D1090FB6F894DEBF0FBECDBF8C016B018D
:10C990003A018DB79EB7A6969FAF8EAFA697312C62
:10C9A00096EA892E9BE0992E2DE0222E7E0197E5B6
:10C9B000E90EF11CF6018381823008F4B0C0808555
:10C9C0009185A285B3858F719927AA27BB27892BCB
:10C9D0008A2B8B2B09F0A3C08114910411F01092C3
:10C9E000A60B40E250E0BE016F5F7F4FC6010E9480
:10C9F0001BBB9C01809709F092C08981882309F4B0
:10CA00008EC0853E49F38E3239F39C8581149104A2
:10CA100049F1492F4F734F3029F54B8D5C8D452BD4
:10CA200009F5482F4F715FEF540F5230D8F4415041
:10CA3000550B249E9001259E300D1124D901AA5535
:10CA4000B44FFE01319640E0453050F551815D9381
:10CA50004F5F32964D30C1F786FF04C0F901ED54A7
:10CA6000F44F108293FDBDCF222309F458C0892FC3
:10CA700088718031D9F42091860721502230B0F09E
:10CA80004DB65EB6BE016F5F7F4FC7010E9481B396
:10CA90000115110509F066C021E081E090E06FC04A
:10CAA0004B3010F45481D3CF5681D1CF2091A60BB7
:10CAB0002E3209F47FCF9A7009F07CCF21E08031CB
:10CAC00009F020E09091551520FB94F990935515AD
:10CAD000803141F08985873409F06CCF8A858E37A3
:10CAE00009F468CF80918607813009F4A7C008F463
:10CAF000AFC0823009F05ECFBE016F5F7F4F89E922
:10CB00009BE00E9481B36114710409F4CDC069E90E
:10CB10007BE0C3010F94B438892B09F0CDC0A696F1
:10CB20008EAD9FADA6970FB6F8949EBF0FBE8DBF7A
:10CB3000CB59DF4F0FB6F894DEBF0FBECDBFDF91EC
:10CB4000CF911F910F91FF90EF90DF90CF90BF900A
:10CB5000AF909F908F907F906F905F904F903F909D
:10CB60002F900895F8018081882309F495CF0190D2
:10CB70000020E9F73197CF01801B910B20E0F701EE
:10CB800001900020E9F73197EE19FF09E80FF91F2E
:10CB900032968DB79EB78E1B9F0B0FB6F8949EBF33
:10CBA0000FBE8DBFEDB7FEB731965F0162E773E050
:10CBB000211101C0B801C5010F94E638B701C501C4
:10CBC0000F94C73862E773E0C5010F94C73819A204
:10CBD0001CA221E0A701B601CE0181960E94B2E31A
:10CBE00081110DC080918607811109C00E94D53D39
:10CBF0008BE49DE30E94513CC7010E94C2478BE138
:10CC0000FE01B196DE01DC9601900D928A95E1F766
:10CC100050E040E0BE01645C7F4FC5010E94ABE480
:10CC2000CE01CC960E947B34CE0181960E947B344B
:10CC30000FB6F8945EBE0FBE4DBEBCCE80914206CC
:10CC40009091430601969093430680934206B2CE9C
:10CC5000BE016F5F7F4F89E99BE00E9481B358015D
:10CC60000115110561F489E9A82E8BE0B82EF501B4
:10CC700081915F01882359F00E944A3CF8CFF50169
:10CC800081915F01882379F30E944A3CF8CF80E2CA
:10CC90000E944A3C6D8D7E8D8F8D98A14AE00E9446
:10CCA000A13F0E94E24586CE80918407909185073E
:10CCB0003816190609F433CF33947CCEEF92FF92E5
:10CCC0000F931F93CF937C018B01C2E44F3F09F078
:10CCD000C4E580E20E944A3C8C2F0E944A3C8AE3D1
:10CCE0000E944A3CF701608171818281938142E018
:10CCF0000E947540F80140815181628173818BE20D
:10CD00009DE30E94804162E070E080E090E0CF917E
:10CD10001F910F91FF90EF900D94E6171F93CF9303
:10CD2000DF9300D000D01F921F92CDB7DEB7182F2F
:10CD30006091141470911514072E000C880B990B38
:10CD40000F94A72E6D837E838F8398878091101414
:10CD500090911114A0911214B091131489839A83A5
:10CD6000AB83BC834CEFBE016B5F7F4FCE0101965E
:10CD70000E945EE660916C0B70916D0B072E000CAB
:10CD8000880B990B0F94A72E6D837E838F839887D2
:10CD90008091680B9091690BA0916A0BB0916B0B1D
:10CDA00089839A83AB83BC834FEFBE016B5F7F4F58
:10CDB000CE0101960E945EE660916E0B1F3F39F036
:10CDC00087E11802F0011124E45FFB4E628570E0F8
:10CDD00083E39DE30E943F4060916E0B70E08EE222
:10CDE0009DE30E943F4028960FB6F894DEBF0FBE29
:10CDF000CDBFDF91CF911F9108952F923F924F9217
:10CE00005F926F927F928F929F92AF92BF92CF92DA
:10CE1000DF92EF92FF920F931F93CF93DF93CDB7E3
:10CE2000DEB76C970FB6F894DEBF0FBECDBF8B8F09
:10CE30006C8F8091101490911114A0911214B091E4
:10CE400013148D839E83AF83B8871092410680E0D0
:10CE500090E0A0E8BFEB89879A87AB87BC8781E029
:10CE6000809366021D861E861F86188A1B8A1C8A6E
:10CE70001D8A1E8A21E02A8B10E01F8A3CE3388F2E
:10CE80004CE1498F56E45A8F812C912C54016091CA
:10CE9000141470911514072E000C880B990B0F9425
:10CEA000A72E6B017C0129853A854B855C850F9403
:10CEB000A02E8823B9F020911014309111144091C4
:10CEC000121450911314C986DA86EB86FC868C8D79
:10CED000811114C1C701B6010F94A02E182F111F84
:10CEE0001127111F0F9419186B017C01DC01CB0174
:10CEF0002B893C894D895E89821B930BA40BB50B52
:10CF0000B7FD2EC0D701C60188519C4FAF4FBF4F10
:10CF10008B8B9C8BAD8BBE8B8B8D0E948EE687E3BB
:10CF20009DE30E94513C81149104A104B10409F4D1
:10CF3000EDC0C501B401605F784D8F4F9F4F6C19F4
:10CF40007D098E099F0928EE33E040E050E00F9400
:10CF5000E434CA01B9010E9423408AE00E944A3C9D
:10CF600080E00E9446490F9419186093D20B709389
:10CF7000D30B8093D40B9093D50B80911014909188
:10CF80001114A0911214B091131489839A83AB8366
:10CF9000BC8311110AC0AE01475F5F4FBE016F5FD6
:10CFA0007F4FCE0105960E94083529803A809B81EB
:10CFB000998B0C819101492F502F69857A858B853A
:10CFC0009C850F9483352B013C0120E030E0A901C2
:10CFD0000F94E43787FF04C077FA709477F8709461
:10CFE00081149104A104B10409F094C020E030E060
:10CFF00040E85FE3C301B2010F94A02E87FF0BC08E
:10D00000AA8946015701AA2331F0B0E18B0EB7E29D
:10D010009B1EA11CB11C112389F12D853E854F85D6
:10D020005889211531054105510541F0D701C60147
:10D03000821B930BA40BB50BB7FD20C0910149894E
:10D04000502F6F89788D898D9A8D0F94833520E0CC
:10D0500030E040EC5FE30F94A02E87FD24C0D701A1
:10D06000C601805A9541AF4FBF4F8D879E87AF87CE
:10D07000B88B2F8A388E9989998F0A8F8091660292
:10D08000882389F081149104A104B104A9F1A0E1DD
:10D09000CA1AA7E2DA0AE108F108C818D908EA08AA
:10D0A000FB08F7FC29C080916602882351F00E949A
:10D0B000F99A8FEF89838A838B83CE0101960E9430
:10D0C0008134809166026C960FB6F894DEBF0FBE75
:10D0D000CDBFDF91CF911F910F91FF90EF90DF9027
:10D0E000CF90BF90AF909F908F907F906F905F9008
:10D0F0004F903F902F9008951A8AC9CEC701B6016C
:10D100000F94A02E87FDCFCF10E0ECCE8FE30E94CE
:10D110004A3C23CF20E030E040E450E4C301B201B8
:10D120000F94E43718160CF076CF4601570173CFF1
:10D130004F925F926F927F928F929F92AF92BF9227
:10D14000CF92DF92EF92FF922091C20B3091C30BEE
:10D150004091C40B5091C50B6091DC0B7091DD0BBD
:10D160008091DE0B9091DF0B0F948435AB01BC01F5
:10D170008DE193E30E9480412091C60B3091C70B53
:10D180004091C80B5091C90B6091E00B7091E10B7D
:10D190008091E20B9091E30B0F948435AB01BC01BD
:10D1A00089E193E30E9480412091CA0B3091CB0B1F
:10D1B0004091CC0B5091CD0B6091E40B7091E50B3D
:10D1C0008091E60B9091E70B0F948435AB01BC0185
:10D1D00085E193E30E9480414091E80B5091E90B77
:10D1E0006091EA0B7091EB0B81E193E30E94804127
:10D1F00080916F00982F927081FF05C080916F0021
:10D200008D7F80936F004090D0065090D106609043
:10D21000D2067090D3068090D4069090D506A09048
:10D22000D606B090D706C090D806D090D906E09028
:10D23000DA06F090DB06992329F080916F00826076
:10D2400080936F0087E093E30E94513CC301B201D9
:10D250000E94234083E093E30E94513CC501B40146
:10D260000E9423408FEF92E30E94513CC701B60118
:10D270000E9423408AE0FF90EF90DF90CF90BF9014
:10D28000AF909F908F907F906F905F904F900C9495
:10D290004A3C8F929F92AF92BF92CF92DF92EF92D1
:10D2A000FF920F931F93CF93C82F11E0182781117E
:10D2B00002C00E94D53D8CE992E30E94513C86E970
:10D2C00092E30E94513C8AE00E944A3CC11102C094
:10D2D0000E94D53D89E792E30E94513C8AE00E947A
:10D2E0004A3CC11110C00E94D53D86E692E30E94DF
:10D2F000513C80911906882309F4D1C18AE00E942B
:10D300004A3C0E94D53D40911E0650911F066091F7
:10D3100020067091210682E592E30E9480418AE016
:10D320000E944A3C80911906811108C0C11102C0B7
:10D330000E94D53D87E492E30E94513CC11106C092
:10D340000E94D53D86E392E30E94513C812F0E94CA
:10D350003BFBC11108C00E94D53D88E192E30E94C9
:10D36000513C0E94D53D4091BD135091BE13609138
:10D37000BF137091C0138FE092E30E9480414091EF
:10D38000C1135091C2136091C3137091C4138CE008
:10D3900092E30E9480414091C5135091C613609161
:10D3A000C7137091C81389E092E30E9480414091B5
:10D3B000C9135091CA136091CB137091CC1386E0BE
:10D3C00092E30E9480418AE00E944A3CC11108C059
:10D3D0000E94D53D84EE91E30E94513C0E94D53DD0
:10D3E0006091991370919A1380919B1390919C1363
:10D3F0000F94A52EAB01BC018BED91E30E948041FF
:10D4000060919D1370919E1380919F139091A01332
:10D410000F94A52EAB01BC0188ED91E30E948041E1
:10D420006091A1137091A2138091A3139091A41302
:10D430000F94A52EAB01BC0185ED91E30E948041C4
:10D440006091A5137091A6138091A7139091A813D2
:10D450000F94A52EAB01BC0182ED91E30E948041A7
:10D460008AE00E944A3CC11108C00E94D53D88E86C
:10D4700091E30E94513C0E94D53D4091CD135091C3
:10D48000CE136091CF137091D0138FE791E30E9478
:10D4900080414091D1135091D2136091D313709178
:10D4A000D4138CE791E30E9480414091D5135091B1
:10D4B000D6136091D7137091D81389E791E30E9436
:10D4C00080418AE00E944A3CC11113C00E94D53DB0
:10D4D00081E391E30E94513C86E091E30E94513C3C
:10D4E00087EF90E30E94513C8AE00E944A3C0E94F0
:10D4F000D53D6091A9137091AA138091AB139091BF
:10D50000AC130F94A52EAB01BC018EEE90E30E94EC
:10D5100080414091D9135091DA136091DB137091DF
:10D52000DC138BEE90E30E9480414091DD1350911B
:10D53000DE136091DF137091E01388EE90E30E9498
:10D5400080414091010C5091020C6091030C70914C
:10D55000040C85EE90E30E9480414091050C5091AF
:10D56000060C6091070C7091080C82EE90E30E940B
:10D5700080414091090C50910A0C60910B0C709104
:10D580000C0C8FED90E30E94804140910D0C509166
:10D590000E0C60910F0C7091100C8CED90E30E94BA
:10D5A00080418AE00E944A3CC11108C00E94D53DDA
:10D5B0008EEC90E30E94513C0E94D53D4091D109F0
:10D5C0005091D2096091D3097091D40985EC90E310
:10D5D0000E9480414091D5095091D6096091D709A8
:10D5E0007091D80982EC90E30E9480414091D90962
:10D5F0005091DA096091DB097091DC098FEB90E3BF
:10D600000E9480418AE00E944A3CC11108C00E94E9
:10D61000D53D8BEA90E30E94513C0E94D53D60913C
:10D62000EC0B70E082EA90E30E943F4040911506C7
:10D630005091160660911706709118068FE990E3D5
:10D640000E9480418AE00E944A3C80919A05909114
:10D650009B05892B09F445C040EBC42E45E0D42E30
:10D6600010E000E05601F12CE12CC11102C00E9433
:10D67000D53DB70185E990E30E943F40B80182E9BA
:10D6800090E30E943F4034E7832E33E0932EF40171
:10D6900081914F01882341F00E944A3CF8CF8BE5ED
:10D6A00092E30E94513C2DCEF5016081718182810F
:10D6B000938145E00E9475408AE00E944A3CFFEF5A
:10D6C000EF1AFF0A80E1A80EB11CE4E0EE16F104A7
:10D6D00061F60F5F1F4FF4E0CF0ED11C043011052F
:10D6E00009F6C11106C00E94D53D85E790E30E946E
:10D6F000513C8CEAA82E85E0B82E98EAC92E95E018
:10D70000D92E26EAE22E25E0F22E10E000E0C1112B
:10D7100002C00E94D53DB8018CE690E30E943F40D4
:10D72000F501619171915F0189E690E30E943F40AC
:10D73000F601619171916F0186E690E30E943F408E
:10D74000F70161917F0170E083E690E30E943F4022
:10D750008AE00E944A3C0130110509F0C3C0C111A2
:10D7600008C00E94D53D84E590E30E94513C0E9490
:10D77000D53D40911714509118146091191470916F
:10D780001A148BE490E30E9480412CEA35EC47E2C6
:10D790005EE360911B1470911C1480911D14909194
:10D7A0001E140F947E36AB01BC0188E490E30E9406
:10D7B00080412CEA35EC47E25EE360911F147091E2
:10D7C000201480912114909122140F94062FAB0104
:10D7D000BC0185E490E30E9480418AE00E944A3CBB
:10D7E000C11108C00E94D53D8FE290E30E94513CD8
:10D7F0000E94D53D6091D00970E086E290E30E94DE
:10D800003F408AE00E944A3CC11110C00E94D53DB1
:10D8100087E190E30E94513C86E992E30E94513CEB
:10D8200085EC9FE20E94513C0E94D53D4091CE0B79
:10D830005091CF0B6091D00B7091D10B8EE090E3A3
:10D840000E9480418AE00E944A3CC11108C00E94A7
:10D85000D53D8DEF9FE20E94513C0E94D53D409105
:10D86000270C5091280C6091290C70912A0C84EFA0
:10D870009FE20E9480418AE00E944A3CC11108C098
:10D880000E94D53D85ED9FE20E94513C0E94D53D0E
:10D8900088EC9FE20E94513C4091A2055091A30563
:10D8A0006091A4057091A50583ED9FE20E948041DF
:10D8B00040919E0550919F056091A0057091A10532
:10D8C00080ED9FE20E9480418AE0CF911F910F91ED
:10D8D000FF90EF90DF90CF90BF90AF909F908F9090
:10D8E0000C944A3C01E010E012CF2F923F924F92ED
:10D8F0005F926F927F928F929F92AF92BF92CF92E0
:10D90000DF92EF92FF920F931F93CF93DF93CDB7E8
:10D91000DEB7CE59D1090FB6F894DEBF0FBECDBF2A
:10D920002DB73EB7C356DF4F39832883CD59D0403A
:10D93000CB56DF4F19821882C559D04084E690E05B
:10D94000C956DF4F99838883C759D04001E09E01B3
:10D950002B563F4F44E050E0BE016F567F4FCE0143
:10D9600089569F4F0E940C3C9E012B563F4F42E030
:10D9700050E0BE0167567F4FCE0189569F4F0E94EF
:10D980000C3C43E050E0BE016F567F4F80E393E0D4
:10D990000F94ED38892B09F451C0CC56DF4F8881A4
:10D9A000C459D040882359F08FE3CF56DF4F888386
:10D9B000C159D040CE56DF4F1882C259D0400E9484
:10D9C000D53DBE016F567F4F81E59FE20E946F3CBF
:10D9D00083E49FE20E94513C81E080935006809155
:10D9E0009505811102C00E9449E99091500681E09D
:10D9F0008927C356DF4F28813981CD59D0400FB6D2
:10DA0000F8943EBF0FBE2DBFC256DF4F0FB6F8943D
:10DA1000DEBF0FBECDBFDF91CF911F910F91FF9061
:10DA2000EF90DF90CF90BF90AF909F908F907F90BE
:10DA30006F905F904F903F902F900895C357DF4FA6
:10DA4000188219821A821B82CD58D040CB56DF4FE4
:10DA500019821882C559D04001E09E012B563F4FD4
:10DA600041E050E0BE0164567F4FCE0189569F4F82
:10DA70000E940C3C2DB63EB680E1ECEFF2E0DE01F8
:10DA8000A358BF4F01900D928A95E1F76E013DE6D4
:10DA9000C30ED11C80E1ECE0F3E0D60101900D92C1
:10DAA0008A95E1F780E1ECE1F3E09E012F5F3F4FC3
:10DAB0005901D90101900D928A95E1F7C456DF4FC3
:10DAC0004881CC59D04050E04D5F5F4F440F551F07
:10DAD000440F551F8DB79EB7841B950B0FB6F89456
:10DAE0009EBF0FBE8DBFEDB7FEB731962F010091DF
:10DAF000950511E001272C563F4FBF01CE018956F5
:10DB00009F4F0E940C3C0091950501279E012B56CA
:10DB10003F4F44E050E069EA73E1CE0189569F4FE0
:10DB20000E940C3CC456DF4FE880CC59D040F12C09
:10DB3000F3E0EF0EF11CEE0CFF1CEE0CFF1C2DB7FA
:10DB40003EB72E193F090FB6F8943EBF0FBE2DBF4A
:10DB50008DB79EB701964C01EDB7FEB7EE19FF09E0
:10DB60000FB6F894FEBF0FBEEDBF2DB73EB72F5FC7
:10DB70003F4F39010091950501279E012B563F4FDC
:10DB8000A701BC01CE0189569F4F0E940C3C009119
:10DB9000950501279E012B563F4FA701B301CE01EA
:10DBA00089569F4F0E940C3C80919505082F0127B4
:10DBB000811145C0C456DF4F2881CC59D04030E098
:10DBC0002E5F3F4FE9E9F3E190E080E050E040E074
:10DBD000B601D2012417350724F4ADE7B0E0AC0F4D
:10DBE000BD1FA80FB91FCD90DD90ED90FC90C192A4
:10DBF000D192E192F192D401241735070CF4DB01A4
:10DC0000A80FB91FCD90DD90ED90FC90C08AD18A0D
:10DC1000E28AF38AD301241735070CF4D501A80F43
:10DC2000B91FCD90DD90ED90FC90C0A2D1A2E2A2F0
:10DC3000F3A24F5F5F4F04964430510551F69E01A9
:10DC40002B563F4F44E050E06DEC73E1CE01895616
:10DC50009F4F0E940C3C0091950511E001279E0109
:10DC60002B563F4F44E050E061ED73E1CE01895601
:10DC70009F4F0E940C3C0091950501279E012B5659
:10DC80003F4F44E050E065ED73E1CE0189569F4F70
:10DC90000E940C3C0091950501279E012B563F4F99
:10DCA00044E050E069ED73E1CE0189569F4F0E9438
:10DCB0000C3C0091950501279E012B563F4F44E0F7
:10DCC00050E06DED73E1CE0189569F4F0E940C3CF0
:10DCD0000091950501279E012B563F4F40E150E0F2
:10DCE00061E07CE0CE0189569F4F0E940C3C009180
:10DCF000950501279E012B563F4F44E050E0BE01A1
:10DD000063577F4FCE0189569F4F0E940C3C0FB640
:10DD1000F8943EBE0FBE2DBE0091950501279E01D1
:10DD20002B563F4F4CE050E061ED79E0CE01895633
:10DD30009F4F0E940C3C0091950501279E012B5698
:10DD40003F4F41E050E0BE0163597F4FCE018956FD
:10DD50009F4F0E940C3C0091950501279E012B5678
:10DD60003F4F44E050E0BE016F5F7F4FCE018956C8
:10DD70009F4F0E940C3C0091950501279E012B5658
:10DD80003F4F44E050E066E975E0CE0189569F4F71
:10DD90000E940C3C0091950501279E012B563F4F98
:10DDA00044E050E0BE0163577F4FCE0189569F4F3C
:10DDB0000E940C3C01E09E012B563F4F41E050E099
:10DDC000BE0163597F4FCE0189569F4F0E940C3C84
:10DDD0009E012B563F4F41E050E0BE016F5F7F4FE9
:10DDE000CE0189569F4F0E940C3CAE96EFACAE9789
:10DDF0008981E89E7001112431E0E31AF108009155
:10DE0000950501279E012B563F4F44E050E08FEFD0
:10DE1000E816F80649F0BE0163577F4FCE018956D8
:10DE20009F4F0E940C3CE8CF6EEC7BE0CE01895600
:10DE30009F4F0E940C3C1AE0FF24F394115089F08C
:10DE4000009195050F259E012B563F4F44E050E071
:10DE5000BE0163577F4FCE0189569F4F0E940C3CF5
:10DE6000EDCF01E09E012B563F4F41E050E0BE0157
:10DE700065567F4FCE0189569F4F0E940C3C9E01F4
:10DE80002B563F4F41E050E0BE0163587F4FCE011B
:10DE900089569F4F0E940C3CC556DF4F8881CB5955
:10DEA000D04000919505843009F097C2EE968FAD71
:10DEB000EE97843009F091C2011103C080E00E9406
:10DEC000AE370091950511E001279E012B563F4F7B
:10DED00044E050E06AE975E0CE0189569F4F0E9408
:10DEE0000C3C0091950501279E012B563F4F44E0C5
:10DEF00050E061E975E0CE0189569F4F0E940C3CCD
:10DF00000091950501279E012B563F4F40E450E0BC
:10DF100060EB75E0CE0189569F4F0E940C3C00914A
:10DF2000950511E001279E012B563F4F41E050E03F
:10DF3000BE0163597F4FCE0189569F4F0E940C3C12
:10DF40000091950501279E012B563F4F41E050E07F
:10DF5000BE016F5F7F4FCE0189569F4F0E940C3CE0
:10DF60000091950501279E012B563F4F44E050E05C
:10DF7000BE016F5F7F4FCE0189569F4F0E940C3CC0
:10DF80000091950501279E012B563F4F41E050E03F
:10DF900060E975E0CE0189569F4F0E940C3C0091CC
:10DFA000950501279E012B563F4F44E050E06CEA57
:10DFB00075E0CE0189569F4F0E940C3C009195055B
:10DFC00001279E012B563F4F44E050E068EA75E080
:10DFD000CE0189569F4F0E940C3C00919505012768
:10DFE0009E012B563F4F42E050E066EA75E0CE01BD
:10DFF00089569F4F0E940C3C0091950501279E0178
:10E000002B563F4F40E150E0BE016F5F7F4FCE0186
:10E0100089569F4F0E940C3C0091950501112EC01E
:10E02000C980DA80EB80FC8020E030E84BE355E4E7
:10E03000C701B6010F94A02E882301F1C0921714D6
:10E04000D0921814E0921914F0921A148D819E81C6
:10E05000AF81B88580931B1490931C14A0931D145A
:10E06000B0931E1489859A85AB85BC8580931F1457
:10E0700090932014A0932114B093221411E001274F
:10E080009E012B563F4F42E050E0BE016F5F7F4F35
:10E09000CE0189569F4F0E940C3C009195050127A7
:10E0A0009E012B563F4F4CE050E0BE016F5F7F4F0B
:10E0B000CE0189569F4F0E940C3C00919505012787
:10E0C0009E012B563F4F42E050E0BE016F5F7F4FF5
:10E0D000CE0189569F4F0E940C3C00919505012767
:10E0E0009E012B563F4F41E050E060ED79E0CE01BC
:10E0F00089569F4F0E940C3C0091950501279E0177
:10E100002B563F4F40E250E0BE016F5F7F4FCE0184
:10E1100089569F4F0E940C3C0091950501279E0156
:10E120002B563F4F41E050E0BE0163597F4FCE0177
:10E1300089569F4F0E940C3C0091950501279E0136
:10E140002B563F4F45E050E0BE016F5F7F4FCE0141
:10E1500089569F4F0E940C3C0091950501110FC0FC
:10E160008981809319068A819B81AC81BD818093CE
:10E170001E0690931F06A0932006B093210611E07F
:10E1800001279E012B563F4F4AE150E0BE016F5FD1
:10E190007F4FCE0189569F4F0E940C3C0091950500
:10E1A00001279E012B563F4F44E350E0BE016F5FB5
:10E1B0007F4FCE0189569F4F0E940C3C00919505E0
:10E1C00001279E012B563F4F46E050E0BE016F5F96
:10E1D0007F4FCE0189569F4F0E940C3C00919505C0
:10E1E00001279E012B563F4F4DE050E0BE016F5F6F
:10E1F0007F4FCE0189569F4F0E940C3C00919505A0
:10E2000001279E012B563F4F44E050E0BE016F5F57
:10E210007F4FCE0189569F4F0E940C3C80919505FF
:10E22000082F012781110CC089819A81AB81BC81A3
:10E230008093270C9093280CA093290CB0932A0C60
:10E240009E012B563F4F4CE050E0BE016F5F7F4F69
:10E25000CE0189569F4F0E940C3C0091950511E01C
:10E2600001279E012B563F4F4CE650E0BE016F5FE9
:10E270007F4FCE0189569F4F0E940C3C19821A8213
:10E280001B821C821D821E821F82188619861A8696
:10E290001B861C860091950501279E012B563F4F3A
:10E2A0004CE050E0BE016F5F7F4FCE0189569F4F1B
:10E2B0000E940C3C0091950501279E012B563F4F73
:10E2C00048E050E06EE975E0CE0189569F4F0E940C
:10E2D0000C3C0091950501279E012B563F4F44E0D1
:10E2E00050E0BE016F5F7F4FCE0189569F4F0E9465
:10E2F0000C3C0091950501279E012B563F4F44E0B1
:10E3000050E0BE016B5F7F4FCE0189569F4F0E9448
:10E310000C3C0091950501279E012B563F4F44E090
:10E3200050E0BE01675F7F4FCE0189569F4F0E942C
:10E330000C3C0091950501279E012B563F4F41E073
:10E3400050E0BE0163587F4FCE0189569F4F0E9417
:10E350000C3C0091950501279E012B563F4F44E050
:10E3600050E0BE0163597F4FCE0189569F4F0E94F6
:10E370000C3CC956DF4F88819981C759D040823DF6
:10E38000924009F46DC00E94823C89EB9EE20E949B
:10E39000513C109350060E94D53DC956DF4F68810D
:10E3A0007981C759D040645671098BE39FE20E947E
:10E3B0003F406EE672E083E39FE20E9416408AE0EF
:10E3C0000E944A3C80919505811109CB80915006AD
:10E3D000811105CB0E94E78102CB11E001279E014C
:10E3E0002B563F4F44E050E0BE0163597F4FCE01B2
:10E3F00089569F4F0E940C3C0091950501279E0174
:10E400002B563F4F44E050E0BE016F5F7F4FCE017F
:10E4100089569F4F0E940C3CC556DF4FE880CB5970
:10E42000D040EE968FADEE97E89E7001112491E0FA
:10E43000E91AF108009195050127EFEFEE16FE06A7
:10E4400009F46DCD9E012B563F4F44E050E0BE01D4
:10E4500063577F4FCE0189569F4F0E940C3CE7CFF8
:10E4600010925006CB56DF4F28813981C559D040D4
:10E47000C756DF4F88819981C959D040281739077D
:10E48000E9F0109350060E94823CC756DF4F688126
:10E490007981C959D04083E19FE20E941640CB5652
:10E4A000DF4F68817981C559D0408EE09FE20E949C
:10E4B00016408EEF9EE20E94513C84CF80919505DC
:10E4C000811180CF0E94D53D00E313E0F8018191D6
:10E4D0008F01882319F00E944A3CF8CFC956DF4FBC
:10E4E00068817981C759D0406456710981EE9EE2F6
:10E4F0000E943F40CB56DF4F48815981C559D040DB
:10E5000070E060E084ED9EE20E94054081ED9EE2B5
:10E51000D2CF81E0809395050E9475EC109295050D
:10E5200081110C9475EC0E94B8DE81E008958F9201
:10E530009F92AF92BF92CF92DF92EF92FF92CF93D2
:10E5400080915515877F8093551580917515882387
:10E5500021F082E795E10E9401BE109251141092C1
:10E560004E1485E380934D140F9419186B017C01B0
:10E5700020EDC20E27E0D21EE11CF11CA89561E03F
:10E5800080914D140F941F1661E080914D140F94EB
:10E590005716209A289A219A2398229A81E00E945D
:10E5A000217485E080934F140E942174CAE08FEF9C
:10E5B0000E941574C150D9F7A89520E030E0A90158
:10E5C00060E08DE494E10E94B7B5809350148130EF
:10E5D00021F10F9419186C197D098E099F0997FD77
:10E5E000ECCF81E080934E148DE494E10E949AB5C3
:10E5F0000E94D53D80E99DE30E94513C0F945F202D
:10E6000083E080937502CF91FF90EF90DF90CF90E1
:10E61000BF90AF909F908F900895A8952AEA31E01F
:10E6200040E050E068E08DE494E10E94B7B58530A9
:10E6300069F581E080935114A89580915114812C43
:10E64000912C5401823029F4812C912CA12C80E44E
:10E65000B82E20E030E0A90167E38DE494E10E9448
:10E66000B7B5A501940169E28DE494E10E94B7B5C4
:10E67000809350148823F9F00F9419186C197D09B0
:10E680008E099F0997FDE5CF8AE0ACCFC4E00E94D8
:10E690001A7480935014C150D1F78A3A11F482E071
:10E6A000C9CF0F9419186C197D098E099F0997FD20
:10E6B000B5CF82E097CF809151148230D1F420E021
:10E6C00030E0A9016AE38DE494E10E94B7B58823A4
:10E6D00011F088E087CF0E941A74807C803C19F486
:10E6E00083E0809351140E941A740E941A740E944D
:10E6F0001A748DE494E10E949AB510924F1481E04F
:10E700000E9476FB81110AC080E00E9476FB811195
:10E7100005C00E94823C8CE79DE36ECF6FE274E1FE
:10E7200082E795E10E943CB9811105C00E94823CBC
:10E730008BE69DE361CF80915515886080935515D8
:10E740000E94D53D8FE59DE30E94513C0E9489F2D5
:10E7500055CF089580E008958150823108F05AC065
:10E76000E82FF0E08827E854FC408F4F0D947B356C
:10E77000D8F3DCF3CAF3D0F3D4F30AF4DFF3E5F310
:10E78000E9F3EFF3F3F3F7F3FDF301F40AF405F41F
:10E790000BF40FF4809180008F77809380000895B0
:10E7A000809180008F7DF9CF80918000877FF5CFA9
:10E7B00084B58F7784BD089584B58F7DFBCF80911C
:10E7C000B0008F778093B00008958091B0008F7D66
:10E7D000F9CF809190008F77809390000895809179
:10E7E00090008F7DF9CF80919000877FF5CF809149
:10E7F000A0008F778093A00008958091A0008F7D66
:10E80000F9CF8091A000877FF5CF809120018F778D
:10E81000809320010895809120018F7DF9CF809110
:10E820002001877FF5CF3FB7F89480913B189091F6
:10E830003C18A0913D18B0913E1826B5A89B05C084
:10E840002F3F19F00196A11DB11D3FBFBA2FA92F6F
:10E85000982F8827BC01CD01620F711D811D911D6C
:10E8600042E0660F771F881F991F4A95D1F70895D8
:10E87000AF92BF92CF92DF92EF92FF920F931F93CE
:10E88000CF93DF936C017B018B01040F151FEB010C
:10E890005E01AE18BF08C017D10759F06991D601C3
:10E8A000ED91FC910190F081E02DC6011995892B25
:10E8B00079F7C501DF91CF911F910F91FF90EF90F4
:10E8C000DF90CF90BF90AF900895FC01808192813E
:10E8D000980F92832181921760F494819F5F9483B3
:10E8E0009381890F821710F08FEF820F838381E06D
:10E8F000089580E00895FC01128280818150838315
:10E9000014820895DC011696ED91FC9117971296EA
:10E910008C911297481B483028F015968C91E80F7F
:10E92000F11D477081E090E001C0880F4A95EAF739
:10E93000E60FF11D3081222319F0832B8083089587
:10E9400080958323FBCFFB014181DC0112962C9142
:10E950001297421768F013962C911397241740F0E2
:10E96000608115962C91621718F424810C9482F41E
:10E9700008950B96FC01849108950A96FC018491F8
:10E980000895FC01849108950E94C1F4882321F028
:10E99000823011F083E0089586E00895FC01E60FCF
:10E9A000F11D849190E0982F88273196E4918E0F85
:10E9B000911D089568E00C94CEF466E00C94CEF4BA
:10E9C0002EE93FE0009729F0F9013197F1F701971F
:10E9D000F9CF08958EBD0DB407FEFDCF8EB5089515
:10E9E000DB011496ED91FC9130E020E065E0199494
:10E9F000DB011496ED91FC9130E020E062E0199487
:10EA0000DB011496ED91FC9130E020E063E0199475
:10EA1000CF92DF92EF92FF920F931F93CF93DF93EA
:10EA20008C017B016A0180E0F601C491811110C064
:10EA300081E0CF3F49F04C2FB701C8010E94F0F4AC
:10EA4000882309F444C080E0BFEFCB1ADB0AECCF87
:10EA50004FEFCF3F89F3CE3FD9F1C03FA0F7C03E83
:10EA600038F04C2F4F70B701C8010E94F8F4EBCF7B
:10EA7000C03D38F04C2F4F70B701C8010E9400F51F
:10EA8000E2CFC03CF8F0D7011496ED91FC9130E054
:10EA900020E040E064E0C8011995C295C07FCE5FD8
:10EAA000D0E0CE010E94E0F4D7011496ED91FC91E4
:10EAB00030E020E041E064E0C8011995CE010E94F9
:10EAC000E0F4C1CFC7FDBFCF8C2F90E0F8CF80E03E
:10EAD000DF91CF911F910F91FF90EF90DF90CF903A
:10EAE0000895AF92BF92DF92EF92FF920F931F9320
:10EAF000CF93DF938C01EB01D42E79018FE048177F
:10EB000009F486C0A5E14A17B1F1BAE04B130EC073
:10EB1000EC81FD8130E020E042E061E0C801199520
:10EB200040E050E4BE01C8010E9408F50A80DB8184
:10EB3000C02DF2E3DF1609F4DFC0FD1508F48EC026
:10EB400085E1D81609F4DDC0A7E1DA1609F4ECC0B6
:10EB5000B4E1DB1278C0EE81FF818D8190E0880FF7
:10EB6000991F8E0F9F1F11928E179F07E1F7CE01FD
:10EB70000E947BF468C0AA80BB8048EF5FE3C801B5
:10EB80000E9408F5F5014481440F406BBE01C801A5
:10EB90000E94F0F441E0BE01C8010E94F8F4D501E2
:10EBA00016962D913C911797EC81FD8115964C910D
:10EBB00066E0C801199540E0BE01C8010E9400F559
:10EBC00048EF5FE3BE01C8010E9408F5F5014481EA
:10EBD000440F4F5F406BBE01C8010E94F0F441E05A
:10EBE000BE01C8010E94F8F4D50115964C91159705
:10EBF00016962D913C91240F311DEC81FD8166E02C
:10EC0000C801199540E0BE01C8010E9400F58ECFF1
:10EC100041E0C8010E9400F540E0BE01C8010E9429
:10EC2000F8F441E8BE01C8010E94F0F4F701408108
:10EC300046954695BE01C8010E94F0F440E0BE0131
:10EC4000C8010E9400F581E0DF91CF911F910F91E3
:10EC5000FF90EF90DF90BF90AF900895E6E4DE164E
:10EC600009F471C0F7E4DF1609F471C08BE3D81220
:10EC7000EACFD70111969C91119713968C9138E0A9
:10EC8000390F813031F0833011F0392F02C0392F24
:10EC9000985021E04B81491708F420E041E03917F2
:10ECA00008F040E091E05A81351708F490E0322FE7
:10ECB000342B932311F4242331F2F701128100E065
:10ECC000D12C843048F490E0FC01E35CFC4FD08010
:10ECD000875C9C4FDC010C9117FF04C0B701CE018B
:10ECE0000E94A3F4F70180818D0D80838181800FC4
:10ECF0008183110F89F7A7CFB701CE010E94A3F43A
:10ED0000A2CFCE010E9465F4882309F49DCFEE8145
:10ED1000FF818D8190E0880F991F8E0F9F1F1192A8
:10ED20008E179F07E1F78FCFD7011C928A8111962A
:10ED30008C9311978D81815012968C9312978B81B1
:10ED400013968C9380CF8D81F70180837CCF89814E
:10ED5000D7018C9378CF0F93FC010150040F84A945
:10ED600096A9941788F0081710F4041778F4215026
:10ED7000260F83A995A9961758F0281760F481E00B
:10ED8000261720F40F910895081778F780E0FACF3E
:10ED90002817A8F7FBCF81E0F5CF20911218260F96
:10EDA0003327331F21323105ECF42091B218FC01D6
:10EDB00090E080E0243069F082E00895A09112187C
:10EDC0002191AC014E50584EA40FB52FB11D2C937C
:10EDD0000196861798F380911218680F60931218A5
:10EDE00080E0089581E00895089508950895E091E0
:10EDF000880780918707E81730F4F0E0EF52F84E6B
:10EE0000808190E008958FEF9FEF0895909188079B
:10EE1000809187072FEF3FEF981748F4E92FF0E034
:10EE2000EF52F84E208130E09F5F90938807C90130
:10EE300008958091870790918807891B990B089501
:10EE4000CF92DF92EF92FF920F931F93CF93DF93B6
:10EE50007C01CB018A012091FE13222389F0EB0172
:10EE60006B01C40ED51ECC15DD0569F06991D70183
:10EE7000ED91FC910190F081E02DC7011995F3CF40
:10EE8000642F0E94CDF6C801DF91CF911F910F91A1
:10EE9000FF90EF90DF90CF900895CF93DF931F9274
:10EEA000CDB7DEB769832091FE132223F9F02091BC
:10EEB0000114203258F021E030E0FC01338322833A
:10EEC00090E080E00F90DF91CF9108958091FF1343
:10EED000E82FF0E0E854F74E998190838F5F80939C
:10EEE000FF138093011481E090E0ECCF61E0CE014C
:10EEF00001960E94CDF6F7CF2F923F924F925F92EC
:10EF00006F927F928F929F92AF92BF92CF92DF9239
:10EF1000EF92FF920F931F93CF93DF931F921F9255
:10EF2000CDB7DEB76C012DB73EB73A832983809108
:10EF30008418811107C01092691810926C1881E032
:10EF40008093841880916118811107C0109246182F
:10EF50001092491881E080936118FB0180818F3203
:10EF600009F072C082E795E1F601918380831092E7
:10EF70004B156F5F7F4FF601208031808B0129E6B2
:10EF8000E22E28E1F22E0115110509F440C04DB61C
:10EF90005EB66FE270E0C8010F94D2384C010817DA
:10EFA0001907A8F53C01601A710A7724C30101967C
:10EFB0002DB73EB7281B390B0FB6F8943EBF0FBED6
:10EFC0002DBF8DB79EB701965C01A301B8010F94C8
:10EFD000FB38F501E60DF71D1082F60160817181A5
:10EFE00021E0A501C7010E94B2E3811133C0B50140
:10EFF0008EEA93E40E946F3C8BEA93E40E94513CBA
:10F000000FB6F8945EBE0FBE4DBE10E000E0C80122
:10F01000E981FA810FB6F894FEBF0FBEEDBF0F90E5
:10F020000F90DF91CF911F910F91FF90EF90DF90A4
:10F03000CF90BF90AF909F908F907F906F905F9098
:10F040004F903F902F9008958DE895E1F6019183C0
:10F05000808391CFF601808191812816390611F0C5
:10F060000E9401BEF601F182E082A0914B15AA3008
:10F0700080F481E08A0F80934B15FBE1FA9FD00169
:10F080001124A855BA4EF7018BE101900D928A9593
:10F09000E1F729E6E21628E1F20669F496E4E92EA2
:10F0A00098E1F92E84010F5F1F4F0FB6F8945EBEF2
:10F0B0000FBE4DBE68CF89E6E82E88E1F82EF2CF6C
:10F0C000CF9321E044E353E062E775E187E595E102
:10F0D0000E94B2E3C82F882321F087E595E10E94C2
:10F0E00001BE8C2FCF910895CF93DF93CDB7DEB7BC
:10F0F0008091FD1381110EC09E01275F3F4F4F810C
:10F10000588565E170E087EE93E10F94672E83E008
:10F1100080937502DF91CF9108950F931F93CF9342
:10F12000DF938B01EA01DB016D917C910E940ABEA5
:10F13000D801ED91FC91119788819081992349F034
:10F140008936A0F43196ED93FC9388818F5F888394
:10F15000EFCF893658F48FE28083F8018081918166
:10F1600001969183808388818F5F8883DF91CF911F
:10F170001F910F910895FC01DB018C912081318159
:10F18000382798E0A901220F331F57FD05C0915081
:10F19000C9F7318320830895B1E22B27B0E13B27E3
:10F1A000F6CF2F923F924F925F926F927F928F9203
:10F1B0009F92AF92BF92CF92DF92EF92FF920F9306
:10F1C0001F93CF93DF93CDB7DEB767970FB6F89451
:10F1D000DEBF0FBECDBF4C012A013B013F8B2E8B02
:10F1E000198A1A8A1D861E861F86188ADB01CA01A3
:10F1F00037E0B695A795979587953A95D1F79A8771
:10F200008987842F8F778B8B80588B878C879FEF94
:10F21000491651046104710491F088F000910414BE
:10F220001091051480910214909103149D8B8C8B86
:10F23000AA24A394B12C0115110509F04CC0498AE8
:10F24000B401AE014F5E5F4F8E899F890E94602698
:10F2500067960FB6F894DEBF0FBECDBFDF91CF919A
:10F260001F910F91FF90EF90DF90CF90BF90AF90E4
:10F270009F908F907F906F905F904F903F902F90D6
:10F2800008958217930710F19C818B85981708F4D5
:10F2900043C09B818C858917C8F0609102147091DE
:10F2A0000314620D731D48E050E0CE0109960F94DF
:10F2B000D92D6F8578896115710509F28616970633
:10F2C00009F4BFCF8B898068898BBBCF86010A1573
:10F2D0001B0508F4B4CF7501E00EF11EF694E79417
:10F2E000670191E0C91AD108160193E0220C331C82
:10F2F0009A95E1F76C897D89620D731D48E050E0B5
:10F30000CE0101960F94D92D29813A8189859A855C
:10F310002817390708F0B5CF57018FEFA81AB80A98
:10F32000D6CFAF92BF92CF92DF92EF92FF920F9320
:10F330001F93CF93DF9300D01F92CDB7DEB77C0130
:10F340008B015A01690119821A821B821C82AE014B
:10F350004F5F5F4FB501C8010E94DC298C014981D4
:10F360005A816B817C81411551056105710529F038
:10F370009601C7010E94D1F8E6CF0F900F900F9031
:10F380000F90DF91CF911F910F91FF90EF90DF9041
:10F39000CF90BF90AF9008958F929F92AF92BF92FF
:10F3A000CF92DF92EF92FF920F931F93CF93DF9351
:10F3B000B0E4A0E06A2F70E0AB014B0F511D5595F2
:10F3C0004795411119C0E0EAFDE365917491072E5C
:10F3D000000C880B990B0F94A72EDF91CF911F91F2
:10F3E0000F91FF90EF90DF90CF90BF90AF909F90E4
:10F3F0008F900895B42FE0CF4A1711F0B41303C0D3
:10F40000ECE9FEE3E2CF9A0121503109220F331FCC
:10F41000220F331FF901E256F24CE590F490F90106
:10F42000EE55F24CC591D4918E159F051CF3A42F77
:10F43000C817D9070CF4BECFF901E056F24C05917C
:10F440001491F901EC55F24CC590D490BC016E19A1
:10F450007F09072E000C880B990B0F94A72E4B01E8
:10F460005C01B601601B710B072E000C880B990B19
:10F470000F94A72E9B01AC01C501B4010F94062F78
:10F480004B015C01BE016E197F09072E000C880B31
:10F49000990B0F94A72E9B01AC01C501B4010F94E9
:10F4A0007E366B017C01B801110F880B990B0F940C
:10F4B000A72E9B01AC01C701B6010F9484358DCFF7
:10F4C0008F929F92AF92BF92CF92DF92EF92FF9274
:10F4D0000F931F93CF93DF9300D01F92CDB7DEB76A
:10F4E000FC018381813091F080E00F900F900F90AC
:10F4F0000F90DF91CF911F910F91FF90EF90DF90D0
:10F50000CF90BF90AF909F908F900895818181FFA1
:10F51000EBCF81899289A389B489892B8A2B8B2B84
:10F5200009F460C07F0140E050E0BA01CF010E94C1
:10F5300087BA8823C9F2F701C18CD28C8588968856
:10F54000A788B08C82E090E0A0E0B0E0F601808374
:10F550009183A283B3839E012F5F3F4FB501A40126
:10F56000C6010E944FB8882309F4BECF00E010E026
:10F570009801B501A401C6010E94BDB7882309F412
:10F58000B3CF89809A80AB80BC80F60187898031B7
:10F5900001F5F8EF8F16FFEF9F06A104B104D8F232
:10F5A000F701158A168A178A108E118A128A138A11
:10F5B000148A818180688183C7010E944DBC8823A1
:10F5C00009F492CF40E050E0BA01C7010E9487BA27
:10F5D0008CCF88EF88168FEF9806A8068FE0B806C4
:10F5E000F8F6B9CF81E081CFCF93DF932091FD135F
:10F5F00021111DC0FC0101900020E9F73197EF01B6
:10F60000C81BD90BC631D1052CF02291207C2038A3
:10F61000E1F3F5CFBC01DD27AE0187EE93E10F9456
:10F62000FB38C951DC4E188283E080937502DF916C
:10F63000CF910895CF93DF93EC010E94823CCE01DD
:10F640000E94513C6091E3137091E4138091E513A3
:10F650009091E6130E9423400E94E2450E94CF470A
:10F660000196E1F70E94E8451092E2131092E1132F
:10F67000DF91CF9108958823A9F10E94D53D409153
:10F68000AD135091AE136091AF137091B01384EA33
:10F6900093E40E9480414091B1135091B213609164
:10F6A000B3137091B41381EA93E40E9480414091B6
:10F6B000B5135091B6136091B7137091B8138EE9DA
:10F6C00093E40E9480414091B9135091BA13609124
:10F6D000BB137091BC138BE993E40E9480418AE0D4
:10F6E0000C944A3C80E20E944A3CC9CF4F925F9200
:10F6F0006F927F928F929F92AF92BF92CF92DF9242
:10F70000EF92FF920F931F93CF93DF932DE434E199
:10F7100030939813209397131092461442E050E0D0
:10F7200060E070E040932F145093301460933114D4
:10F7300070933214109296131092921310929313A6
:10F7400010929413109295134FEF5FEFBA0140930C
:10F750008E1350938F13609390137093911388239B
:10F7600009F481C040E060E070E0CB010E9480B706
:10F77000811113C0C0E08C2FDF91CF911F910F91A9
:10F78000FF90EF90DF90CF90BF90AF909F908F90C1
:10F790007F906F905F904F90089580914C138F777A
:10F7A00049F78091581390915913A0915A13B09131
:10F7B0005B1384369105A105B105E0F2C0905413A6
:10F7C000D0905513E0905613F0905713C114D10404
:10F7D000E104F10479F240E0C701B6010E9480B76C
:10F7E000C82F882339F28091991190919A1181152F
:10F7F000924009F0BFCFA0919E11AA2309F4BACF7D
:10F8000060919C1170919D116115710509F4B2CF41
:10F8100080909B11882009F4ADCFA0934114809271
:10F82000331490E080E0912CB12CA12C412C512C70
:10F8300032014394D82F93018201082E04C0000F97
:10F84000111F221F331F0A94D2F780169106A206B9
:10F85000B30669F021E0280F01968930910551F730
:10F8600020933C1487CFC12CD12C7601B4CF809348
:10F870003C142091A4113091A51150E040E02115D5
:10F88000310541F42091B2113091B3114091B4117E
:10F890005091B5112093341430933514409336149D
:10F8A0005093371446015701860E971EA11CB11CB8
:10F8B0008092421490924314A0924414B092451442
:10F8C000E0919F11F091A011F0934814E093471438
:10F8D000B0E00F942535DC01CB01880D991DAA1DE0
:10F8E000BB1D8093491490934A14A0934B14B0937A
:10F8F0004C1425E0EE0FFF1F2A95E1F7E150FE4F73
:10F90000EF2FFF27E6958E0F9F1FA11DB11D80933E
:10F910003D1490933E14A0933F14B09340148090F4
:10F92000A1119090A211B12CA12C8114910441F449
:10F930008090AE119090AF11A090B011B090B11125
:10F94000C81AD90AEA0AFB0AC80CD91CEA1CFB1C13
:10F9500004C0F694E794D794C794DA95D2F7C0928E
:10F960003814D0923914E0923A14F0923B1485EF97
:10F97000C8168FE0D806E104F10420F48CE08093EF
:10F980004614F8CE80E125EFC2162FEFD206E1042F
:10F99000F10488F08091BA119091BB11A091BC1133
:10F9A000B091BD118093491490934A14A0934B14C5
:10F9B000B0934C1480E280934614DDCE2F923F9298
:10F9C0004F925F926F927F928F929F92AF92BF926F
:10F9D000CF92DF92EF92FF920F931F93CF93DF931B
:10F9E000CDB7DEB7CE57D1090FB6F894DEBF0FBE44
:10F9F000CDBF4B015A016901AB96FFAEEEAEAB979E
:10FA0000DC012D913D914D915C912B962CAF3DAF3A
:10FA10004EAF5FAF2B972091AD133091AE13409155
:10FA2000AF135091B0132B966CAD7DAD8EAD9FADE5
:10FA30002B970F94062F0F94F13727966CAF7DAF5D
:10FA40008EAF9FAF279769AB7AAB8BAB9CABD401E2
:10FA50002D913D914D915C9163962CAF3DAF4EAF92
:10FA60005FAF63972091B1133091B2134091B313FC
:10FA70005091B41363966CAD7DAD8EAD9FAD639721
:10FA80000F94062F0F94F1372B013C014DAA5EAA6B
:10FA90006FAA78AED5012D913D914D915C916796FD
:10FAA0002CAF3DAF4EAF5FAF67972091B51330914C
:10FAB000B6134091B7135091B81367966CAD7DADF6
:10FAC0008EAD9FAD67970F94062F0F94F1374B01C2
:10FAD0005C0189AE9AAEABAEBCAED6012D913D9124
:10FAE0004D915C912F962CAF3DAF4EAF5FAF2F97EE
:10FAF0002091B9133091BA134091BB135091BC13AC
:10FB00002F966CAD7DAD8EAD9FAD2F970F94062FC8
:10FB10000F94F1376B017C012196CCAEDDAEEEAED9
:10FB2000FFAE21972B962CAD3DAD4EAD5FAD2B9723
:10FB300029A33AA34BA35CA363968CAD9DADAEAD58
:10FB4000BFAD63978DA39EA3AFA3B8A767962CAD57
:10FB50003DAD4EAD5FAD679729A73AA74BA75CA710
:10FB60002F968CAD9DADAEADBFAD2F978DA79EA747
:10FB7000AFA7B8AB80918D1183FF16C0C092E3147C
:10FB8000D092E414E092E514F092E6142F962CAD96
:10FB90003DAD4EAD5FAD2F972093D3143093D41469
:10FBA0004093D5145093D61480918B1190918C1161
:10FBB000892B11F00D94820DD801BC91A496BFAF92
:10FBC000A497F801F1816896FFAF6897D801129663
:10FBD000BC91A096BFAFA097F80103818091C51496
:10FBE0009091C614891B80958F7019F40E94464924
:10FBF000F5CFF091C514EF96FFAFEF972091C514A4
:10FC0000E6962FAFE697222E312C8091D714909153
:10FC1000D814A091D914B091DA1427962CAD3DAD2B
:10FC20004EAD5FAD2797281B390B4A0B5B0B279610
:10FC30002CAF3DAF4EAF5FAF27978091DB14909113
:10FC4000DC14A091DD14B091DE14481A590A6A0A36
:10FC50007B0A8091DF149091E014A091E114B0919F
:10FC6000E214A5019401281B390B4A0B5B0B639628
:10FC70002CAF3DAF4EAF5FAF63978091E31490918F
:10FC8000E414A091E514B091E614A7019601281B95
:10FC9000390B4A0B5B0B2B962CAF3DAF4EAF5FAFD2
:10FCA0002B97232B242B252B09F48CC08091260C19
:10FCB000811133C06091101470911114809112144D
:10FCC000909113140F94F0362091730230917402C6
:10FCD0006217730714F5C092E314D092E414E09213
:10FCE000E514F092E6142F968CAD9DADAEADBFAD90
:10FCF0002F978093D3149093D414A093D514B093DA
:10FD0000D6140E94D53D80E893E40E94513C2B9686
:10FD10001CAE1DAE1EAE1FAE2B972B966CAD7DADEF
:10FD20008EAD9FAD2B970F94A72E20916F0230912F
:10FD3000700240917102509172020F94062F4B0194
:10FD40005C0120E030E0A9010F94E43787FF04C094
:10FD5000B7FAB094B7F8B09420E030E048E453E448
:10FD60006091B9137091BA138091BB139091BC1339
:10FD70000F94062FA50194010F94A02E87FF22C097
:10FD8000C092E314D092E414E092E514F092E614E9
:10FD90002F962CAD3DAD4EAD5FAD2F972093D31474
:10FDA0003093D4144093D5145093D6140E94D53D6B
:10FDB00081E693E40E94513C2B961CAE1DAE1EAE14
:10FDC0001FAE2B9727968CAD9DADAEADBFAD2797DF
:10FDD0008827B7FD83959927AA27BB27182F77FC7B
:10FDE000126063968CAD9DADAEADBFAD6397B7FDB0
:10FDF00014602B962CAD3DAD4EAD5FAD2B9757FDEE
:10FE000018602B966CAD7DAD8EAD9FAD2B970F948A
:10FE1000A72E20916F023091700240917102509193
:10FE200072020F94062F6B017C0120E030E0A901E3
:10FE30000F94E43787FD02C00D942407C701B60173
:10FE4000905820E030E040E05FE30F9484350F9459
:10FE5000F7366F966CAF7DAF8EAF9FAF6F9786E52D
:10FE6000829DF001839DF00D1124E55DF34F10821A
:10FE700015AB27968CAD9DADAEADBFAD2797679600
:10FE80008CAF9DAFAEAFBFAF6797B7FF0DC0B0955A
:10FE9000A095909581959F4FAF4FBF4F67968CAFC0
:10FEA0009DAFAEAFBFAF679786E5829DF001839DA2
:10FEB000F00D1124E55DF34F67962CAD3DAD4EADD1
:10FEC0005FAD6797258B368B478B508F2F964CAE47
:10FED0005DAE6EAE7FAE2F9777FE0DC08827992757
:10FEE000DC0184199509A609B7092F968CAF9DAF3F
:10FEF000AEAFBFAF2F9786E5829DF001839DF00DD9
:10FF00001124E55DF34F2F962CAD3DAD4EAD5FADA9
:10FF10002F97218F328F438F548F63968CAC9DAC7B
:10FF2000AEACBFAC6397B7FE08C0B094A0949094F9
:10FF30008094811C911CA11CB11C86E5829DF0015E
:10FF4000839DF00D1124E55DF34F858E968EA78E6F
:10FF5000B0A227966CAD7DAD8EAD9FAD27970F9467
:10FF6000A72E2091160C3091170C4091180C50912F
:10FF7000190C0F94062FA9966CAF7DAF8EAF9FAF73
:10FF8000A997698B7A8B8B8B9C8BC301B2010F94E1
:10FF9000A72E20911A0C30911B0C40911C0C5091F3
:10FFA0001D0C0F94062F2B013C014D8A5E8A6F8A2F
:10FFB000788E63966CAD7DAD8EAD9FAD63970F94DB
:10FFC000A72E20911E0C30911F0C4091200C5091B7
:10FFD000210C0F94062F63966CAF7DAF8EAF9FAF51
:10FFE0006397698F7A8F8B8F9C8F2091220C309131
:10FFF000230C4091240C5091250CC701B6010F949D
:020000022000DC
:10000000062F6B017C01CD8EDE8EEF8EF8A26796F7
:100010008CAD9DADAEADBFAD67970697A105B1059F
:100020000CF016C72F962CAD3DAD4EAD5FAD2F97A2
:1000300026303105410551050CF00AC736E083161C
:100040009104A104B1040CF003C720E030E0A90141
:10005000C701B6010F94E43787FF04C0F7FAF094A4
:10006000F7F8F09486E5829DF001839DF00D112450
:10007000E55DF34FC586D686E786F08A86E5829DE4
:10008000F001839DF00D1124E55DF34F6F962CADCB
:100090003DAD4EAD5FAD6F9721A332A343A354A3F3
:1000A00067968CAD9DADAEADBFAD67972F962CAD6D
:1000B0003DAD4EAD5FAD2F9782179307A407B507EF
:1000C00010F4DA01C90188159905AA05BB0510F4D9
:1000D000D501C4016F962CAD3DAD4EAD5FAD6F97B0
:1000E00082179307A407B50710F4DA01C90126E5C2
:1000F000229DF001239DF00D1124E55DF34F85A3B2
:1001000096A3A7A3B0A70697A105B10510F40D9477
:10011000620DEF5AFF4F8091150C808327968CADAE
:100120009DADAEADBFAD2797892B8A2B8B2B09F0E8
:100130005F9886E5829DF001839DF00D1124E55DB9
:10014000F34F818D928DA38DB48D892B8A2B8B2BB0
:1001500009F08A9886E5829DF001839DF00D1124B7
:10016000E55DF34F858D968DA78DB0A1892B8A2BE8
:100170008B2B29F0809108018170809306016F9686
:100180002CAD3DAD4EAD5FAD6F97232B242B252BB2
:1001900011F40D94840D80914518882319F0815035
:1001A00080934518129880E280934518D090D91317
:1001B000E090DA13F090DB131091DC132D2D3E2D1F
:1001C0004F2D512FA4966FADA49768967FAD689779
:1001D000A0968FADA097902F0F94A02E87FD0AC0F8
:1001E000A496DFACA4976896EFAC6897A096FFAC96
:1001F000A097102F86E5829DF001839DF00D1124BC
:10020000E55DF34F258536854785508960E070E0D0
:1002100080E89FE30F947E36E1966CAF7DAF8EAFA2
:100220009FAFE1972D2D3E2D4F2D512F0F94062F6F
:100230004B015C018091C5149091C314891B8F7090
:10024000A6968FAFA697A501940160E074E284E7BB
:1002500099E40F947E360F94F1376B017C01A696DA
:100260008FADA69782508630C0F58091A9139091EA
:10027000AA13A091AB13B091AC13C816D906EA0625
:10028000FB0658F5BC01CD016C197D098E099F094B
:10029000660F771F881F991FA696AFADA6972A2FC6
:1002A00030E050E040E00F94E434CA01B9010F940B
:1002B000A52E0F94F036C60ED71EE81EF91EC701F4
:1002C000B6010F94A52E9B01AC0160E074E284E7B7
:1002D00099E40F947E364B015C0180916F00282FCA
:1002E000227081FF05C080916F008D7F80936F0029
:1002F0008091110C9091120CA091130CB091140CE0
:100300008C0D9D1DAE1DBF1D8093110C9093120C82
:10031000A093130CB093140C222329F080916F004A
:10032000826080936F0086E5829D8001839D100D21
:100330001124055D134FF8012585368547855089C1
:10034000C501B4010F94062F9B01AC010F94062F39
:10035000E5966CAF7DAF8EAF9FAFE597D801119654
:100360006D937D938D939C93149795962D913D91CC
:100370004D915C9198976B962CAF3DAF4EAF5FAFB0
:100380006B97CA01B9010F94A52EA3966CAF7DAFF0
:100390008EAF9FAFA3979B01AC01C501B4010F9431
:1003A000062F0F9462360F94F736EA966CAF7DAF46
:1003B0008EAF9FAFEA97F801EF5BFF4F60837183C9
:1003C00082839383FE017196AB96FFAFEEAFAB973E
:1003D0009E012F5F3F4FA5963FAF2EAFA5974DEBE8
:1003E00053E1EC965FAF4EAFEC97CE01819623962A
:1003F0009FAF8EAF2397EE963FAF2EAFEE9724962A
:100400001FAE24972C961FAE2C9790E860969FAF56
:100410006097AFE36496AFAF6497AB96EEADFFAD78
:10042000AB972191319141915191AB96FFAFEEAFD6
:10043000AB97C501B4010F94062F6B017C01EE96BA
:10044000AEADBFADEE97CD92DD92ED92FD92EE9600
:10045000BFAFAEAFEE9720E030E0A9010F94E437D4
:1004600087FF04C0F7FAF094F7F8F094EC96EEAD3D
:10047000FFADEC974190519061907190EC96FFAF79
:10048000EEAFEC97A7019601C301B2010F94A02E25
:1004900087FF24C0A7019601C301B2010F947E36E5
:1004A0007B018C0124962FAD24972C963FAD2C9781
:1004B00060964FAD609764965FAD64970F94A02EE1
:1004C00087FF0CC02496EFAE24972C96FFAE2C9796
:1004D00060960FAF609764961FAF649723962EAD1A
:1004E0003FAD2397AB964EAD5FADAB972417350765
:1004F00009F093CF20E030E040E85FE324966FAD51
:1005000024972C967FAD2C9760968FAD609764965C
:100510009FAD64970F94A02E87FF7CC0A596CEACAC
:10052000DFACA59750E1C50ED11CA596EEACFFAC93
:10053000A597D7016D917D918D919D917D018D0143
:100540000450110924962FAD24972C963FAD2C977B
:1005500060964FAD609764965FAD64970F94062FD9
:10056000F8016083718382839383CE14DF0409F7DB
:1005700026E5229DC001239D900D11249C01255D3F
:10058000334F790189010F5B1F4FEA966CAD7DAD4A
:100590008EAD9FADEA970F94A52E24962FAD24978C
:1005A0002C963FAD2C9760964FAD609764965FADEB
:1005B00064970F94062F0F94F736D8016D937D93AF
:1005C0008D939C93139724962FAD24972C963FAD33
:1005D0002C9760964FAD609764965FAD64972496B4
:1005E0006FAD24972C967FAD2C9760968FAD60975A
:1005F00064969FAD64970F94062FE5962CAD3DADA4
:100600004EAD5FADE5970F94062FF70161837283BE
:1006100083839483A3962CAD3DAD4EAD5FADA39780
:10062000E1966CAD7DAD8EAD9FADE1970F94062F39
:1006300027966CAF7DAF8EAF9FAF279786E5829DE3
:100640008001839D100D1124055D134FD80155962F
:100650008D909D90AD90BC90589781149104A10409
:10066000B10409F03FC459968D919D910D90BC91B4
:10067000A02D892B8A2B8B2B09F034C4F801858D92
:10068000968DA78DB0A1892B8A2B8B2B09F02AC4BC
:100690002091D1133091D2134091D3135091D413A0
:1006A00027966CAD7DAD8EAD9FAD27970F94062F2D
:1006B0000F9462360F94F7362B013C01D801D69681
:1006C0001C9286E5829D8001839D100D1124055D9D
:1006D000134FF801E35BFF4F4082518262827382C5
:1006E000C301B2010F94A52E6B017C0127962CAD9E
:1006F0003DAD4EAD5FAD27970F947E36A3966CAFA0
:100700007DAF8EAF9FAFA397D80151966D937D9328
:100710008D939C9354972DEB37E346E051E4C7014A
:10072000B6010F94062F0F94F736F80161AB72AB48
:1007300083AB94AB86A9882381F1FD96208131811A
:10074000428153816091270C7091280C8091290C73
:1007500090912A0C0F94062FA3962CAD3DAD4EAD73
:100760005FADA3970F94062F2091B9133091BA1360
:100770004091BB135091BC130F94062F9B01AC0109
:1007800060E074E284EF99E40F947E360F94F736BC
:10079000D801D8967C936E93D79786E5829DF00119
:1007A000839DF00D1124E55DF34F2181328143815A
:1007B0005481AD962CAF3DAF4EAF5FAFAD97CA0140
:1007C000B9010F943238162F072F24968FAF249734
:1007D00028969FAF289741E05CE0E3965FAF4EAF6D
:1007E000E397A5966EAC7FACA59750E1650E711CA2
:1007F00081E09CE0AF969FAF8EAFAF97A5964EACD1
:100800005FACA5972C961FAF2C9760960FAF6097A3
:1008100024969FAD249764969FAF64972896AFADBA
:1008200028976C96AFAF6C9768961FAE6897F201E9
:10083000C190D190E190F1902F0120E030E0A9012A
:10084000C701B6010F94E43787FF04C0F7FAF094AC
:10085000F7F8F094AF96AEADBFADAF978D909D9089
:10086000AD90BD90AF96BFAFAEAFAF97A701960169
:10087000C501B4010F94A02E87FF3EC06896BFAD9E
:100880006897BB2309F46AC6A5019401612F702FF4
:1008900024968FAD249728969FAD28970F94062F06
:1008A0004B015C012C962FAD2C9760963FAD609765
:1008B00064964FAD64976C965FAD6C97C701B601B7
:1008C0000F94062F9B01AC01C501B4010F94A02E1B
:1008D00087FF12C0A7019601C501B4010F947E36AF
:1008E0002C966FAF2C9760967FAF609764968FAF12
:1008F00064976C969FAF6C976414750409F097CF5A
:10090000A696FFADA697FF2309F480C6C090D8181D
:10091000D090D918E090DA18F090DB182DEB37E37F
:1009200046E855E3C701B6010F94A02E87FD81C6A6
:10093000C701B6010F9432386B017C019B01AC01F9
:10094000612F702F24968FAD249728969FAD2897FE
:100950000F94A02E87FD08C01C2D0D2D2496EFAE00
:1009600024972896FFAE28979601A701612F702F34
:1009700024968FAD249728969FAD28970F947E36A6
:10098000E1966CAF7DAF8EAF9FAFE1972CED38E174
:10099000A7963FAF2EAFA797412C512C20E8622E8F
:1009A0002FE3722E68961FAE6897A796AEADBFADC7
:1009B000A7972D913D914D915D91A796BFAFAEAF99
:1009C000A797E1966CAD7DAD8EAD9FADE1970F948D
:1009D000062F4B015C01A596EEADFFADA597C1902A
:1009E000D190E190F190A596FFAFEEAFA5976896F4
:1009F000FFAD6897FF2371F0A30192010F94062FBA
:100A00004B015C01A3019201C701B6010F94062FAF
:100A10006B017C01A7019601C501B4010F94E43775
:100A200020E030E0A90118160CF0CFC5C701B601CF
:100A30000F94E43718164CF020E030E0A901C5010E
:100A4000B4010F94A02E87FFB0C5A7019601C50180
:100A5000B4010F9483356B017C01E396AEADBFAD5D
:100A6000E3978D909D90AD90BD90E396BFAFAEAFF4
:100A7000E397A7019601C501B4010F94A02E87FF4B
:100A800015C0A7019601C501B4010F947E369B01E4
:100A9000AC01C301B2010F94062F2B013C016896F3
:100AA000BFAD6897BF5F6896BFAF6897ECEEF8E19F
:100AB000A7962EAD3FADA797E217F30709F075CFC4
:100AC00068963FAD68973323A1F0A3019201612F8F
:100AD000702F24968FAD249728969FAD28970F945A
:100AE000062F162F072F24968FAF249728969FAF97
:100AF000289724EA30E74DE75FE3612F702F2496B3
:100B00008FAD249728969FAD28970F94062F6B01E1
:100B10007C01209141183091421840914318509126
:100B200044180F94A02E87FF12C02C962FAD2C973F
:100B300060963FAD609764964FAD64976C965FADDD
:100B40006C97C701B6010F94A02E87FD85C52C9622
:100B50008FAD2C9760969FAD60976496AFAD64970C
:100B60006C96BFAD6C978093411890934218A093F8
:100B70004318B093441896E5D92ED29CC001D39C5B
:100B8000900D1124FC01E55DF34F7F01212F302FE3
:100B900024964FAD249728965FAD2897612F702F2C
:100BA00024968FAD249728969FAD28970F94062FF3
:100BB000D70119966D937D938D939C931C97E69620
:100BC000BFADE697BD9D80011124055D134FA3962F
:100BD0006CAD7DAD8EAD9FADA39790589B01AC01E0
:100BE0000F948435F80125853685478550890F9403
:100BF000062F9B01AC016BE077ED83E29BE30F9442
:100C000083359B01AC018BE097EDA3E2BBE3F701D9
:100C100085839683A783B0871081AD966CAD7DAD3B
:100C20008EAD9FADAD970F94A02E18160CF427C56E
:100C300083E0182B86E5829DF001839DF00D112441
:100C4000E55DF34F108380E1FE013196ACEDB8E134
:100C500001900D928A95E1F7AD962CAD3DAD4EAD6C
:100C60005FADAD972093D8183093D9184093DA1818
:100C70005093DB1880E1FE01F196A7EDB4E10190FD
:100C80000D928A95E1F780E1FE01B196A7ECB4E1FF
:100C900001900D928A95E1F79091C5148091C61448
:100CA000981303C084E68093C214EF968FADEF973C
:100CB0008F5F8F708093C5148091C5149091C41478
:100CC00081508F70891709F494C51091C514209034
:100CD000C4148091C514281609F4F0C411501F7073
:100CE000D12CC12C121509F4E9C4812E912C36E5C2
:100CF000389DF001399DF00D1124E55DF34F8081A1
:100D000083FDD7C42596FFAFEEAF2597B18402854A
:100D1000A38434844580568067807084A301920147
:100D20006B2D702F8A2D932D0F94A02E811108C04A
:100D3000C114D10409F47AC0D6018C9180FF76C029
:100D4000B6E5B89DF001B99DF00D1124E55DF34FB6
:100D5000808181FD47C0C114D10409F497C4F60114
:100D6000C580D680E780F08426E5289DF001299D86
:100D7000F00D1124E55DF34F6189728983899489AF
:100D800090589B01AC010F9484352596AEADBFAD54
:100D900025971D962D913D914D915C9150970F9403
:100DA000062F9B01AC01C701B6010F948335D62EE7
:100DB000C72E28968FAF28972C969FAF2C97262F5B
:100DC000372FAC016B2D702F8A2D932D0F94A02EF1
:100DD00087FD08C0BD2C0C2D2896AFAC28972C960B
:100DE0003FAC2C972B2D302F4A2D532DC301B20130
:100DF0000F94A02E8823D1F0B6E5B89DC001B99D0F
:100E0000900D1124FC01E55DF34F6F01808181603D
:100E1000808325968EAD9FAD25970E941AC78823A3
:100E200009F43DC4D6018C918E7F8C9311501F70B4
:100E3000822D2090C414281609F423C4181709F42D
:100E40003DC48F5F8F70F5CFC701B6010C9421FFB1
:100E5000AB96AEADBFADAB97CD90DD90ED90FC9075
:100E600020E030E0A901C701B6010F94A02E811146
:100E7000F9C8A9962CAD3DAD4EAD5FADA997CA019D
:100E8000B9010F94062F6B017C01A3019201C301EC
:100E9000B2010F94062F9B01AC01C701B6010F945C
:100EA00084356B017C0163962CAD3DAD4EAD5FADDD
:100EB0006397CA01B9010F94062F9B01AC01C701CA
:100EC000B6010F9484350F94323826E5229DF00147
:100ED000239DF00D1124E55DF34F658776878787A5
:100EE000908BCCC86F962CAD3DAD4EAD5FAD6F977E
:100EF000232B242B252B09F43AC12091CD133091BB
:100F0000CE134091CF135091D01327966CAD7DAD89
:100F10008EAD9FAD27970F94062F0F9462360F94D6
:100F2000F7362B013C016F968CAD9DADAEADBFADDC
:100F30006F97892B8A2B8B2B39F12091270C3091BD
:100F4000280C4091290C50912A0C2F962CAF3DAFC4
:100F50004EAF5FAF2F9720E030E0A9012F966CAD28
:100F60007DAD8EAD9FAD2F970F94A02E882361F09D
:100F70002B968CAD9DADAEADBFAD2B971816190657
:100F80001A061B060CF4FCC086E5829DF001839DC9
:100F9000F00D1124E55DF34F16AA8091FD0B9091A1
:100FA000FE0BA091FF0BB091000C6B962CAD3DADEC
:100FB0004EAD5FAD6B9782179307A407B50708F492
:100FC000AEC181149104A104B10411F16091ED0B43
:100FD0007091EE0B8091EF0B9091F00B64157505FD
:100FE00086059705A8F40F94D4346B017C01A50104
:100FF0009401C301B2010F94D434C616D706E80693
:10100000F90630F4C701B6010F94E43429013A011E
:1010100086E5829DF001839DF00D1124E55DF34F7F
:10102000C18CD28CE38CF48CC114D104E104F104A2
:1010300041F16091F10B7091F20B8091F30B909163
:10104000F40B6415750586059705D8F46B962CADE1
:101050003DAD4EAD5FAD6B970F94D4344B015C0149
:10106000A7019601C301B2010F94D43486169706E6
:10107000A806B90630F4C501B4010F94E43429017F
:101080003A0186E5829DF001839DF00D1124E55D16
:10109000F34FC58CD68CE78CF0A0C114D104E104C9
:1010A000F10441F16091F50B7091F60B8091F70B13
:1010B0009091F80B6415750586059705D8F46B9625
:1010C0002CAD3DAD4EAD5FAD6B970F94D4344B015D
:1010D0005C01A7019601C301B2010F94D4348616B6
:1010E0009706A806B90630F4C501B4010F94E4349C
:1010F00029013A0186E5829DF001839DF00D1124BE
:10110000E55DF34FC1A0D2A0E3A0F4A0C114D104C7
:10111000E104F10409F4D5CA6091F90B7091FA0B5E
:101120008091FB0B9091FC0B641575058605970566
:1011300008F0C7CA6B962CAD3DAD4EAD5FAD6B9759
:101140000F94D4344B015C01A7019601C301B20195
:101150000F94D43486169706A806B90608F0B1CACB
:10116000C501B4010F94E43429013A01AACA2091BF
:10117000D5133091D6134091D7135091D813C5CEC3
:1011800086E5829D8001839D100D1124055D134F1E
:1011900081E0D801D6968C932091C7143091C81461
:1011A0004091C9145091CA1469A17AA18BA19CA144
:1011B0000F9483352B966CAF7DAF8EAF9FAF2B977F
:1011C0002091CB143091CC144091CD145091CE1479
:1011D0006DA17EA18FA198A50F94833563966CAF06
:1011E0007DAF8EAF9FAF63972091CF143091D01415
:1011F0004091D1145091D21469A57AA58BA59CA5D4
:101200000F9483356B017C012B962CAD3DAD4EAD1B
:101210005FAD2B97CA01B9010F94062F2B966CAFC7
:101220007DAF8EAF9FAF2B9763962CAD3DAD4EAD8E
:101230005FAD6397CA01B9010F94062F9B01AC0102
:101240002B966CAD7DAD8EAD9FAD2B970F948435F5
:101250002B966CAF7DAF8EAF9FAF2B97A7019601FA
:10126000C701B6010F94062F9B01AC012B966CAD04
:101270007DAD8EAD9FAD2B970F9484350F94323892
:101280006B017C012091D3143091D4144091D5147A
:101290005091D6146DA57EA58FA598A90F9483357E
:1012A000A70196010F947E366B017C01F801FD9633
:1012B000C082D182E282F38220E030E040E450E458
:1012C0000F94E437181614F4F80166CEA7019601BE
:1012D0002F966CAD7DAD8EAD9FAD2F970F94062FE1
:1012E0009B01AC0160910D0C70910E0C80910F0C64
:1012F0009091100C0F947E3627962CAD3DAD4EADDF
:101300005FAD27970F94062F0F94F7366415750578
:101310008605970508F041CE2B013C013ECE811495
:101320009104A104B104C9F16091ED0B7091EE0B31
:101330008091EF0B9091F00B64157505860597056C
:1013400060F50F94A52EA3962CAD3DAD4EAD5FADCF
:10135000A3970F94062F6B017C01C501B4010F9474
:10136000A52E4B015C01C301B2010F94A52EA5016E
:1013700094010F94062F9B01AC01C701B6010F9495
:10138000A02E87FF0AC0A5019401C701B6010F94E2
:101390007E360F94F7362B013C0186E5829DF001E5
:1013A000839DF00D1124E55DF34F818C928CA38C0D
:1013B000B48C81149104A104B104C9F16091F10BC2
:1013C0007091F20B8091F30B9091F40B64157505FD
:1013D0008605970560F50F94A52EA3962CAD3DAD1F
:1013E0004EAD5FADA3970F94062F6B017C01C50135
:1013F000B4010F94A52E4B015C01C301B2010F94FF
:10140000A52EA50194010F94062F9B01AC01C701E5
:10141000B6010F94A02E87FF0AC0A5019401C70151
:10142000B6010F947E360F94F7362B013C0186E50A
:10143000829DF001839DF00D1124E55DF34F858CB5
:10144000968CA78CB0A081149104A104B104C9F1B9
:101450006091F50B7091F60B8091F70B9091F80B62
:10146000641575058605970560F50F94A52EA3965E
:101470002CAD3DAD4EAD5FADA3970F94062F6B0124
:101480007C01C501B4010F94A52E4B015C01C30181
:10149000B2010F94A52EA50194010F94062F9B0174
:1014A000AC01C701B6010F94A02E87FF0AC0A501A9
:1014B0009401C701B6010F947E360F94F7362B01C5
:1014C0003C0186E5829DF001839DF00D1124E55DD0
:1014D000F34F81A092A0A3A0B4A081149104A10411
:1014E000B10409F4EEC86091F90B7091FA0B809188
:1014F000FB0B9091FC0B641575058605970508F0AC
:10150000E0C80F94A52EA3962CAD3DAD4EAD5FADBA
:10151000A3970F94062F6B017C01C501B4010F94B2
:10152000A52E4B015C01C301B2010F94A52EA501AC
:1015300094010F94062F9B01AC01C701B6010F94D3
:10154000A02E87FFBEC8A5019401C701B6010F9464
:101550007E360F94F7362B013C01B3C8A7019601E4
:10156000C501B4010F947E369B01AC012C966FAD82
:101570002C9760967FAD609764968FAD64976C965C
:101580009FAD6C970F94062F2C966FAF2C9760969B
:101590007FAF609764968FAF64976C969FAF6C97A0
:1015A000E1E06896EFAF6897A7C9F7FAF094F7F80B
:1015B000F094A7019601C501B4010F94E437181601
:1015C0000CF04BCA7501640148CAC701B6010F94FB
:1015D000A02E87FD09C020E030E0A901C501B401BB
:1015E0000F94E43718162CF4A5019401C701B60135
:1015F00030CAB7FAB094B7F8B094A5019401C70106
:10160000B6010F94A02E87FF28CADCCF2C961FAD01
:101610002C9760960FAD609764964FAD64972496B3
:101620004FAF24976C965FAD6C9728965FAF289765
:101630008ECA2C961FAD2C9760960FAD609764965E
:101640008FAD649724968FAF24976C969FAD6C975F
:1016500028969FAF28977BCA2C961FAD2C97609633
:101660000FAD60976496AFAD64972496AFAF2497A3
:101670006C96BFAD6C972896BFAF289768CA81E07B
:10168000D8CA2596CEACDFAC25972CCB8BE0C82EE4
:1016900087EDD82E83E2E82E8BE3F82E65CB8B2DD9
:1016A000902FAA2DB32DF60185839683A783B0874B
:1016B000BDCB2596DFAECEAE2597B8CB1091C41426
:1016C000D12CC12C06E58091C514811709F491C075
:1016D000812E912C089DC001099D900D11249C0123
:1016E000255D334F1901D9018C91560183FD75C0D9
:1016F0005901C114D10409F470C0C6010E941AC76F
:1017000081116BC0F601808181FD52C0D101159617
:101710004D905D906D907C901897D60115962D9107
:101720003D914D915C91189727962CAF3DAF4EAFF0
:101730005FAF2797A301920127966CAD7DAD8EAD6B
:101740009FAD27970F94A02E87FF32C0F6016189C5
:1017500072898389948990589B01AC010F948435D8
:10176000D6011D962D913D914D915C9150970F940E
:10177000062F9B01AC0127966CAD7DAD8EAD9FAD64
:1017800027970F9483356B017C01A30192010F947D
:10179000A02E87FF0DC0F101808181608083C5018B
:1017A0000E941AC78823E9F0D1018C918E7F8C9317
:1017B000089DF001099DF00D1124E55DF34F218591
:1017C00032854385548565817681878190850F9424
:1017D000A02E811102C01093C4141F5F1F706501F9
:1017E00072CFF101C582D682E782F0861093C414CD
:1017F000DFCFD090C6148090C51426E5D81409F424
:10180000C8C08FEF880D8F70289FF0011124E55D0F
:10181000F34F908193FDBBC0312C212C24961FAE39
:10182000249728961FAE289710E000E0F12CE12CB9
:10183000D81409F4C5C0F6E5DF9E80011124055DCA
:10184000134FD8018C9183FDA6C015966D917D91A3
:101850008D919C9118970F943238B62EC72EA82ED2
:10186000992EE114F10409F490C0F701808180FD04
:1018700004C0D8018C9180FF88C0F701808181600D
:101880008083C7010E941AC781117BC0D7011196BE
:101890006D917D918D919C9114970F9432382F9674
:1018A0006CAF7DAF8EAF9FAF2F979B01AC0160E017
:1018B00070E080E89FE30F947E362B013C01AC0181
:1018C0009B016B2D7C2D8A2D992D0F94062F6983FA
:1018D0007A838B839C83232D322D24964FAD2497BE
:1018E00028965FAD2897C301B2010F94062F698B2C
:1018F0007A8B8B8B9C8BAE014F5F5F4FBE016F5E0F
:101900007F4FC7010E9484CBF70186A98823C9F1C4
:101910002091270C3091280C4091290C50912A0CD1
:10192000FD9660817181828193810F94062F2091B1
:10193000B9133091BA134091BB135091BC130F945B
:10194000062F2B013C01AC019B012F966CAD7DADA8
:101950008EAD9FAD2F970F94062F0F94F736D701BA
:10196000DA967C936E93D997A30192016B2D7C2D0F
:101970008A2D992D0F94062F0F94F736F70174AF27
:1019800063AFD7018C918E7F8C9378010CC0882E29
:1019900035CF8D2C41CFB32CC22C2496AFAC2497DD
:1019A00028969FAC2897D394BD2DBF70DB2E3B2C7F
:1019B0002C2C2496AFAE249728969FAE289738CF2C
:1019C0000115110509F47EC0F801808181608083D2
:1019D000C7010E941AC7811171C0D80111966D917B
:1019E0007D918D919C9114970F9432386B017C01FD
:1019F000AC019B0160E070E080E89FE30F947E36CD
:101A00004B015C012DEC3CEC4CE45DE30F94062FA4
:101A100069837A838B839C83A5019401632D722D46
:101A200024968FAD249728969FAD28970F94062F64
:101A3000698B7A8B8B8B9C8BAE014F5F5F4FBE01A6
:101A40006F5E7F4FC8010E9484CBF80186A988236E
:101A5000A9F12091270C3091280C4091290C50912C
:101A60002A0CFD9660817181828193810F94062FEB
:101A70002091B9133091BA134091BB135091BC130C
:101A80000F94062F4B015C01AC019B01C701B6010D
:101A90000F94062F0F94F736D801DA967C936E9345
:101AA000D9972DEC3CEC4CE45DE3C501B4010F94F7
:101AB000062F0F94F736F80174AF63AFD8018C91FD
:101AC0008E7F8C9380916F00826080936F0081E0A5
:101AD000C258DF4F0FB6F894DEBF0FBECDBFDF9107
:101AE000CF911F910F91FF90EF90DF90CF90BF901B
:101AF000AF909F908F907F906F905F904F903F90AE
:101B00002F90089580E0E4CFD090DD13E090DE13B5
:101B1000F090DF131091E0130D94DE00CF92DF926E
:101B2000EF92FF920F931F93CF93DF93CDB7DEB762
:101B300064970FB6F894DEBF0FBECDBFC98ADA8AAC
:101B4000EB8AFC8AFC0180819181A281B381898327
:101B50009A83AB83BC83FB0180819181A281B38195
:101B60008D839E83AF83B887FA0180819181A281A2
:101B7000B38189879A87AB87BC87F901808191817E
:101B8000A281B3818D879E87AF87B88B8091EC0B44
:101B9000882351F0AE01475F5F4FBE016B5F7F4FFF
:101BA000CE0101960E94C5C880918B1190918C1135
:101BB000892BF1F4CE0141967C019E01235F3F4FBA
:101BC000AE01475F5F4FBE016B5F7F4F40970E9442
:101BD000DEFC64960FB6F894DEBF0FBECDBFDF917A
:101BE000CF911F910F91FF90EF90DF90CF900895CC
:101BF00080E0EFCFCF93DF93CDB7DEB760970FB61E
:101C0000F894DEBF0FBECDBF8091DC0B9091DD0B51
:101C1000A091DE0BB091DF0B89839A83AB83BC83E9
:101C20008091E00B9091E10BA091E20BB091E30B5E
:101C30008D839E83AF83B8878091E40B9091E50BF1
:101C4000A091E60BB091E70B89879A87AB87BC8799
:101C50008091E80B9091E90BA091EA0BB091EB0B0E
:101C60008D879E87AF87B88B8091EC0B882351F0CE
:101C7000AE01475F5F4FBE016B5F7F4FCE010196A4
:101C80000E94C5C89E01235F3F4FAE01475F5F4F73
:101C9000BE016B5F7F4FCE0101960E941DCA609608
:101CA0000FB6F894DEBF0FBECDBFDF91CF91089580
:101CB00086EB96E10E944DBC86EB96E10E9401BE48
:101CC000809155158D7F8E7F8093551510925115FB
:101CD00010925215109253151092541508950E94A7
:101CE000D53D6091DA0B7091DB0B8EE493E40E949A
:101CF0006F3C8BE493E40C94513C1F93CF93DF93A0
:101D00008091D80BC82FC270D82FD470182F1170A3
:101D100080FF05C0CC2319F080E0D11141C00E94A2
:101D2000D53D85E493E40E94513C111103C088E540
:101D30000E944A3CC11103C089E50E944A3CD1116E
:101D400003C08AE50E944A3C8DE393E40E94513C23
:101D500042E853E0D11102C045E753E022E833E006
:101D6000C11102C027E733E082E893E0111102C0FD
:101D700089E793E05F934F933F932F939F938F93C4
:101D80008BE293E49F938F931F920E9474F88DB718
:101D90009EB709960FB6F8949EBF0FBE8DBF81E027
:101DA000DF91CF911F9108952F923F924F925F92B2
:101DB0006F927F928F929F92AF92BF92CF92DF925B
:101DC000EF92FF920F931F93CF93DF93CDB7DEB7C0
:101DD00060970FB6F894DEBF0FBECDBF1C01788BA5
:101DE0006F8749872A87FB01C080D180E280F3801A
:101DF00020E030E040E251E4C701B6010F948435A1
:101E00006B877C878D879E8727E137EB41ED58EB09
:101E10000F94E43787FDEFC127E030E04BE653E451
:101E20006B857C858D859E850F94A02E18160CF4ED
:101E3000E2C1F101408051806280738020E030E097
:101E400040E252E4C301B2010F9484354B015C01BE
:101E500027E137EB41ED58EB0F94E43787FDCBC119
:101E600027E030E04BE653E4C501B4010F94A02E07
:101E700018160CF4C0C127E93FEF4FE151E4C3014C
:101E8000B2010F94E43787FDB6C127E030E043E4A8
:101E900053E4C301B2010F94A02E18160CF4ABC189
:101EA00027E93FEF4FE151E4C701B6010F94E43752
:101EB00087FDA1C127E030E040E653E4C701B60149
:101EC0000F94A02E18160CF496C1E090E40BF0903D
:101ED000E50B0091E60B1091E70B40906B025090E0
:101EE0006C0260906D0270906E028091670290911A
:101EF0006802A0916902B0916A0280936B0290938C
:101F00006C02A0936D02B0936E0219821A821B823A
:101F10001C82CE0101966C012B853C854D855E852A
:101F2000C501B4010E94E1D981E00E940FDC81115A
:101F300069C1C090CE0BD090CF0BE090D00BF09049
:101F4000D10B8091D80B812C912C40E2A42E41EC36
:101F5000B42E82FF0AC0A701960160E070E080E025
:101F600090EC0F9483354B015C0120E030E0A90137
:101F7000C701B6010F94A02E87FF9CC0A701960150
:101F800060E070E080E791E40F9483356B017C01A1
:101F9000A70196016091E40B7091E50B8091E60B2F
:101FA0009091E70B0F94E43718165CF520E030E0D1
:101FB00040E051E4C701B6010E9472DB811121C0EB
:101FC00080E090E0A0E0B1E489839A83AB83BC8396
:101FD00020E030E040E850E46091E40B7091E50BC4
:101FE0008091E60B9091E70B0F9484356D837E838F
:101FF0008F839887BE016F5F7F4FCE0105960E9449
:10200000C4DA20E030E040E850E4C501B4010E94A9
:1020100072DB811156C06091E40B7091E50B8091E9
:10202000E60B9091E70B2091CE0B3091CF0B4091B6
:10203000D00B5091D10B0F9484356B017C018985B5
:102040008250823008F042C080E090E0A0E0B1E42D
:1020500089839A83AB83BC836091E40B7091E50B19
:102060008091E60B9091E70BE98520E030E048ECA9
:1020700051E4E33021F020E030E040E850E40F94F8
:1020800084356D837E838F839887BE016F5F7F4F1A
:10209000CE0105960E94C4DA2A85233008F472C066
:1020A0000BE713E0F80181918F01882351F10E9421
:1020B0004A3CF8CFC12CD12C30E7E32E31E4F32E8B
:1020C00067CF60E070E080EC9FE7ADCFF985F1303D
:1020D00019F780E00E940FDC8823F1F22A85233073
:1020E00008F094C040926B0250926C0260926D02B4
:1020F00070926E02C12CD12C80ECE82E8FE7F82E66
:1021000051C02091C20B3091C30B4091C40B509130
:10211000C50BF10160817181828193810F948435B7
:1021200043E00E94754003E813E0F80181918F01BC
:10213000882319F00E944A3CF8CF2091C60B3091B9
:10214000C70B4091C80B5091C90BEF85F88960818E
:102150007181828193810F94843543E00E947540A0
:1021600008E813E0F80181918F01882319F00E949B
:102170004A3CF8CF43E0C701B6010E9475408AE0AF
:102180000E944A3C40926B0250926C0260926D0237
:1021900070926E02A7019601C701B6010F947638BE
:1021A000882371F080E00E940FDC60E08CE193E412
:1021B0000E94AD9A0E94823C8CE093E40E94513CC4
:1021C000C701B60160960FB6F894DEBF0FBECDBF53
:1021D000DF91CF911F910F91FF90EF90DF90CF9003
:1021E000BF90AF909F908F907F906F905F904F9037
:1021F0003F902F900895C12CD12C20ECE22E2FE798
:10220000F22EDECFFA85F33008F46CCFC12CD12C3E
:1022100090ECE92E9FE7F92E43CF0F931F93CF93B6
:10222000DF93982F862F8A01D22F692F0E945F2B70
:10223000882341F162E770E0C8010E941C2CC2E7CC
:10224000C81BC73038F060E270E080E090E00E9488
:10225000B12BF6CF8091C10B9AE7909340158093F4
:1022600041156D2FDD0F770B880B990B0E94B12B59
:1022700060E270E080E090E0DF91CF911F910F91DC
:102280000C94B12BDF91CF911F910F910895CF93B3
:10229000982F862FC42F692F0E945F2B882311F15E
:1022A000CC2331F062E070E080E090E00E94B12B3E
:1022B0008091A60B811111C089E99BE068E770E06D
:1022C0000E94772CC8E7C81BC73060F060E270E05E
:1022D00080E090E00E94B12BF6CF1092BA0B86EA14
:1022E0009BE0ECCFCF9108958F929F92AF92BF92D7
:1022F000CF92DF92EF92FF92CF93FC01C080D1800A
:10230000E280F38020E030E44CE156E4C701B601FE
:102310000F94062F4B015C0120E030E0A901C701BA
:10232000B6010F94A02E20E030E040EA50E487FF91
:1023300004C020E030E040EA50ECC501B4010F9445
:10234000843520E030E040E251E40F947E360F9473
:10235000F0366B017C01C114D104E104F10409F4ED
:1023600056C0F7FE54C0F094E094D094C094C11CC1
:10237000D11CE11CF11C8DE28093920BC701B601C8
:1023800028EE33E040E050E00F9406358AE0882ED6
:10239000912CA12CB12CCA01B901A50194010F9473
:1023A0000635605D6093930B8EE28093940BC701BA
:1023B000B60124E630E040E050E00F940635CA0153
:1023C000B901A50194010F940635605D6093950BEA
:1023D000C701B601A50194010F940635C62FCA01A5
:1023E000B901A50194010F940635605D6093960BC9
:1023F000C05DC093970B82E99BE0CF91FF90EF9077
:10240000DF90CF90BF90AF909F908F90089580E223
:10241000B3CF2F923F924F925F926F927F928F92A3
:102420009F92AF92BF92CF92DF92EF92FF920F9363
:102430001F93CF93DF931C01EB017901BA01550F74
:10244000880B990B0F94A72E4B015C0120E030E024
:1024500040E057EC0F94E43718162CF0812C912CA7
:10246000A12C97ECB92EC501B4010F94F0362B01C5
:102470003C01B701FF0C880B990B0F94A72E6B0141
:102480007C0120E03EEF4FEF56E40F94A02E87FD35
:1024900007C0C12C8EEFD82EEE24EA9486E4F82EE5
:1024A00068817981072E000C880B990B0F94A72E59
:1024B0004B015C01C301B2010F94A72E9B01AC013B
:1024C000C501B4010F9483350F94F7364B01C70152
:1024D000B6010F94F0366B017C01C418D508E608EC
:1024E000F7080E94452983E0809375023092900B93
:1024F00020928F0BD0938E0BC0938D0B4092890B43
:1025000050928A0B60928B0B70928C0BC092850B51
:10251000D092860BE092870BF092880B9092840BFE
:102520008092830B8BE09FE29093041580930315B8
:102530001093820B0093810B1092800BDF91CF914F
:102540001F910F91FF90EF90DF90CF90BF90AF90D1
:102550009F908F907F906F905F904F903F902F90C3
:102560000895AF92BF92CF92DF92FF920F931F9385
:10257000CF93DF935C018B016A01F22EFB01C081D6
:10258000D0E00E94452983E080937502B092900BC1
:10259000A0928F0B10938E0B00938D0B1092890BD2
:1025A00010928A0B10928B0B10928C0B8FEF90E095
:1025B000A0E0B0E08093850B9093860BA093870BEF
:1025C000B093880BD093840BC093830B85E09FE27C
:1025D0009093041580930315D092820BC092810BC7
:1025E000F092800BDF91CF911F910F91FF90DF90C0
:1025F000CF90BF90AF9008952F923F924F925F92ED
:102600006F927F928F929F92AF92BF92CF92DF9202
:10261000EF92FF920F931F93CF93DF9300D000D0E0
:10262000CDB7DEB71C017E836D8349015A012701B6
:102630003801860120E030E040E057ECC501B401EC
:102640000F94E43718162CF0812C912CA12C97ECC8
:10265000B92EC501B4010F94F0364B015C0120E0A6
:102660003EEF4FEF56E4C301B2010F94A02E87FD59
:1026700007C0412C8EEF582E66246A9486E4782E8B
:10268000C501B4010F94A72E9B01AC01ED81FE8121
:1026900060817181828193810F9483350F94F73625
:1026A00069837A838B839C83C301B2010F94F036D4
:1026B0006B017C01C818D908EA08FB080E9445296B
:1026C00083E0809375023092900B20928F0B8D8166
:1026D0009E8190938E0B80938D0B8092890B9092AC
:1026E0008A0BA0928B0BB0928C0BC092850BD09270
:1026F000860BE092870BF092880BE981FA81F093C8
:10270000840BE093830B8FEF9EE2909304158093EC
:1027100003151093820B0093810B1092800B269669
:102720000FB6F894DEBF0FBECDBFDF91CF911F91E2
:102730000F91FF90EF90DF90CF90BF90AF909F9060
:102740008F907F906F905F904F903F902F90089563
:10275000CF92DF92EF92FF920F931F93CF93DF936D
:102760008C01EB0120E030E040E251E468817981A6
:102770008A819B810F94062F20E030E048E452E4E8
:102780000F9483350F94F7366B010E94452983E03F
:10279000809375021093900B00938F0BD0938E0B48
:1027A000C0938D0B82E390E0A0E0B0E08093890BB2
:1027B00090938A0BA0938B0BB0938C0B8DEC9FE7BF
:1027C000A0E0B0E08093850B9093860BA093870BDD
:1027D000B093880BD092840BC092830B81EE9EE263
:1027E00090930415809303158DEF95E79093820BDA
:1027F0008093810B1092800BDF91CF911F910F91ED
:10280000FF90EF90DF90CF90089581E080937D0B53
:102810001092790B10927A0B10927B0B10927C0B1A
:1028200008959F92AF92BF92CF92DF92EF92FF9264
:102830000F931F93CF93DF93D82F7093780B6093F0
:10284000770B61E081E00E945F28C091760B85E004
:10285000982E9C0E91E085E0E82EEC1AFC2EF19467
:1028600084E0D82EDC1A83E0C82ECC1A82E0B82E81
:10287000BC1AA92EAC1AD13009F4AEC008F455C068
:10288000D23009F4CDC04091E80B5091E90B609132
:10289000EA0B7091EB0B4093710B5093720B6093AA
:1028A000730B7093740BC11120C0992389F0809130
:1028B000750B18166CF02091830B3091840B2F5FF1
:1028C0003F4F3093840B2093830B8F5F8093750B66
:1028D00080917502882349F010E000E021E041E09A
:1028E0006EEE72E48F2D0E94CE2C8091260C811109
:1028F0001EC0609110147091111480911214909167
:1029000013140F94F0362091730230917402621701
:1029100073076CF4C13009F4A7C082E0CF5F90E088
:102920009C12A9CF80936F0BC1C0CC23C9F0C130DA
:1029300009F0D7C08091750B813009F4C3C0809134
:102940007502882369F181E09091750B913009F04F
:1029500080E024E044ED52E46A2D0F940D1120C074
:10296000992389F08091750B18166CF02091830BD8
:102970003091840B2F5F3F4F3093840B2093830B58
:102980008F5F8093750B80917502882349F010E06A
:1029900000E021E041E065E073E48F2D0E94CE2C41
:1029A000D230E1F5C53009F05DC08091750B8530FE
:1029B00009F4F4C080917502882309F453C081E0C2
:1029C0009091750B953009F080E023E049EA52E4DC
:1029D0006E2D0F940D1146C0C111A9CF992389F016
:1029E0008091750B18166CF02091830B3091840B3D
:1029F0002F5F3F4F3093840B2093830B8F5F809327
:102A0000750B80917502882349F010E000E021E009
:102A100041E06EEF72E48F2D0E94CE2C85E07ECFD8
:102A2000C11185CF992389F08091750B18166CF030
:102A30002091830B3091840B2F5F3F4F3093840B99
:102A40002093830B8F5F8093750B80917502882391
:102A500049F010E000E021E041E067EF72E48F2DE3
:102A60000E94CE2C86E05ACF8091750B813091F078
:102A700080917502882309F450CF81E09091750B05
:102A8000913009F080E024E04EED52E46A2D0F947D
:102A90000D1143CF80917E0B10927E0B882341F362
:102AA0000E9472298091700B882311F3DF91CF91DE
:102AB0001F910F91FF90EF90DF90CF90BF90AF905C
:102AC0009F90089580917E0B10927E0B882309F4CD
:102AD00036CF0E9472298091700B882309F42FCF82
:102AE000E5CFC23009F06BC08091750B823081F068
:102AF00080917502882309F453CF81E09091750B82
:102B0000923009F080E023E04AEC52E46B2D25CFAF
:102B100080917E0B10927E0B882351F386E996E715
:102B20000E94969F8091700B882311F3BFCF8091F4
:102B3000750B8330A9F080917502882309F430CF9A
:102B400081E09091750B933009F080E023E041EC37
:102B500052E46C2D0F940D11D23009F05FCF82CF6B
:102B600080917E0B10927E0B882329F380E996E7F3
:102B70000E94969F8091700B8823E9F297CF8091F5
:102B80007E0B10927E0B882321F18AE896E70E9443
:102B9000969F8091700B8823E1F088CF80917E0B07
:102BA00010927E0B882309F405CF84E896E70E94F3
:102BB000969F8091700B882309F4FCCE77CFC330A9
:102BC00009F4B5CFC43009F0EBCE8091750B843099
:102BD000B1F280917502882309F4E2CE81E09091F0
:102BE000750B943009F080E023E046EB52E46D2D44
:102BF000B1CF1F93CF93DF93EB01142F1816190653
:102C000044F48E3121E0920714F08DE191E00E94AE
:102C10002EC9D7FD0BC0CE36D10514F0CEE6D0E0DC
:102C2000D0936D0BC0936C0B0E944FB51093150C95
:102C30001093630BDF91CF911F910C946A291F931E
:102C4000CF93DF93282F30E0F901ED59FD4B8491AC
:102C5000F901E35EFD4BD491F901E952FE4BC491B9
:102C6000CC23A9F0162F81110E94ACF3EC2FF0E0D9
:102C7000EE0FFF1FED55FE4BA591B4918FB7F89461
:102C8000EC91111108C0D095DE23DC938FBFDF914A
:102C9000CF911F910895DE2BF8CF860F911DFC0177
:102CA00083A18F3F19F0642F0D941F160895CF93C1
:102CB000DF9390E0FC01E35EFD4B249189529E4B33
:102CC000FC0184918823D1F090E0880F991FFC01CA
:102CD000E757FE4BA591B491FC01ED55FE4BC59114
:102CE000D49161110EC09FB7F8948C91E22FE095BA
:102CF0008E238C932881E223E8839FBFDF91CF91BD
:102D000008958FB7F894EC91E22BEC938FBFF6CF38
:102D1000EF92FF920F931F93CF938C01C42F7901F1
:102D20006150673008F045C0E62FF0E08827E45690
:102D3000F94E8E4F0D947B3522013A010601FC01BC
:102D40000401A000E401780183E2E80EF11C005DBB
:102D50001F4FF70181917F018F3F49F061E00F9490
:102D6000571661E0F701319780810F941F16E01626
:102D7000F10679F761E084E30F94571660E084E38D
:102D80000F941F1661E083E30F94571660E083E30E
:102D90000F941F1661E085E30F94571661E085E3F9
:102DA0000F941F161CBC80E58CBDC23010F481E06E
:102DB0008DBD81E0CF911F910F91FF90EF9008950D
:102DC00061E0C8010F944D16F4CF411103C041E0FA
:102DD00062E0F7CF40E064E0C8010F944D1640E098
:102DE000F7CFF80183A160E08F3F19F3EACF842F7A
:102DF0000E94EAF4DECFF70181917F010E94EAF49C
:102E0000C150C111F8CFD5CFF70184910E94EAF4E7
:102E1000FFEFEF1AFF0AC150C111F6CFCACF1F93BF
:102E2000CF93DF93182FEB0161E00F945716209793
:102E300039F460E0812FDF91CF911F910D941F161F
:102E4000CF3FD10511F461E0F5CFE12FF0E0ED596E
:102E5000FD4BE491E150E23108F0B3C0F0E0882787
:102E6000EB5CF84E8E4F0D947B35D400F4001201CC
:102E70009C00000130014E01CE01E201CC006A014C
:102E800054010A01A40030016001EC01000284B584
:102E9000806884BDC7BDDF91CF911F91089584B52F
:102EA000806284BDC8BDF7CF809180008068809328
:102EB0008000D0938900C0938800EDCF809180007E
:102EC000806280938000D0938B00C0938A00E3CF10
:102ED00080918000886080938000D0938D00C093A3
:102EE0008C00D9CF8091B00080688093B000C093EF
:102EF000B300D1CF8091B00080628093B000C093C6
:102F0000B400C9CF80919000806880939000D093E6
:102F10009900C0939800BFCF809190008062809309
:102F20009000D0939B00C0939A00B5CF8091900001
:102F3000886080939000D0939D00C0939C00ABCF9D
:102F40008091A00080688093A0008091A0008F7B7A
:102F50008093A000D093A900C093A8009CCF80913B
:102F6000A00080628093A000D093AB00C093AA0021
:102F700092CF8091A00088608093A000D093AD0094
:102F8000C093AC0088CF809120018068809320019D
:102F9000D0932901C09328017ECF809120018062C7
:102FA00080932001D0932B01C0932A0174CF80918C
:102FB0002001886080932001D0932D01C0932C01C3
:102FC0006ACFC038D1050CF03ECF33CF8F929F929D
:102FD000AF92BF92CF92DF92EF92FF926B017C0192
:102FE0000E9413F44B015C01C114D104E104F1040B
:102FF000B9F00E9413F4681979098A099B09683E9F
:1030000073408105910580F321E0C21AD108E108DF
:10301000F10888EE880E83E0981EA11CB11CE4CF55
:10302000FF90EF90DF90CF90BF90AF909F908F90E8
:1030300008952FB7F89460913718709138188091DF
:10304000391890913A182FBF0895CF92DF92EF92DE
:10305000FF92609114147091151461157105C9F1F6
:10306000C0901014D0901114E0901214F09013142A
:1030700066507109072E000C880B990B0F94A72E30
:103080009B01AC01C701B6010F94A02E87FF21C0A0
:1030900020E030E040E050E4C701B6010F948435F1
:1030A0000F94F73670930714609306140F94191851
:1030B000605C73468F4F9F4F6093081470930914A0
:1030C00080930A1490930B14FF90EF90DF90CF90B1
:1030D0000895109208141092091410920A14109274
:1030E0000B14F2CFCF92DF92EF92FF920F94191848
:1030F0006B017C0128E5C20E22E0D21EE11CF11C0E
:103100000E941A748F3F71F00F9419186C197D0981
:103110008E099F0997FDF4CF80E0FF90EF90DF903C
:10312000CF90089581E0F9CF20913F183091401859
:10313000280F391F3093401820933F182091080121
:103140002170209306012091D60B3091D70B820F6E
:10315000931F9093D70B8093D60B0F9419186093FD
:10316000D20B7093D30B8093D40B9093D50B08950F
:103170001F920F920FB60F9211242F933F938F93AC
:103180009F93AF93BF938091371890913818A09177
:103190003918B0913A183091361823E0230F2D37A3
:1031A00058F50196A11DB11D20933618809337184C
:1031B00090933818A0933918B0933A1880913B181F
:1031C00090913C18A0913D18B0913E180196A11D18
:1031D000B11D80933B1890933C18A0933D18B09379
:1031E0003E18BF91AF919F918F913F912F910F907A
:1031F0000FBE0F901F90189526E8230F0296A11D71
:10320000B11DD2CFDB01ED91FC9119940F931F9367
:10321000CF93DF938C01C5E0D5E1EDA9FEA982E053
:103220001995EDA9FEA981E0199530E020E044E16F
:10323000B80189E095E10F9402192CE335E147E1EB
:10324000B80189E095E10F940219EDA9FEA980E08B
:10325000DF91CF911F910F9119940F931F93CF93EB
:10326000DF931F92CDB7DEB700910B1510910C15AF
:10327000E0913A15F0913B1582E0199530E020E09D
:103280004AE0B80189E095E10F940219182FE09106
:103290003A15F0913B1583E01995E0913A15F091BC
:1032A0003B1580E019951123B9F160910B157091D0
:1032B0000C159E012F5F3F4F46E489E095E10F9486
:1032C000021989818093091560910B1570910C1575
:1032D0009E012F5F3F4F47E489E095E10F9402196B
:1032E000898180930A1560910B1570910C1530E05F
:1032F00020E048E489E095E10F94021980931415C9
:1033000060910B1570910C152CE335E147E189E0D4
:1033100095E10F94021911E0812F0F90DF91CF9169
:103320001F910F910895E5E0F5E16681778180A313
:1033300081E381A381E083A380EF82A325E235E1CD
:103340004BE389E095E10D9402198F929F92AF9221
:10335000BF92CF92DF92EF92FF920F931F93CF9382
:10336000DF93A82EC62FB42ED22F7801242F220F40
:10337000220F220F0D2F462F682F89E095E10E9422
:10338000ABF6DC0F8B2C912C81112EC0DF91CF91ED
:103390001F910F91FF90EF90DF90CF90BF90AF9073
:1033A0009F908F900895F801849160910B15709112
:1033B0000C15D0922515C0932615109228158093D0
:1033C000271525E235E14BE389E095E10F940219D9
:1033D0000F5F1F4FCA94F8E0DF0EC110E4CFE80C76
:1033E000F91CCF5FDC1791F2CB2CDA2C8701DBCFF5
:1033F000AF92BF92CF92DF92EF92FF920F931F9303
:10340000CF93DF93EC01E62EF42E122F022FD62E4F
:10341000D20ECC24CA945C012CE1A20EB11C8D2DDD
:10342000801B083070F5812F887F8E0D912F969527
:103430009695969528EF929F100D1124112371F106
:1034400097E019276A817B818C8FFD8E1F8E1F5F0D
:1034500017708FEF90E001C0880F1A95EAF78E8FF2
:103460009E01245E3F4F4BE3CE01DF91CF911F9130
:103470000F91FF90EF90DF90CF90BF90AF900D94A1
:1034800002196A817B818C8FFD8E1F8ECE8E9501F5
:103490004BE3CE010F9402190850C1CFDF91CF91B9
:1034A0001F910F91FF90EF90DF90CF90BF90AF9062
:1034B00008950F93CF93DF93C82FD62F04E0262FC4
:1034C00041E3682F89E095E10E94ABF68823C9F0BB
:1034D0002D2F41E36C2F89E095E10F94F8198C2F83
:1034E0000F9493198FEF8D0F8C0F0F9493192D2F2D
:1034F00044E36C2F89E095E1DF91CF910F910D941A
:10350000F819DF91CF910F910895EF92FF920F93E9
:103510001F93CF93DF937C01D62FC42F122F040F5C
:10352000212F4C2F6D2FC7010F94F819CF5FC013B7
:10353000F7CFDF91CF911F910F91FF90EF900895FA
:10354000DF92EF92FF920F931F93CF93DF93EC01E3
:10355000162FF42EE22E0E94ABF6882331F02E2D8A
:103560004F2D612FCE010F94851ADF91CF911F91BE
:103570000F91FF90EF90DF900895EF92FF920F93DD
:103580001F93CF93DF93182F7B01D42FCB010E9481
:103590001B2BC12FCC0FC10FCC0FDD2391F091E07D
:1035A00090932915282F220F280F220F2E5F0BE052
:1035B00043E36FEF6C0F89E095E10F94A01A10922E
:1035C0002915C09340158CE380934115C7010E94D3
:1035D000732CDD2319F081E080932915DF91CF91C1
:1035E0001F910F91FF90EF9008953F924F925F923D
:1035F0006F927F928F929F92AF92BF92CF92DF9203
:10360000EF92FF920F931F93CF93DF931F921F921E
:10361000CDB7DEB75C016801E091830BF091840BBC
:10362000309759F091E01E161F060CF090E0909331
:103630007F0B1092840B1092830B10917E0B1092D3
:103640007E0B111105C080917502882309F46AC0B0
:1036500049012A013B0130907F0BC9010E941B2BBD
:10366000082FC7010E941B2B1A821982C114D10492
:10367000B1F4402F50E0282F30E0CA01820F931F91
:1036800046976CF485E190E0841B950B821B930BAD
:1036900097FD0196959587958A8381E0898301E05E
:1036A00023EE32E2A401BE016F5F7F4FCE0102968E
:1036B0000E947C9EC114D10491F08A81882321F05C
:1036C0001A8289818F5F898300E026EE32E2A601AB
:1036D000BE016F5F7F4FCE0102960E947C9E00E08C
:1036E00023EE32E2A701BE016F5F7F4FCE0102964B
:1036F0000E947C9E41E04325B30181E00F94BD1AF6
:10370000C5010E941B2B432DB50194E1981B892F05
:103710000F94BD1A112331F080917F0B8823B1F0F3
:10372000F20119950F900F90DF91CF911F910F919A
:10373000FF90EF90DF90CF90BF90AF909F908F90D1
:103740007F906F905F904F903F9008950E947229F4
:10375000E9CFEF92FF921F93CF93DF93EC01EE85B9
:10376000FF85309709F01995EA80FB80E9A9FAA94D
:1037700082E01995E9A9FAA981E0199530E020E0E5
:1037800045E1B701CE010F940219182F882341F0AB
:103790009E012D5C3F4F47E1B701CE010F94021906
:1037A000E9A9FAA980E01995812FDF91CF911F91A6
:1037B000FF90EF900895DC0114968D919C911597E0
:1037C0008617970709F43CC015967C936E9314975F
:1037D0006115710579F157968C915797FB0181110D
:1037E00030C03596E4915896EC935897645F7F4FBC
:1037F000FB01649159966C93599758968C91589700
:10380000082E000C990B59962C915997821B9109FF
:1038100027FD93955A962C915A97203441F0829F18
:10382000C001112426E0969587952A95E1F75B96CD
:103830008C935B978AEA93EF56969C938E93559759
:103840000895813041F43F96E4915896EC9358974F
:10385000605F7F4FCDCF3D96E4915896EC9358979B
:10386000625F7F4FC5CFBF92CF92DF92EF92FF9200
:103870000F931F93CF93DF938C01E62EDC011496F8
:10388000CD91DC91CE010E94C1F4F82EF801848123
:1038900095810E94C4F4B82EF1E0CC24CA94FF12A2
:1038A00002C02FE0C22ED80114968D919C910E94E7
:1038B000BDF4F82EF801848195810E94B9F4D82EC8
:1038C000D80114968D919C910E94DAF4B0E6BE1551
:1038D00020F5009711F1C80FD91F91E6F92EDE14DB
:1038E00068F5D80150961C92509753961C925397A6
:1038F00054961C92549751961C92519752961C9232
:10390000D0E0C0E0CE01DF91CF911F910F91FF90E9
:10391000EF90DF90CF90BF900895F801848195815A
:103920000E94DDF4F0E4FE1538F4009729F0C80F8A
:10393000D91F81E4F82ED3CF6196D1CFDF1488F25E
:103940008B2D90E0FE0124912F3F29F42196FD1448
:1039500041F2F394F7CFFE104BC0D80114968D912D
:103960009C910E94C1F49E012F5F3F4FFE0188236E
:1039700011F08230E1F48491D80153968C935397DF
:10398000F901249154962C935497FE013396E491B7
:103990005096EC935097FE013496E4915196EC9337
:1039A0005197FE013596E4915296EC93ABCF8491FA
:1039B000982F9F709250D80152969C93529782955F
:1039C0008F7051968C935197F9012491822F8F70AB
:1039D00054968C93549722952F7053962C9353970B
:1039E000FE013296E491E295EF705096EC938ACF07
:1039F0003296E491EC21E80FF92FF11DCE0FDF1F75
:103A0000A6CF5F926F927F928F929F92AF92BF925A
:103A1000CF92DF92EF92FF920F931F93CF93DF939A
:103A2000EC01562E142F622F0F94331C6C0180E092
:103A3000C114D104B1F08C819D810E94C4F4B82ED0
:103A4000FB88EC888989580E1E198A89181B0E2D4F
:103A50002F2D412F652DCE010E94ABF6811111C093
:103A60008889DF91CF911F910F91FF90EF90DF90A8
:103A7000CF90BF90AF909F908F907F906F905F900E
:103A80000895CB0CD11C87E0F80EF694F694F694CA
:103A9000E10E4E01ECE18E0E911C6F2C712C1E1567
:103AA000F9F2052D560111C0F50184916A817B81DF
:103AB0000C8F1D8F1F8E8E8F94014BE3CE010F94C0
:103AC0000219FFEFAF1ABF0A085F8A2D8C198F15F4
:103AD00058F3C60CD71C1F5FE2CFFF920F931F93C2
:103AE000CF93DF93D82FF62E8A01E0911E15F09127
:103AF0001F1589E095E11995F80EC0E0F8012491B1
:103B0000222359F04F2D6D2F89E095E10F94011D6F
:103B1000D80FC80F0F5F1F4FF1CF8C2FDF91CF91C0
:103B20001F910F91FF9008951092B21881E0809339
:103B3000B11810928C1861E084E10F941F1661E0B7
:103B400085E10F941F16E9EBF0E080818E7F808382
:103B500080818D7F808388E48093B80085E48093A2
:103B6000BC000895CF93DF9391E09093F1178823E1
:103B7000B9F0C091B800D091BA008091BC008A7BA6
:103B80008093BC0060E084E10F941F1660E085E143
:103B90000F941F160F94941DD093BA00C093B800D1
:103BA000DF91CF910895CF92DF92EF92FF920F9322
:103BB0001F93CF93DF93D091011481E0D13208F0AD
:103BC0009CC0C09100140E9413F46B017C01809191
:103BD000B21881116CC082E08093B21881E08093AA
:103BE000B1188FEF8093B0181092AF18D093AE1821
:103BF000A8EBB8E1EEE8F8E180E0D8138DC01092B0
:103C00008D1880918D18CC0FC82BC0938D18809182
:103C10008C18813009F084C010928C180E9413F423
:103C20006B017C0180918D188093BB008091B4184A
:103C30009091B518A091B618B091B718892B8A2B1E
:103C40008B2BA1F00E9413F40091B4181091B518B9
:103C50002091B6183091B7186C197D098E099F090B
:103C6000061717072807390708F442C08091BC00DF
:103C700083FDD8CF85EC8093BC000E9413F46B01C8
:103C80007C018091B218823009F44CC08091B01848
:103C90008F3F09F469C08091B018803209F466C082
:103CA0008091B018803309F463C084E026C080910D
:103CB000B4189091B518A091B618B091B718892B87
:103CC0008A2B8B2B09F483CF0E9413F40091B41834
:103CD0001091B5182091B6183091B7186C197D095C
:103CE0008E099F09061717072807390708F06FCFB5
:103CF0008091B3180F94B21D85E01092FF131092BB
:103D000001141092FE13DF91CF911F910F91FF903C
:103D1000EF90DF90CF9008959D9191938F5F6DCF3D
:103D200085EEA9CF8091B4189091B518A091B618DE
:103D3000B091B718892B8A2B8B2B09F4A2CF0E9444
:103D400013F40091B4181091B5182091B618309161
:103D5000B7186C197D098E099F09061717072807E0
:103D6000390708F08ECFC4CF80E0C7CF82E0C5CF3F
:103D700083E0C3CFCF93C62F91E09093FE1390E6DC
:103D8000909300141092FF1310920114682F83E295
:103D900094E10E944DF76C2F83E294E10E944DF76D
:103DA000CF910D94D31D85ED8093BC008091B41804
:103DB0009091B518A091B618B091B7180796A11DAB
:103DC000B11D23E0B695A795979587952A95D1F7CC
:103DD0002091BC0024FD03C01092B21808954091B8
:103DE000B4185091B5186091B6187091B718452B5A
:103DF000462B472B69F30097A105B10541F025E358
:103E00002A95F1F700000197A109B109E1CF80914E
:103E1000B3180D94B21D1F920F920FB60F9211247A
:103E20000BB60F922F933F934F935F936F937F93B4
:103E30008F939F93AF93BF93EF93FF938091B900BC
:103E4000887F803609F44DC008F040C0883209F4FC
:103E5000A9C028F5803109F49DC0C8F4882309F46D
:103E6000FBC0883009F496C0FF91EF91BF91AF91EC
:103E70009F918F917F916F915F914F913F912F9182
:103E80000F900BBE0F900FBE0F901F9018958831AA
:103E900009F488C0803241F78093B01814C0803490
:103EA00009F49DC040F48033B9F38833E9F6809378
:103EB000B01885ECB0C0803509F485C0883509F4A8
:103EC00096C0883489F60F94D31ECECF883909F472
:103ED0008CC038F5883729F050F4883611F08037D7
:103EE00019F683E08093B2181092341857C08838BE
:103EF00009F47BC0803919F0803809F0B5CF809182
:103F00003418803208F071C0E091341881E08E0FCF
:103F1000809334188091BB00F0E0EC5EF74E808314
:103F20003DC0803B39F0E0F4803A09F479C0883A2A
:103F300009F09ACF84E08093B2181092131810926F
:103F40001218E0918907F0918A071995809112184B
:103F500081110FC081E0809312181092F21709C0EE
:103F6000803C09F4A6CF883C09F4A3CF883B09F034
:103F70007BCFE091131881E08E0F80931318F0E04F
:103F8000EE50F84E80818093BB0090911318809181
:103F9000121829C080918D188093BB0085EC809306
:103FA000BC0062CF9091AF188091AE18981758F569
:103FB000E091AF1881E08E0F8093AF18F0E0E257E8
:103FC000F74E8081E9CFE091AF1881E08E0F8093AA
:103FD000AF188091BB00F0E0E257F74E80839091DC
:103FE000AF188091AE189817C8F285E8D8CFE09145
:103FF000AF1881E08E0F8093AF188091BB00F0E086
:10400000E257F74E80838091B11881115CCF81E037
:1040100080938C1884EA8093BC001092B21824CF4D
:1040200085EC8093BC001092B218809134188032D5
:1040300030F4E0913418F0E0EC5EF74E10826091BD
:10404000341870E0E0918B07F0918C0784E198E1DF
:1040500019951092341808CF1092B01834CFCF931E
:104060009091551593FF29C090915A15911125C033
:104070002AE5811121E0C82F44E353E062E775E1AE
:1040800087E595E10E94B2E381110BC064E373E020
:1040900084EE9FE30E946F3C81EE9FE3CF910C94EE
:1040A000513CC1110AC064E373E08FEC9FE30E94AE
:1040B0006F3C8AE0CF910C944A3CCF9108958BE1FC
:1040C000E2E7F5E1ADE8B5E101900D928A95E1F7FF
:1040D00008950F931F93CF93DF9300D0CDB7DEB732
:1040E0009C012F5F3F4F3B832A832FE2FC012083FB
:1040F00081E0898310E00BE180914B15181778F46B
:10410000109FC0011124AE014F5F5F4FBE016E5F73
:104110007F4F88559A4E0E948DF81F5FEDCF8981A1
:104120008B3578F4AE014F5F5F4FBE016E5F7F4FFE
:1041300086EB96E10E948DF88A819B8101979B8393
:104140008A83EA81FB8110820F900F900F90DF919C
:10415000CF911F910F9108951092160780915515D8
:104160008F7D8B7F809355150E944E30882321F0E0
:1041700086EB96E10C9401BE08958091551583FF5E
:1041800003C084608093551508955F926F927F926B
:104190008F929F92AF92BF92CF92DF92EF92FF9257
:1041A0000F931F93CF93DF93CDB7DEB76DB67EB677
:1041B000DC010D900020E9F79D01281B390B2C5FD5
:1041C0003F4FEDB7FEB7E21BF30B0FB6F894FEBFFF
:1041D0000FBEEDBF0DB71EB70F5F1F4F9F938F939D
:1041E00082EA9EE39F938F931F930F930F94372E32
:1041F0007801F4E0EF0EF11C0F900F900F900F90EC
:104200000F900F90D7018D917D01882349F0082EE2
:10421000000C990B0F949638F70131978083F2CFF9
:10422000C8010E94B14E8EE9E82E8EE3F82E10E010
:1042300000E08DB69EB6F701E00FF11F54906801C3
:10424000BFEFCB1ADB0A552019F0EAE05E1222C05C
:104250004DB75EB74C195D090FB6F8945EBF0FBE3F
:104260004DBF8DB79EB701965C01A801B7010F94B1
:10427000D92DF501E00FF11F1082C5010E94B14E4A
:10428000552051F0EC0CFD1C0FB6F8949EBE0FBEED
:104290008DBECFCF8601CFCF0FB6F8947EBE0FBEB6
:1042A0006DBEDF91CF911F910F91FF90EF90DF9046
:1042B000CF90BF90AF909F908F907F906F905F90C6
:1042C0000895FF920F931F93CF93DF93CDB7DEB77F
:1042D0006D970FB6F894DEBF0FBECDBF2091551578
:1042E00023FF2BC0BC01CE014C960E947CF78C01B1
:1042F000009719F16C8D7D8D19821C8222E0AC0132
:10430000CE0101960E94B2E3811123C0F12CCE01AF
:1043100001960E947B34B801FF2081F181EC9FE37C
:104320000E946F3C8AE00E944A3C10925115109204
:10433000521510925315109254156D960FB6F894AD
:10434000DEBF0FBECDBFDF91CF911F910F91FF90C8
:104350000895CE0101960E9460FA8823B9F261E0C7
:10436000CE0101960E9433BC009781F225EEFC013C
:1043700020831C820E9441B7F82EC9CF89EA9FE3AF
:104380000E946F3C86EA9FE30E94513CD6CF0E9478
:1043900060F8882371F0E5EAF7E08BE292E0DF0154
:1043A0009C011D9221503040E1F784E393E00D948D
:1043B000612108950F931F93CF93DF93CDB7DEB79D
:1043C0006B970FB6F894DEBF0FBECDBF8B0122E016
:1043D0002093860790938507809384078DE895E165
:1043E0000E9444BE8BE1EDE8F5E1DE0111960190FB
:1043F0000D928A95E1F7A801BE016F5F7F4F90E0B3
:1044000080E00E94ABE4CE0101960E947B346B9663
:104410000FB6F894DEBF0FBECDBFDF91CF911F91D5
:104420000F910895EF92FF920F931F93CF93DF9315
:104430001F921F92CDB7DEB72091551523FF19C0EB
:10444000F42EE62E8C010E944E30882309F4ADC074
:10445000FF2009F4CDC080914C15882399F00E946B
:10446000823C81E69FE30E94513C90E080E00E9404
:10447000D43E0F900F90DF91CF911F910F91FF903D
:10448000EF9008958BE197E00F946920809151158A
:1044900090915215A0915315B09154158093170720
:1044A00090931807A0931907B0931A070E94D53D5F
:1044B000B80188E49FE30E946F3C60914C1589E647
:1044C000689FB0011124655E784F8DE39FE30E94E1
:1044D0006F3C409151155091521560915315709158
:1044E000541587E39FE30E9405408AE00E944A3CFE
:1044F00080914C158F5F80934C150F94AC20B801C0
:10450000CE0101960E947CF78C01009709F4B1CF8F
:1045100069817A81EE2009F47BC021E0AC0186EB51
:1045200096E10E94B2E3882309F468C08091C7161F
:104530009091C816A091C916B091CA1680934D15D6
:1045400090934E15A0934F15B0935015109251159E
:10455000109252151092531510925415B80180E024
:104560009FE30E946F3C40914D1550914E15609114
:104570004F157091501588EF9EE30E9405408AE028
:104580000E944A3C89EE9EE30E94513CB80190E0B3
:1045900080E00F94DA218091A60B882311F006EABF
:1045A0001BE0C8010E94F4FA64CFFF2039F00E949A
:1045B000D53D87E29FE30E94513C9FCF10924C155E
:1045C00082E0F82E0E94D53D82E29FE30E94513C9A
:1045D00081E0F81210C084E19FE30E94513CB801D1
:1045E0008AE19FE30E946F3C8AE00E944A3C85CFAB
:1045F000FF24F394E7CF8EE09FE3EFCFB80185ED82
:104600009EE30E946F3C82ED9EE30E94513C31CFBD
:1046100026E5AC0186EB96E10E94B2E3811108C069
:10462000B8018EEB9EE30E946F3C8BEB9EE3EDCFD7
:1046300080915515816080935515B80190E080E018
:104640000F94DA21B80189EA9EE30E946F3C8AE068
:104650000E944A3CA6CFFF920F931F93CF93DF9304
:104660001F92CDB7DEB7F82E09E715E041E050E024
:10467000B801CE0101960F94D92D89818F1108C000
:1046800081E00F90DF91CF911F910F91FF900895DE
:104690000F5F1F4F85E00139180741F780E0F1CF28
:1046A00086E40E94FC3180933F06882351F00E94EB
:1046B000D231609340027093410280934202909302
:1046C000430283E50E94FC31882351F00E94D231DD
:1046D00060933C0270933D0280933E0290933F02B0
:1046E00082E40E94FC31882351F00E94D231609311
:1046F00038027093390280933A0290933B020895F6
:10470000CF93DF9387E595E10E947B3486EB96E1BA
:104710000E947B34C6EBD6E16B97CE010E947B34BE
:1047200085E1C83AD807C1F78DE895E10E947B344E
:1047300082E795E1DF91CF910C947B34CF93DF93A7
:10474000109226141092251488EE93E0A0E0B0E0B9
:104750008093271490932814A0932914B0932A14BB
:1047600085E493E09093241480932314109272159F
:104770001092751510928D1510929015E8EAF5E1DA
:10478000108213827B9626E1E63BF207C9F789E1A6
:1047900080934E1410925114109246141092B61633
:1047A0001092B9168091BE14843208F0EAC091E0EC
:1047B000980F9093BE148093BF1490E0FC01EE0F0D
:1047C000FF1FE80FF91FEE5AFB4E88EB9BE0928328
:1047D000818380E1E7EDF4E1DF01282F1D922A9526
:1047E000E9F7E7ECF4E1DF01282F1D922A95E9F7BC
:1047F000ECEDF8E1DF011D928A95E9F71092D818E7
:104800001092D9181092DA181092DB181092C61470
:104810001092C5141092C4141092C3141092C214B2
:1048200084E08093F2141092F0141092EF1410921E
:10483000F114389A40981092EB141092EC141092E4
:10484000ED141092EE1483E89BE890930415809386
:104850000315109208151092071587E593E09093C1
:10486000061580930515109240151092411510926F
:10487000421510920E1510920D15109210151092EF
:104880000F151092121581E08093111582E280932A
:1048900013151092181510921715ECE2F5E18AE342
:1048A00095E1CFEFC1938E179F07E1F7D1E0D09349
:1048B00029158AEA93EF90931F1580931E15D093C4
:1048C0002015109221151092221580E48093231553
:1048D0001092241589EA93EF90933B1580933A1533
:1048E00086E792E090930C1580930B1589E18093F5
:1048F0002E158BE180932D15C0932C150F942D1937
:1049000087E593E09093061580930515D0934315A2
:10491000D0934415D0934515D09346151092571552
:1049200010925A15C0934715C0934815C093491566
:1049300080915515847F8B7F80935515109251156A
:1049400010925215109253151092541510924D1545
:1049500010924E1510924F151092501510924C1542
:1049600010924B15E8EAF5E18EE091E0DF019C0141
:104970001D9221503040E1F7C0934A15DF91CF914D
:1049800008958FEF8093BF1424CFCF93DF93CDB7DB
:10499000DEB7AA970FB6F894DEBF0FBECDBF7894EE
:1049A00084B5826084BD84B5816084BD85B5826034
:1049B00085BD85B5816085BD80916E0081608093E5
:1049C0006E0010928100809181008260809381004E
:1049D000809181008160809381008091800081605E
:1049E000809380008091B10084608093B1008091B9
:1049F000B00081608093B0008091910082608093CC
:104A0000910080919100816080939100809190004D
:104A10008160809390008091A10082608093A100CA
:104A20008091A10081608093A1008091A0008160AD
:104A30008093A00080912101826080932101809168
:104A40002101816080932101809120018160809308
:104A5000200180917A00846080937A0080917A00AE
:104A6000826080937A0080917A00816080937A00DE
:104A700080917A00806880937A001092C100259A14
:104A80002D9880910101886080930101809102013D
:104A90008870809300016B9A73989D9AA598809175
:104AA00007018B7F809307018091080180958470B6
:104AB000809306011092C0008091C00082608093B4
:104AC000C0001092C50087E08093C4008091C100AF
:104AD00080618093C1008091C10088608093C10093
:104AE0008091C10080688093C1000F9419188DEFE8
:104AF00090E40E94513C0E94D53D14B710FF04C0C1
:104B000084EF90E40E94513C11FF04C083EE90E4D6
:104B10000E94513C12FF04C081ED90E40E94513C80
:104B200013FF04C080EC90E40E94513C15FF04C0C8
:104B30008FEA90E40E94513C14BE88EA90E40E94FF
:104B4000513C80E20E944A3C82EA90E40E94513C3F
:104B50008AE00E944A3C0E94D53D82E990E40E948E
:104B6000513C87E890E40E94513C88E690E40E9422
:104B7000513C0E94D53D81E590E40E94513C0E9449
:104B8000D53D8091EC189091ED189E012F5F3F4F1D
:104B90006901B901009709F484C0681B790B82E4AC
:104BA00090E40E943F4060E675E08BE290E40E9452
:104BB0003F408AE00E944A3C0E94589E0E94F99A17
:104BC0000E9489F20CED1BE081EDE82E89E0F82EC1
:104BD000D8016D917D918D919D918D01F70121916C
:104BE0003191419151917F015D01F4E0AF1AB1081B
:104BF0000F948435D5016D937D938D939C9313977A
:104C0000BBE0083E1B0721F70E9470DB249A2C981A
:104C10008091010180628093010180910201807284
:104C2000809300018091010180648093010187EDF0
:104C300080937A0010927E0010927D0080917D001A
:104C4000806280937D0080917D00806480937D00F0
:104C500080E888BD80916E00846080936E006AEF6A
:104C600070E080E090E00F94E61785E090E090938C
:104C700063028093620200915E0210915F02C8019C
:104C80000E94CCF920E030E040EA50E40F94A02EDE
:104C900087FF0AC00051110910935F0200935E0262
:104CA000EACF625F78417BCF8CE291E0909365021E
:104CB000809364020091600210916102C8010E9419
:104CC000CCF920E030E046E953E40F94E4371816BD
:104CD0003CF4005F1F4F1093610200936002EACF23
:104CE00080915C0290915D020E9481C020E030E0E2
:104CF00040EA50E40F94A02E87FF0AC080915C0226
:104D000090915D02409790935D0280935C02E8CFA2
:104D100080918E0790918F070E9481C020E030E043
:104D200040EF52E40F94E437181654F480918E0744
:104D300090918F07409690938F0780938E07E8CFCE
:104D40000E94C88219A682E390E09AA389A31A82DE
:104D500019825E01E1E2AE0EB11C01E0960141E074
:104D600050E0BE01675D7F4FC5010E940C3C89A5E4
:104D7000863109F4A5C10E9464C881E08093900740
:104D80006D98759A809104018D7F809304018091C4
:104D90000501809582708093030153985B9A10926D
:104DA000A2071092A1070E9400DC819A879A809145
:104DB0000A01826080930A010E9A3B9A579A5F9A81
:104DC000829A8A9A8091070181608093070180917D
:104DD000080180958170809306010A9A129A3F9A81
:104DE000479A809A88985F9A8091D80B8E7F80939B
:104DF000D80B869A8E988A9A8091D80B8D7F809353
:104E0000D80B80910A01886080930A0180910B0180
:104E1000887080930901809108018095817080934A
:104E200006018091D80B8B7F8093D80B0C9A149835
:104E3000129A809180008C7F809380008091810005
:104E4000877E886080938100809180008F7380933B
:104E5000800080918100887F82608093810080E063
:104E600090E49093890080938800109285001092BE
:104E7000840080916F00826080936F00789484E05A
:104E80008093A3070E946EC78091BF14843208F0FC
:104E900042C090E0FC01EE0FFF1FE80FF91FEE5A31
:104EA000FB4E8081807C8B60808361E08BE00F947F
:104EB00057161092C0141092C1148091BF142CE0A8
:104EC000622F0F94473590E0829FB001112430E0AB
:104ED00020E0AB01420F531FFA01EE0FFF1FE40F5A
:104EE000F51FEE5AFB4E408146FD07C02F5F3F4F36
:104EF0002C30310571F70E94D039E091BF148E2F0C
:104F000090E0FC01EE0FFF1FE80FF91FEE5AFB4E79
:104F10008081806480838FEB94E10E94C1396AE5CF
:104F200070E08FEB94E10E94013A1092A4070E9476
:104F300000DC809101018062809301010E9422289F
:104F400081E00E94063B8091D009882361F1809125
:104F5000551583FF0E9497F28091551583FF23C05A
:104F60000E9460F8882379F081E00F942F204BE2B3
:104F700052E065EA77E087E595E10E941BBB87E593
:104F800095E10E9401BE0E9471348111A9C0E5EA39
:104F9000F7E08BE292E0DF019C011D92215030404E
:104FA000E1F70F94C72188E198E20FB6F894A8952D
:104FB000809360000FBE9093600024E0222E21E4D5
:104FC000322E35E8432E31E4532E45E5642E41E47C
:104FD000742E80914A1587FDA0C08091551582FDE1
:104FE0009CC083FF0E9497F28DE091E40E94513CA7
:104FF0000E9489F28091551583FFE3C00E947134AD
:105000008111DFC080914A15082E000C990BC096C3
:105010009F938F933F922F92BF92AF920F94372E10
:1050200082E795E10E9444BE0F900F900F900F9081
:105030000F900F9080917515823008F4C2C0809156
:105040007A1590917B15A0917C15B0917D158F718B
:105050009927AA27BB27892B8A2B8B2B09F0B1C054
:1050600040E250E0B60182E795E10E941BBB8097C9
:1050700009F0A7C08981882309F4A3C0853E81F384
:105080008E3271F38C8583FDEBCFF6010190002009
:10509000E9F73197FE2EFC18FA943FEFF31639F139
:1050A00001E010E00C0F1D1F0F0D111DF7FC1A95EC
:1050B000D8018C9190E00F949638F8018083ECCF62
:1050C00083E390E09AA389A31A82198201E09601F2
:1050D00040E150E061E977E0C5010E940C3C4DCE13
:1050E00083E290E49093DF098093DE095CCF8A85A8
:1050F0008E3709F49FCF45E050E0B501CE0101960F
:105100000F94ED38892B09F095CFC5010F94C52078
:1051100080914A158F5F80934A158091551585FFC0
:1051200018C00F94AC201092620B1092DD091092FF
:10513000600B0E948B390E94F6C70E944AC00E94F1
:10514000BC39109266020F94C7215092DF09409239
:10515000DE098091620B843020F40E94E3470E94B4
:10516000863C6091DE097091DF0910E000E0611576
:10517000710561F58091620B882309F4CFC080919D
:10518000551580FF74C00091600B20E6029F8001DE
:1051900011240052164F61E571E4C8010F941D2ED1
:1051A000009769F1DC0113968C9180538A3038F1B5
:1051B0000F94580E8EE391E40E94513C0E945F3C94
:1051C00058C0FFEFF0934A15A8CF8C01FB01E00F08
:1051D000F11F24912AA7222309F470C0C801019667
:1051E0002A3099F70115110509F06BC00F5F1F4FA9
:1051F0008091DE099091DF09080F191F8BC0F8011B
:1052000001900020E9F731977F01E01AF10A10922E
:10521000B6166EE470E0C8010F94D2384C010097C6
:10522000C1F5B1E0EB1AF108F801EE0DFF1D2DE01C
:1052300021833AE032831382F80101900020E9F7DC
:105240003197AF01401B510BB80186EB96E10E94EC
:1052500082BC8091B616882331F00E94823C87E29E
:1052600091E40E94513C8091551581FFA7CF0E9487
:10527000C6738091620B882309F450C081508093DB
:10528000620B8091600B8F5F843090F48093600B91
:1052900045C060E270E00F94D2388C010F5F1F4F61
:1052A0006AE270E0C4010F94D238FC013197BFCF9D
:1052B0001092600B33C080E2F82E7BC001151105FF
:1052C00039F18DB69EB6C8010196ADB7BEB7A81B21
:1052D000B90B0FB6F894BEBF0FBEADBFEDB7FEB7AA
:1052E00031967F01A801CF010F94D92DF701E00F6E
:1052F000F11F1082C7010E945C3080E00E94E95BD0
:105300000FB6F8949EBE0FBE8DBEFAA5F1116ECFFA
:1053100010E000E01093DF090093DE098091610B3B
:10532000882309F45FC09091610B8091351898171C
:1053300009F458C00E94D53D86E791E40E94513C93
:105340008091610B80FD05C08091610B10E284FFAC
:105350000AC080E00E9457CBAB01BC0182E791E418
:105360000E94804118E58091610B81FD05C080910C
:10537000610B00E285FF0AC081E00E9457CBAB01C0
:10538000BC018EE691E40E94804109E58091610BA9
:1053900082FD04C08091610B86FF8DCF82E00E9468
:1053A00057CBAB01BC018AE691E40E9480419AE5AB
:1053B000F92E8AE00E944A3C1F9280E28F931F924E
:1053C000FF921F920F931F921F937F926F921F92D3
:1053D0000E9474F8ADB7BEB71B960FB6F894BEBF67
:1053E0000FBEADBF8091610B8093351880E00E94A5
:1053F0004649EFCDCF93DF93282F30E0F901ED59E7
:10540000FD4B8491F901E35EFD4BD491F901E95222
:10541000FE4BC491CC23A1F081110E94ACF3EC2F80
:10542000F0E0EE0FFF1FE354FE4BA591B491EC9119
:10543000ED2381E090E009F480E0DF91CF910895C1
:1054400080E090E0FACFEF920F931F93CF93DF931A
:10545000E80134E047FD34E1042E000C550B57FF02
:1054600003C0519541955109E32E022F242FAE011F
:105470000F947531CE01DF91CF911F910F91EF9075
:1054800008958F929F92AF92BF92CF92DF92EF9248
:10549000FF920F931F93CF93DF935C017B01611504
:1054A000710519F0DB018D939C9385010F5F1F4FF0
:1054B000F501D0818D2F90E00F94D02D6C01892BB8
:1054C000B9F5DD32B9F50F5F1F4FD5011196DC91AB
:1054D000C1E05801F1E0AF1AB10843E050E06CE0E0
:1054E00074E0C5010F94F62D892B69F5680182E0FF
:1054F000C80ED11C45E050E067E074E0C6010F948F
:10550000F62D892B21F4680197E0C90ED11CE11416
:10551000F10419F0D701CD92DC9260E070E080E8F0
:105520009FEFC111FFC060E070E080E89FE7FAC024
:105530005801BBCFDB3229F485010E5F1F4FF50107
:10554000D181C0E0C6CF43E050E064E074E0C50123
:105550000F94F62D892BE9F0F80110E000E020E02F
:1055600030E0A9015F01B0ED8B2E8D0E89E088152A
:10557000C8F19C2E689491F88C2F8870C2FF16C0D9
:10558000811102C00F5F1F4F3196D501DC91C92DEB
:10559000E9CFE114F10429F00E5F1F4FF7011183E9
:1055A000008360E070E080EC9FE7BCC0882311F0CE
:1055B00001501109A5E0B0E00F9425359B01AC0125
:1055C000220F331F441F551F280D311D411D511D32
:1055D000283999E93907490799E15907A8F2C660BE
:1055E0009C2ED2CFAEEF8A1206C0C3FD3CC09C2ECB
:1055F000689493F8C9CFDF7DD534A9F580818D32C9
:1056000039F4C061DF011296818162E070E006C06A
:10561000DF018B32C1F3119661E070E080535D01D0
:10562000A61AB70A8A30F8F4E0E8CE16ECE0DE06F7
:105630005CF4B601660F771F660F771FC60ED71E84
:10564000CC0CDD1CC80ED11C5D01FFEFAF1ABF0AE8
:105650008C9180538A30A8F1C4FF03C0D194C194C7
:10566000D1080C0D1D1DC1FF09C0E114F10431F07A
:1056700081E0A81AB108D701AD92BC92CA01B90164
:105680000F94A52EC370C33009F490584B015C01F0
:1056900020E030E0A9010F94A02E882309F440C037
:1056A000CBE3D4E017FF05C0119501951109C3E2C2
:1056B000D4E06E01B8E1CB1AD10880E2E82EF12CDB
:1056C0000FC0D501B1CFFE0125913591459154917F
:1056D0000E191F09C501B4010F94062F4B015C017F
:1056E000D501C4010E151F0574F72497F594E794AE
:1056F000CC16DD06A9F78A2F880F8B2F881F8F3FC6
:1057000049F020E030E0A901C501B4010F94A02EBA
:10571000811106C082E290E09093F1188093F01816
:10572000C501B401DF91CF911F910F91FF90EF90D0
:10573000DF90CF90BF90AF909F908F9008953F9251
:105740004F925F926F927F928F929F92AF92BF9291
:10575000CF92DF92EF92FF920F931F93CF93DF933D
:105760005C016B017A016115710519F0FB019183F0
:105770008083E114F10451F0C7010297839730F060
:1057800040E030E020E090E06BC05E01E501219652
:10579000F5011081812F90E00F94D02D892BA9F76E
:1057A0001D3201F52196F501118101E0E114F104AA
:1057B00009F4E6C0F0E1EF16F10409F088C01033F7
:1057C00059F488818F7D883509F07CC01981229633
:1057D0000260F0E1EF2EF12C812C912CA12C88E0BD
:1057E000B82E92C01B3221F4E5012296F5011181F9
:1057F00000E0DCCFEAE0EE16F10409F4C7C0F0E106
:10580000EF16F10409F073C0E7CF78E0E72EF12C32
:10581000812C912CA12C60E1B62E76C021E0ADC088
:10582000302F3170C114D10431F0222371F121974E
:10583000F601D183C08327FF2EC060E070E080E0D6
:1058400090E8311104C06FEF7FEF8FEF9FE722E206
:1058500030E03093F1182093F018462F372F282F7F
:10586000642F732F822FDF91CF911F910F91FF90A3
:10587000EF90DF90CF90BF90AF909F908F907F90F0
:105880006F905F904F903F90089501FF04C0229762
:10589000F601D183C083332341F0909580957095B4
:1058A00061957F4F8F4F9F4FD8CF97FFD6CF82E222
:1058B00090E09093F1188093F0186FEF7FEF8FEFE7
:1058C0009FE7CBCF10E3E114F10409F49ECF28E069
:1058D000E216F10409F49CCF0CF08CCF812C912CB2
:1058E000A12CE0E4BE2E82E0E816F10469F060E04D
:1058F00070E080E090E897010F2C000C440B550BF2
:105900000F94E43449015A0120E060E070E0CB01DB
:1059100027010F2C000C66087708FE0150ED352E8C
:10592000310E39E0331570F43FEB310F49EC342E72
:105930003A3138F03FE9310F3A3108F071CF39EAA6
:10594000332E310E3E141F040CF06ACF27FD15C014
:1059500086169706A806B90678F0A30192010F945F
:10596000D434630D711D811D911D61307105810558
:1059700020E8920708F452CF2FEF21961081CDCF67
:10598000103309F41ECF2AE0E22EF12C9CEC892E74
:10599000982CA82C9CE0B92EB7CF3F924F925F92E3
:1059A0006F927F928F929F92AF92BF92CF92DF922F
:1059B000EF92FF920F931F93CF93DF935C016B01E4
:1059C0007A016115710519F0FB0191838083E1145F
:1059D000F10449F0C7010297839728F060E070E076
:1059E000CB019BC05E01E5012196F5011081812F5D
:1059F00090E00F94D02D892BA9F71D3209F05CC0DF
:105A00002196F501118101E0E114F10409F4BBC014
:105A1000F0E1EF16F10409F09BC0103341F48881E6
:105A20008F7D883509F08FC0198122960260E0E1F0
:105A3000EE2EF12C88248A94982CA82CFFE0BF2EFF
:105A400020E060E070E0CB0127010F2C000C66081D
:105A50007708FE0150ED352E310E39E0331568F42C
:105A60003FEB310F49EC342E3A3130F03FE9310F42
:105A70003A31B0F539EA332E310E3E141F0484F565
:105A80002F3FB9F086169706A806B90638F1A3018C
:105A900092010F94D434232D30E050E040E0620FA7
:105AA000731F841F951F6217730784079507B0F053
:105AB00021E021961081CDCF1B3221F4E501229601
:105AC000F501118100E0A0CF78E0E72EF12C8824C9
:105AD0008A94982CA82C6FE1B62EB2CF2FEFE9CF85
:105AE000C114D10431F0222351F12197F601D18361
:105AF000C08300FF07C090958095709561957F4F9A
:105B00008F4F9F4F2F3F49F482E290E09093F1181E
:105B10008093F0186FEF7FEFCB01DF91CF911F9152
:105B20000F91FF90EF90DF90CF90BF90AF909F903C
:105B30008F907F906F905F904F903F90089501FFFE
:105B4000D8CF2297D3CF10E3E114F10409F4BCCFEE
:105B50003AE0E316F104E9F080E1E816F10409F413
:105B600066CFE8E0EE16F10409F4B1CF6FEF7FEFF6
:105B7000CB0197010F2C000C440B550B0F94E43410
:105B800049015A015DCF103309F449CF9AE0E92E5B
:105B9000F12C89E9882E982CA82C89E1B82E50CFB9
:105BA00091110D94C633803219F089508550C8F791
:105BB0000895FB01DC0102C005900D924150504058
:105BC000D8F70895FC010590061621F00020D9F7BA
:105BD000C00108953197CF010895FC010590002080
:105BE000E9F7809590958E0F9F1F0895FB01DC01CA
:105BF0004150504088F08D9181341CF08B350CF46D
:105C0000805E659161341CF06B350CF4605E861B20
:105C1000611171F3990B0895881BFCCFFB01DC0126
:105C20004150504048F005900D920020C9F701C046
:105C30001D9241505040E0F70895FB0155915523C6
:105C4000A9F0BF01DC014D9145174111E1F759F46D
:105C5000CD010590002049F04D9140154111C9F347
:105C6000FB014111EFCF81E090E0019708950F9380
:105C70001F93CF93DF93CDB7DEB72E970FB6F8946F
:105C8000DEBF0FBECDBF0E891F898EE08C831A83C5
:105C900009838FEF9FE79E838D83AE01465E5F4F42
:105CA000688D798DCE0101960F94732F2F813885E1
:105CB000020F131FF80110822E960FB6F894DEBF64
:105CC0000FBECDBFDF91CF911F910F9108950F931C
:105CD0001F93CF93DF93CDB7DEB72E970FB6F8940F
:105CE000DEBF0FBECDBF8C01FA018EE08C831A831C
:105CF000098377FF02C060E070E8615071097E831C
:105D00006D83A901BF01CE0101960F94732F4D81C0
:105D10005E8157FD0AC02F813885421753070CF466
:105D20009A01020F131FF80110822E960FB6F894F5
:105D3000DEBF0FBECDBFDF91CF911F910F910895B0
:105D40000F94E22E08F481E00895E89409C097FBCF
:105D50003EF490958095709561957F4F8F4F9F4F42
:105D60009923A9F0F92F96E9BB279395F695879586
:105D700077956795B795F111F8CFFAF4BB0F11F449
:105D800060FF1BC06F5F7F4F8F4F9F4F16C08823F0
:105D900011F096E911C0772321F09EE8872F762F26
:105DA00005C0662371F096E8862F70E060E02AF067
:105DB0009A95660F771F881FDAF7880F9695879553
:105DC00097F90895990F0008550FAA0BE0E8FEEF28
:105DD00016161706E807F907C0F012161306E407AF
:105DE000F50798F0621B730B840B950B39F40A26A8
:105DF00061F0232B242B252B21F408950A2609F486
:105E0000A140A6958FEF811D811D08950F94192F34
:105E10000D9484340F94763438F00F947D3420F050
:105E2000952311F00D946D340D94733411240D9459
:105E3000B8340F94953470F3959FC1F3950F50E0EB
:105E4000551F629FF001729FBB27F00DB11D639F2C
:105E5000AA27F00DB11DAA1F649F6627B00DA11DD2
:105E6000661F829F2227B00DA11D621F739FB00D78
:105E7000A11D621F839FA00D611D221F749F3327E8
:105E8000A00D611D231F849F600D211D822F762F81
:105E90006A2F11249F5750409AF0F1F088234AF05E
:105EA000EE0FFF1FBB1F661F771F881F91505040CA
:105EB000A9F79E3F510580F00D946D340D94B834D0
:105EC0005F3FE4F3983ED4F3869577956795B79551
:105ED000F795E7959F5FC1F7FE2B880F911D96956B
:105EE000879597F908952F923F924F925F926F9204
:105EF0007F928F929F92AF92BF92CF92DF92EF925A
:105F0000FF920F931F93CF93DF9300D000D000D068
:105F10001F921F92CDB7DEB77C013B018A01FC01C5
:105F200017821682838181FFDDC1CE0101965C015B
:105F3000F7019381F30193FD859193FF81913F01D7
:105F4000882309F453C1853239F493FD859193FF79
:105F500081913F01853229F4B70190E00F94DF333E
:105F6000E7CF912C212C312CFFE1F31538F08B3247
:105F700011F190F4803209F1833229F137FC3CC0F1
:105F800020ED280F2A3050F536FE20C08AE0989E7A
:105F9000200D1124922E06C08D3291F0803371F7BE
:105FA000689430F8F30193FD859193FF81913F014F
:105FB0008111DACF21C0689431F8689432F8F2CFB9
:105FC000689433F8EFCF689434F8ECCFEAE02E9E73
:105FD000200D1124222E689435F8E4CF8E3229F456
:105FE00036FC04C1689436F8DDCF8C3619F4689419
:105FF00037F8D8CF8836B1F2982F9F7D95549330DB
:10600000E0F08336A1F18337C1F1833509F063C035
:106010002801F2E04F0E511CF801C080D180692D9B
:1060200070E036FC02C06FEF7FEFC6010F94C933FA
:106030004C01689437F882010AC00C5F1F4FFFE3E0
:10604000F98388248394912C6501E89437F833FE12
:106050002DC0522C8114910471F5552009F468CF9C
:10606000B70180E290E00F94DF335A94F6CFF80145
:10607000808189830E5F1F4FE4CF2801F2E04F0E2D
:10608000511CF801C080D180692D70E036FC02C03F
:106090006FEF7FEFC6010F94D4334C018201D5CF4F
:1060A000B70180E290E00F94DF332A94281419049A
:1060B00009F0B0F7CECFF60137FC859137FE81911C
:1060C0006F01B70190E00F94DF3351105A94F1E063
:1060D0008F1A9108BFCF843619F0893609F077C03E
:1060E000F80137FE6BC060817181828193810C5F02
:1060F0001F4FF32DFF763F2E97FF09C09095809597
:10610000709561957F4F8F4F9F4F689437F82AE0C5
:1061100030E0A5010F940F34C82ECA188C2C432CE4
:1061200036FE0CC0E89440F8C91440F434FE05C0B3
:1061300032FC03C0F32DFE7E4F2E892C44FEAAC0F4
:10614000FE01EC0DF11D8081803309F09CC0242DEF
:10615000297E422E842D8870582E43FCAAC040FE12
:10616000A4C09C2C821418F42C0C922C981844FE79
:10617000A6C0B70180E390E00F94DF3342FE09C070
:1061800088E790E041FE02C088E590E0B7010F94F7
:10619000DF33C91408F49FC0CA94D12C9FEFC91AE9
:1061A000D90ACA0CDB1CF60182916F01B70190E09D
:1061B0000F94DF33AC14BD04B1F74FCF6081718110
:1061C000072E000C880B990B0E5F1F4F92CFD32C1C
:1061D000E894D4F82AE030E08537E1F1232D297FD7
:1061E000D22E8F36A9F1F0F4883551F1F70186816E
:1061F00097812B960FB6F894DEBF0FBECDBFDF910F
:10620000CF911F910F91FF90EF90DF90CF90BF90B3
:10621000AF909F908F907F906F905F904F903F9046
:106220002F900895803749F0883701F7D4FE02C0D7
:106230006894D2F820E130E00DC06894D4F8F6CF2D
:1062400034FE03C0822F8660D82E20E132E002C0E7
:1062500028E030E0F801D7FE0FC0608171818281B3
:1062600093810C5F1F4FA5010F940F34C82ECA18DD
:106270003D2CE89437F852CF6081718190E080E046
:106280000E5F1F4FF0CF42FC02C0839463CF839414
:10629000839460CF842D867809F45CCFF6CFB70164
:1062A00080E290E00F94DF3383948214C0F3512C8A
:1062B0005ECF522C5818821408F459CFF8CF842D91
:1062C000867809F466CF8BE241FE80E247FC8DE2DE
:1062D000B70190E05CCFB70180E390E00F94DF332B
:1062E0009A9457CF8FEF9FEF84CF8F929F92AF9268
:1062F000BF92CF92DF92EF92FF920F931F93CF93B3
:10630000DF9300D000D000D0CDB7DEB76A01F22E07
:10631000B02E102FFBE3AF2EA01608F41BE31F5F77
:10632000012F27E0AE014F5F5F4F0F94EE32BC01AB
:106330008981982F9970913009F44EC09BE2E1FC5D
:1063400004C09E2D9170E0FC49C05E2D5071E82F75
:10635000E87083FF55C084E0911101C083E0EF2D08
:10636000E81B8F1508F0E0E0D6018E2F20E25523C0
:10637000C9F1992329F0D6019C93C60101966C01BD
:1063800096012D5F3F4FE2FE33C08EE4D6018C9321
:1063900091E411969C93119712968C93D9018E2FAC
:1063A00090E281112AC0E20FF32FF11D10828EEFCF
:1063B0009FEF29960FB6F894DEBF0FBECDBFDF91D9
:1063C000CF911F910F91FF90EF90DF90CF90BF90F2
:1063D000AF909F908F9008959DE2B7CF90E2B5CF98
:1063E0002D9381508111FCCFCE0ED11CE0E0C1CFA6
:1063F0008EE6D6018C9391E6CCCF9D938150D1CF80
:10640000482F447082FF3DC084E0911101C083E0B9
:106410008F1510F4EF2DE81BD6018E2F20E25523A7
:1064200009F1992329F0D6019C93C60101966C01CC
:1064300096012D5F3F4FE2FE1BC089E4D6018C938D
:106440008EE411968C93119786E412968C93D90161
:106450008E2F90E2882309F4A6CF9D938150FACF26
:106460002D9381508111FCCFCE0ED11CE0E0D9CF0D
:1064700089E6D6018C938EE611968C93119786E669
:10648000E4CF9B0177FF02C030E020E0A1E0B0E064
:10649000911102C0B0E0A0E0F9013196AE0FBF1F2C
:1064A0008B2C912CBB2009F461C05401EFEFAE1A84
:1064B000BE0AAA0DBB1DFA161B0619F014F04F2DCB
:1064C0004A1B511188C0E3FC59C07601A42FB0E2E9
:1064D000A1114FC0C40ED11C992309F45BC040E048
:1064E000D6011196F60190836D01552309F448C039
:1064F000012F060F9A81582F507184FF03C09133EA
:1065000009F4015010160CF047C0093008F008E0FB
:10651000EEE2FE2E5B01A01AB108850191948194F0
:1065200091082F3F320729F4D601FC92F6013196EB
:106530006F016217730794F1021713077CF5DB01F3
:10654000A21BB30BAA24A394B12CAC0EBD1EAA0DA2
:10655000BB1D11968C9121503109D6011196281539
:106560003905F4F0F60180836D01DBCFB12CA12C4D
:10657000A0CFF701B1937F01A150AACF9111B0CF65
:10658000D601942F50E302C05D9391509111FCCF3E
:10659000C40ED11C40E0ACCF01E0BACF80E3DBCF2A
:1065A0006217730731F4963388F4953311F4552349
:1065B00069F0F6018083FD01842F90E2811108C00B
:1065C000A40FB11D1C9290E080E0F3CE81E3F1CFE7
:1065D00091938150F3CF911183CF8ACF283008F067
:1065E00027E03327DA01990F311D87FD916000966E
:1065F0006105710539F432602E5F3D9330E32A95D1
:10660000E1F708959F3F30F080387105610509F08A
:106610003C5F3C5F3D93913008F08068911DDF93B3
:10662000CF931F930F93FF92EF92192F987F969518
:10663000E92F96959695E90FFF27E756FB4F992787
:106640003327EE24FF24A701E7010590089407945F
:1066500028F4360FE71EF81E491F511D660F771FDD
:10666000881F991F0694A1F70590079428F4E70E58
:10667000F81E491F561FC11D770F881F991F661FDF
:106680000694A1F70590079428F4F80E491F561FA9
:10669000C71FD11D880F991F661F771F0694A1F78A
:1066A0000590079420F4490F561FC71FD81F990F54
:1066B000661F771F881F0694A9F78491109517709D
:1066C00041F0D695C79557954795F794E7941A9555
:1066D000C1F7EFE3F4E06894159015913591659159
:1066E000959105907FE27395E118F10A430B560BE3
:1066F000C90BD009C0F7E10CF11E431F561FC91F7B
:10670000D01D7EF4703311F48A95E6CFE8940150E1
:1067100030F0080F0AF40027021708F4202F239501
:10672000022F7A3328F079E37D932A95E9F710C098
:106730007D932A9589F606949795679537951795D1
:106740001794E118F10A430B560BC90BD00998F0C6
:1067500023957E9173957A3308F070E37C93201330
:10676000B8F77E9170617D9330F0839571E37D93EE
:1067700070E32A95E1F71124EF90FF900F911F919C
:10678000CF91DF91992787FD9095089599278827C4
:106790000895FC010590615070400110D8F7809574
:1067A00090958E0F9F1F0895FC01615070400190DD
:1067B0000110D8F7809590958E0F9F1F08950F9325
:1067C0001F93CF93DF93182F092FEB018B8181FD4E
:1067D00009C01FEF0FEF812F902FDF91CF911F91F5
:1067E0000F91089582FF14C02E813F818C819D817D
:1067F000281739073CF4E881F981CF010196998384
:10680000888310838E819F8101969F838E83E3CF3F
:10681000E885F985812F1995892BA1F3DACFFA0143
:10682000AA27283051F1203181F1E8946F936E7FCF
:106830006E5F7F4F8F4F9F4FAF4FB1E03ED0B4E0C0
:106840003CD0670F781F891F9A1FA11D680F791F01
:106850008A1F911DA11D6A0F711D811D911DA11D12
:1068600020D009F468943F912AE0269F1124301922
:10687000305D3193DEF6CF010895462F4770405DBD
:106880004193B3E00FD0C9F7F6CF462F4F70405D6C
:106890004A3318F0495D31FD4052419302D0A9F7C7
:1068A000EACFB4E0A6959795879577956795BA95C1
:1068B000C9F700976105710508959B01AC010A2E87
:1068C00006945795479537952795BA95C9F7620F5E
:1068D000731F841F951FA01D089597F99F6780E877
:1068E00070E060E008959FEF80EC089500240A9422
:1068F0001616170618060906089500240A9412169B
:106900001306140605060895092E0394000C11F4CD
:10691000882352F0BB0F40F4BF2B11F460FF04C07A
:106920006F5F7F4F8F4F9F4F089557FD9058440FD3
:10693000551F59F05F3F71F04795880F97FB991FDE
:1069400061F09F3F79F0879508951216130614069B
:10695000551FF2CF4695F1DF08C016161706180628
:10696000991FF1CF86957105610508940895E89403
:10697000BB2766277727CB0197F90895F999FECFB2
:1069800092BD81BDF89A992780B50895262FF9996F
:10699000FECF1FBA92BD81BD20BD0FB6F894FA9A02
:1069A000F99A0FBE01960895DB018F939F930F9480
:1069B0002535BF91AF91A29F800D911DA39F900D92
:1069C000B29F900D11240895A1E21A2EAA1BBB1BA1
:1069D000FD010DC0AA1FBB1FEE1FFF1FA217B307AB
:1069E000E407F50720F0A21BB30BE40BF50B661FC1
:1069F000771F881F991F1A9469F760957095809585
:106A000090959B01AC01BD01CF010895052E97FB28
:106A10001EF400940F941D3557FD07D00F94E434F5
:106A200007FC03D04EF40D941D35509540953095DC
:106A300021953F4F4F4F5F4F0895909580957095EA
:106A400061957F4F8F4F9F4F08950F943835A59FC5
:106A5000900DB49F900DA49F800D911D1124089559
:106A6000B7FF0D9425350F942535821B930B0895A0
:106A7000A29FB001B39FC001A39F700D811D11247F
:106A8000911DB29F700D811D1124911D0895991BB8
:106A900079E004C0991F961708F0961B881F7A9515
:106AA000C9F780950895AA1BBB1B51E107C0AA1F17
:106AB000BB1FA617B70710F0A61BB70B881F991F9F
:106AC0005A95A9F780959095BC01CD01089597FB43
:106AD000072E16F4009407D077FD09D00F94533594
:106AE00007FC05D03EF4909581959F4F08957095D1
:106AF00061957F4F0895EE0FFF1F881F8BBF079092
:106B0000F691E02D19945058BB27AA270F949B3576
:106B10000D9484340F94763438F00F947D3420F043
:106B200039F49F3F19F426F40D9473340EF4E09574
:106B3000E7FB0D946D34E92F0F94953458F3BA1791
:106B4000620773078407950720F079F4A6F50D9482
:106B5000B7340EF4E0950B2EBA2FA02D0B01B9011E
:106B600090010C01CA01A0011124FF27591B99F0C3
:106B7000593F50F4503E68F11A16F040A22F232FCF
:106B8000342F4427585FF3CF469537952795A7951F
:106B9000F0405395C9F77EF41F16BA0B620B730BC6
:106BA000840BBAF09150A1F0FF0FBB1F661F771F37
:106BB000881FC2F70EC0BA0F621F731F841F48F4EC
:106BC000879577956795B795F7959E3F08F0B0CF75
:106BD0009395880F08F09927EE0F9795879508955C
:106BE0000F94763460F080E891E009F49EEF0F9402
:106BF0007D3428F040E851E071F45EEF0CC00D9454
:106C000073340D94B734E92FE0780F94953440F342
:106C1000092E052AB1F3261737074807590738F018
:106C20000E2E07F8E02569F0E025E0640AC0EF6366
:106C300007F8009407FADB01B9019D01DC01CA01E4
:106C4000AD01EF930F9495360F9484340F9433363F
:106C50005F91552339F02BED3FE049E450FD49ECBD
:106C60000D9484350895DF93DD27B92FBF7740E871
:106C70005FE31616170648075B0718F4D92F0F9421
:106C8000E9379F938F937F936F930F947238E4EE5D
:106C9000F0E00F9466370F9484342F913F914F9119
:106CA0005F910F94192FDD2351F09058A2EA2AED3D
:106CB0003FE049EC5FE3D0785D270F949B35DF918F
:106CC0000D9484340F94CC3790F09F3748F4911191
:106CD00016F40D94B83460E070E080E89FE3089506
:106CE00026F01B16611D711D811D0D943D370D94FD
:106CF00058370F948F37E3950D94B8370F94923629
:106D00000D9484340F947D3458F00F94763440F011
:106D100029F45F3F29F00D946D3451110D94B8346E
:106D20000D9473340F94953468F39923B1F355237C
:106D300091F3951B550BBB27AA276217730784078E
:106D400038F09F5F5F4F220F331F441FAA1FA9F324
:106D500035D00E2E3AF0E0E832D091505040E69512
:106D6000001CCAF72BD0FE2F29D0660F771F881F73
:106D7000BB1F261737074807AB07B0E809F0BB0B66
:106D8000802DBF01FF2793585F4F3AF09E3F51057A
:106D900078F00D946D340D94B8345F3FE4F3983E71
:106DA000D4F3869577956795B795F7959F5FC9F763
:106DB000880F911D9695879597F90895E1E0660FE4
:106DC000771F881FBB1F621773078407BA0720F05D
:106DD000621B730B840BBA0BEE1F88F7E0950895C6
:106DE0000F94F7366894B1110D94B83408950F9448
:106DF0009D3488F09F5798F0B92F9927B751B0F07C
:106E0000E1F0660F771F881F991F1AF0BA95C9F72E
:106E100014C0B13091F00F94B734B1E008950D94DF
:106E2000B734672F782F8827B85F39F0B93FCCF394
:106E3000869577956795B395D9F73EF490958095AB
:106E4000709561957F4F8F4F9F4F08950F94CC376A
:106E500090F09F3748F4911116F00D94B83460E02B
:106E600070E080E89FEB089526F41B16611D711DEC
:106E7000811D0D943D370D945837882371F4772385
:106E800021F09850872B762F07C0662311F499279D
:106E90000DC09051862B70E060E02AF09A95660F45
:106EA000771F881FDAF7880F9695879597F90895C9
:106EB0009F3F31F0915020F4879577956795B7956E
:106EC000880F911D9695879597F90895DF93CF9335
:106ED0001F930F93FF92EF92DF927B018C016894D6
:106EE00006C0DA2EEF010F94192FFE01E894A59148
:106EF0002591359145915591A6F3EF010F949B355E
:106F0000FE019701A801DA9469F7DF90EF90FF90F6
:106F10000F911F91CF91DF9108950D9473340F94C9
:106F20009D34D8F3E894E0E0BB279F57F0F02AEDBA
:106F30003FE049EC06C0EE0FBB0F661F771F881FAE
:106F400028F0B23A62077307840728F0B25A620B3E
:106F5000730B840BE3959A9572F7803830F49A9509
:106F6000BB0F661F771F881FD2F790480D945A37C2
:106F7000EF93E0FF07C0A2EA2AED3FE049EC5FEBA8
:106F80000F949B350F9484340F90039401FC905818
:106F9000E1E1F1E00D9482380F949D34A0F0BEE75A
:106FA000B91788F4BB279F3860F41616B11D672FF8
:106FB000782F8827985FF7CF869577956795B11DCD
:106FC00093959639C8F308950F94E22E08F48FEF45
:106FD00008959B01AC0160E070E080E89FE30D94B0
:106FE0007E360F949D3458F19E5760F19851A0F071
:106FF000E9F0983020F5092E9927660F771F881F32
:10700000991F0A94D1F712C0062E672F782F882770
:10701000985F11F4000C07C0993FB4F386957795FB
:1070200067959395D9F7611D711D811D3EF490956B
:107030008095709561957F4F8F4F9F4F089568940D
:107040000D94B8340D94B7349F930F948F370F90ED
:1070500007FCEE5F0D94B83719F416F40D947334F1
:107060000D9458370F949D34B8F39923C9F3B6F3B0
:107070009F57550B87FF0F947B380024A0E640EA0A
:10708000900180585695979528F4805C660F771F7D
:10709000881F20F026173707480730F4621B730B50
:1070A000840B202931294A2BA69517940794202573
:1070B00031254A2758F7660F771F881F20F02617BB
:1070C0003707480730F4620B730B840B200D311D1A
:1070D000411DA09581F7B901842F9158880F96958D
:1070E000879508959B01AC010D94062F0F94E22E15
:1070F000880B990B089591505040660F771F881F99
:10710000D2F708959F938F937F936F93FF93EF939D
:107110009B01AC010F94062FEF91FF910F946637FE
:107120002F913F914F915F910D94062F91110895EA
:1071300081548A5108F4805E855A0895FB01DC0170
:1071400004C08D910190801921F441505040C8F73E
:10715000881B990B0895FB01DC0102C001900D9280
:1071600041505040D8F70895FB01DC018D918134E6
:107170001CF08B350CF4805E619161341CF06B3532
:107180000CF4605E861B611189F3990B0895FB0175
:10719000DC010D900020E9F7119701900D9200207D
:1071A000E1F70895FC018191861721F08823D9F732
:1071B000992708953197CF010895FB01DC018D9146
:1071C000019080190110D9F3990B0895FB01DC019E
:1071D00001900D920020E1F70895FB01DC01415080
:1071E000504030F08D910190801919F40020B9F7CA
:1071F000881B990B0895FB01DC014150504048F079
:1072000001900D920020C9F701C01D9241505040DD
:10721000E0F70895FC0181E090E00190061609F482
:10722000CF010020D1F70197089511E2C2EED1E21B
:1072300000E006C0802FFE010F947B352196011DD2
:0E724000C33ED10780E00807A9F7F894FFCFFE
:10724E009D9DF0FF79C4F0FF79C402C0D401009671
:10725E000001FF01FF010164000000000000006A50
:10726E00430000000000006A43000000000000A080
:10727E0043010000803F640000007A430000524347
:10728E00CDCCCC3DFFFFFFFFFFFFFFFFFFFFFFFF5A
:10729E0001FF0601104000000080D116FF3FFF3FA6
:1072AE0000000000FF3F01555505430000C8410096
:1072BE0000803FAA000371F554020201FF3F1CC675
:1072CE00FF3F1CC60000000058595A450040834538
:1072DE0000408345000061440000B44300803B45FC
:1072EE0000803B4500803B4500004040000034429A
:1072FE0000000000000000000000000000005041EF
:10730E000000000000000041640000006400000066
:10731E000300000064000000640000000300000091
:10732E00030000001E0000001E0000001E000000F2
:10733E001E0000001E0000001E000000F4010000F0
:10734E00F401000064000000E80300000000A04209
:10735E000000A0420000C8430000BA4200007A4379
:10736E0000007A430000A0400000C8410A005A0005
:10737E00563637002F504C5200000100FF0100FF1F
:10738E0000000000004DF720F7EA22F6F619F70686
:10739E00F7F7F600000000392638F4EA22E9224D0C
:1073AE00313038004D313132004D343130004552DC
:1073BE0052002F00205A0059005800426564205890
:0E73CE003A200020593A2000205A3A200000B0
:00000001FF
